order_id,order_string,combination_key,trait_category,n_concepts,n_noise,n_clusters_occupied,dominant_n,dominant_cluster_ids,dominant_cluster_tie,dominant_share,non_noise_share,dominant_purity_min,dominant_purity_mean,dominant_purity_max,balanced_score
1,name>def>unit,name+def+unit,Body mass / weight,41,2,3,31,7,FALSE,0.7560975609756098,0.9512195121951219,1,1,1,0.8611111111111112
1,name>def>unit,name+def+unit,Development rate,13,6,1,7,15,FALSE,0.5384615384615384,0.5384615384615384,0.22580645161290322,0.22580645161290322,0.22580645161290322,0.3181818181818182
1,name>def>unit,name+def+unit,Development time,25,1,1,24,15,FALSE,0.96,0.96,0.7741935483870968,0.7741935483870968,0.7741935483870968,0.8571428571428571
1,name>def>unit,name+def+unit,Egg incubation period,9,1,1,8,11,FALSE,0.8888888888888888,0.8888888888888888,1,1,1,0.9411764705882353
1,name>def>unit,name+def+unit,Egg-hatching success,13,1,1,12,12,FALSE,0.9230769230769231,0.9230769230769231,0.9230769230769231,0.9230769230769231,0.9230769230769231,0.9230769230769231
1,name>def>unit,name+def+unit,Fecundity,72,5,1,67,4,FALSE,0.9305555555555556,0.9305555555555556,0.9852941176470589,0.9852941176470589,0.9852941176470589,0.9571428571428572
1,name>def>unit,name+def+unit,Linear morphometrics,15,4,1,11,6,FALSE,0.7333333333333333,0.7333333333333333,1,1,1,0.846153846153846
1,name>def>unit,name+def+unit,Longevity / lifespan,34,3,3,17,18,FALSE,0.5,0.9117647058823529,0.8947368421052632,0.8947368421052632,0.8947368421052632,0.6415094339622641
1,name>def>unit,name+def+unit,Pre-oviposition interval,21,2,1,19,14,FALSE,0.9047619047619048,0.9047619047619048,0.48717948717948717,0.48717948717948717,0.48717948717948717,0.6333333333333333
1,name>def>unit,name+def+unit,Survival proportion,24,6,2,12,17,FALSE,0.5,0.75,1,1,1,0.6666666666666666
2,def>name>unit,name+def+unit,Body mass / weight,41,7,3,20,9,FALSE,0.4878048780487805,0.8292682926829268,1,1,1,0.6557377049180327
2,def>name>unit,name+def+unit,Development rate,13,8,1,5,17,FALSE,0.38461538461538464,0.38461538461538464,0.14285714285714285,0.14285714285714285,0.14285714285714285,0.20833333333333331
2,def>name>unit,name+def+unit,Development time,25,14,1,11,17,FALSE,0.44,0.44,0.3142857142857143,0.3142857142857143,0.3142857142857143,0.3666666666666667
2,def>name>unit,name+def+unit,Egg incubation period,9,1,1,8,15,FALSE,0.8888888888888888,0.8888888888888888,1,1,1,0.9411764705882353
2,def>name>unit,name+def+unit,Egg-hatching success,13,2,1,11,11,FALSE,0.8461538461538461,0.8461538461538461,0.9166666666666666,0.9166666666666666,0.9166666666666666,0.8799999999999999
2,def>name>unit,name+def+unit,Fecundity,72,24,1,48,16,FALSE,0.6666666666666666,0.6666666666666666,1,1,1,0.8
2,def>name>unit,name+def+unit,Linear morphometrics,15,4,1,11,6,FALSE,0.7333333333333333,0.7333333333333333,1,1,1,0.846153846153846
2,def>name>unit,name+def+unit,Longevity / lifespan,34,10,3,9,10;17,TRUE,0.2647058823529412,0.7058823529411765,0.2571428571428571,0.6285714285714286,1,0.37253057384760113
2,def>name>unit,name+def+unit,Pre-oviposition interval,21,5,2,12,18,FALSE,0.5714285714285714,0.7619047619047619,0.5454545454545454,0.5454545454545454,0.5454545454545454,0.5581395348837208
2,def>name>unit,name+def+unit,Survival proportion,24,8,2,11,13,FALSE,0.4583333333333333,0.6666666666666666,1,1,1,0.6285714285714286
3,def>unit>name,name+def+unit,Body mass / weight,41,6,3,21,6,FALSE,0.5121951219512195,0.8536585365853658,1,1,1,0.6774193548387097
3,def>unit>name,name+def+unit,Development rate,13,7,1,6,14,FALSE,0.46153846153846156,0.46153846153846156,0.0625,0.0625,0.0625,0.11009174311926606
3,def>unit>name,name+def+unit,Development time,25,7,1,18,14,FALSE,0.72,0.72,0.1875,0.1875,0.1875,0.2975206611570248
3,def>unit>name,name+def+unit,Egg incubation period,9,1,1,8,13,FALSE,0.8888888888888888,0.8888888888888888,1,1,1,0.9411764705882353
3,def>unit>name,name+def+unit,Egg-hatching success,13,5,1,8,9,FALSE,0.6153846153846154,0.6153846153846154,1,1,1,0.761904761904762
3,def>unit>name,name+def+unit,Fecundity,72,43,2,18,16,FALSE,0.25,0.4027777777777778,1,1,1,0.4
3,def>unit>name,name+def+unit,Linear morphometrics,15,3,1,12,4,FALSE,0.8,0.8,1,1,1,0.888888888888889
3,def>unit>name,name+def+unit,Longevity / lifespan,34,9,3,10,14,FALSE,0.29411764705882354,0.7352941176470589,0.10416666666666667,0.10416666666666667,0.10416666666666667,0.15384615384615385
3,def>unit>name,name+def+unit,Pre-oviposition interval,21,3,1,18,14,FALSE,0.8571428571428571,0.8571428571428571,0.1875,0.1875,0.1875,0.30769230769230765
3,def>unit>name,name+def+unit,Survival proportion,24,10,2,11,12,FALSE,0.4583333333333333,0.5833333333333334,1,1,1,0.6285714285714286
4,name>unit>def,name+def+unit,Body mass / weight,41,6,2,28,7,FALSE,0.6829268292682927,0.8536585365853658,1,1,1,0.8115942028985507
4,name>unit>def,name+def+unit,Development rate,13,7,1,6,19,FALSE,0.46153846153846156,0.46153846153846156,0.24,0.24,0.24,0.3157894736842105
4,name>unit>def,name+def+unit,Development time,25,6,1,19,19,FALSE,0.76,0.76,0.76,0.76,0.76,0.76
4,name>unit>def,name+def+unit,Egg incubation period,9,1,1,8,13,FALSE,0.8888888888888888,0.8888888888888888,1,1,1,0.9411764705882353
4,name>unit>def,name+def+unit,Egg-hatching success,13,1,1,12,11,FALSE,0.9230769230769231,0.9230769230769231,0.9230769230769231,0.9230769230769231,0.9230769230769231,0.9230769230769231
4,name>unit>def,name+def+unit,Fecundity,72,5,1,67,5,FALSE,0.9305555555555556,0.9305555555555556,0.9852941176470589,0.9852941176470589,0.9852941176470589,0.9571428571428572
4,name>unit>def,name+def+unit,Linear morphometrics,15,4,1,11,4,FALSE,0.7333333333333333,0.7333333333333333,1,1,1,0.846153846153846
4,name>unit>def,name+def+unit,Longevity / lifespan,34,6,3,14,20,FALSE,0.4117647058823529,0.8235294117647058,0.9333333333333333,0.9333333333333333,0.9333333333333333,0.5714285714285713
4,name>unit>def,name+def+unit,Pre-oviposition interval,21,1,1,20,17,FALSE,0.9523809523809523,0.9523809523809523,0.47619047619047616,0.47619047619047616,0.47619047619047616,0.634920634920635
4,name>unit>def,name+def+unit,Survival proportion,24,3,1,21,9,FALSE,0.875,0.875,0.8076923076923077,0.8076923076923077,0.8076923076923077,0.8400000000000001
5,unit>def>name,name+def+unit,Body mass / weight,41,0,1,41,0,FALSE,1,1,0.09761904761904762,0.09761904761904762,0.09761904761904762,0.17787418655097612
5,unit>def>name,name+def+unit,Development rate,13,0,1,13,0,FALSE,1,1,0.030952380952380953,0.030952380952380953,0.030952380952380953,0.060046189376443425
5,unit>def>name,name+def+unit,Development time,25,0,1,25,0,FALSE,1,1,0.05952380952380952,0.05952380952380952,0.05952380952380952,0.11235955056179775
5,unit>def>name,name+def+unit,Egg incubation period,9,0,1,9,0,FALSE,1,1,0.02142857142857143,0.02142857142857143,0.02142857142857143,0.04195804195804196
5,unit>def>name,name+def+unit,Egg-hatching success,13,0,1,13,0,FALSE,1,1,0.030952380952380953,0.030952380952380953,0.030952380952380953,0.060046189376443425
5,unit>def>name,name+def+unit,Fecundity,72,0,1,72,0,FALSE,1,1,0.17142857142857143,0.17142857142857143,0.17142857142857143,0.2926829268292683
5,unit>def>name,name+def+unit,Linear morphometrics,15,0,1,15,0,FALSE,1,1,0.03571428571428571,0.03571428571428571,0.03571428571428571,0.0689655172413793
5,unit>def>name,name+def+unit,Longevity / lifespan,34,0,1,34,0,FALSE,1,1,0.08095238095238096,0.08095238095238096,0.08095238095238096,0.1497797356828194
5,unit>def>name,name+def+unit,Pre-oviposition interval,21,0,1,21,0,FALSE,1,1,0.05,0.05,0.05,0.09523809523809523
5,unit>def>name,name+def+unit,Survival proportion,24,1,1,23,0,FALSE,0.9583333333333334,0.9583333333333334,0.05476190476190476,0.05476190476190476,0.05476190476190476,0.10360360360360361
6,unit>name>def,name+def+unit,Body mass / weight,41,9,2,25,7,FALSE,0.6097560975609756,0.7804878048780488,1,1,1,0.7575757575757575
6,unit>name>def,name+def+unit,Development rate,13,7,1,6,21,FALSE,0.46153846153846156,0.46153846153846156,0.3333333333333333,0.3333333333333333,0.3333333333333333,0.3870967741935484
6,unit>name>def,name+def+unit,Development time,25,12,2,12,21,FALSE,0.48,0.52,0.6666666666666666,0.6666666666666666,0.6666666666666666,0.5581395348837209
6,unit>name>def,name+def+unit,Egg incubation period,9,1,1,8,16,FALSE,0.8888888888888888,0.8888888888888888,0.8888888888888888,0.8888888888888888,0.8888888888888888,0.8888888888888888
6,unit>name>def,name+def+unit,Egg-hatching success,13,1,1,12,13,FALSE,0.9230769230769231,0.9230769230769231,1,1,1,0.9600000000000001
6,unit>name>def,name+def+unit,Fecundity,72,8,1,64,10,FALSE,0.8888888888888888,0.8888888888888888,0.9846153846153847,0.9846153846153847,0.9846153846153847,0.9343065693430657
6,unit>name>def,name+def+unit,Linear morphometrics,15,2,1,13,4,FALSE,0.8666666666666667,0.8666666666666667,1,1,1,0.9285714285714286
6,unit>name>def,name+def+unit,Longevity / lifespan,34,14,3,9,15,FALSE,0.2647058823529412,0.5882352941176471,1,1,1,0.4186046511627907
6,unit>name>def,name+def+unit,Pre-oviposition interval,21,5,2,12,19,FALSE,0.5714285714285714,0.7619047619047619,0.5454545454545454,0.5454545454545454,0.5454545454545454,0.5581395348837208
6,unit>name>def,name+def+unit,Survival proportion,24,7,2,12,11,FALSE,0.5,0.7083333333333334,1,1,1,0.6666666666666666
7,class>def>phylum,def+class+phylum,Body mass / weight,41,13,4,10,5,FALSE,0.24390243902439024,0.6829268292682927,1,1,1,0.39215686274509803
7,class>def>phylum,def+class+phylum,Development rate,13,8,2,4,10,FALSE,0.3076923076923077,0.38461538461538464,0.4,0.4,0.4,0.34782608695652173
7,class>def>phylum,def+class+phylum,Development time,25,21,4,1,12;16;21;22,TRUE,0.04,0.16,0.07692307692307693,0.12161172161172161,0.16666666666666666,0.06019945602901179
7,class>def>phylum,def+class+phylum,Egg incubation period,9,7,1,2,16,FALSE,0.2222222222222222,0.2222222222222222,0.2,0.2,0.2,0.2105263157894737
7,class>def>phylum,def+class+phylum,Egg-hatching success,13,10,2,2,9,FALSE,0.15384615384615385,0.23076923076923078,0.15384615384615385,0.15384615384615385,0.15384615384615385,0.15384615384615385
7,class>def>phylum,def+class+phylum,Fecundity,72,35,7,12,14,FALSE,0.16666666666666666,0.5138888888888888,1,1,1,0.2857142857142857
7,class>def>phylum,def+class+phylum,Linear morphometrics,15,8,1,7,4,FALSE,0.4666666666666667,0.4666666666666667,1,1,1,0.6363636363636364
7,class>def>phylum,def+class+phylum,Longevity / lifespan,34,22,5,5,20,FALSE,0.14705882352941177,0.35294117647058826,1,1,1,0.25641025641025644
7,class>def>phylum,def+class+phylum,Pre-oviposition interval,21,9,6,4,12,FALSE,0.19047619047619047,0.5714285714285714,0.5714285714285714,0.5714285714285714,0.5714285714285714,0.2857142857142857
7,class>def>phylum,def+class+phylum,Survival proportion,24,6,2,12,6,FALSE,0.5,0.75,0.8,0.8,0.8,0.6153846153846154
8,class>phylum>def,def+class+phylum,Body mass / weight,41,8,4,16,15,FALSE,0.3902439024390244,0.8048780487804879,0.5517241379310345,0.5517241379310345,0.5517241379310345,0.4571428571428572
8,class>phylum>def,def+class+phylum,Development rate,13,8,2,4,16,FALSE,0.3076923076923077,0.38461538461538464,0.4444444444444444,0.4444444444444444,0.4444444444444444,0.3636363636363637
8,class>phylum>def,def+class+phylum,Development time,25,20,5,1,18;19;20;22;23,TRUE,0.04,0.2,0.07142857142857142,0.12603896103896103,0.2,0.060727414939382086
8,class>phylum>def,def+class+phylum,Egg incubation period,9,6,1,3,19,FALSE,0.3333333333333333,0.3333333333333333,0.2727272727272727,0.2727272727272727,0.2727272727272727,0.3
8,class>phylum>def,def+class+phylum,Egg-hatching success,13,7,2,4,8,FALSE,0.3076923076923077,0.46153846153846156,0.8,0.8,0.8,0.4444444444444444
8,class>phylum>def,def+class+phylum,Fecundity,72,38,7,11,12,FALSE,0.1527777777777778,0.4722222222222222,1,1,1,0.26506024096385544
8,class>phylum>def,def+class+phylum,Linear morphometrics,15,7,2,6,4,FALSE,0.4,0.5333333333333333,0.8571428571428571,0.8571428571428571,0.8571428571428571,0.5454545454545455
8,class>phylum>def,def+class+phylum,Longevity / lifespan,34,25,6,4,17,FALSE,0.11764705882352941,0.2647058823529412,0.6666666666666666,0.6666666666666666,0.6666666666666666,0.2
8,class>phylum>def,def+class+phylum,Pre-oviposition interval,21,11,6,4,20,FALSE,0.19047619047619047,0.47619047619047616,0.5714285714285714,0.5714285714285714,0.5714285714285714,0.2857142857142857
8,class>phylum>def,def+class+phylum,Survival proportion,24,6,2,12,7,FALSE,0.5,0.75,0.9230769230769231,0.9230769230769231,0.9230769230769231,0.6486486486486487
9,def>class>phylum,def+class+phylum,Body mass / weight,41,13,4,11,7,FALSE,0.2682926829268293,0.6829268292682927,1,1,1,0.4230769230769231
9,def>class>phylum,def+class+phylum,Development rate,13,8,2,4,9,FALSE,0.3076923076923077,0.38461538461538464,0.5,0.5,0.5,0.380952380952381
9,def>class>phylum,def+class+phylum,Development time,25,18,5,2,10;11,TRUE,0.08,0.28,0.045454545454545456,0.14772727272727273,0.25,0.10379241516966069
9,def>class>phylum,def+class+phylum,Egg incubation period,9,3,1,6,11,FALSE,0.6666666666666666,0.6666666666666666,0.13636363636363635,0.13636363636363635,0.13636363636363635,0.22641509433962262
9,def>class>phylum,def+class+phylum,Egg-hatching success,13,6,3,4,3,FALSE,0.3076923076923077,0.5384615384615384,0.6666666666666666,0.6666666666666666,0.6666666666666666,0.42105263157894735
9,def>class>phylum,def+class+phylum,Fecundity,72,33,7,15,14,FALSE,0.20833333333333334,0.5416666666666666,1,1,1,0.3448275862068966
9,def>class>phylum,def+class+phylum,Linear morphometrics,15,15,0,0,NA,FALSE,0,0,NA,NA,NA,0
9,def>class>phylum,def+class+phylum,Longevity / lifespan,34,20,5,9,11,FALSE,0.2647058823529412,0.4117647058823529,0.20454545454545456,0.20454545454545456,0.20454545454545456,0.23076923076923078
9,def>class>phylum,def+class+phylum,Pre-oviposition interval,21,9,5,4,10;11,TRUE,0.19047619047619047,0.5714285714285714,0.09090909090909091,0.29545454545454547,0.5,0.2316258351893096
9,def>class>phylum,def+class+phylum,Survival proportion,24,8,3,10,6,FALSE,0.4166666666666667,0.6666666666666666,1,1,1,0.5882352941176471
10,def>phylum>class,def+class+phylum,Body mass / weight,41,13,3,11,2,FALSE,0.2682926829268293,0.6829268292682927,1,1,1,0.4230769230769231
10,def>phylum>class,def+class+phylum,Development rate,13,8,2,4,7,FALSE,0.3076923076923077,0.38461538461538464,0.5,0.5,0.5,0.380952380952381
10,def>phylum>class,def+class+phylum,Development time,25,21,4,1,12;13;16;17,TRUE,0.04,0.16,0.07692307692307693,0.10892232767232768,0.14285714285714285,0.05851228858683347
10,def>phylum>class,def+class+phylum,Egg incubation period,9,4,1,5,13,FALSE,0.5555555555555556,0.5555555555555556,0.38461538461538464,0.38461538461538464,0.38461538461538464,0.4545454545454546
10,def>phylum>class,def+class+phylum,Egg-hatching success,13,10,2,2,4,FALSE,0.15384615384615385,0.23076923076923078,0.16666666666666666,0.16666666666666666,0.16666666666666666,0.16
10,def>phylum>class,def+class+phylum,Fecundity,72,28,6,17,10,FALSE,0.2361111111111111,0.6111111111111112,1,1,1,0.38202247191011235
10,def>phylum>class,def+class+phylum,Linear morphometrics,15,15,0,0,NA,FALSE,0,0,NA,NA,NA,0
10,def>phylum>class,def+class+phylum,Longevity / lifespan,34,21,5,8,11,FALSE,0.23529411764705882,0.38235294117647056,1,1,1,0.38095238095238093
10,def>phylum>class,def+class+phylum,Pre-oviposition interval,21,10,6,4,12,FALSE,0.19047619047619047,0.5238095238095238,0.5714285714285714,0.5714285714285714,0.5714285714285714,0.2857142857142857
10,def>phylum>class,def+class+phylum,Survival proportion,24,8,3,10,5,FALSE,0.4166666666666667,0.6666666666666666,1,1,1,0.5882352941176471
11,phylum>class>def,def+class+phylum,Body mass / weight,41,13,4,10,6,FALSE,0.24390243902439024,0.6829268292682927,1,1,1,0.39215686274509803
11,phylum>class>def,def+class+phylum,Development rate,13,8,2,4,10,FALSE,0.3076923076923077,0.38461538461538464,0.5,0.5,0.5,0.380952380952381
11,phylum>class>def,def+class+phylum,Development time,25,21,4,1,18;20;21;22,TRUE,0.04,0.16,0.09090909090909091,0.11837121212121213,0.16666666666666666,0.0597943075819182
11,phylum>class>def,def+class+phylum,Egg incubation period,9,5,1,4,18,FALSE,0.4444444444444444,0.4444444444444444,0.36363636363636365,0.36363636363636365,0.36363636363636365,0.39999999999999997
11,phylum>class>def,def+class+phylum,Egg-hatching success,13,10,2,2,9,FALSE,0.15384615384615385,0.23076923076923078,0.14285714285714285,0.14285714285714285,0.14285714285714285,0.14814814814814817
11,phylum>class>def,def+class+phylum,Fecundity,72,40,6,12,11,FALSE,0.16666666666666666,0.4444444444444444,1,1,1,0.2857142857142857
11,phylum>class>def,def+class+phylum,Linear morphometrics,15,7,2,6,7,FALSE,0.4,0.5333333333333333,1,1,1,0.5714285714285715
11,phylum>class>def,def+class+phylum,Longevity / lifespan,34,27,6,2,22,FALSE,0.058823529411764705,0.20588235294117646,0.18181818181818182,0.18181818181818182,0.18181818181818182,0.08888888888888888
11,phylum>class>def,def+class+phylum,Pre-oviposition interval,21,11,6,4,20,FALSE,0.19047619047619047,0.47619047619047616,0.6666666666666666,0.6666666666666666,0.6666666666666666,0.2962962962962963
11,phylum>class>def,def+class+phylum,Survival proportion,24,5,2,12,5,FALSE,0.5,0.7916666666666666,0.9230769230769231,0.9230769230769231,0.9230769230769231,0.6486486486486487
12,phylum>def>class,def+class+phylum,Body mass / weight,41,11,3,13,14,FALSE,0.3170731707317073,0.7317073170731707,0.5,0.5,0.5,0.38805970149253727
12,phylum>def>class,def+class+phylum,Development rate,13,8,2,4,12,FALSE,0.3076923076923077,0.38461538461538464,0.5,0.5,0.5,0.380952380952381
12,phylum>def>class,def+class+phylum,Development time,25,20,5,1,13;15;16;20;21,TRUE,0.04,0.2,0.043478260869565216,0.10267112114938201,0.14285714285714285,0.05757079376526746
12,phylum>def>class,def+class+phylum,Egg incubation period,9,6,1,3,15,FALSE,0.3333333333333333,0.3333333333333333,0.2727272727272727,0.2727272727272727,0.2727272727272727,0.3
12,phylum>def>class,def+class+phylum,Egg-hatching success,13,10,2,2,8,FALSE,0.15384615384615385,0.23076923076923078,0.14285714285714285,0.14285714285714285,0.14285714285714285,0.14814814814814817
12,phylum>def>class,def+class+phylum,Fecundity,72,38,8,12,17,FALSE,0.16666666666666666,0.4722222222222222,1,1,1,0.2857142857142857
12,phylum>def>class,def+class+phylum,Linear morphometrics,15,6,2,7,7,FALSE,0.4666666666666667,0.6,1,1,1,0.6363636363636364
12,phylum>def>class,def+class+phylum,Longevity / lifespan,34,16,6,7,13,FALSE,0.20588235294117646,0.5294117647058824,0.30434782608695654,0.30434782608695654,0.30434782608695654,0.2456140350877193
12,phylum>def>class,def+class+phylum,Pre-oviposition interval,21,11,6,4,16,FALSE,0.19047619047619047,0.47619047619047616,0.5714285714285714,0.5714285714285714,0.5714285714285714,0.2857142857142857
12,phylum>def>class,def+class+phylum,Survival proportion,24,5,2,12,4,FALSE,0.5,0.7916666666666666,0.8,0.8,0.8,0.6153846153846154
13,class>def>family,def+family+class,Body mass / weight,41,2,4,21,11,FALSE,0.5121951219512195,0.9512195121951219,0.4117647058823529,0.4117647058823529,0.4117647058823529,0.4565217391304348
13,class>def>family,def+family+class,Development rate,13,10,2,2,15,FALSE,0.15384615384615385,0.23076923076923078,0.3333333333333333,0.3333333333333333,0.3333333333333333,0.21052631578947367
13,class>def>family,def+family+class,Development time,25,17,5,3,13,FALSE,0.12,0.32,0.125,0.125,0.125,0.12244897959183673
13,class>def>family,def+family+class,Egg incubation period,9,6,1,3,16,FALSE,0.3333333333333333,0.3333333333333333,0.375,0.375,0.375,0.35294117647058826
13,class>def>family,def+family+class,Egg-hatching success,13,7,3,4,8,FALSE,0.3076923076923077,0.46153846153846156,0.8,0.8,0.8,0.4444444444444444
13,class>def>family,def+family+class,Fecundity,72,27,8,11,11,FALSE,0.1527777777777778,0.625,0.21568627450980393,0.21568627450980393,0.21568627450980393,0.1788617886178862
13,class>def>family,def+family+class,Linear morphometrics,15,10,2,4,11,FALSE,0.26666666666666666,0.3333333333333333,0.0784313725490196,0.0784313725490196,0.0784313725490196,0.1212121212121212
13,class>def>family,def+family+class,Longevity / lifespan,34,11,8,8,13,FALSE,0.23529411764705882,0.6764705882352942,0.3333333333333333,0.3333333333333333,0.3333333333333333,0.27586206896551724
13,class>def>family,def+family+class,Pre-oviposition interval,21,12,5,4,22,FALSE,0.19047619047619047,0.42857142857142855,0.5,0.5,0.5,0.27586206896551724
13,class>def>family,def+family+class,Survival proportion,24,6,3,14,5,FALSE,0.5833333333333334,0.75,0.9333333333333333,0.9333333333333333,0.9333333333333333,0.7179487179487181
14,class>family>def,def+family+class,Body mass / weight,41,2,4,21,8,FALSE,0.5121951219512195,0.9512195121951219,0.40384615384615385,0.40384615384615385,0.40384615384615385,0.45161290322580644
14,class>family>def,def+family+class,Development rate,13,10,2,2,15,FALSE,0.15384615384615385,0.23076923076923078,0.3333333333333333,0.3333333333333333,0.3333333333333333,0.21052631578947367
14,class>family>def,def+family+class,Development time,25,16,5,4,13,FALSE,0.16,0.36,0.125,0.125,0.125,0.14035087719298245
14,class>family>def,def+family+class,Egg incubation period,9,4,1,5,13,FALSE,0.5555555555555556,0.5555555555555556,0.15625,0.15625,0.15625,0.24390243902439024
14,class>family>def,def+family+class,Egg-hatching success,13,7,3,4,9,FALSE,0.3076923076923077,0.46153846153846156,0.8,0.8,0.8,0.4444444444444444
14,class>family>def,def+family+class,Fecundity,72,30,7,11,8,FALSE,0.1527777777777778,0.5833333333333334,0.21153846153846154,0.21153846153846154,0.21153846153846154,0.1774193548387097
14,class>family>def,def+family+class,Linear morphometrics,15,10,2,4,8,FALSE,0.26666666666666666,0.3333333333333333,0.07692307692307693,0.07692307692307693,0.07692307692307693,0.11940298507462686
14,class>family>def,def+family+class,Longevity / lifespan,34,12,7,7,12,FALSE,0.20588235294117646,0.6470588235294118,0.7,0.7,0.7,0.3181818181818182
14,class>family>def,def+family+class,Pre-oviposition interval,21,10,5,5,13,FALSE,0.23809523809523808,0.5238095238095238,0.15625,0.15625,0.15625,0.18867924528301888
14,class>family>def,def+family+class,Survival proportion,24,5,4,13,6,FALSE,0.5416666666666666,0.7916666666666666,0.9285714285714286,0.9285714285714286,0.9285714285714286,0.6842105263157894
15,def>class>family,def+family+class,Body mass / weight,41,8,3,16,8,FALSE,0.3902439024390244,0.8048780487804879,0.43243243243243246,0.43243243243243246,0.43243243243243246,0.4102564102564103
15,def>class>family,def+family+class,Development rate,13,7,2,4,9,FALSE,0.3076923076923077,0.46153846153846156,0.5,0.5,0.5,0.380952380952381
15,def>class>family,def+family+class,Development time,25,13,3,5,10;13,TRUE,0.2,0.48,0.10416666666666667,0.1482371794871795,0.19230769230769232,0.1702715140358951
15,def>class>family,def+family+class,Egg incubation period,9,1,1,8,13,FALSE,0.8888888888888888,0.8888888888888888,0.16666666666666666,0.16666666666666666,0.16666666666666666,0.2807017543859649
15,def>class>family,def+family+class,Egg-hatching success,13,10,2,2,5,FALSE,0.15384615384615385,0.23076923076923078,0.2222222222222222,0.2222222222222222,0.2222222222222222,0.18181818181818185
15,def>class>family,def+family+class,Fecundity,72,41,6,11,15,FALSE,0.1527777777777778,0.4305555555555556,1,1,1,0.26506024096385544
15,def>class>family,def+family+class,Linear morphometrics,15,15,0,0,NA,FALSE,0,0,NA,NA,NA,0
15,def>class>family,def+family+class,Longevity / lifespan,34,10,7,9,13,FALSE,0.2647058823529412,0.7058823529411765,0.1875,0.1875,0.1875,0.21951219512195125
15,def>class>family,def+family+class,Pre-oviposition interval,21,9,5,4,11;13,TRUE,0.19047619047619047,0.5714285714285714,0.08333333333333333,0.26388888888888884,0.4444444444444444,0.2212518195050946
15,def>class>family,def+family+class,Survival proportion,24,10,3,10,4,FALSE,0.4166666666666667,0.5833333333333334,1,1,1,0.5882352941176471
16,def>family>class,def+family+class,Body mass / weight,41,5,3,20,7,FALSE,0.4878048780487805,0.8780487804878049,0.4878048780487805,0.4878048780487805,0.4878048780487805,0.4878048780487805
16,def>family>class,def+family+class,Development rate,13,7,2,4,9,FALSE,0.3076923076923077,0.46153846153846156,0.5,0.5,0.5,0.380952380952381
16,def>family>class,def+family+class,Development time,25,15,4,5,10,FALSE,0.2,0.4,0.18518518518518517,0.18518518518518517,0.18518518518518517,0.1923076923076923
16,def>family>class,def+family+class,Egg incubation period,9,4,1,5,15,FALSE,0.5555555555555556,0.5555555555555556,0.17857142857142858,0.17857142857142858,0.17857142857142858,0.2702702702702703
16,def>family>class,def+family+class,Egg-hatching success,13,10,3,1,5;6;10,TRUE,0.07692307692307693,0.23076923076923078,0.037037037037037035,0.08774250440917107,0.14285714285714285,0.08197734294541709
16,def>family>class,def+family+class,Fecundity,72,45,5,9,7;14,TRUE,0.125,0.375,0.21951219512195122,0.6097560975609756,1,0.2074688796680498
16,def>family>class,def+family+class,Linear morphometrics,15,10,1,5,2,FALSE,0.3333333333333333,0.3333333333333333,1,1,1,0.5
16,def>family>class,def+family+class,Longevity / lifespan,34,10,6,9,16,FALSE,0.2647058823529412,0.7058823529411765,0.75,0.75,0.75,0.39130434782608703
16,def>family>class,def+family+class,Pre-oviposition interval,21,9,5,4,11;15,TRUE,0.19047619047619047,0.5714285714285714,0.14285714285714285,0.3214285714285714,0.5,0.23920265780730895
16,def>family>class,def+family+class,Survival proportion,24,10,3,11,5,FALSE,0.4583333333333333,0.5833333333333334,0.9166666666666666,0.9166666666666666,0.9166666666666666,0.611111111111111
17,family>class>def,def+family+class,Body mass / weight,41,4,4,19,9,FALSE,0.4634146341463415,0.9024390243902439,0.3958333333333333,0.3958333333333333,0.3958333333333333,0.42696629213483145
17,family>class>def,def+family+class,Development rate,13,9,3,2,15,FALSE,0.15384615384615385,0.3076923076923077,0.3333333333333333,0.3333333333333333,0.3333333333333333,0.21052631578947367
17,family>class>def,def+family+class,Development time,25,15,5,5,14,FALSE,0.2,0.4,0.14285714285714285,0.14285714285714285,0.14285714285714285,0.16666666666666666
17,family>class>def,def+family+class,Egg incubation period,9,4,1,5,14,FALSE,0.5555555555555556,0.5555555555555556,0.14285714285714285,0.14285714285714285,0.14285714285714285,0.22727272727272727
17,family>class>def,def+family+class,Egg-hatching success,13,10,3,1,5;10;21,TRUE,0.07692307692307693,0.23076923076923078,0.0625,0.08630952380952381,0.125,0.08134642356241235
17,family>class>def,def+family+class,Fecundity,72,30,7,11,9,FALSE,0.1527777777777778,0.5833333333333334,0.22916666666666666,0.22916666666666666,0.22916666666666666,0.18333333333333335
17,family>class>def,def+family+class,Linear morphometrics,15,7,3,4,9,FALSE,0.26666666666666666,0.5333333333333333,0.08333333333333333,0.08333333333333333,0.08333333333333333,0.12698412698412698
17,family>class>def,def+family+class,Longevity / lifespan,34,10,8,8,12,FALSE,0.23529411764705882,0.7058823529411765,0.7272727272727273,0.7272727272727273,0.7272727272727273,0.3555555555555555
17,family>class>def,def+family+class,Pre-oviposition interval,21,9,6,5,14,FALSE,0.23809523809523808,0.5714285714285714,0.14285714285714285,0.14285714285714285,0.14285714285714285,0.17857142857142855
17,family>class>def,def+family+class,Survival proportion,24,7,4,13,5,FALSE,0.5416666666666666,0.7083333333333334,0.9285714285714286,0.9285714285714286,0.9285714285714286,0.6842105263157894
18,family>def>class,def+family+class,Body mass / weight,41,4,4,19,11,FALSE,0.4634146341463415,0.9024390243902439,0.3877551020408163,0.3877551020408163,0.3877551020408163,0.4222222222222223
18,family>def>class,def+family+class,Development rate,13,9,3,2,19,FALSE,0.15384615384615385,0.3076923076923077,0.3333333333333333,0.3333333333333333,0.3333333333333333,0.21052631578947367
18,family>def>class,def+family+class,Development time,25,14,7,2,10;15;16;17,TRUE,0.08,0.44,0.1111111111111111,0.23253968253968255,0.3333333333333333,0.11904520060944641
18,family>def>class,def+family+class,Egg incubation period,9,4,1,5,16,FALSE,0.5555555555555556,0.5555555555555556,0.2777777777777778,0.2777777777777778,0.2777777777777778,0.3703703703703704
18,family>def>class,def+family+class,Egg-hatching success,13,6,3,5,4,FALSE,0.38461538461538464,0.5384615384615384,0.8333333333333334,0.8333333333333334,0.8333333333333334,0.5263157894736842
18,family>def>class,def+family+class,Fecundity,72,29,5,23,14,FALSE,0.3194444444444444,0.5972222222222222,1,1,1,0.4842105263157894
18,family>def>class,def+family+class,Linear morphometrics,15,11,1,4,11,FALSE,0.26666666666666666,0.26666666666666666,0.08163265306122448,0.08163265306122448,0.08163265306122448,0.125
18,family>def>class,def+family+class,Longevity / lifespan,34,10,8,9,13,FALSE,0.2647058823529412,0.7058823529411765,0.6923076923076923,0.6923076923076923,0.6923076923076923,0.3829787234042553
18,family>def>class,def+family+class,Pre-oviposition interval,21,8,6,5,16,FALSE,0.23809523809523808,0.6190476190476191,0.2777777777777778,0.2777777777777778,0.2777777777777778,0.25641025641025644
18,family>def>class,def+family+class,Survival proportion,24,7,3,14,7,FALSE,0.5833333333333334,0.7083333333333334,0.9333333333333333,0.9333333333333333,0.9333333333333333,0.7179487179487181
19,def>family>phylum,def+family+phylum,Body mass / weight,41,11,3,17,7,FALSE,0.4146341463414634,0.7317073170731707,0.4473684210526316,0.4473684210526316,0.4473684210526316,0.430379746835443
19,def>family>phylum,def+family+phylum,Development rate,13,7,2,4,9,FALSE,0.3076923076923077,0.46153846153846156,0.5,0.5,0.5,0.380952380952381
19,def>family>phylum,def+family+phylum,Development time,25,17,3,5,15,FALSE,0.2,0.32,0.19230769230769232,0.19230769230769232,0.19230769230769232,0.19607843137254902
19,def>family>phylum,def+family+phylum,Egg incubation period,9,4,1,5,13,FALSE,0.5555555555555556,0.5555555555555556,0.18518518518518517,0.18518518518518517,0.18518518518518517,0.2777777777777778
19,def>family>phylum,def+family+phylum,Egg-hatching success,13,10,3,1,5;6;15,TRUE,0.07692307692307693,0.23076923076923078,0.038461538461538464,0.09615384615384615,0.16666666666666666,0.08547008547008547
19,def>family>phylum,def+family+phylum,Fecundity,72,44,5,10,11,FALSE,0.1388888888888889,0.3888888888888889,1,1,1,0.24390243902439027
19,def>family>phylum,def+family+phylum,Linear morphometrics,15,15,0,0,NA,FALSE,0,0,NA,NA,NA,0
19,def>family>phylum,def+family+phylum,Longevity / lifespan,34,11,7,9,12,FALSE,0.2647058823529412,0.6764705882352942,0.8181818181818182,0.8181818181818182,0.8181818181818182,0.39999999999999997
19,def>family>phylum,def+family+phylum,Pre-oviposition interval,21,10,5,4,16,FALSE,0.19047619047619047,0.5238095238095238,0.5,0.5,0.5,0.27586206896551724
19,def>family>phylum,def+family+phylum,Survival proportion,24,10,4,11,5,FALSE,0.4583333333333333,0.5833333333333334,0.9166666666666666,0.9166666666666666,0.9166666666666666,0.611111111111111
20,def>phylum>family,def+family+phylum,Body mass / weight,41,9,3,18,6,FALSE,0.43902439024390244,0.7804878048780488,0.45,0.45,0.45,0.4444444444444445
20,def>phylum>family,def+family+phylum,Development rate,13,7,2,4,7,FALSE,0.3076923076923077,0.46153846153846156,0.5,0.5,0.5,0.380952380952381
20,def>phylum>family,def+family+phylum,Development time,25,19,3,3,14,FALSE,0.12,0.24,0.13043478260869565,0.13043478260869565,0.13043478260869565,0.12499999999999997
20,def>phylum>family,def+family+phylum,Egg incubation period,9,2,1,7,13,FALSE,0.7777777777777778,0.7777777777777778,0.2413793103448276,0.2413793103448276,0.2413793103448276,0.368421052631579
20,def>phylum>family,def+family+phylum,Egg-hatching success,13,10,2,2,4,FALSE,0.15384615384615385,0.23076923076923078,0.25,0.25,0.25,0.1904761904761905
20,def>phylum>family,def+family+phylum,Fecundity,72,42,5,11,10,FALSE,0.1527777777777778,0.4166666666666667,1,1,1,0.26506024096385544
20,def>phylum>family,def+family+phylum,Linear morphometrics,15,15,0,0,NA,FALSE,0,0,NA,NA,NA,0
20,def>phylum>family,def+family+phylum,Longevity / lifespan,34,13,6,9,12,FALSE,0.2647058823529412,0.6176470588235294,0.8181818181818182,0.8181818181818182,0.8181818181818182,0.39999999999999997
20,def>phylum>family,def+family+phylum,Pre-oviposition interval,21,9,5,4,11;13,TRUE,0.19047619047619047,0.5714285714285714,0.13793103448275862,0.29118773946360155,0.4444444444444444,0.23030303030303031
20,def>phylum>family,def+family+phylum,Survival proportion,24,11,3,10,5,FALSE,0.4166666666666667,0.5416666666666666,1,1,1,0.5882352941176471
21,family>def>phylum,def+family+phylum,Body mass / weight,41,7,4,16,13,FALSE,0.3902439024390244,0.8292682926829268,0.36363636363636365,0.36363636363636365,0.36363636363636365,0.3764705882352941
21,family>def>phylum,def+family+phylum,Development rate,13,10,2,2,12,FALSE,0.15384615384615385,0.23076923076923078,0.3333333333333333,0.3333333333333333,0.3333333333333333,0.21052631578947367
21,family>def>phylum,def+family+phylum,Development time,25,14,6,3,16,FALSE,0.12,0.44,0.11538461538461539,0.11538461538461539,0.11538461538461539,0.11764705882352941
21,family>def>phylum,def+family+phylum,Egg incubation period,9,4,1,5,17,FALSE,0.5555555555555556,0.5555555555555556,0.29411764705882354,0.29411764705882354,0.29411764705882354,0.3846153846153846
21,family>def>phylum,def+family+phylum,Egg-hatching success,13,11,2,1,5;9,TRUE,0.07692307692307693,0.15384615384615385,0.06666666666666667,0.09583333333333333,0.125,0.08534322820037106
21,family>def>phylum,def+family+phylum,Fecundity,72,28,5,23,10,FALSE,0.3194444444444444,0.6111111111111112,1,1,1,0.4842105263157894
21,family>def>phylum,def+family+phylum,Linear morphometrics,15,10,2,4,13,FALSE,0.26666666666666666,0.3333333333333333,0.09090909090909091,0.09090909090909091,0.09090909090909091,0.13559322033898305
21,family>def>phylum,def+family+phylum,Longevity / lifespan,34,11,7,8,16,FALSE,0.23529411764705882,0.6764705882352942,0.3076923076923077,0.3076923076923077,0.3076923076923077,0.26666666666666666
21,family>def>phylum,def+family+phylum,Pre-oviposition interval,21,10,5,4,11;17,TRUE,0.19047619047619047,0.5238095238095238,0.23529411764705882,0.40336134453781514,0.5714285714285714,0.25876010781671155
21,family>def>phylum,def+family+phylum,Survival proportion,24,5,4,14,9,FALSE,0.5833333333333334,0.7916666666666666,0.9333333333333333,0.9333333333333333,0.9333333333333333,0.7179487179487181
22,family>phylum>def,def+family+phylum,Body mass / weight,41,4,4,19,12,FALSE,0.4634146341463415,0.9024390243902439,0.4318181818181818,0.4318181818181818,0.4318181818181818,0.4470588235294118
22,family>phylum>def,def+family+phylum,Development rate,13,10,2,2,16,FALSE,0.15384615384615385,0.23076923076923078,0.3333333333333333,0.3333333333333333,0.3333333333333333,0.21052631578947367
22,family>phylum>def,def+family+phylum,Development time,25,16,6,3,21,FALSE,0.12,0.36,0.2,0.2,0.2,0.15
22,family>phylum>def,def+family+phylum,Egg incubation period,9,5,1,4,20,FALSE,0.4444444444444444,0.4444444444444444,0.36363636363636365,0.36363636363636365,0.36363636363636365,0.39999999999999997
22,family>phylum>def,def+family+phylum,Egg-hatching success,13,5,3,6,5,FALSE,0.46153846153846156,0.6153846153846154,0.8571428571428571,0.8571428571428571,0.8571428571428571,0.6
22,family>phylum>def,def+family+phylum,Fecundity,72,31,7,9,12;14,TRUE,0.125,0.5694444444444444,0.20454545454545456,0.6022727272727273,1,0.20703125
22,family>phylum>def,def+family+phylum,Linear morphometrics,15,13,1,2,12,FALSE,0.13333333333333333,0.13333333333333333,0.045454545454545456,0.045454545454545456,0.045454545454545456,0.06779661016949153
22,family>phylum>def,def+family+phylum,Longevity / lifespan,34,12,7,7,22,FALSE,0.20588235294117646,0.6470588235294118,0.7,0.7,0.7,0.3181818181818182
22,family>phylum>def,def+family+phylum,Pre-oviposition interval,21,13,5,3,18,FALSE,0.14285714285714285,0.38095238095238093,0.5,0.5,0.5,0.22222222222222224
22,family>phylum>def,def+family+phylum,Survival proportion,24,10,4,9,7,FALSE,0.375,0.5833333333333334,0.9,0.9,0.9,0.5294117647058825
23,phylum>def>family,def+family+phylum,Body mass / weight,41,7,4,17,12,FALSE,0.4146341463414634,0.8292682926829268,0.4358974358974359,0.4358974358974359,0.4358974358974359,0.42500000000000004
23,phylum>def>family,def+family+phylum,Development rate,13,9,2,2,10;14,TRUE,0.15384615384615385,0.3076923076923077,0.1,0.21666666666666667,0.3333333333333333,0.17993079584775085
23,phylum>def>family,def+family+phylum,Development time,25,17,5,3,13,FALSE,0.12,0.32,0.10714285714285714,0.10714285714285714,0.10714285714285714,0.1132075471698113
23,phylum>def>family,def+family+phylum,Egg incubation period,9,8,1,1,19,FALSE,0.1111111111111111,0.1111111111111111,0.125,0.125,0.125,0.11764705882352941
23,phylum>def>family,def+family+phylum,Egg-hatching success,13,7,3,4,6,FALSE,0.3076923076923077,0.46153846153846156,0.19047619047619047,0.19047619047619047,0.19047619047619047,0.23529411764705882
23,phylum>def>family,def+family+phylum,Fecundity,72,35,7,8,12,FALSE,0.1111111111111111,0.5138888888888888,0.20512820512820512,0.20512820512820512,0.20512820512820512,0.14414414414414414
23,phylum>def>family,def+family+phylum,Linear morphometrics,15,10,2,4,12,FALSE,0.26666666666666666,0.3333333333333333,0.10256410256410256,0.10256410256410256,0.10256410256410256,0.14814814814814814
23,phylum>def>family,def+family+phylum,Longevity / lifespan,34,10,8,9,13,FALSE,0.2647058823529412,0.7058823529411765,0.32142857142857145,0.32142857142857145,0.32142857142857145,0.2903225806451613
23,phylum>def>family,def+family+phylum,Pre-oviposition interval,21,11,5,4,15,FALSE,0.19047619047619047,0.47619047619047616,0.4444444444444444,0.4444444444444444,0.4444444444444444,0.26666666666666666
23,phylum>def>family,def+family+phylum,Survival proportion,24,7,2,15,6,FALSE,0.625,0.7083333333333334,0.7142857142857143,0.7142857142857143,0.7142857142857143,0.6666666666666666
24,phylum>family>def,def+family+phylum,Body mass / weight,41,4,4,19,10,FALSE,0.4634146341463415,0.9024390243902439,0.40425531914893614,0.40425531914893614,0.40425531914893614,0.4318181818181818
24,phylum>family>def,def+family+phylum,Development rate,13,10,2,2,13,FALSE,0.15384615384615385,0.23076923076923078,0.3333333333333333,0.3333333333333333,0.3333333333333333,0.21052631578947367
24,phylum>family>def,def+family+phylum,Development time,25,16,6,3,20,FALSE,0.12,0.36,0.2,0.2,0.2,0.15
24,phylum>family>def,def+family+phylum,Egg incubation period,9,5,1,4,18,FALSE,0.4444444444444444,0.4444444444444444,0.3333333333333333,0.3333333333333333,0.3333333333333333,0.380952380952381
24,phylum>family>def,def+family+phylum,Egg-hatching success,13,5,3,6,7,FALSE,0.46153846153846156,0.6153846153846154,0.8571428571428571,0.8571428571428571,0.8571428571428571,0.6
24,phylum>family>def,def+family+phylum,Fecundity,72,29,7,10,10,FALSE,0.1388888888888889,0.5972222222222222,0.2127659574468085,0.2127659574468085,0.2127659574468085,0.1680672268907563
24,phylum>family>def,def+family+phylum,Linear morphometrics,15,10,2,4,10,FALSE,0.26666666666666666,0.3333333333333333,0.0851063829787234,0.0851063829787234,0.0851063829787234,0.12903225806451613
24,phylum>family>def,def+family+phylum,Longevity / lifespan,34,11,7,8,21,FALSE,0.23529411764705882,0.6764705882352942,0.7272727272727273,0.7272727272727273,0.7272727272727273,0.3555555555555555
24,phylum>family>def,def+family+phylum,Pre-oviposition interval,21,13,5,3,17,FALSE,0.14285714285714285,0.38095238095238093,0.5,0.5,0.5,0.22222222222222224
24,phylum>family>def,def+family+phylum,Survival proportion,24,5,4,13,5,FALSE,0.5416666666666666,0.7916666666666666,0.9285714285714286,0.9285714285714286,0.9285714285714286,0.6842105263157894
25,def>family>stage,def+family+stage,Body mass / weight,41,5,3,19,8,FALSE,0.4634146341463415,0.8780487804878049,0.4222222222222222,0.4222222222222222,0.4222222222222222,0.4418604651162791
25,def>family>stage,def+family+stage,Development rate,13,8,2,4,11,FALSE,0.3076923076923077,0.38461538461538464,0.5,0.5,0.5,0.380952380952381
25,def>family>stage,def+family+stage,Development time,25,19,4,2,14;17,TRUE,0.08,0.24,0.10526315789473684,0.25263157894736843,0.4,0.12151898734177215
25,def>family>stage,def+family+stage,Egg incubation period,9,6,1,3,14,FALSE,0.3333333333333333,0.3333333333333333,0.6,0.6,0.6,0.42857142857142855
25,def>family>stage,def+family+stage,Egg-hatching success,13,10,2,2,5,FALSE,0.15384615384615385,0.23076923076923078,0.25,0.25,0.25,0.1904761904761905
25,def>family>stage,def+family+stage,Fecundity,72,31,5,26,10,FALSE,0.3611111111111111,0.5694444444444444,1,1,1,0.5306122448979591
25,def>family>stage,def+family+stage,Linear morphometrics,15,13,1,2,8,FALSE,0.13333333333333333,0.13333333333333333,0.044444444444444446,0.044444444444444446,0.044444444444444446,0.06666666666666667
25,def>family>stage,def+family+stage,Longevity / lifespan,34,15,6,7,12,FALSE,0.20588235294117646,0.5588235294117647,0.875,0.875,0.875,0.33333333333333337
25,def>family>stage,def+family+stage,Pre-oviposition interval,21,11,5,4,18,FALSE,0.19047619047619047,0.47619047619047616,0.6666666666666666,0.6666666666666666,0.6666666666666666,0.2962962962962963
25,def>family>stage,def+family+stage,Survival proportion,24,10,4,10,7,FALSE,0.4166666666666667,0.5833333333333334,1,1,1,0.5882352941176471
26,def>stage>family,def+family+stage,Body mass / weight,41,6,3,20,5,FALSE,0.4878048780487805,0.8536585365853658,0.40816326530612246,0.40816326530612246,0.40816326530612246,0.4444444444444445
26,def>stage>family,def+family+stage,Development rate,13,9,2,3,10,FALSE,0.23076923076923078,0.3076923076923077,0.42857142857142855,0.42857142857142855,0.42857142857142855,0.3
26,def>stage>family,def+family+stage,Development time,25,19,4,2,12;14,TRUE,0.08,0.24,0.1,0.15000000000000002,0.2,0.10434782608695652
26,def>stage>family,def+family+stage,Egg incubation period,9,2,1,7,14,FALSE,0.7777777777777778,0.7777777777777778,0.7,0.7,0.7,0.7368421052631577
26,def>stage>family,def+family+stage,Egg-hatching success,13,10,2,2,6,FALSE,0.15384615384615385,0.23076923076923078,0.25,0.25,0.25,0.1904761904761905
26,def>stage>family,def+family+stage,Fecundity,72,32,5,24,9,FALSE,0.3333333333333333,0.5555555555555556,1,1,1,0.5
26,def>stage>family,def+family+stage,Linear morphometrics,15,11,1,4,5,FALSE,0.26666666666666666,0.26666666666666666,0.08163265306122448,0.08163265306122448,0.08163265306122448,0.125
26,def>stage>family,def+family+stage,Longevity / lifespan,34,21,5,6,11,FALSE,0.17647058823529413,0.38235294117647056,0.8571428571428571,0.8571428571428571,0.8571428571428571,0.29268292682926833
26,def>stage>family,def+family+stage,Pre-oviposition interval,21,11,5,4,13,FALSE,0.19047619047619047,0.47619047619047616,0.6666666666666666,0.6666666666666666,0.6666666666666666,0.2962962962962963
26,def>stage>family,def+family+stage,Survival proportion,24,10,3,10,8,FALSE,0.4166666666666667,0.5833333333333334,1,1,1,0.5882352941176471
27,family>def>stage,def+family+stage,Body mass / weight,41,4,4,19,9,FALSE,0.4634146341463415,0.9024390243902439,0.40425531914893614,0.40425531914893614,0.40425531914893614,0.4318181818181818
27,family>def>stage,def+family+stage,Development rate,13,10,2,2,13,FALSE,0.15384615384615385,0.23076923076923078,0.3333333333333333,0.3333333333333333,0.3333333333333333,0.21052631578947367
27,family>def>stage,def+family+stage,Development time,25,14,7,3,17,FALSE,0.12,0.44,0.10344827586206896,0.10344827586206896,0.10344827586206896,0.11111111111111112
27,family>def>stage,def+family+stage,Egg incubation period,9,4,1,5,16,FALSE,0.5555555555555556,0.5555555555555556,0.7142857142857143,0.7142857142857143,0.7142857142857143,0.6250000000000001
27,family>def>stage,def+family+stage,Egg-hatching success,13,12,1,1,7,FALSE,0.07692307692307693,0.07692307692307693,0.1111111111111111,0.1111111111111111,0.1111111111111111,0.09090909090909093
27,family>def>stage,def+family+stage,Fecundity,72,30,7,19,11,FALSE,0.2638888888888889,0.5833333333333334,1,1,1,0.4175824175824176
27,family>def>stage,def+family+stage,Linear morphometrics,15,10,2,4,9,FALSE,0.26666666666666666,0.3333333333333333,0.0851063829787234,0.0851063829787234,0.0851063829787234,0.12903225806451613
27,family>def>stage,def+family+stage,Longevity / lifespan,34,13,7,7,17,FALSE,0.20588235294117646,0.6176470588235294,0.2413793103448276,0.2413793103448276,0.2413793103448276,0.22222222222222224
27,family>def>stage,def+family+stage,Pre-oviposition interval,21,10,6,3,15;18,TRUE,0.14285714285714285,0.5238095238095238,0.375,0.4375,0.5,0.2153846153846154
27,family>def>stage,def+family+stage,Survival proportion,24,13,3,8,7,FALSE,0.3333333333333333,0.4583333333333333,0.8888888888888888,0.8888888888888888,0.8888888888888888,0.48484848484848486
28,family>stage>def,def+family+stage,Body mass / weight,41,5,6,7,0;3;17,TRUE,0.17073170731707318,0.8780487804878049,0.7,0.9,1,0.2870159453302962
28,family>stage>def,def+family+stage,Development rate,13,11,1,2,12,FALSE,0.15384615384615385,0.15384615384615385,0.3333333333333333,0.3333333333333333,0.3333333333333333,0.21052631578947367
28,family>stage>def,def+family+stage,Development time,25,17,7,2,19,FALSE,0.08,0.32,0.3333333333333333,0.3333333333333333,0.3333333333333333,0.12903225806451613
28,family>stage>def,def+family+stage,Egg incubation period,9,5,1,4,19,FALSE,0.4444444444444444,0.4444444444444444,0.6666666666666666,0.6666666666666666,0.6666666666666666,0.5333333333333333
28,family>stage>def,def+family+stage,Egg-hatching success,13,12,1,1,10,FALSE,0.07692307692307693,0.07692307692307693,0.07692307692307693,0.07692307692307693,0.07692307692307693,0.07692307692307693
28,family>stage>def,def+family+stage,Fecundity,72,33,5,21,6,FALSE,0.2916666666666667,0.5416666666666666,0.9545454545454546,0.9545454545454546,0.9545454545454546,0.4468085106382979
28,family>stage>def,def+family+stage,Linear morphometrics,15,10,2,3,3,FALSE,0.2,0.3333333333333333,0.3,0.3,0.3,0.24
28,family>stage>def,def+family+stage,Longevity / lifespan,34,15,7,5,7;20,TRUE,0.14705882352941177,0.5588235294117647,0.8333333333333334,0.9166666666666667,1,0.2534562211981567
28,family>stage>def,def+family+stage,Pre-oviposition interval,21,9,6,4,18,FALSE,0.19047619047619047,0.5714285714285714,0.5714285714285714,0.5714285714285714,0.5714285714285714,0.2857142857142857
28,family>stage>def,def+family+stage,Survival proportion,24,6,4,12,10,FALSE,0.5,0.75,0.9230769230769231,0.9230769230769231,0.9230769230769231,0.6486486486486487
29,stage>def>family,def+family+stage,Body mass / weight,41,8,6,7,6,FALSE,0.17073170731707318,0.8048780487804879,1,1,1,0.2916666666666667
29,stage>def>family,def+family+stage,Development rate,13,10,2,2,9,FALSE,0.15384615384615385,0.23076923076923078,0.3333333333333333,0.3333333333333333,0.3333333333333333,0.21052631578947367
29,stage>def>family,def+family+stage,Development time,25,17,5,2,10;20;21,TRUE,0.08,0.32,0.16666666666666666,0.16666666666666666,0.16666666666666666,0.10810810810810811
29,stage>def>family,def+family+stage,Egg incubation period,9,1,2,7,10,FALSE,0.7777777777777778,0.8888888888888888,0.5833333333333334,0.5833333333333334,0.5833333333333334,0.6666666666666666
29,stage>def>family,def+family+stage,Egg-hatching success,13,8,2,4,12,FALSE,0.3076923076923077,0.38461538461538464,0.8,0.8,0.8,0.4444444444444444
29,stage>def>family,def+family+stage,Fecundity,72,37,4,16,11,FALSE,0.2222222222222222,0.4861111111111111,1,1,1,0.3636363636363636
29,stage>def>family,def+family+stage,Linear morphometrics,15,13,2,1,4;16,TRUE,0.06666666666666667,0.13333333333333333,0.1111111111111111,0.1388888888888889,0.16666666666666666,0.09009009009009009
29,stage>def>family,def+family+stage,Longevity / lifespan,34,14,10,5,19,FALSE,0.14705882352941177,0.5882352941176471,0.20833333333333334,0.20833333333333334,0.20833333333333334,0.1724137931034483
29,stage>def>family,def+family+stage,Pre-oviposition interval,21,9,4,6,19,FALSE,0.2857142857142857,0.5714285714285714,0.25,0.25,0.25,0.26666666666666666
29,stage>def>family,def+family+stage,Survival proportion,24,9,6,5,13,FALSE,0.20833333333333334,0.625,1,1,1,0.3448275862068966
30,stage>family>def,def+family+stage,Body mass / weight,41,5,4,19,13,FALSE,0.4634146341463415,0.8780487804878049,0.3584905660377358,0.3584905660377358,0.3584905660377358,0.4042553191489362
30,stage>family>def,def+family+stage,Development rate,13,11,1,2,10,FALSE,0.15384615384615385,0.15384615384615385,0.3333333333333333,0.3333333333333333,0.3333333333333333,0.21052631578947367
30,stage>family>def,def+family+stage,Development time,25,14,7,3,6,FALSE,0.12,0.44,0.42857142857142855,0.42857142857142855,0.42857142857142855,0.1875
30,stage>family>def,def+family+stage,Egg incubation period,9,3,1,6,16,FALSE,0.6666666666666666,0.6666666666666666,0.75,0.75,0.75,0.7058823529411765
30,stage>family>def,def+family+stage,Egg-hatching success,13,5,4,5,9,FALSE,0.38461538461538464,0.6153846153846154,1,1,1,0.5555555555555556
30,stage>family>def,def+family+stage,Fecundity,72,23,5,23,8,FALSE,0.3194444444444444,0.6805555555555556,1,1,1,0.4842105263157894
30,stage>family>def,def+family+stage,Linear morphometrics,15,11,1,4,13,FALSE,0.26666666666666666,0.26666666666666666,0.07547169811320754,0.07547169811320754,0.07547169811320754,0.11764705882352941
30,stage>family>def,def+family+stage,Longevity / lifespan,34,22,5,5,7,FALSE,0.14705882352941177,0.35294117647058826,1,1,1,0.25641025641025644
30,stage>family>def,def+family+stage,Pre-oviposition interval,21,11,5,4,15,FALSE,0.19047619047619047,0.47619047619047616,0.6666666666666666,0.6666666666666666,0.6666666666666666,0.2962962962962963
30,stage>family>def,def+family+stage,Survival proportion,24,10,3,11,11,FALSE,0.4583333333333333,0.5833333333333334,0.9166666666666666,0.9166666666666666,0.9166666666666666,0.611111111111111
31,class>def>order,def+order+class,Body mass / weight,41,4,3,20,8,FALSE,0.4878048780487805,0.9024390243902439,0.40816326530612246,0.40816326530612246,0.40816326530612246,0.4444444444444445
31,class>def>order,def+order+class,Development rate,13,9,2,3,13,FALSE,0.23076923076923078,0.3076923076923077,0.42857142857142855,0.42857142857142855,0.42857142857142855,0.3
31,class>def>order,def+order+class,Development time,25,17,5,2,14;21;22,TRUE,0.08,0.32,0.15384615384615385,0.2735042735042735,0.3333333333333333,0.12379110251450676
31,class>def>order,def+order+class,Egg incubation period,9,7,1,2,15,FALSE,0.2222222222222222,0.2222222222222222,0.2222222222222222,0.2222222222222222,0.2222222222222222,0.2222222222222222
31,class>def>order,def+order+class,Egg-hatching success,13,5,4,5,9,FALSE,0.38461538461538464,0.6153846153846154,0.8333333333333334,0.8333333333333334,0.8333333333333334,0.5263157894736842
31,class>def>order,def+order+class,Fecundity,72,39,7,11,8,FALSE,0.1527777777777778,0.4583333333333333,0.22448979591836735,0.22448979591836735,0.22448979591836735,0.1818181818181818
31,class>def>order,def+order+class,Linear morphometrics,15,11,1,4,8,FALSE,0.26666666666666666,0.26666666666666666,0.08163265306122448,0.08163265306122448,0.08163265306122448,0.125
31,class>def>order,def+order+class,Longevity / lifespan,34,24,6,4,12,FALSE,0.11764705882352941,0.29411764705882354,0.5714285714285714,0.5714285714285714,0.5714285714285714,0.1951219512195122
31,class>def>order,def+order+class,Pre-oviposition interval,21,11,6,4,20,FALSE,0.19047619047619047,0.47619047619047616,0.6666666666666666,0.6666666666666666,0.6666666666666666,0.2962962962962963
31,class>def>order,def+order+class,Survival proportion,24,5,3,14,4,FALSE,0.5833333333333334,0.7916666666666666,0.875,0.875,0.875,0.7000000000000001
32,class>order>def,def+order+class,Body mass / weight,41,4,4,21,6,FALSE,0.5121951219512195,0.9024390243902439,0.40384615384615385,0.40384615384615385,0.40384615384615385,0.45161290322580644
32,class>order>def,def+order+class,Development rate,13,9,2,3,16,FALSE,0.23076923076923078,0.3076923076923077,0.42857142857142855,0.42857142857142855,0.42857142857142855,0.3
32,class>order>def,def+order+class,Development time,25,14,6,3,17,FALSE,0.12,0.44,0.42857142857142855,0.42857142857142855,0.42857142857142855,0.1875
32,class>order>def,def+order+class,Egg incubation period,9,6,1,3,14,FALSE,0.3333333333333333,0.3333333333333333,0.16666666666666666,0.16666666666666666,0.16666666666666666,0.2222222222222222
32,class>order>def,def+order+class,Egg-hatching success,13,4,4,6,8,FALSE,0.46153846153846156,0.6923076923076923,0.8571428571428571,0.8571428571428571,0.8571428571428571,0.6
32,class>order>def,def+order+class,Fecundity,72,39,6,11,6,FALSE,0.1527777777777778,0.4583333333333333,0.21153846153846154,0.21153846153846154,0.21153846153846154,0.1774193548387097
32,class>order>def,def+order+class,Linear morphometrics,15,11,1,4,6,FALSE,0.26666666666666666,0.26666666666666666,0.07692307692307693,0.07692307692307693,0.07692307692307693,0.11940298507462686
32,class>order>def,def+order+class,Longevity / lifespan,34,19,8,6,12,FALSE,0.17647058823529413,0.4411764705882353,0.6666666666666666,0.6666666666666666,0.6666666666666666,0.27906976744186046
32,class>order>def,def+order+class,Pre-oviposition interval,21,12,5,5,14,FALSE,0.23809523809523808,0.42857142857142855,0.2777777777777778,0.2777777777777778,0.2777777777777778,0.25641025641025644
32,class>order>def,def+order+class,Survival proportion,24,7,2,14,4,FALSE,0.5833333333333334,0.7083333333333334,0.9333333333333333,0.9333333333333333,0.9333333333333333,0.7179487179487181
33,def>class>order,def+order+class,Body mass / weight,41,10,3,15,7,FALSE,0.36585365853658536,0.7560975609756098,0.40540540540540543,0.40540540540540543,0.40540540540540543,0.3846153846153847
33,def>class>order,def+order+class,Development rate,13,8,2,4,10,FALSE,0.3076923076923077,0.38461538461538464,0.5,0.5,0.5,0.380952380952381
33,def>class>order,def+order+class,Development time,25,17,4,3,14,FALSE,0.12,0.32,0.09375,0.09375,0.09375,0.10526315789473684
33,def>class>order,def+order+class,Egg incubation period,9,2,1,7,14,FALSE,0.7777777777777778,0.7777777777777778,0.21875,0.21875,0.21875,0.34146341463414637
33,def>class>order,def+order+class,Egg-hatching success,13,10,3,1,5;6;18,TRUE,0.07692307692307693,0.23076923076923078,0.07692307692307693,0.09971509971509972,0.1111111111111111,0.08684863523573201
33,def>class>order,def+order+class,Fecundity,72,31,7,17,9,FALSE,0.2361111111111111,0.5694444444444444,1,1,1,0.38202247191011235
33,def>class>order,def+order+class,Linear morphometrics,15,8,1,7,2,FALSE,0.4666666666666667,0.4666666666666667,1,1,1,0.6363636363636364
33,def>class>order,def+order+class,Longevity / lifespan,34,17,7,9,15,FALSE,0.2647058823529412,0.5,0.8181818181818182,0.8181818181818182,0.8181818181818182,0.39999999999999997
33,def>class>order,def+order+class,Pre-oviposition interval,21,8,6,5,14,FALSE,0.23809523809523808,0.6190476190476191,0.15625,0.15625,0.15625,0.18867924528301888
33,def>class>order,def+order+class,Survival proportion,24,8,3,12,5,FALSE,0.5,0.6666666666666666,0.9230769230769231,0.9230769230769231,0.9230769230769231,0.6486486486486487
34,def>order>class,def+order+class,Body mass / weight,41,3,3,20,4,FALSE,0.4878048780487805,0.926829268292683,0.425531914893617,0.425531914893617,0.425531914893617,0.4545454545454546
34,def>order>class,def+order+class,Development rate,13,9,1,4,6,FALSE,0.3076923076923077,0.3076923076923077,0.5,0.5,0.5,0.380952380952381
34,def>order>class,def+order+class,Development time,25,17,4,3,16,FALSE,0.12,0.32,0.09375,0.09375,0.09375,0.10526315789473684
34,def>order>class,def+order+class,Egg incubation period,9,2,1,7,16,FALSE,0.7777777777777778,0.7777777777777778,0.21875,0.21875,0.21875,0.34146341463414637
34,def>order>class,def+order+class,Egg-hatching success,13,10,2,2,9,FALSE,0.15384615384615385,0.23076923076923078,0.18181818181818182,0.18181818181818182,0.18181818181818182,0.16666666666666669
34,def>order>class,def+order+class,Fecundity,72,30,9,11,4;11,TRUE,0.1527777777777778,0.5833333333333334,0.23404255319148937,0.6170212765957447,1,0.2449136276391555
34,def>order>class,def+order+class,Linear morphometrics,15,13,1,2,4,FALSE,0.13333333333333333,0.13333333333333333,0.0425531914893617,0.0425531914893617,0.0425531914893617,0.06451612903225806
34,def>order>class,def+order+class,Longevity / lifespan,34,13,8,9,15,FALSE,0.2647058823529412,0.6176470588235294,0.75,0.75,0.75,0.39130434782608703
34,def>order>class,def+order+class,Pre-oviposition interval,21,10,5,4,14;16,TRUE,0.19047619047619047,0.5238095238095238,0.125,0.2847222222222222,0.4444444444444444,0.22825330549756437
34,def>order>class,def+order+class,Survival proportion,24,9,3,10,8,FALSE,0.4166666666666667,0.625,1,1,1,0.5882352941176471
35,order>class>def,def+order+class,Body mass / weight,41,5,3,19,9,FALSE,0.4634146341463415,0.8780487804878049,0.4318181818181818,0.4318181818181818,0.4318181818181818,0.4470588235294118
35,order>class>def,def+order+class,Development rate,13,9,2,3,15,FALSE,0.23076923076923078,0.3076923076923077,0.42857142857142855,0.42857142857142855,0.42857142857142855,0.3
35,order>class>def,def+order+class,Development time,25,18,5,2,21;22,TRUE,0.08,0.28,0.3333333333333333,0.3333333333333333,0.3333333333333333,0.12903225806451613
35,order>class>def,def+order+class,Egg incubation period,9,6,1,3,16,FALSE,0.3333333333333333,0.3333333333333333,0.17647058823529413,0.17647058823529413,0.17647058823529413,0.23076923076923078
35,order>class>def,def+order+class,Egg-hatching success,13,4,4,6,5,FALSE,0.46153846153846156,0.6923076923076923,0.8571428571428571,0.8571428571428571,0.8571428571428571,0.6
35,order>class>def,def+order+class,Fecundity,72,37,6,10,9,FALSE,0.1388888888888889,0.4861111111111111,0.22727272727272727,0.22727272727272727,0.22727272727272727,0.1724137931034483
35,order>class>def,def+order+class,Linear morphometrics,15,4,2,7,3,FALSE,0.4666666666666667,0.7333333333333333,1,1,1,0.6363636363636364
35,order>class>def,def+order+class,Longevity / lifespan,34,21,7,5,12,FALSE,0.14705882352941177,0.38235294117647056,0.625,0.625,0.625,0.2380952380952381
35,order>class>def,def+order+class,Pre-oviposition interval,21,9,6,4,16;20,TRUE,0.19047619047619047,0.5714285714285714,0.23529411764705882,0.5176470588235295,0.8,0.2784810126582279
35,order>class>def,def+order+class,Survival proportion,24,7,2,14,6,FALSE,0.5833333333333334,0.7083333333333334,0.9333333333333333,0.9333333333333333,0.9333333333333333,0.7179487179487181
36,order>def>class,def+order+class,Body mass / weight,41,3,3,20,7,FALSE,0.4878048780487805,0.926829268292683,0.40816326530612246,0.40816326530612246,0.40816326530612246,0.4444444444444445
36,order>def>class,def+order+class,Development rate,13,9,2,3,15,FALSE,0.23076923076923078,0.3076923076923077,0.42857142857142855,0.42857142857142855,0.42857142857142855,0.3
36,order>def>class,def+order+class,Development time,25,12,5,3,13;17;18,TRUE,0.12,0.52,0.25,0.33730158730158727,0.42857142857142855,0.17702186740715029
36,order>def>class,def+order+class,Egg incubation period,9,2,1,7,12,FALSE,0.7777777777777778,0.7777777777777778,0.3684210526315789,0.3684210526315789,0.3684210526315789,0.5
36,order>def>class,def+order+class,Egg-hatching success,13,5,4,5,6,FALSE,0.38461538461538464,0.6153846153846154,0.8333333333333334,0.8333333333333334,0.8333333333333334,0.5263157894736842
36,order>def>class,def+order+class,Fecundity,72,45,6,10,7,FALSE,0.1388888888888889,0.375,0.20408163265306123,0.20408163265306123,0.20408163265306123,0.1652892561983471
36,order>def>class,def+order+class,Linear morphometrics,15,6,2,5,2,FALSE,0.3333333333333333,0.6,1,1,1,0.5
36,order>def>class,def+order+class,Longevity / lifespan,34,16,8,7,14,FALSE,0.20588235294117646,0.5294117647058824,0.7,0.7,0.7,0.3181818181818182
36,order>def>class,def+order+class,Pre-oviposition interval,21,7,6,5,12;16,TRUE,0.23809523809523808,0.6666666666666666,0.2631578947368421,0.5482456140350878,0.8333333333333334,0.33200531208499334
36,order>def>class,def+order+class,Survival proportion,24,7,3,13,5,FALSE,0.5416666666666666,0.7083333333333334,0.9285714285714286,0.9285714285714286,0.9285714285714286,0.6842105263157894
37,def>family>order,def+order+family,Body mass / weight,41,11,4,11,1,FALSE,0.2682926829268293,0.7317073170731707,0.8461538461538461,0.8461538461538461,0.8461538461538461,0.4074074074074075
37,def>family>order,def+order+family,Development rate,13,8,2,3,8,FALSE,0.23076923076923078,0.38461538461538464,0.42857142857142855,0.42857142857142855,0.42857142857142855,0.3
37,def>family>order,def+order+family,Development time,25,17,3,5,9,FALSE,0.2,0.32,0.18518518518518517,0.18518518518518517,0.18518518518518517,0.1923076923076923
37,def>family>order,def+order+family,Egg incubation period,9,5,1,4,17,FALSE,0.4444444444444444,0.4444444444444444,0.3076923076923077,0.3076923076923077,0.3076923076923077,0.3636363636363637
37,def>family>order,def+order+family,Egg-hatching success,13,10,3,1,4;6;9,TRUE,0.07692307692307693,0.23076923076923078,0.037037037037037035,0.08179012345679013,0.125,0.07928197456993269
37,def>family>order,def+order+family,Fecundity,72,42,6,13,12,FALSE,0.18055555555555555,0.4166666666666667,1,1,1,0.30588235294117644
37,def>family>order,def+order+family,Linear morphometrics,15,13,1,2,1,FALSE,0.13333333333333333,0.13333333333333333,0.15384615384615385,0.15384615384615385,0.15384615384615385,0.14285714285714288
37,def>family>order,def+order+family,Longevity / lifespan,34,10,6,9,15,FALSE,0.2647058823529412,0.7058823529411765,0.8181818181818182,0.8181818181818182,0.8181818181818182,0.39999999999999997
37,def>family>order,def+order+family,Pre-oviposition interval,21,11,5,4,10,FALSE,0.19047619047619047,0.47619047619047616,0.5714285714285714,0.5714285714285714,0.5714285714285714,0.2857142857142857
37,def>family>order,def+order+family,Survival proportion,24,8,4,11,6,FALSE,0.4583333333333333,0.6666666666666666,0.9166666666666666,0.9166666666666666,0.9166666666666666,0.611111111111111
38,def>order>family,def+order+family,Body mass / weight,41,13,4,11,1,FALSE,0.2682926829268293,0.6829268292682927,0.8461538461538461,0.8461538461538461,0.8461538461538461,0.4074074074074075
38,def>order>family,def+order+family,Development rate,13,8,3,3,6,FALSE,0.23076923076923078,0.38461538461538464,0.42857142857142855,0.42857142857142855,0.42857142857142855,0.3
38,def>order>family,def+order+family,Development time,25,15,4,4,16,FALSE,0.16,0.4,0.12121212121212122,0.12121212121212122,0.12121212121212122,0.1379310344827586
38,def>order>family,def+order+family,Egg incubation period,9,2,1,7,16,FALSE,0.7777777777777778,0.7777777777777778,0.21212121212121213,0.21212121212121213,0.21212121212121213,0.3333333333333333
38,def>order>family,def+order+family,Egg-hatching success,13,11,2,1,3;14,TRUE,0.07692307692307693,0.15384615384615385,0.058823529411764705,0.11274509803921567,0.16666666666666666,0.09145129224652088
38,def>order>family,def+order+family,Fecundity,72,41,5,16,13,FALSE,0.2222222222222222,0.4305555555555556,1,1,1,0.3636363636363636
38,def>order>family,def+order+family,Linear morphometrics,15,15,0,0,NA,FALSE,0,0,NA,NA,NA,0
38,def>order>family,def+order+family,Longevity / lifespan,34,12,7,9,17,FALSE,0.2647058823529412,0.6470588235294118,0.6923076923076923,0.6923076923076923,0.6923076923076923,0.3829787234042553
38,def>order>family,def+order+family,Pre-oviposition interval,21,9,6,4,11;16,TRUE,0.19047619047619047,0.5714285714285714,0.12121212121212122,0.3463203463203463,0.5714285714285714,0.24577572964669736
38,def>order>family,def+order+family,Survival proportion,24,12,3,10,5,FALSE,0.4166666666666667,0.5,1,1,1,0.5882352941176471
39,family>def>order,def+order+family,Body mass / weight,41,3,4,21,8,FALSE,0.5121951219512195,0.926829268292683,0.40384615384615385,0.40384615384615385,0.40384615384615385,0.45161290322580644
39,family>def>order,def+order+family,Development rate,13,9,3,2,19,FALSE,0.15384615384615385,0.3076923076923077,0.3333333333333333,0.3333333333333333,0.3333333333333333,0.21052631578947367
39,family>def>order,def+order+family,Development time,25,12,8,2,9;12;14;17;18,TRUE,0.08,0.52,0.11764705882352941,0.21227400050929462,0.3333333333333333,0.1162054784972468
39,family>def>order,def+order+family,Egg incubation period,9,5,1,4,14,FALSE,0.4444444444444444,0.4444444444444444,0.2857142857142857,0.2857142857142857,0.2857142857142857,0.34782608695652173
39,family>def>order,def+order+family,Egg-hatching success,13,7,3,4,10,FALSE,0.3076923076923077,0.46153846153846156,0.8,0.8,0.8,0.4444444444444444
39,family>def>order,def+order+family,Fecundity,72,28,6,23,15,FALSE,0.3194444444444444,0.6111111111111112,1,1,1,0.4842105263157894
39,family>def>order,def+order+family,Linear morphometrics,15,9,3,4,8,FALSE,0.26666666666666666,0.4,0.07692307692307693,0.07692307692307693,0.07692307692307693,0.11940298507462686
39,family>def>order,def+order+family,Longevity / lifespan,34,11,8,7,13,FALSE,0.20588235294117646,0.6764705882352942,0.6363636363636364,0.6363636363636364,0.6363636363636364,0.3111111111111111
39,family>def>order,def+order+family,Pre-oviposition interval,21,9,6,4,18,FALSE,0.19047619047619047,0.5714285714285714,0.5714285714285714,0.5714285714285714,0.5714285714285714,0.2857142857142857
39,family>def>order,def+order+family,Survival proportion,24,4,4,14,5,FALSE,0.5833333333333334,0.8333333333333334,0.9333333333333333,0.9333333333333333,0.9333333333333333,0.7179487179487181
40,family>order>def,def+order+family,Body mass / weight,41,2,4,21,10,FALSE,0.5121951219512195,0.9512195121951219,0.40384615384615385,0.40384615384615385,0.40384615384615385,0.45161290322580644
40,family>order>def,def+order+family,Development rate,13,9,3,2,21,FALSE,0.15384615384615385,0.3076923076923077,0.3333333333333333,0.3333333333333333,0.3333333333333333,0.21052631578947367
40,family>order>def,def+order+family,Development time,25,12,6,5,15,FALSE,0.2,0.52,0.1388888888888889,0.1388888888888889,0.1388888888888889,0.1639344262295082
40,family>order>def,def+order+family,Egg incubation period,9,3,1,6,15,FALSE,0.6666666666666666,0.6666666666666666,0.16666666666666666,0.16666666666666666,0.16666666666666666,0.26666666666666666
40,family>order>def,def+order+family,Egg-hatching success,13,5,4,5,9,FALSE,0.38461538461538464,0.6153846153846154,0.8333333333333334,0.8333333333333334,0.8333333333333334,0.5263157894736842
40,family>order>def,def+order+family,Fecundity,72,34,8,11,10,FALSE,0.1527777777777778,0.5277777777777778,0.21153846153846154,0.21153846153846154,0.21153846153846154,0.1774193548387097
40,family>order>def,def+order+family,Linear morphometrics,15,8,3,4,10,FALSE,0.26666666666666666,0.4666666666666667,0.07692307692307693,0.07692307692307693,0.07692307692307693,0.11940298507462686
40,family>order>def,def+order+family,Longevity / lifespan,34,9,8,9,13,FALSE,0.2647058823529412,0.7352941176470589,0.6923076923076923,0.6923076923076923,0.6923076923076923,0.3829787234042553
40,family>order>def,def+order+family,Pre-oviposition interval,21,7,7,5,15,FALSE,0.23809523809523808,0.6666666666666666,0.1388888888888889,0.1388888888888889,0.1388888888888889,0.17543859649122806
40,family>order>def,def+order+family,Survival proportion,24,5,4,13,7,FALSE,0.5416666666666666,0.7916666666666666,0.9285714285714286,0.9285714285714286,0.9285714285714286,0.6842105263157894
41,order>def>family,def+order+family,Body mass / weight,41,3,4,20,7,FALSE,0.4878048780487805,0.926829268292683,0.40816326530612246,0.40816326530612246,0.40816326530612246,0.4444444444444445
41,order>def>family,def+order+family,Development rate,13,9,3,2,14,FALSE,0.15384615384615385,0.3076923076923077,0.3333333333333333,0.3333333333333333,0.3333333333333333,0.21052631578947367
41,order>def>family,def+order+family,Development time,25,10,7,3,10;18,TRUE,0.12,0.6,0.15789473684210525,0.26644736842105265,0.375,0.16547497446373852
41,order>def>family,def+order+family,Egg incubation period,9,4,1,5,15,FALSE,0.5555555555555556,0.5555555555555556,0.29411764705882354,0.29411764705882354,0.29411764705882354,0.3846153846153846
41,order>def>family,def+order+family,Egg-hatching success,13,5,4,5,9,FALSE,0.38461538461538464,0.6153846153846154,0.8333333333333334,0.8333333333333334,0.8333333333333334,0.5263157894736842
41,order>def>family,def+order+family,Fecundity,72,36,7,10,7;21,TRUE,0.1388888888888889,0.5,0.20408163265306123,0.6020408163265306,1,0.22570772762050495
41,order>def>family,def+order+family,Linear morphometrics,15,8,3,4,7,FALSE,0.26666666666666666,0.4666666666666667,0.08163265306122448,0.08163265306122448,0.08163265306122448,0.125
41,order>def>family,def+order+family,Longevity / lifespan,34,9,8,8,12,FALSE,0.23529411764705882,0.7352941176470589,0.6666666666666666,0.6666666666666666,0.6666666666666666,0.3478260869565218
41,order>def>family,def+order+family,Pre-oviposition interval,21,10,6,4,15,FALSE,0.19047619047619047,0.5238095238095238,0.23529411764705882,0.23529411764705882,0.23529411764705882,0.21052631578947367
41,order>def>family,def+order+family,Survival proportion,24,5,4,13,6,FALSE,0.5416666666666666,0.7916666666666666,0.9285714285714286,0.9285714285714286,0.9285714285714286,0.6842105263157894
42,order>family>def,def+order+family,Body mass / weight,41,2,4,21,13,FALSE,0.5121951219512195,0.9512195121951219,0.40384615384615385,0.40384615384615385,0.40384615384615385,0.45161290322580644
42,order>family>def,def+order+family,Development rate,13,8,4,2,16,FALSE,0.15384615384615385,0.38461538461538464,0.3333333333333333,0.3333333333333333,0.3333333333333333,0.21052631578947367
42,order>family>def,def+order+family,Development time,25,14,7,4,5,FALSE,0.16,0.44,0.23529411764705882,0.23529411764705882,0.23529411764705882,0.19047619047619052
42,order>family>def,def+order+family,Egg incubation period,9,6,1,3,23,FALSE,0.3333333333333333,0.3333333333333333,0.25,0.25,0.25,0.28571428571428575
42,order>family>def,def+order+family,Egg-hatching success,13,4,3,7,8,FALSE,0.5384615384615384,0.6923076923076923,0.875,0.875,0.875,0.6666666666666667
42,order>family>def,def+order+family,Fecundity,72,29,8,11,13,FALSE,0.1527777777777778,0.5972222222222222,0.21153846153846154,0.21153846153846154,0.21153846153846154,0.1774193548387097
42,order>family>def,def+order+family,Linear morphometrics,15,9,2,4,13,FALSE,0.26666666666666666,0.4,0.07692307692307693,0.07692307692307693,0.07692307692307693,0.11940298507462686
42,order>family>def,def+order+family,Longevity / lifespan,34,8,9,9,15,FALSE,0.2647058823529412,0.7647058823529411,0.75,0.75,0.75,0.39130434782608703
42,order>family>def,def+order+family,Pre-oviposition interval,21,10,7,3,20;23,TRUE,0.14285714285714285,0.5238095238095238,0.25,0.375,0.5,0.20689655172413796
42,order>family>def,def+order+family,Survival proportion,24,5,5,13,10,FALSE,0.5416666666666666,0.7916666666666666,0.9285714285714286,0.9285714285714286,0.9285714285714286,0.6842105263157894
43,def>order>phylum,def+order+phylum,Body mass / weight,41,13,4,9,2,FALSE,0.21951219512195122,0.6829268292682927,1,1,1,0.36
43,def>order>phylum,def+order+phylum,Development rate,13,9,1,4,7,FALSE,0.3076923076923077,0.3076923076923077,0.5,0.5,0.5,0.380952380952381
43,def>order>phylum,def+order+phylum,Development time,25,20,3,2,13;17,TRUE,0.08,0.2,0.2222222222222222,0.2777777777777778,0.3333333333333333,0.12422360248447205
43,def>order>phylum,def+order+phylum,Egg incubation period,9,4,1,5,15,FALSE,0.5555555555555556,0.5555555555555556,0.19230769230769232,0.19230769230769232,0.19230769230769232,0.28571428571428575
43,def>order>phylum,def+order+phylum,Egg-hatching success,13,10,2,2,4,FALSE,0.15384615384615385,0.23076923076923078,0.18181818181818182,0.18181818181818182,0.18181818181818182,0.16666666666666669
43,def>order>phylum,def+order+phylum,Fecundity,72,34,7,18,9,FALSE,0.25,0.5277777777777778,1,1,1,0.4
43,def>order>phylum,def+order+phylum,Linear morphometrics,15,15,0,0,NA,FALSE,0,0,NA,NA,NA,0
43,def>order>phylum,def+order+phylum,Longevity / lifespan,34,18,7,9,16,FALSE,0.2647058823529412,0.47058823529411764,0.8181818181818182,0.8181818181818182,0.8181818181818182,0.39999999999999997
43,def>order>phylum,def+order+phylum,Pre-oviposition interval,21,11,5,4,13,FALSE,0.19047619047619047,0.47619047619047616,0.4444444444444444,0.4444444444444444,0.4444444444444444,0.26666666666666666
43,def>order>phylum,def+order+phylum,Survival proportion,24,8,4,10,6,FALSE,0.4166666666666667,0.6666666666666666,1,1,1,0.5882352941176471
44,def>phylum>order,def+order+phylum,Body mass / weight,41,13,4,9,2,FALSE,0.21951219512195122,0.6829268292682927,1,1,1,0.36
44,def>phylum>order,def+order+phylum,Development rate,13,9,1,4,8,FALSE,0.3076923076923077,0.3076923076923077,0.5,0.5,0.5,0.380952380952381
44,def>phylum>order,def+order+phylum,Development time,25,17,3,5,11,FALSE,0.2,0.32,0.10416666666666667,0.10416666666666667,0.10416666666666667,0.136986301369863
44,def>phylum>order,def+order+phylum,Egg incubation period,9,2,1,7,11,FALSE,0.7777777777777778,0.7777777777777778,0.14583333333333334,0.14583333333333334,0.14583333333333334,0.24561403508771928
44,def>phylum>order,def+order+phylum,Egg-hatching success,13,6,3,4,3,FALSE,0.3076923076923077,0.5384615384615384,0.8,0.8,0.8,0.4444444444444444
44,def>phylum>order,def+order+phylum,Fecundity,72,34,8,15,13,FALSE,0.20833333333333334,0.5277777777777778,1,1,1,0.3448275862068966
44,def>phylum>order,def+order+phylum,Linear morphometrics,15,15,0,0,NA,FALSE,0,0,NA,NA,NA,0
44,def>phylum>order,def+order+phylum,Longevity / lifespan,34,19,6,9,11,FALSE,0.2647058823529412,0.4411764705882353,0.1875,0.1875,0.1875,0.21951219512195125
44,def>phylum>order,def+order+phylum,Pre-oviposition interval,21,9,5,5,11,FALSE,0.23809523809523808,0.5714285714285714,0.10416666666666667,0.10416666666666667,0.10416666666666667,0.14492753623188404
44,def>phylum>order,def+order+phylum,Survival proportion,24,9,3,10,6,FALSE,0.4166666666666667,0.625,1,1,1,0.5882352941176471
45,order>def>phylum,def+order+phylum,Body mass / weight,41,4,3,19,5,FALSE,0.4634146341463415,0.9024390243902439,0.3958333333333333,0.3958333333333333,0.3958333333333333,0.42696629213483145
45,order>def>phylum,def+order+phylum,Development rate,13,10,2,2,14,FALSE,0.15384615384615385,0.23076923076923078,0.3333333333333333,0.3333333333333333,0.3333333333333333,0.21052631578947367
45,order>def>phylum,def+order+phylum,Development time,25,13,5,3,7;16;17,TRUE,0.12,0.48,0.10344827586206896,0.2884510125889436,0.42857142857142855,0.16948970840480274
45,order>def>phylum,def+order+phylum,Egg incubation period,9,3,1,6,10,FALSE,0.6666666666666666,0.6666666666666666,0.375,0.375,0.375,0.4800000000000001
45,order>def>phylum,def+order+phylum,Egg-hatching success,13,10,3,1,3;9;18,TRUE,0.07692307692307693,0.23076923076923078,0.07142857142857142,0.0988095238095238,0.125,0.08650338718082336
45,order>def>phylum,def+order+phylum,Fecundity,72,39,6,11,5,FALSE,0.1527777777777778,0.4583333333333333,0.22916666666666666,0.22916666666666666,0.22916666666666666,0.18333333333333335
45,order>def>phylum,def+order+phylum,Linear morphometrics,15,11,1,4,5,FALSE,0.26666666666666666,0.26666666666666666,0.08333333333333333,0.08333333333333333,0.08333333333333333,0.12698412698412698
45,order>def>phylum,def+order+phylum,Longevity / lifespan,34,12,7,9,7,FALSE,0.2647058823529412,0.6470588235294118,0.3103448275862069,0.3103448275862069,0.3103448275862069,0.28571428571428575
45,order>def>phylum,def+order+phylum,Pre-oviposition interval,21,9,6,5,13,FALSE,0.23809523809523808,0.5714285714285714,1,1,1,0.3846153846153846
45,order>def>phylum,def+order+phylum,Survival proportion,24,7,3,13,3,FALSE,0.5416666666666666,0.7083333333333334,0.9285714285714286,0.9285714285714286,0.9285714285714286,0.6842105263157894
46,order>phylum>def,def+order+phylum,Body mass / weight,41,4,3,19,19,FALSE,0.4634146341463415,0.9024390243902439,0.475,0.475,0.475,0.4691358024691358
46,order>phylum>def,def+order+phylum,Development rate,13,9,2,3,13,FALSE,0.23076923076923078,0.3076923076923077,0.42857142857142855,0.42857142857142855,0.42857142857142855,0.3
46,order>phylum>def,def+order+phylum,Development time,25,19,4,2,20;21,TRUE,0.08,0.24,0.3333333333333333,0.3333333333333333,0.3333333333333333,0.12903225806451613
46,order>phylum>def,def+order+phylum,Egg incubation period,9,6,1,3,24,FALSE,0.3333333333333333,0.3333333333333333,0.3,0.3,0.3,0.3157894736842105
46,order>phylum>def,def+order+phylum,Egg-hatching success,13,5,4,5,8,FALSE,0.38461538461538464,0.6153846153846154,0.8333333333333334,0.8333333333333334,0.8333333333333334,0.5263157894736842
46,order>phylum>def,def+order+phylum,Fecundity,72,36,8,9,19,FALSE,0.125,0.5,0.225,0.225,0.225,0.16071428571428573
46,order>phylum>def,def+order+phylum,Linear morphometrics,15,7,2,7,3,FALSE,0.4666666666666667,0.5333333333333333,1,1,1,0.6363636363636364
46,order>phylum>def,def+order+phylum,Longevity / lifespan,34,15,9,5,14;26,TRUE,0.14705882352941177,0.5588235294117647,0.625,0.8125,1,0.24904214559386972
46,order>phylum>def,def+order+phylum,Pre-oviposition interval,21,11,6,4,18,FALSE,0.19047619047619047,0.47619047619047616,0.8,0.8,0.8,0.3076923076923077
46,order>phylum>def,def+order+phylum,Survival proportion,24,12,2,10,10,FALSE,0.4166666666666667,0.5,0.9090909090909091,0.9090909090909091,0.9090909090909091,0.5714285714285715
47,phylum>def>order,def+order+phylum,Body mass / weight,41,7,4,16,15,FALSE,0.3902439024390244,0.8292682926829268,0.45714285714285713,0.45714285714285713,0.45714285714285713,0.42105263157894735
47,phylum>def>order,def+order+phylum,Development rate,13,9,2,3,13,FALSE,0.23076923076923078,0.3076923076923077,0.42857142857142855,0.42857142857142855,0.42857142857142855,0.3
47,phylum>def>order,def+order+phylum,Development time,25,17,5,3,17,FALSE,0.12,0.32,0.10344827586206896,0.10344827586206896,0.10344827586206896,0.11111111111111112
47,phylum>def>order,def+order+phylum,Egg incubation period,9,7,1,2,21,FALSE,0.2222222222222222,0.2222222222222222,0.2222222222222222,0.2222222222222222,0.2222222222222222,0.2222222222222222
47,phylum>def>order,def+order+phylum,Egg-hatching success,13,7,3,4,6,FALSE,0.3076923076923077,0.46153846153846156,0.2,0.2,0.2,0.24242424242424246
47,phylum>def>order,def+order+phylum,Fecundity,72,33,6,17,12,FALSE,0.2361111111111111,0.5416666666666666,1,1,1,0.38202247191011235
47,phylum>def>order,def+order+phylum,Linear morphometrics,15,3,2,8,3,FALSE,0.5333333333333333,0.8,1,1,1,0.6956521739130436
47,phylum>def>order,def+order+phylum,Longevity / lifespan,34,13,8,9,17,FALSE,0.2647058823529412,0.6176470588235294,0.3103448275862069,0.3103448275862069,0.3103448275862069,0.28571428571428575
47,phylum>def>order,def+order+phylum,Pre-oviposition interval,21,11,6,4,14,FALSE,0.19047619047619047,0.47619047619047616,0.6666666666666666,0.6666666666666666,0.6666666666666666,0.2962962962962963
47,phylum>def>order,def+order+phylum,Survival proportion,24,6,2,14,6,FALSE,0.5833333333333334,0.75,0.7,0.7,0.7,0.6363636363636365
48,phylum>order>def,def+order+phylum,Body mass / weight,41,7,3,20,10,FALSE,0.4878048780487805,0.8292682926829268,0.4166666666666667,0.4166666666666667,0.4166666666666667,0.44943820224719094
48,phylum>order>def,def+order+phylum,Development rate,13,9,2,3,14,FALSE,0.23076923076923078,0.3076923076923077,0.42857142857142855,0.42857142857142855,0.42857142857142855,0.3
48,phylum>order>def,def+order+phylum,Development time,25,16,5,3,19,FALSE,0.12,0.36,0.42857142857142855,0.42857142857142855,0.42857142857142855,0.1875
48,phylum>order>def,def+order+phylum,Egg incubation period,9,5,1,4,17,FALSE,0.4444444444444444,0.4444444444444444,0.4,0.4,0.4,0.4210526315789474
48,phylum>order>def,def+order+phylum,Egg-hatching success,13,6,4,4,6,FALSE,0.3076923076923077,0.5384615384615384,0.8,0.8,0.8,0.4444444444444444
48,phylum>order>def,def+order+phylum,Fecundity,72,34,7,11,10,FALSE,0.1527777777777778,0.5277777777777778,0.22916666666666666,0.22916666666666666,0.22916666666666666,0.18333333333333335
48,phylum>order>def,def+order+phylum,Linear morphometrics,15,12,1,3,10,FALSE,0.2,0.2,0.0625,0.0625,0.0625,0.09523809523809523
48,phylum>order>def,def+order+phylum,Longevity / lifespan,34,15,8,6,21,FALSE,0.17647058823529413,0.5588235294117647,0.8571428571428571,0.8571428571428571,0.8571428571428571,0.29268292682926833
48,phylum>order>def,def+order+phylum,Pre-oviposition interval,21,15,5,2,17,FALSE,0.09523809523809523,0.2857142857142857,0.2,0.2,0.2,0.12903225806451613
48,phylum>order>def,def+order+phylum,Survival proportion,24,7,2,14,4,FALSE,0.5833333333333334,0.7083333333333334,0.9333333333333333,0.9333333333333333,0.9333333333333333,0.7179487179487181
49,def>order>stage,def+order+stage,Body mass / weight,41,13,4,12,3,FALSE,0.2926829268292683,0.6829268292682927,1,1,1,0.45283018867924524
49,def>order>stage,def+order+stage,Development rate,13,8,2,4,11,FALSE,0.3076923076923077,0.38461538461538464,0.5,0.5,0.5,0.380952380952381
49,def>order>stage,def+order+stage,Development time,25,18,5,2,20;21,TRUE,0.08,0.28,0.09090909090909091,0.2121212121212121,0.3333333333333333,0.11618257261410787
49,def>order>stage,def+order+stage,Egg incubation period,9,5,1,4,20,FALSE,0.4444444444444444,0.4444444444444444,0.6666666666666666,0.6666666666666666,0.6666666666666666,0.5333333333333333
49,def>order>stage,def+order+stage,Egg-hatching success,13,10,2,2,4,FALSE,0.15384615384615385,0.23076923076923078,0.2,0.2,0.2,0.17391304347826086
49,def>order>stage,def+order+stage,Fecundity,72,34,6,15,10,FALSE,0.20833333333333334,0.5277777777777778,1,1,1,0.3448275862068966
49,def>order>stage,def+order+stage,Linear morphometrics,15,9,1,6,2,FALSE,0.4,0.4,1,1,1,0.5714285714285715
49,def>order>stage,def+order+stage,Longevity / lifespan,34,14,5,7,15,FALSE,0.20588235294117646,0.5882352941176471,0.7777777777777778,0.7777777777777778,0.7777777777777778,0.3255813953488372
49,def>order>stage,def+order+stage,Pre-oviposition interval,21,10,6,4,18,FALSE,0.19047619047619047,0.5238095238095238,0.5714285714285714,0.5714285714285714,0.5714285714285714,0.2857142857142857
49,def>order>stage,def+order+stage,Survival proportion,24,14,3,6,6,FALSE,0.25,0.4166666666666667,1,1,1,0.4
50,def>stage>order,def+order+stage,Body mass / weight,41,6,3,19,6,FALSE,0.4634146341463415,0.8536585365853658,0.3958333333333333,0.3958333333333333,0.3958333333333333,0.42696629213483145
50,def>stage>order,def+order+stage,Development rate,13,9,2,3,14,FALSE,0.23076923076923078,0.3076923076923077,0.42857142857142855,0.42857142857142855,0.42857142857142855,0.3
50,def>stage>order,def+order+stage,Development time,25,20,3,2,12;18,TRUE,0.08,0.2,0.09090909090909091,0.14545454545454545,0.2,0.10322580645161289
50,def>stage>order,def+order+stage,Egg incubation period,9,1,1,8,12,FALSE,0.8888888888888888,0.8888888888888888,0.8,0.8,0.8,0.8421052631578948
50,def>stage>order,def+order+stage,Egg-hatching success,13,10,2,2,8,FALSE,0.15384615384615385,0.23076923076923078,0.2222222222222222,0.2222222222222222,0.2222222222222222,0.18181818181818185
50,def>stage>order,def+order+stage,Fecundity,72,29,6,16,9,FALSE,0.2222222222222222,0.5972222222222222,1,1,1,0.3636363636363636
50,def>stage>order,def+order+stage,Linear morphometrics,15,11,1,4,6,FALSE,0.26666666666666666,0.26666666666666666,0.08333333333333333,0.08333333333333333,0.08333333333333333,0.12698412698412698
50,def>stage>order,def+order+stage,Longevity / lifespan,34,16,6,5,3;18,TRUE,0.14705882352941177,0.5294117647058824,0.22727272727272727,0.6136363636363636,1,0.23725834797891035
50,def>stage>order,def+order+stage,Pre-oviposition interval,21,9,5,4,16;19,TRUE,0.19047619047619047,0.5714285714285714,0.4444444444444444,0.5555555555555556,0.6666666666666666,0.2836879432624113
50,def>stage>order,def+order+stage,Survival proportion,24,11,3,10,7,FALSE,0.4166666666666667,0.5416666666666666,1,1,1,0.5882352941176471
51,order>def>stage,def+order+stage,Body mass / weight,41,7,3,21,5,FALSE,0.5121951219512195,0.8292682926829268,0.42,0.42,0.42,0.46153846153846156
51,order>def>stage,def+order+stage,Development rate,13,10,2,2,14,FALSE,0.15384615384615385,0.23076923076923078,0.3333333333333333,0.3333333333333333,0.3333333333333333,0.21052631578947367
51,order>def>stage,def+order+stage,Development time,25,17,4,3,15,FALSE,0.12,0.32,0.5,0.5,0.5,0.1935483870967742
51,order>def>stage,def+order+stage,Egg incubation period,9,3,1,6,10,FALSE,0.6666666666666666,0.6666666666666666,0.6666666666666666,0.6666666666666666,0.6666666666666666,0.6666666666666666
51,order>def>stage,def+order+stage,Egg-hatching success,13,5,4,5,3,FALSE,0.38461538461538464,0.6153846153846154,0.8333333333333334,0.8333333333333334,0.8333333333333334,0.5263157894736842
51,order>def>stage,def+order+stage,Fecundity,72,39,6,11,5,FALSE,0.1527777777777778,0.4583333333333333,0.22,0.22,0.22,0.18032786885245902
51,order>def>stage,def+order+stage,Linear morphometrics,15,11,1,4,5,FALSE,0.26666666666666666,0.26666666666666666,0.08,0.08,0.08,0.12307692307692307
51,order>def>stage,def+order+stage,Longevity / lifespan,34,21,6,5,13,FALSE,0.14705882352941177,0.38235294117647056,1,1,1,0.25641025641025644
51,order>def>stage,def+order+stage,Pre-oviposition interval,21,14,5,3,12,FALSE,0.14285714285714285,0.3333333333333333,0.5,0.5,0.5,0.22222222222222224
51,order>def>stage,def+order+stage,Survival proportion,24,13,3,8,6,FALSE,0.3333333333333333,0.4583333333333333,0.8888888888888888,0.8888888888888888,0.8888888888888888,0.48484848484848486
52,order>stage>def,def+order+stage,Body mass / weight,41,4,4,13,10,FALSE,0.3170731707317073,0.9024390243902439,0.34210526315789475,0.34210526315789475,0.34210526315789475,0.32911392405063294
52,order>stage>def,def+order+stage,Development rate,13,10,2,2,16,FALSE,0.15384615384615385,0.23076923076923078,0.3333333333333333,0.3333333333333333,0.3333333333333333,0.21052631578947367
52,order>stage>def,def+order+stage,Development time,25,17,5,2,15;17;20,TRUE,0.08,0.32,0.07692307692307693,0.1565934065934066,0.25,0.10589874593590339
52,order>stage>def,def+order+stage,Egg incubation period,9,3,1,6,17,FALSE,0.6666666666666666,0.6666666666666666,0.75,0.75,0.75,0.7058823529411765
52,order>stage>def,def+order+stage,Egg-hatching success,13,10,3,1,5;11;15,TRUE,0.07692307692307693,0.23076923076923078,0.038461538461538464,0.1021062271062271,0.14285714285714285,0.08774345858744835
52,order>stage>def,def+order+stage,Fecundity,72,35,6,11,10,FALSE,0.1527777777777778,0.5138888888888888,0.2894736842105263,0.2894736842105263,0.2894736842105263,0.20000000000000004
52,order>stage>def,def+order+stage,Linear morphometrics,15,13,1,2,10,FALSE,0.13333333333333333,0.13333333333333333,0.05263157894736842,0.05263157894736842,0.05263157894736842,0.07547169811320754
52,order>stage>def,def+order+stage,Longevity / lifespan,34,26,4,5,15,FALSE,0.14705882352941177,0.23529411764705882,0.19230769230769232,0.19230769230769232,0.19230769230769232,0.16666666666666669
52,order>stage>def,def+order+stage,Pre-oviposition interval,21,7,4,6,15;18,TRUE,0.2857142857142857,0.6666666666666666,0.23076923076923078,0.3881118881118881,0.5454545454545454,0.32913269088213487
52,order>stage>def,def+order+stage,Survival proportion,24,15,3,6,11,FALSE,0.25,0.375,0.8571428571428571,0.8571428571428571,0.8571428571428571,0.3870967741935483
53,stage>def>order,def+order+stage,Body mass / weight,41,6,5,11,2,FALSE,0.2682926829268293,0.8536585365853658,1,1,1,0.4230769230769231
53,stage>def>order,def+order+stage,Development rate,13,9,3,2,13,FALSE,0.15384615384615385,0.3076923076923077,0.3333333333333333,0.3333333333333333,0.3333333333333333,0.21052631578947367
53,stage>def>order,def+order+stage,Development time,25,16,4,3,15,FALSE,0.12,0.36,0.10344827586206896,0.10344827586206896,0.10344827586206896,0.11111111111111112
53,stage>def>order,def+order+stage,Egg incubation period,9,1,2,7,4,FALSE,0.7777777777777778,0.8888888888888888,0.5833333333333334,0.5833333333333334,0.5833333333333334,0.6666666666666666
53,stage>def>order,def+order+stage,Egg-hatching success,13,5,3,6,9,FALSE,0.46153846153846156,0.6153846153846154,1,1,1,0.631578947368421
53,stage>def>order,def+order+stage,Fecundity,72,23,5,16,16,FALSE,0.2222222222222222,0.6805555555555556,1,1,1,0.3636363636363636
53,stage>def>order,def+order+stage,Linear morphometrics,15,14,1,1,17,FALSE,0.06666666666666667,0.06666666666666667,0.125,0.125,0.125,0.08695652173913045
53,stage>def>order,def+order+stage,Longevity / lifespan,34,16,7,6,15,FALSE,0.17647058823529413,0.5294117647058824,0.20689655172413793,0.20689655172413793,0.20689655172413793,0.19047619047619047
53,stage>def>order,def+order+stage,Pre-oviposition interval,21,7,3,7,18,FALSE,0.3333333333333333,0.6666666666666666,0.2692307692307692,0.2692307692307692,0.2692307692307692,0.2978723404255319
53,stage>def>order,def+order+stage,Survival proportion,24,11,3,7,8,FALSE,0.2916666666666667,0.5416666666666666,0.875,0.875,0.875,0.43750000000000006
54,stage>order>def,def+order+stage,Body mass / weight,41,3,3,21,8,FALSE,0.5121951219512195,0.926829268292683,0.40384615384615385,0.40384615384615385,0.40384615384615385,0.45161290322580644
54,stage>order>def,def+order+stage,Development rate,13,10,2,2,15,FALSE,0.15384615384615385,0.23076923076923078,0.3333333333333333,0.3333333333333333,0.3333333333333333,0.21052631578947367
54,stage>order>def,def+order+stage,Development time,25,17,4,3,14,FALSE,0.12,0.32,0.1,0.1,0.1,0.1090909090909091
54,stage>order>def,def+order+stage,Egg incubation period,9,5,1,4,16,FALSE,0.4444444444444444,0.4444444444444444,0.6666666666666666,0.6666666666666666,0.6666666666666666,0.5333333333333333
54,stage>order>def,def+order+stage,Egg-hatching success,13,5,4,5,9,FALSE,0.38461538461538464,0.6153846153846154,1,1,1,0.5555555555555556
54,stage>order>def,def+order+stage,Fecundity,72,25,4,21,11,FALSE,0.2916666666666667,0.6527777777777778,1,1,1,0.45161290322580644
54,stage>order>def,def+order+stage,Linear morphometrics,15,11,1,4,8,FALSE,0.26666666666666666,0.26666666666666666,0.07692307692307693,0.07692307692307693,0.07692307692307693,0.11940298507462686
54,stage>order>def,def+order+stage,Longevity / lifespan,34,20,5,6,14,FALSE,0.17647058823529413,0.4117647058823529,0.2,0.2,0.2,0.18750000000000003
54,stage>order>def,def+order+stage,Pre-oviposition interval,21,9,4,6,14,FALSE,0.2857142857142857,0.5714285714285714,0.2,0.2,0.2,0.23529411764705882
54,stage>order>def,def+order+stage,Survival proportion,24,14,3,6,12,FALSE,0.25,0.4166666666666667,0.8571428571428571,0.8571428571428571,0.8571428571428571,0.3870967741935483
55,class>def>stage,def+stage+class,Body mass / weight,41,10,5,11,10,FALSE,0.2682926829268293,0.7560975609756098,1,1,1,0.4230769230769231
55,class>def>stage,def+stage+class,Development rate,13,9,1,4,14,FALSE,0.3076923076923077,0.3076923076923077,0.5,0.5,0.5,0.380952380952381
55,class>def>stage,def+stage+class,Development time,25,22,2,2,18,FALSE,0.08,0.12,0.2857142857142857,0.2857142857142857,0.2857142857142857,0.125
55,class>def>stage,def+stage+class,Egg incubation period,9,4,1,5,18,FALSE,0.5555555555555556,0.5555555555555556,0.7142857142857143,0.7142857142857143,0.7142857142857143,0.6250000000000001
55,class>def>stage,def+stage+class,Egg-hatching success,13,8,2,4,12,FALSE,0.3076923076923077,0.38461538461538464,0.8,0.8,0.8,0.4444444444444444
55,class>def>stage,def+stage+class,Fecundity,72,47,7,11,19,FALSE,0.1527777777777778,0.3472222222222222,1,1,1,0.26506024096385544
55,class>def>stage,def+stage+class,Linear morphometrics,15,8,1,7,9,FALSE,0.4666666666666667,0.4666666666666667,1,1,1,0.6363636363636364
55,class>def>stage,def+stage+class,Longevity / lifespan,34,23,5,5,4,FALSE,0.14705882352941177,0.3235294117647059,1,1,1,0.25641025641025644
55,class>def>stage,def+stage+class,Pre-oviposition interval,21,9,5,4,20;22,TRUE,0.19047619047619047,0.5714285714285714,0.5714285714285714,0.6190476190476191,0.6666666666666666,0.2913165266106443
55,class>def>stage,def+stage+class,Survival proportion,24,6,3,12,5,FALSE,0.5,0.75,0.9230769230769231,0.9230769230769231,0.9230769230769231,0.6486486486486487
56,class>stage>def,def+stage+class,Body mass / weight,41,5,4,13,7,FALSE,0.3170731707317073,0.8780487804878049,0.35135135135135137,0.35135135135135137,0.35135135135135137,0.33333333333333337
56,class>stage>def,def+stage+class,Development rate,13,8,2,4,11,FALSE,0.3076923076923077,0.38461538461538464,0.5,0.5,0.5,0.380952380952381
56,class>stage>def,def+stage+class,Development time,25,16,4,4,14,FALSE,0.16,0.36,0.16666666666666666,0.16666666666666666,0.16666666666666666,0.16326530612244897
56,class>stage>def,def+stage+class,Egg incubation period,9,3,1,6,16,FALSE,0.6666666666666666,0.6666666666666666,0.75,0.75,0.75,0.7058823529411765
56,class>stage>def,def+stage+class,Egg-hatching success,13,4,3,5,9,FALSE,0.38461538461538464,0.6923076923076923,1,1,1,0.5555555555555556
56,class>stage>def,def+stage+class,Fecundity,72,28,4,31,10,FALSE,0.4305555555555556,0.6111111111111112,0.96875,0.96875,0.96875,0.5961538461538461
56,class>stage>def,def+stage+class,Linear morphometrics,15,7,2,7,2,FALSE,0.4666666666666667,0.5333333333333333,1,1,1,0.6363636363636364
56,class>stage>def,def+stage+class,Longevity / lifespan,34,21,5,6,14,FALSE,0.17647058823529413,0.38235294117647056,0.25,0.25,0.25,0.20689655172413793
56,class>stage>def,def+stage+class,Pre-oviposition interval,21,9,4,5,19,FALSE,0.23809523809523808,0.5714285714285714,0.38461538461538464,0.38461538461538464,0.38461538461538464,0.2941176470588235
56,class>stage>def,def+stage+class,Survival proportion,24,7,3,9,13,FALSE,0.375,0.7083333333333334,1,1,1,0.5454545454545454
57,def>class>stage,def+stage+class,Body mass / weight,41,13,4,10,7,FALSE,0.24390243902439024,0.6829268292682927,1,1,1,0.39215686274509803
57,def>class>stage,def+stage+class,Development rate,13,8,2,4,8,FALSE,0.3076923076923077,0.38461538461538464,0.5,0.5,0.5,0.380952380952381
57,def>class>stage,def+stage+class,Development time,25,17,3,5,17,FALSE,0.2,0.32,0.625,0.625,0.625,0.30303030303030304
57,def>class>stage,def+stage+class,Egg incubation period,9,4,1,5,14,FALSE,0.5555555555555556,0.5555555555555556,0.7142857142857143,0.7142857142857143,0.7142857142857143,0.6250000000000001
57,def>class>stage,def+stage+class,Egg-hatching success,13,10,2,2,6,FALSE,0.15384615384615385,0.23076923076923078,0.16666666666666666,0.16666666666666666,0.16666666666666666,0.16
57,def>class>stage,def+stage+class,Fecundity,72,39,5,17,10,FALSE,0.2361111111111111,0.4583333333333333,0.6071428571428571,0.6071428571428571,0.6071428571428571,0.34
57,def>class>stage,def+stage+class,Linear morphometrics,15,15,0,0,NA,FALSE,0,0,NA,NA,NA,0
57,def>class>stage,def+stage+class,Longevity / lifespan,34,20,5,5,2;16,TRUE,0.14705882352941177,0.4117647058823529,0.5555555555555556,0.7777777777777778,1,0.24734982332155478
57,def>class>stage,def+stage+class,Pre-oviposition interval,21,10,4,4,12;13,TRUE,0.19047619047619047,0.5238095238095238,0.5,0.5833333333333333,0.6666666666666666,0.28717948717948716
57,def>class>stage,def+stage+class,Survival proportion,24,7,4,10,5,FALSE,0.4166666666666667,0.7083333333333334,1,1,1,0.5882352941176471
58,def>stage>class,def+stage+class,Body mass / weight,41,15,4,10,4,FALSE,0.24390243902439024,0.6341463414634146,1,1,1,0.39215686274509803
58,def>stage>class,def+stage+class,Development rate,13,9,1,4,8,FALSE,0.3076923076923077,0.3076923076923077,0.5,0.5,0.5,0.380952380952381
58,def>stage>class,def+stage+class,Development time,25,21,3,2,9,FALSE,0.08,0.16,0.2222222222222222,0.2222222222222222,0.2222222222222222,0.11764705882352941
58,def>stage>class,def+stage+class,Egg incubation period,9,2,1,7,9,FALSE,0.7777777777777778,0.7777777777777778,0.7777777777777778,0.7777777777777778,0.7777777777777778,0.7777777777777778
58,def>stage>class,def+stage+class,Egg-hatching success,13,11,1,2,7,FALSE,0.15384615384615385,0.15384615384615385,0.18181818181818182,0.18181818181818182,0.18181818181818182,0.16666666666666669
58,def>stage>class,def+stage+class,Fecundity,72,42,6,10,19,FALSE,0.1388888888888889,0.4166666666666667,1,1,1,0.24390243902439027
58,def>stage>class,def+stage+class,Linear morphometrics,15,15,0,0,NA,FALSE,0,0,NA,NA,NA,0
58,def>stage>class,def+stage+class,Longevity / lifespan,34,20,6,5,2;11,TRUE,0.14705882352941177,0.4117647058823529,0.8333333333333334,0.9166666666666667,1,0.2534562211981567
58,def>stage>class,def+stage+class,Pre-oviposition interval,21,9,6,4,12;15,TRUE,0.19047619047619047,0.5714285714285714,0.5714285714285714,0.5714285714285714,0.5714285714285714,0.2857142857142857
58,def>stage>class,def+stage+class,Survival proportion,24,9,3,10,6,FALSE,0.4166666666666667,0.625,1,1,1,0.5882352941176471
59,stage>class>def,def+stage+class,Body mass / weight,41,5,5,11,3,FALSE,0.2682926829268293,0.8780487804878049,1,1,1,0.4230769230769231
59,stage>class>def,def+stage+class,Development rate,13,8,2,4,15,FALSE,0.3076923076923077,0.38461538461538464,0.5,0.5,0.5,0.380952380952381
59,stage>class>def,def+stage+class,Development time,25,18,3,3,19,FALSE,0.12,0.28,0.5,0.5,0.5,0.1935483870967742
59,stage>class>def,def+stage+class,Egg incubation period,9,1,1,8,16,FALSE,0.8888888888888888,0.8888888888888888,0.8,0.8,0.8,0.8421052631578948
59,stage>class>def,def+stage+class,Egg-hatching success,13,5,3,5,9,FALSE,0.38461538461538464,0.6153846153846154,1,1,1,0.5555555555555556
59,stage>class>def,def+stage+class,Fecundity,72,20,4,41,6,FALSE,0.5694444444444444,0.7222222222222222,0.9761904761904762,0.9761904761904762,0.9761904761904762,0.7192982456140351
59,stage>class>def,def+stage+class,Linear morphometrics,15,9,1,6,2,FALSE,0.4,0.4,1,1,1,0.5714285714285715
59,stage>class>def,def+stage+class,Longevity / lifespan,34,25,4,5,5,FALSE,0.14705882352941177,0.2647058823529412,1,1,1,0.25641025641025644
59,stage>class>def,def+stage+class,Pre-oviposition interval,21,8,5,5,18,FALSE,0.23809523809523808,0.6190476190476191,0.5,0.5,0.5,0.3225806451612903
59,stage>class>def,def+stage+class,Survival proportion,24,12,2,7,8,FALSE,0.2916666666666667,0.5,0.5384615384615384,0.5384615384615384,0.5384615384615384,0.3783783783783784
60,stage>def>class,def+stage+class,Body mass / weight,41,5,5,11,8,FALSE,0.2682926829268293,0.8780487804878049,1,1,1,0.4230769230769231
60,stage>def>class,def+stage+class,Development rate,13,8,2,4,13,FALSE,0.3076923076923077,0.38461538461538464,0.5,0.5,0.5,0.380952380952381
60,stage>def>class,def+stage+class,Development time,25,11,5,7,14,FALSE,0.28,0.56,0.7,0.7,0.7,0.4
60,stage>def>class,def+stage+class,Egg incubation period,9,2,1,7,5,FALSE,0.7777777777777778,0.7777777777777778,0.3888888888888889,0.3888888888888889,0.3888888888888889,0.5185185185185185
60,stage>def>class,def+stage+class,Egg-hatching success,13,2,3,8,5,FALSE,0.6153846153846154,0.8461538461538461,0.4444444444444444,0.4444444444444444,0.4444444444444444,0.5161290322580646
60,stage>def>class,def+stage+class,Fecundity,72,11,4,54,4,FALSE,0.75,0.8472222222222222,0.6923076923076923,0.6923076923076923,0.6923076923076923,0.7199999999999999
60,stage>def>class,def+stage+class,Linear morphometrics,15,9,1,6,9,FALSE,0.4,0.4,1,1,1,0.5714285714285715
60,stage>def>class,def+stage+class,Longevity / lifespan,34,20,6,6,18,FALSE,0.17647058823529413,0.4117647058823529,0.2857142857142857,0.2857142857142857,0.2857142857142857,0.21818181818181817
60,stage>def>class,def+stage+class,Pre-oviposition interval,21,9,5,4,17,FALSE,0.19047619047619047,0.5714285714285714,0.6666666666666666,0.6666666666666666,0.6666666666666666,0.2962962962962963
60,stage>def>class,def+stage+class,Survival proportion,24,12,2,7,7,FALSE,0.2916666666666667,0.5,0.5384615384615384,0.5384615384615384,0.5384615384615384,0.3783783783783784
61,def>phylum>stage,def+stage+phylum,Body mass / weight,41,19,3,10,4,FALSE,0.24390243902439024,0.5365853658536586,1,1,1,0.39215686274509803
61,def>phylum>stage,def+stage+phylum,Development rate,13,9,1,4,9,FALSE,0.3076923076923077,0.3076923076923077,0.5,0.5,0.5,0.380952380952381
61,def>phylum>stage,def+stage+phylum,Development time,25,20,4,2,15,FALSE,0.08,0.2,0.4,0.4,0.4,0.13333333333333333
61,def>phylum>stage,def+stage+phylum,Egg incubation period,9,6,1,3,15,FALSE,0.3333333333333333,0.3333333333333333,0.6,0.6,0.6,0.42857142857142855
61,def>phylum>stage,def+stage+phylum,Egg-hatching success,13,11,1,2,5,FALSE,0.15384615384615385,0.15384615384615385,0.16666666666666666,0.16666666666666666,0.16666666666666666,0.16
61,def>phylum>stage,def+stage+phylum,Fecundity,72,36,5,13,12,FALSE,0.18055555555555555,0.5,1,1,1,0.30588235294117644
61,def>phylum>stage,def+stage+phylum,Linear morphometrics,15,15,0,0,NA,FALSE,0,0,NA,NA,NA,0
61,def>phylum>stage,def+stage+phylum,Longevity / lifespan,34,17,5,5,1;7;17,TRUE,0.14705882352941177,0.5,0.25,0.75,1,0.2459016393442623
61,def>phylum>stage,def+stage+phylum,Pre-oviposition interval,21,13,3,4,16,FALSE,0.19047619047619047,0.38095238095238093,0.6666666666666666,0.6666666666666666,0.6666666666666666,0.2962962962962963
61,def>phylum>stage,def+stage+phylum,Survival proportion,24,8,3,10,3,FALSE,0.4166666666666667,0.6666666666666666,1,1,1,0.5882352941176471
62,def>stage>phylum,def+stage+phylum,Body mass / weight,41,15,4,10,5,FALSE,0.24390243902439024,0.6341463414634146,1,1,1,0.39215686274509803
62,def>stage>phylum,def+stage+phylum,Development rate,13,9,1,4,11,FALSE,0.3076923076923077,0.3076923076923077,0.5,0.5,0.5,0.380952380952381
62,def>stage>phylum,def+stage+phylum,Development time,25,24,1,1,7,FALSE,0.04,0.04,0.1,0.1,0.1,0.05714285714285714
62,def>stage>phylum,def+stage+phylum,Egg incubation period,9,9,0,0,NA,FALSE,0,0,NA,NA,NA,0
62,def>stage>phylum,def+stage+phylum,Egg-hatching success,13,11,1,2,10,FALSE,0.15384615384615385,0.15384615384615385,0.16666666666666666,0.16666666666666666,0.16666666666666666,0.16
62,def>stage>phylum,def+stage+phylum,Fecundity,72,22,5,42,8,FALSE,0.5833333333333334,0.6944444444444444,0.8235294117647058,0.8235294117647058,0.8235294117647058,0.6829268292682927
62,def>stage>phylum,def+stage+phylum,Linear morphometrics,15,15,0,0,NA,FALSE,0,0,NA,NA,NA,0
62,def>stage>phylum,def+stage+phylum,Longevity / lifespan,34,24,4,5,2,FALSE,0.14705882352941177,0.29411764705882354,1,1,1,0.25641025641025644
62,def>stage>phylum,def+stage+phylum,Pre-oviposition interval,21,14,4,4,12,FALSE,0.19047619047619047,0.3333333333333333,0.5714285714285714,0.5714285714285714,0.5714285714285714,0.2857142857142857
62,def>stage>phylum,def+stage+phylum,Survival proportion,24,8,3,10,4,FALSE,0.4166666666666667,0.6666666666666666,1,1,1,0.5882352941176471
63,phylum>def>stage,def+stage+phylum,Body mass / weight,41,8,5,15,6,FALSE,0.36585365853658536,0.8048780487804879,1,1,1,0.5357142857142857
63,phylum>def>stage,def+stage+phylum,Development rate,13,8,2,4,13,FALSE,0.3076923076923077,0.38461538461538464,0.5,0.5,0.5,0.380952380952381
63,phylum>def>stage,def+stage+phylum,Development time,25,21,2,2,16;18,TRUE,0.08,0.16,0.2,0.30000000000000004,0.4,0.12631578947368421
63,phylum>def>stage,def+stage+phylum,Egg incubation period,9,9,0,0,NA,FALSE,0,0,NA,NA,NA,0
63,phylum>def>stage,def+stage+phylum,Egg-hatching success,13,10,2,2,7,FALSE,0.15384615384615385,0.23076923076923078,0.15384615384615385,0.15384615384615385,0.15384615384615385,0.15384615384615385
63,phylum>def>stage,def+stage+phylum,Fecundity,72,40,5,16,15,FALSE,0.2222222222222222,0.4444444444444444,1,1,1,0.3636363636363636
63,phylum>def>stage,def+stage+phylum,Linear morphometrics,15,10,1,5,8,FALSE,0.3333333333333333,0.3333333333333333,0.7142857142857143,0.7142857142857143,0.7142857142857143,0.4545454545454545
63,phylum>def>stage,def+stage+phylum,Longevity / lifespan,34,19,5,5,3,FALSE,0.14705882352941177,0.4411764705882353,0.8333333333333334,0.8333333333333334,0.8333333333333334,0.25
63,phylum>def>stage,def+stage+phylum,Pre-oviposition interval,21,12,4,4,17,FALSE,0.19047619047619047,0.42857142857142855,0.6666666666666666,0.6666666666666666,0.6666666666666666,0.2962962962962963
63,phylum>def>stage,def+stage+phylum,Survival proportion,24,6,2,12,2,FALSE,0.5,0.75,0.8,0.8,0.8,0.6153846153846154
64,phylum>stage>def,def+stage+phylum,Body mass / weight,41,11,5,10,7,FALSE,0.24390243902439024,0.7317073170731707,1,1,1,0.39215686274509803
64,phylum>stage>def,def+stage+phylum,Development rate,13,9,1,4,13,FALSE,0.3076923076923077,0.3076923076923077,0.5,0.5,0.5,0.380952380952381
64,phylum>stage>def,def+stage+phylum,Development time,25,23,1,2,16,FALSE,0.08,0.08,0.15384615384615385,0.15384615384615385,0.15384615384615385,0.10526315789473685
64,phylum>stage>def,def+stage+phylum,Egg incubation period,9,9,0,0,NA,FALSE,0,0,NA,NA,NA,0
64,phylum>stage>def,def+stage+phylum,Egg-hatching success,13,11,1,2,8,FALSE,0.15384615384615385,0.15384615384615385,0.13333333333333333,0.13333333333333333,0.13333333333333333,0.14285714285714288
64,phylum>stage>def,def+stage+phylum,Fecundity,72,34,5,21,15,FALSE,0.2916666666666667,0.5277777777777778,1,1,1,0.45161290322580644
64,phylum>stage>def,def+stage+phylum,Linear morphometrics,15,9,1,6,5,FALSE,0.4,0.4,1,1,1,0.5714285714285715
64,phylum>stage>def,def+stage+phylum,Longevity / lifespan,34,25,5,4,3,FALSE,0.11764705882352941,0.2647058823529412,0.6666666666666666,0.6666666666666666,0.6666666666666666,0.2
64,phylum>stage>def,def+stage+phylum,Pre-oviposition interval,21,11,5,5,17,FALSE,0.23809523809523808,0.47619047619047616,0.625,0.625,0.625,0.3448275862068965
64,phylum>stage>def,def+stage+phylum,Survival proportion,24,5,2,11,6,FALSE,0.4583333333333333,0.7916666666666666,1,1,1,0.6285714285714286
65,stage>def>phylum,def+stage+phylum,Body mass / weight,41,12,4,10,6,FALSE,0.24390243902439024,0.7073170731707317,1,1,1,0.39215686274509803
65,stage>def>phylum,def+stage+phylum,Development rate,13,7,3,4,15,FALSE,0.3076923076923077,0.46153846153846156,0.5,0.5,0.5,0.380952380952381
65,stage>def>phylum,def+stage+phylum,Development time,25,12,4,8,16,FALSE,0.32,0.52,0.5333333333333333,0.5333333333333333,0.5333333333333333,0.4
65,stage>def>phylum,def+stage+phylum,Egg incubation period,9,6,1,3,16,FALSE,0.3333333333333333,0.3333333333333333,0.2,0.2,0.2,0.25
65,stage>def>phylum,def+stage+phylum,Egg-hatching success,13,10,2,2,11,FALSE,0.15384615384615385,0.23076923076923078,0.18181818181818182,0.18181818181818182,0.18181818181818182,0.16666666666666669
65,stage>def>phylum,def+stage+phylum,Fecundity,72,26,6,21,14,FALSE,0.2916666666666667,0.6388888888888888,1,1,1,0.45161290322580644
65,stage>def>phylum,def+stage+phylum,Linear morphometrics,15,9,1,6,7,FALSE,0.4,0.4,1,1,1,0.5714285714285715
65,stage>def>phylum,def+stage+phylum,Longevity / lifespan,34,27,6,2,4,FALSE,0.058823529411764705,0.20588235294117646,0.25,0.25,0.25,0.09523809523809523
65,stage>def>phylum,def+stage+phylum,Pre-oviposition interval,21,11,5,5,17,FALSE,0.23809523809523808,0.47619047619047616,0.5555555555555556,0.5555555555555556,0.5555555555555556,0.33333333333333326
65,stage>def>phylum,def+stage+phylum,Survival proportion,24,14,2,5,5;11,TRUE,0.20833333333333334,0.4166666666666667,0.45454545454545453,0.7272727272727273,1,0.32388663967611336
66,stage>phylum>def,def+stage+phylum,Body mass / weight,41,11,6,9,7,FALSE,0.21951219512195122,0.7317073170731707,1,1,1,0.36
66,stage>phylum>def,def+stage+phylum,Development rate,13,8,2,4,13,FALSE,0.3076923076923077,0.38461538461538464,0.5,0.5,0.5,0.380952380952381
66,stage>phylum>def,def+stage+phylum,Development time,25,21,2,2,18;20,TRUE,0.08,0.16,0.08,0.20666666666666667,0.3333333333333333,0.11534883720930232
66,stage>phylum>def,def+stage+phylum,Egg incubation period,9,9,0,0,NA,FALSE,0,0,NA,NA,NA,0
66,stage>phylum>def,def+stage+phylum,Egg-hatching success,13,10,2,2,5,FALSE,0.15384615384615385,0.23076923076923078,0.13333333333333333,0.13333333333333333,0.13333333333333333,0.14285714285714288
66,stage>phylum>def,def+stage+phylum,Fecundity,72,39,5,14,14,FALSE,0.19444444444444445,0.4583333333333333,0.9333333333333333,0.9333333333333333,0.9333333333333333,0.32183908045977017
66,stage>phylum>def,def+stage+phylum,Linear morphometrics,15,9,1,6,6,FALSE,0.4,0.4,0.8571428571428571,0.8571428571428571,0.8571428571428571,0.5454545454545455
66,stage>phylum>def,def+stage+phylum,Longevity / lifespan,34,17,5,6,20,FALSE,0.17647058823529413,0.5,0.24,0.24,0.24,0.20338983050847456
66,stage>phylum>def,def+stage+phylum,Pre-oviposition interval,21,12,3,5,19,FALSE,0.23809523809523808,0.42857142857142855,0.5555555555555556,0.5555555555555556,0.5555555555555556,0.33333333333333326
66,stage>phylum>def,def+stage+phylum,Survival proportion,24,6,2,10,8,FALSE,0.4166666666666667,0.75,1,1,1,0.5882352941176471
67,class>def>unit,def+unit+class,Body mass / weight,41,2,3,20,9,FALSE,0.4878048780487805,0.9512195121951219,0.47619047619047616,0.47619047619047616,0.47619047619047616,0.4819277108433735
67,class>def>unit,def+unit+class,Development rate,13,8,2,4,18,FALSE,0.3076923076923077,0.38461538461538464,0.5,0.5,0.5,0.380952380952381
67,class>def>unit,def+unit+class,Development time,25,14,4,8,21,FALSE,0.32,0.44,0.20512820512820512,0.20512820512820512,0.20512820512820512,0.25
67,class>def>unit,def+unit+class,Egg incubation period,9,4,1,5,16,FALSE,0.5555555555555556,0.5555555555555556,0.3333333333333333,0.3333333333333333,0.3333333333333333,0.4166666666666667
67,class>def>unit,def+unit+class,Egg-hatching success,13,2,4,8,6,FALSE,0.6153846153846154,0.8461538461538461,0.8888888888888888,0.8888888888888888,0.8888888888888888,0.7272727272727274
67,class>def>unit,def+unit+class,Fecundity,72,32,6,10,9,FALSE,0.1388888888888889,0.5555555555555556,0.23809523809523808,0.23809523809523808,0.23809523809523808,0.17543859649122806
67,class>def>unit,def+unit+class,Linear morphometrics,15,5,2,9,4,FALSE,0.6,0.6666666666666666,1,1,1,0.7499999999999999
67,class>def>unit,def+unit+class,Longevity / lifespan,34,11,6,10,21,FALSE,0.29411764705882354,0.6764705882352942,0.2564102564102564,0.2564102564102564,0.2564102564102564,0.273972602739726
67,class>def>unit,def+unit+class,Pre-oviposition interval,21,9,5,4,22,FALSE,0.19047619047619047,0.5714285714285714,0.5714285714285714,0.5714285714285714,0.5714285714285714,0.2857142857142857
67,class>def>unit,def+unit+class,Survival proportion,24,6,2,15,8,FALSE,0.625,0.75,0.8823529411764706,0.8823529411764706,0.8823529411764706,0.7317073170731708
68,class>unit>def,def+unit+class,Body mass / weight,41,8,3,16,7,FALSE,0.3902439024390244,0.8048780487804879,0.7619047619047619,0.7619047619047619,0.7619047619047619,0.5161290322580646
68,class>unit>def,def+unit+class,Development rate,13,8,2,4,15,FALSE,0.3076923076923077,0.38461538461538464,0.5,0.5,0.5,0.380952380952381
68,class>unit>def,def+unit+class,Development time,25,18,5,2,18;20,TRUE,0.08,0.28,0.1,0.1,0.1,0.08888888888888889
68,class>unit>def,def+unit+class,Egg incubation period,9,2,1,7,20,FALSE,0.7777777777777778,0.7777777777777778,0.35,0.35,0.35,0.48275862068965514
68,class>unit>def,def+unit+class,Egg-hatching success,13,2,2,9,9,FALSE,0.6923076923076923,0.8461538461538461,0.6,0.6,0.6,0.6428571428571429
68,class>unit>def,def+unit+class,Fecundity,72,42,5,8,11;14,TRUE,0.1111111111111111,0.4166666666666667,0.8888888888888888,0.9444444444444444,1,0.19883040935672514
68,class>unit>def,def+unit+class,Linear morphometrics,15,6,1,9,2,FALSE,0.6,0.6,1,1,1,0.7499999999999999
68,class>unit>def,def+unit+class,Longevity / lifespan,34,19,5,5,12;18,TRUE,0.14705882352941177,0.4411764705882353,0.25,0.5416666666666667,0.8333333333333334,0.23131672597864766
68,class>unit>def,def+unit+class,Pre-oviposition interval,21,8,5,5,17,FALSE,0.23809523809523808,0.6190476190476191,0.625,0.625,0.625,0.3448275862068965
68,class>unit>def,def+unit+class,Survival proportion,24,7,3,11,10,FALSE,0.4583333333333333,0.7083333333333334,1,1,1,0.6285714285714286
69,def>class>unit,def+unit+class,Body mass / weight,41,14,4,9,14,FALSE,0.21951219512195122,0.6585365853658537,1,1,1,0.36
69,def>class>unit,def+unit+class,Development rate,13,8,2,4,9,FALSE,0.3076923076923077,0.38461538461538464,0.5,0.5,0.5,0.380952380952381
69,def>class>unit,def+unit+class,Development time,25,11,3,7,19,FALSE,0.28,0.56,0.25,0.25,0.25,0.2641509433962264
69,def>class>unit,def+unit+class,Egg incubation period,9,1,1,8,13,FALSE,0.8888888888888888,0.8888888888888888,0.1568627450980392,0.1568627450980392,0.1568627450980392,0.26666666666666666
69,def>class>unit,def+unit+class,Egg-hatching success,13,4,3,6,4,FALSE,0.46153846153846156,0.6923076923076923,0.8571428571428571,0.8571428571428571,0.8571428571428571,0.6
69,def>class>unit,def+unit+class,Fecundity,72,38,4,15,18,FALSE,0.20833333333333334,0.4722222222222222,1,1,1,0.3448275862068966
69,def>class>unit,def+unit+class,Linear morphometrics,15,5,1,10,3,FALSE,0.6666666666666666,0.6666666666666666,1,1,1,0.8
69,def>class>unit,def+unit+class,Longevity / lifespan,34,9,6,9,13,FALSE,0.2647058823529412,0.7352941176470589,0.17647058823529413,0.17647058823529413,0.17647058823529413,0.21176470588235294
69,def>class>unit,def+unit+class,Pre-oviposition interval,21,7,5,5,13;15,TRUE,0.23809523809523808,0.6666666666666666,0.09803921568627451,0.32679738562091504,0.5555555555555556,0.27548209366391185
69,def>class>unit,def+unit+class,Survival proportion,24,8,3,10,8,FALSE,0.4166666666666667,0.6666666666666666,1,1,1,0.5882352941176471
70,def>unit>class,def+unit+class,Body mass / weight,41,13,3,11,13,FALSE,0.2682926829268293,0.6829268292682927,1,1,1,0.4230769230769231
70,def>unit>class,def+unit+class,Development rate,13,8,2,4,19,FALSE,0.3076923076923077,0.38461538461538464,0.5,0.5,0.5,0.380952380952381
70,def>unit>class,def+unit+class,Development time,25,12,3,5,6;20,TRUE,0.2,0.52,0.09433962264150944,0.15586546349466776,0.21739130434782608,0.17519594283079762
70,def>unit>class,def+unit+class,Egg incubation period,9,1,1,8,6,FALSE,0.8888888888888888,0.8888888888888888,0.1509433962264151,0.1509433962264151,0.1509433962264151,0.25806451612903225
70,def>unit>class,def+unit+class,Egg-hatching success,13,4,3,6,3,FALSE,0.46153846153846156,0.6923076923076923,0.8571428571428571,0.8571428571428571,0.8571428571428571,0.6
70,def>unit>class,def+unit+class,Fecundity,72,33,6,10,14;15,TRUE,0.1388888888888889,0.5416666666666666,1,1,1,0.24390243902439027
70,def>unit>class,def+unit+class,Linear morphometrics,15,5,1,10,2,FALSE,0.6666666666666666,0.6666666666666666,1,1,1,0.8
70,def>unit>class,def+unit+class,Longevity / lifespan,34,12,5,9,6,FALSE,0.2647058823529412,0.6470588235294118,0.16981132075471697,0.16981132075471697,0.16981132075471697,0.20689655172413793
70,def>unit>class,def+unit+class,Pre-oviposition interval,21,6,5,6,6,FALSE,0.2857142857142857,0.7142857142857143,0.11320754716981132,0.11320754716981132,0.11320754716981132,0.1621621621621622
70,def>unit>class,def+unit+class,Survival proportion,24,9,2,10,9,FALSE,0.4166666666666667,0.625,1,1,1,0.5882352941176471
71,unit>class>def,def+unit+class,Body mass / weight,41,9,4,13,4,FALSE,0.3170731707317073,0.7804878048780488,1,1,1,0.48148148148148145
71,unit>class>def,def+unit+class,Development rate,13,6,3,5,14,FALSE,0.38461538461538464,0.5384615384615384,0.5555555555555556,0.5555555555555556,0.5555555555555556,0.4545454545454546
71,unit>class>def,def+unit+class,Development time,25,17,5,3,16,FALSE,0.12,0.32,0.09375,0.09375,0.09375,0.10526315789473684
71,unit>class>def,def+unit+class,Egg incubation period,9,1,1,8,15,FALSE,0.8888888888888888,0.8888888888888888,0.3333333333333333,0.3333333333333333,0.3333333333333333,0.48484848484848486
71,unit>class>def,def+unit+class,Egg-hatching success,13,2,2,9,3,FALSE,0.6923076923076923,0.8461538461538461,0.9,0.9,0.9,0.7826086956521738
71,unit>class>def,def+unit+class,Fecundity,72,32,7,9,11;18,TRUE,0.125,0.5555555555555556,0.9,0.95,1,0.22093023255813954
71,unit>class>def,def+unit+class,Linear morphometrics,15,8,1,7,2,FALSE,0.4666666666666667,0.4666666666666667,1,1,1,0.6363636363636364
71,unit>class>def,def+unit+class,Longevity / lifespan,34,14,7,8,16,FALSE,0.23529411764705882,0.5882352941176471,0.25,0.25,0.25,0.24242424242424243
71,unit>class>def,def+unit+class,Pre-oviposition interval,21,5,6,7,15,FALSE,0.3333333333333333,0.7619047619047619,0.2916666666666667,0.2916666666666667,0.2916666666666667,0.3111111111111111
71,unit>class>def,def+unit+class,Survival proportion,24,8,3,10,7,FALSE,0.4166666666666667,0.6666666666666666,1,1,1,0.5882352941176471
72,unit>def>class,def+unit+class,Body mass / weight,41,9,3,14,11,FALSE,0.34146341463414637,0.7804878048780488,1,1,1,0.5090909090909091
72,unit>def>class,def+unit+class,Development rate,13,7,2,5,19,FALSE,0.38461538461538464,0.46153846153846156,0.5555555555555556,0.5555555555555556,0.5555555555555556,0.4545454545454546
72,unit>def>class,def+unit+class,Development time,25,17,4,3,17,FALSE,0.12,0.32,0.14285714285714285,0.14285714285714285,0.14285714285714285,0.13043478260869565
72,unit>def>class,def+unit+class,Egg incubation period,9,1,1,8,16,FALSE,0.8888888888888888,0.8888888888888888,0.3333333333333333,0.3333333333333333,0.3333333333333333,0.48484848484848486
72,unit>def>class,def+unit+class,Egg-hatching success,13,2,2,9,3,FALSE,0.6923076923076923,0.8461538461538461,0.6428571428571429,0.6428571428571429,0.6428571428571429,0.6666666666666666
72,unit>def>class,def+unit+class,Fecundity,72,36,5,13,9,FALSE,0.18055555555555555,0.5,0.9285714285714286,0.9285714285714286,0.9285714285714286,0.3023255813953489
72,unit>def>class,def+unit+class,Linear morphometrics,15,1,1,14,2,FALSE,0.9333333333333333,0.9333333333333333,1,1,1,0.9655172413793104
72,unit>def>class,def+unit+class,Longevity / lifespan,34,14,9,7,17,FALSE,0.20588235294117646,0.5882352941176471,0.3333333333333333,0.3333333333333333,0.3333333333333333,0.2545454545454545
72,unit>def>class,def+unit+class,Pre-oviposition interval,21,6,6,6,16,FALSE,0.2857142857142857,0.7142857142857143,0.25,0.25,0.25,0.26666666666666666
72,unit>def>class,def+unit+class,Survival proportion,24,10,2,10,15,FALSE,0.4166666666666667,0.5833333333333334,1,1,1,0.5882352941176471
73,def>family>unit,def+unit+family,Body mass / weight,41,12,4,8,4;11,TRUE,0.1951219512195122,0.7073170731707317,1,1,1,0.326530612244898
73,def>family>unit,def+unit+family,Development rate,13,10,2,2,15,FALSE,0.15384615384615385,0.23076923076923078,0.3333333333333333,0.3333333333333333,0.3333333333333333,0.21052631578947367
73,def>family>unit,def+unit+family,Development time,25,20,3,2,13;17,TRUE,0.08,0.2,0.09523809523809523,0.15873015873015872,0.2222222222222222,0.10638297872340426
73,def>family>unit,def+unit+family,Egg incubation period,9,5,1,4,19,FALSE,0.4444444444444444,0.4444444444444444,0.2857142857142857,0.2857142857142857,0.2857142857142857,0.34782608695652173
73,def>family>unit,def+unit+family,Egg-hatching success,13,4,4,6,3,FALSE,0.46153846153846156,0.6923076923076923,0.8571428571428571,0.8571428571428571,0.8571428571428571,0.6
73,def>family>unit,def+unit+family,Fecundity,72,39,5,14,10,FALSE,0.19444444444444445,0.4583333333333333,0.6666666666666666,0.6666666666666666,0.6666666666666666,0.3010752688172043
73,def>family>unit,def+unit+family,Linear morphometrics,15,15,0,0,NA,FALSE,0,0,NA,NA,NA,0
73,def>family>unit,def+unit+family,Longevity / lifespan,34,18,4,6,16,FALSE,0.17647058823529413,0.47058823529411764,1,1,1,0.3
73,def>family>unit,def+unit+family,Pre-oviposition interval,21,8,5,5,13,FALSE,0.23809523809523808,0.6190476190476191,0.5555555555555556,0.5555555555555556,0.5555555555555556,0.33333333333333326
73,def>family>unit,def+unit+family,Survival proportion,24,12,3,9,8,FALSE,0.375,0.5,0.9,0.9,0.9,0.5294117647058825
74,def>unit>family,def+unit+family,Body mass / weight,41,4,3,21,6,FALSE,0.5121951219512195,0.9024390243902439,0.38181818181818183,0.38181818181818183,0.38181818181818183,0.43750000000000006
74,def>unit>family,def+unit+family,Development rate,13,10,2,2,16,FALSE,0.15384615384615385,0.23076923076923078,0.3333333333333333,0.3333333333333333,0.3333333333333333,0.21052631578947367
74,def>unit>family,def+unit+family,Development time,25,13,3,5,9;15,TRUE,0.2,0.48,0.10416666666666667,0.15208333333333335,0.2,0.1727810650887574
74,def>unit>family,def+unit+family,Egg incubation period,9,1,1,8,9,FALSE,0.8888888888888888,0.8888888888888888,0.16666666666666666,0.16666666666666666,0.16666666666666666,0.2807017543859649
74,def>unit>family,def+unit+family,Egg-hatching success,13,6,3,4,3,FALSE,0.3076923076923077,0.5384615384615384,0.8,0.8,0.8,0.4444444444444444
74,def>unit>family,def+unit+family,Fecundity,72,28,5,21,6,FALSE,0.2916666666666667,0.6111111111111112,0.38181818181818183,0.38181818181818183,0.38181818181818183,0.3307086614173228
74,def>unit>family,def+unit+family,Linear morphometrics,15,10,1,5,2,FALSE,0.3333333333333333,0.3333333333333333,1,1,1,0.5
74,def>unit>family,def+unit+family,Longevity / lifespan,34,13,6,8,9,FALSE,0.23529411764705882,0.6176470588235294,0.16666666666666666,0.16666666666666666,0.16666666666666666,0.19512195121951217
74,def>unit>family,def+unit+family,Pre-oviposition interval,21,7,5,5,9;11,TRUE,0.23809523809523808,0.6666666666666666,0.10416666666666667,0.30208333333333337,0.5,0.26629935720844816
74,def>unit>family,def+unit+family,Survival proportion,24,10,2,13,7,FALSE,0.5416666666666666,0.5833333333333334,0.7647058823529411,0.7647058823529411,0.7647058823529411,0.6341463414634146
75,family>def>unit,def+unit+family,Body mass / weight,41,6,3,21,7,FALSE,0.5121951219512195,0.8536585365853658,0.39622641509433965,0.39622641509433965,0.39622641509433965,0.44680851063829785
75,family>def>unit,def+unit+family,Development rate,13,10,2,2,19,FALSE,0.15384615384615385,0.23076923076923078,0.3333333333333333,0.3333333333333333,0.3333333333333333,0.21052631578947367
75,family>def>unit,def+unit+family,Development time,25,16,6,3,11,FALSE,0.12,0.36,0.42857142857142855,0.42857142857142855,0.42857142857142855,0.1875
75,family>def>unit,def+unit+family,Egg incubation period,9,4,1,5,15,FALSE,0.5555555555555556,0.5555555555555556,0.29411764705882354,0.29411764705882354,0.29411764705882354,0.3846153846153846
75,family>def>unit,def+unit+family,Egg-hatching success,13,4,2,8,6,FALSE,0.6153846153846154,0.6923076923076923,0.8888888888888888,0.8888888888888888,0.8888888888888888,0.7272727272727274
75,family>def>unit,def+unit+family,Fecundity,72,40,5,12,18,FALSE,0.16666666666666666,0.4444444444444444,1,1,1,0.2857142857142857
75,family>def>unit,def+unit+family,Linear morphometrics,15,11,1,4,7,FALSE,0.26666666666666666,0.26666666666666666,0.07547169811320754,0.07547169811320754,0.07547169811320754,0.11764705882352941
75,family>def>unit,def+unit+family,Longevity / lifespan,34,14,7,5,13;21,TRUE,0.14705882352941177,0.5882352941176471,0.7142857142857143,0.8571428571428572,1,0.25104602510460255
75,family>def>unit,def+unit+family,Pre-oviposition interval,21,8,6,4,15;17,TRUE,0.19047619047619047,0.6190476190476191,0.23529411764705882,0.40336134453781514,0.5714285714285714,0.25876010781671155
75,family>def>unit,def+unit+family,Survival proportion,24,10,2,13,9,FALSE,0.5416666666666666,0.5833333333333334,0.9285714285714286,0.9285714285714286,0.9285714285714286,0.6842105263157894
76,family>unit>def,def+unit+family,Body mass / weight,41,4,3,18,11,FALSE,0.43902439024390244,0.9024390243902439,0.6666666666666666,0.6666666666666666,0.6666666666666666,0.5294117647058824
76,family>unit>def,def+unit+family,Development rate,13,10,2,2,19,FALSE,0.15384615384615385,0.23076923076923078,0.3333333333333333,0.3333333333333333,0.3333333333333333,0.21052631578947367
76,family>unit>def,def+unit+family,Development time,25,13,6,4,17,FALSE,0.16,0.48,0.15384615384615385,0.15384615384615385,0.15384615384615385,0.1568627450980392
76,family>unit>def,def+unit+family,Egg incubation period,9,3,1,6,18,FALSE,0.6666666666666666,0.6666666666666666,0.3,0.3,0.3,0.41379310344827586
76,family>unit>def,def+unit+family,Egg-hatching success,13,5,2,7,6,FALSE,0.5384615384615384,0.6153846153846154,0.5833333333333334,0.5833333333333334,0.5833333333333334,0.5599999999999999
76,family>unit>def,def+unit+family,Fecundity,72,41,6,10,2,FALSE,0.1388888888888889,0.4305555555555556,0.9090909090909091,0.9090909090909091,0.9090909090909091,0.24096385542168675
76,family>unit>def,def+unit+family,Linear morphometrics,15,15,0,0,NA,FALSE,0,0,NA,NA,NA,0
76,family>unit>def,def+unit+family,Longevity / lifespan,34,13,7,6,17,FALSE,0.17647058823529413,0.6176470588235294,0.23076923076923078,0.23076923076923078,0.23076923076923078,0.20000000000000004
76,family>unit>def,def+unit+family,Pre-oviposition interval,21,11,5,4,18,FALSE,0.19047619047619047,0.47619047619047616,0.2,0.2,0.2,0.1951219512195122
76,family>unit>def,def+unit+family,Survival proportion,24,9,2,14,7,FALSE,0.5833333333333334,0.625,0.9333333333333333,0.9333333333333333,0.9333333333333333,0.7179487179487181
77,unit>def>family,def+unit+family,Body mass / weight,41,2,4,19,9,FALSE,0.4634146341463415,0.9512195121951219,0.4523809523809524,0.4523809523809524,0.4523809523809524,0.4578313253012048
77,unit>def>family,def+unit+family,Development rate,13,10,2,2,17,FALSE,0.15384615384615385,0.23076923076923078,0.3333333333333333,0.3333333333333333,0.3333333333333333,0.21052631578947367
77,unit>def>family,def+unit+family,Development time,25,18,4,2,13;15;16,TRUE,0.08,0.28,0.08695652173913043,0.1440648723257419,0.25,0.1028736871284689
77,unit>def>family,def+unit+family,Egg incubation period,9,1,1,8,13,FALSE,0.8888888888888888,0.8888888888888888,0.34782608695652173,0.34782608695652173,0.34782608695652173,0.5
77,unit>def>family,def+unit+family,Egg-hatching success,13,4,3,7,4,FALSE,0.5384615384615384,0.6923076923076923,0.6363636363636364,0.6363636363636364,0.6363636363636364,0.5833333333333334
77,unit>def>family,def+unit+family,Fecundity,72,34,4,19,12,FALSE,0.2638888888888889,0.5277777777777778,1,1,1,0.4175824175824176
77,unit>def>family,def+unit+family,Linear morphometrics,15,15,0,0,NA,FALSE,0,0,NA,NA,NA,0
77,unit>def>family,def+unit+family,Longevity / lifespan,34,14,6,8,15,FALSE,0.23529411764705882,0.5882352941176471,0.38095238095238093,0.38095238095238093,0.38095238095238093,0.29090909090909084
77,unit>def>family,def+unit+family,Pre-oviposition interval,21,7,5,6,13,FALSE,0.2857142857142857,0.6666666666666666,0.2608695652173913,0.2608695652173913,0.2608695652173913,0.2727272727272727
77,unit>def>family,def+unit+family,Survival proportion,24,8,3,13,7,FALSE,0.5416666666666666,0.6666666666666666,0.9285714285714286,0.9285714285714286,0.9285714285714286,0.6842105263157894
78,unit>family>def,def+unit+family,Body mass / weight,41,2,3,20,8,FALSE,0.4878048780487805,0.9512195121951219,0.47619047619047616,0.47619047619047616,0.47619047619047616,0.4819277108433735
78,unit>family>def,def+unit+family,Development rate,13,9,2,3,17,FALSE,0.23076923076923078,0.3076923076923077,0.42857142857142855,0.42857142857142855,0.42857142857142855,0.3
78,unit>family>def,def+unit+family,Development time,25,12,5,4,13,FALSE,0.16,0.52,0.12903225806451613,0.12903225806451613,0.12903225806451613,0.14285714285714285
78,unit>family>def,def+unit+family,Egg incubation period,9,2,1,7,16,FALSE,0.7777777777777778,0.7777777777777778,0.2692307692307692,0.2692307692307692,0.2692307692307692,0.39999999999999997
78,unit>family>def,def+unit+family,Egg-hatching success,13,3,4,7,7,FALSE,0.5384615384615384,0.7692307692307693,0.6363636363636364,0.6363636363636364,0.6363636363636364,0.5833333333333334
78,unit>family>def,def+unit+family,Fecundity,72,37,6,12,14,FALSE,0.16666666666666666,0.4861111111111111,1,1,1,0.2857142857142857
78,unit>family>def,def+unit+family,Linear morphometrics,15,9,1,6,2,FALSE,0.4,0.4,1,1,1,0.5714285714285715
78,unit>family>def,def+unit+family,Longevity / lifespan,34,13,7,7,13,FALSE,0.20588235294117646,0.6176470588235294,0.22580645161290322,0.22580645161290322,0.22580645161290322,0.2153846153846154
78,unit>family>def,def+unit+family,Pre-oviposition interval,21,6,5,6,16,FALSE,0.2857142857142857,0.7142857142857143,0.23076923076923078,0.23076923076923078,0.23076923076923078,0.25531914893617025
78,unit>family>def,def+unit+family,Survival proportion,24,11,3,10,11,FALSE,0.4166666666666667,0.5416666666666666,0.9090909090909091,0.9090909090909091,0.9090909090909091,0.5714285714285715
79,def>order>unit,def+unit+order,Body mass / weight,41,10,4,10,9,FALSE,0.24390243902439024,0.7560975609756098,0.29411764705882354,0.29411764705882354,0.29411764705882354,0.2666666666666666
79,def>order>unit,def+unit+order,Development rate,13,11,1,2,13,FALSE,0.15384615384615385,0.15384615384615385,0.3333333333333333,0.3333333333333333,0.3333333333333333,0.21052631578947367
79,def>order>unit,def+unit+order,Development time,25,15,4,4,15,FALSE,0.16,0.4,0.09090909090909091,0.09090909090909091,0.09090909090909091,0.11594202898550725
79,def>order>unit,def+unit+order,Egg incubation period,9,2,1,7,15,FALSE,0.7777777777777778,0.7777777777777778,0.1590909090909091,0.1590909090909091,0.1590909090909091,0.2641509433962264
79,def>order>unit,def+unit+order,Egg-hatching success,13,11,1,2,5,FALSE,0.15384615384615385,0.15384615384615385,0.18181818181818182,0.18181818181818182,0.18181818181818182,0.16666666666666669
79,def>order>unit,def+unit+order,Fecundity,72,38,4,16,9,FALSE,0.2222222222222222,0.4722222222222222,0.47058823529411764,0.47058823529411764,0.47058823529411764,0.3018867924528302
79,def>order>unit,def+unit+order,Linear morphometrics,15,15,0,0,NA,FALSE,0,0,NA,NA,NA,0
79,def>order>unit,def+unit+order,Longevity / lifespan,34,14,8,8,15,FALSE,0.23529411764705882,0.5882352941176471,0.18181818181818182,0.18181818181818182,0.18181818181818182,0.20512820512820512
79,def>order>unit,def+unit+order,Pre-oviposition interval,21,8,5,5,15;16,TRUE,0.23809523809523808,0.6190476190476191,0.11363636363636363,0.3068181818181818,0.5,0.26812313803376364
79,def>order>unit,def+unit+order,Survival proportion,24,14,2,6,6,FALSE,0.25,0.4166666666666667,1,1,1,0.4
80,def>unit>order,def+unit+order,Body mass / weight,41,8,4,10,2,FALSE,0.24390243902439024,0.8048780487804879,1,1,1,0.39215686274509803
80,def>unit>order,def+unit+order,Development rate,13,11,1,2,15,FALSE,0.15384615384615385,0.15384615384615385,0.3333333333333333,0.3333333333333333,0.3333333333333333,0.21052631578947367
80,def>unit>order,def+unit+order,Development time,25,16,3,5,10,FALSE,0.2,0.36,0.09615384615384616,0.09615384615384616,0.09615384615384616,0.12987012987012989
80,def>unit>order,def+unit+order,Egg incubation period,9,1,1,8,10,FALSE,0.8888888888888888,0.8888888888888888,0.15384615384615385,0.15384615384615385,0.15384615384615385,0.2622950819672132
80,def>unit>order,def+unit+order,Egg-hatching success,13,11,1,2,5,FALSE,0.15384615384615385,0.15384615384615385,0.18181818181818182,0.18181818181818182,0.18181818181818182,0.16666666666666669
80,def>unit>order,def+unit+order,Fecundity,72,38,5,16,8,FALSE,0.2222222222222222,0.4722222222222222,0.47058823529411764,0.47058823529411764,0.47058823529411764,0.3018867924528302
80,def>unit>order,def+unit+order,Linear morphometrics,15,15,0,0,NA,FALSE,0,0,NA,NA,NA,0
80,def>unit>order,def+unit+order,Longevity / lifespan,34,20,6,8,10,FALSE,0.23529411764705882,0.4117647058823529,0.15384615384615385,0.15384615384615385,0.15384615384615385,0.186046511627907
80,def>unit>order,def+unit+order,Pre-oviposition interval,21,7,5,6,10,FALSE,0.2857142857142857,0.6666666666666666,0.11538461538461539,0.11538461538461539,0.11538461538461539,0.1643835616438356
80,def>unit>order,def+unit+order,Survival proportion,24,13,3,6,6,FALSE,0.25,0.4583333333333333,1,1,1,0.4
81,order>def>unit,def+unit+order,Body mass / weight,41,2,4,21,6,FALSE,0.5121951219512195,0.9512195121951219,0.40384615384615385,0.40384615384615385,0.40384615384615385,0.45161290322580644
81,order>def>unit,def+unit+order,Development rate,13,11,2,1,13;19,TRUE,0.07692307692307693,0.15384615384615385,0.14285714285714285,0.17142857142857143,0.2,0.10619469026548672
81,order>def>unit,def+unit+order,Development time,25,15,5,3,13;21,TRUE,0.12,0.4,0.375,0.4017857142857143,0.42857142857142855,0.18480492813141683
81,order>def>unit,def+unit+order,Egg incubation period,9,4,1,5,17,FALSE,0.5555555555555556,0.5555555555555556,0.2777777777777778,0.2777777777777778,0.2777777777777778,0.3703703703703704
81,order>def>unit,def+unit+order,Egg-hatching success,13,3,4,7,7,FALSE,0.5384615384615384,0.7692307692307693,0.875,0.875,0.875,0.6666666666666667
81,order>def>unit,def+unit+order,Fecundity,72,41,4,10,6;8;20,TRUE,0.1388888888888889,0.4305555555555556,0.19230769230769232,0.7004662004662005,1,0.23181362338964745
81,order>def>unit,def+unit+order,Linear morphometrics,15,5,2,7,1,FALSE,0.4666666666666667,0.6666666666666666,0.875,0.875,0.875,0.608695652173913
81,order>def>unit,def+unit+order,Longevity / lifespan,34,18,8,4,14,FALSE,0.11764705882352941,0.47058823529411764,0.8,0.8,0.8,0.20512820512820512
81,order>def>unit,def+unit+order,Pre-oviposition interval,21,8,6,5,17,FALSE,0.23809523809523808,0.6190476190476191,0.2777777777777778,0.2777777777777778,0.2777777777777778,0.25641025641025644
81,order>def>unit,def+unit+order,Survival proportion,24,16,3,6,9,FALSE,0.25,0.3333333333333333,0.8571428571428571,0.8571428571428571,0.8571428571428571,0.3870967741935483
82,order>unit>def,def+unit+order,Body mass / weight,41,12,4,12,3,FALSE,0.2926829268292683,0.7073170731707317,1,1,1,0.45283018867924524
82,order>unit>def,def+unit+order,Development rate,13,12,1,1,21,FALSE,0.07692307692307693,0.07692307692307693,0.2,0.2,0.2,0.1111111111111111
82,order>unit>def,def+unit+order,Development time,25,17,5,2,16;18;22,TRUE,0.08,0.32,0.10526315789473684,0.19381787802840433,0.3333333333333333,0.11325360019526483
82,order>unit>def,def+unit+order,Egg incubation period,9,3,1,6,18,FALSE,0.6666666666666666,0.6666666666666666,0.3157894736842105,0.3157894736842105,0.3157894736842105,0.42857142857142855
82,order>unit>def,def+unit+order,Egg-hatching success,13,2,4,8,5,FALSE,0.6153846153846154,0.8461538461538461,0.6153846153846154,0.6153846153846154,0.6153846153846154,0.6153846153846154
82,order>unit>def,def+unit+order,Fecundity,72,48,3,15,4,FALSE,0.20833333333333334,0.3333333333333333,0.8823529411764706,0.8823529411764706,0.8823529411764706,0.3370786516853933
82,order>unit>def,def+unit+order,Linear morphometrics,15,7,1,8,2,FALSE,0.5333333333333333,0.5333333333333333,1,1,1,0.6956521739130436
82,order>unit>def,def+unit+order,Longevity / lifespan,34,18,7,5,15,FALSE,0.14705882352941177,0.47058823529411764,1,1,1,0.25641025641025644
82,order>unit>def,def+unit+order,Pre-oviposition interval,21,9,5,5,20,FALSE,0.23809523809523808,0.5714285714285714,0.8333333333333334,0.8333333333333334,0.8333333333333334,0.37037037037037035
82,order>unit>def,def+unit+order,Survival proportion,24,9,3,12,7,FALSE,0.5,0.625,0.9230769230769231,0.9230769230769231,0.9230769230769231,0.6486486486486487
83,unit>def>order,def+unit+order,Body mass / weight,41,3,3,19,8,FALSE,0.4634146341463415,0.926829268292683,0.4634146341463415,0.4634146341463415,0.4634146341463415,0.4634146341463415
83,unit>def>order,def+unit+order,Development rate,13,10,1,3,19,FALSE,0.23076923076923078,0.23076923076923078,0.42857142857142855,0.42857142857142855,0.42857142857142855,0.3
83,unit>def>order,def+unit+order,Development time,25,18,4,3,15,FALSE,0.12,0.28,0.13636363636363635,0.13636363636363635,0.13636363636363635,0.1276595744680851
83,unit>def>order,def+unit+order,Egg incubation period,9,2,1,7,17,FALSE,0.7777777777777778,0.7777777777777778,0.3333333333333333,0.3333333333333333,0.3333333333333333,0.4666666666666666
83,unit>def>order,def+unit+order,Egg-hatching success,13,6,3,5,5,FALSE,0.38461538461538464,0.5384615384615384,1,1,1,0.5555555555555556
83,unit>def>order,def+unit+order,Fecundity,72,27,4,22,13,FALSE,0.3055555555555556,0.625,1,1,1,0.46808510638297873
83,unit>def>order,def+unit+order,Linear morphometrics,15,6,1,9,3,FALSE,0.6,0.6,1,1,1,0.7499999999999999
83,unit>def>order,def+unit+order,Longevity / lifespan,34,14,7,8,15,FALSE,0.23529411764705882,0.5882352941176471,0.36363636363636365,0.36363636363636365,0.36363636363636365,0.2857142857142857
83,unit>def>order,def+unit+order,Pre-oviposition interval,21,7,5,6,17,FALSE,0.2857142857142857,0.6666666666666666,0.2857142857142857,0.2857142857142857,0.2857142857142857,0.2857142857142857
83,unit>def>order,def+unit+order,Survival proportion,24,9,3,11,10,FALSE,0.4583333333333333,0.625,0.9166666666666666,0.9166666666666666,0.9166666666666666,0.611111111111111
84,unit>order>def,def+unit+order,Body mass / weight,41,1,3,21,7,FALSE,0.5121951219512195,0.975609756097561,0.4883720930232558,0.4883720930232558,0.4883720930232558,0.5
84,unit>order>def,def+unit+order,Development rate,13,10,1,3,19,FALSE,0.23076923076923078,0.23076923076923078,0.42857142857142855,0.42857142857142855,0.42857142857142855,0.3
84,unit>order>def,def+unit+order,Development time,25,13,5,4,17,FALSE,0.16,0.48,0.14814814814814814,0.14814814814814814,0.14814814814814814,0.15384615384615383
84,unit>order>def,def+unit+order,Egg incubation period,9,1,1,8,15,FALSE,0.8888888888888888,0.8888888888888888,0.2962962962962963,0.2962962962962963,0.2962962962962963,0.4444444444444444
84,unit>order>def,def+unit+order,Egg-hatching success,13,5,3,6,5,FALSE,0.46153846153846156,0.6153846153846154,1,1,1,0.631578947368421
84,unit>order>def,def+unit+order,Fecundity,72,37,5,11,7,FALSE,0.1527777777777778,0.4861111111111111,0.2558139534883721,0.2558139534883721,0.2558139534883721,0.19130434782608696
84,unit>order>def,def+unit+order,Linear morphometrics,15,6,1,9,2,FALSE,0.6,0.6,1,1,1,0.7499999999999999
84,unit>order>def,def+unit+order,Longevity / lifespan,34,14,8,6,17,FALSE,0.17647058823529413,0.5882352941176471,0.2222222222222222,0.2222222222222222,0.2222222222222222,0.19672131147540983
84,unit>order>def,def+unit+order,Pre-oviposition interval,21,6,5,7,15,FALSE,0.3333333333333333,0.7142857142857143,0.25925925925925924,0.25925925925925924,0.25925925925925924,0.2916666666666667
84,unit>order>def,def+unit+order,Survival proportion,24,9,3,11,12,FALSE,0.4583333333333333,0.625,0.9166666666666666,0.9166666666666666,0.9166666666666666,0.611111111111111
85,def>phylum>unit,def+unit+phylum,Body mass / weight,41,11,4,11,9,FALSE,0.2682926829268293,0.7317073170731707,1,1,1,0.4230769230769231
85,def>phylum>unit,def+unit+phylum,Development rate,13,9,2,3,19,FALSE,0.23076923076923078,0.3076923076923077,0.42857142857142855,0.42857142857142855,0.42857142857142855,0.3
85,def>phylum>unit,def+unit+phylum,Development time,25,18,5,2,14;20,TRUE,0.08,0.28,0.09523809523809523,0.15873015873015872,0.2222222222222222,0.10638297872340426
85,def>phylum>unit,def+unit+phylum,Egg incubation period,9,8,1,1,21,FALSE,0.1111111111111111,0.1111111111111111,0.125,0.125,0.125,0.11764705882352941
85,def>phylum>unit,def+unit+phylum,Egg-hatching success,13,3,2,8,4,FALSE,0.6153846153846154,0.7692307692307693,0.8888888888888888,0.8888888888888888,0.8888888888888888,0.7272727272727274
85,def>phylum>unit,def+unit+phylum,Fecundity,72,31,6,13,12,FALSE,0.18055555555555555,0.5694444444444444,1,1,1,0.30588235294117644
85,def>phylum>unit,def+unit+phylum,Linear morphometrics,15,3,1,12,3,FALSE,0.8,0.8,1,1,1,0.888888888888889
85,def>phylum>unit,def+unit+phylum,Longevity / lifespan,34,17,5,7,14,FALSE,0.20588235294117646,0.5,0.3333333333333333,0.3333333333333333,0.3333333333333333,0.2545454545454545
85,def>phylum>unit,def+unit+phylum,Pre-oviposition interval,21,12,5,4,20,FALSE,0.19047619047619047,0.42857142857142855,0.4444444444444444,0.4444444444444444,0.4444444444444444,0.26666666666666666
85,def>phylum>unit,def+unit+phylum,Survival proportion,24,9,2,11,10,FALSE,0.4583333333333333,0.625,1,1,1,0.6285714285714286
86,def>unit>phylum,def+unit+phylum,Body mass / weight,41,13,3,15,9,FALSE,0.36585365853658536,0.6829268292682927,1,1,1,0.5357142857142857
86,def>unit>phylum,def+unit+phylum,Development rate,13,8,2,4,17,FALSE,0.3076923076923077,0.38461538461538464,0.5,0.5,0.5,0.380952380952381
86,def>unit>phylum,def+unit+phylum,Development time,25,17,5,3,15,FALSE,0.12,0.32,0.2727272727272727,0.2727272727272727,0.2727272727272727,0.16666666666666666
86,def>unit>phylum,def+unit+phylum,Egg incubation period,9,4,1,5,16,FALSE,0.5555555555555556,0.5555555555555556,0.38461538461538464,0.38461538461538464,0.38461538461538464,0.4545454545454546
86,def>unit>phylum,def+unit+phylum,Egg-hatching success,13,11,1,2,14,FALSE,0.15384615384615385,0.15384615384615385,0.16666666666666666,0.16666666666666666,0.16666666666666666,0.16
86,def>unit>phylum,def+unit+phylum,Fecundity,72,32,4,22,10,FALSE,0.3055555555555556,0.5555555555555556,0.8461538461538461,0.8461538461538461,0.8461538461538461,0.44897959183673475
86,def>unit>phylum,def+unit+phylum,Linear morphometrics,15,3,1,12,2,FALSE,0.8,0.8,1,1,1,0.888888888888889
86,def>unit>phylum,def+unit+phylum,Longevity / lifespan,34,19,5,5,5;13,TRUE,0.14705882352941177,0.4411764705882353,0.2631578947368421,0.631578947368421,1,0.2385685884691849
86,def>unit>phylum,def+unit+phylum,Pre-oviposition interval,21,10,6,5,15,FALSE,0.23809523809523808,0.5238095238095238,0.45454545454545453,0.45454545454545453,0.45454545454545453,0.31249999999999994
86,def>unit>phylum,def+unit+phylum,Survival proportion,24,8,3,10,6,FALSE,0.4166666666666667,0.6666666666666666,1,1,1,0.5882352941176471
87,phylum>def>unit,def+unit+phylum,Body mass / weight,41,13,3,11,9,FALSE,0.2682926829268293,0.6829268292682927,1,1,1,0.4230769230769231
87,phylum>def>unit,def+unit+phylum,Development rate,13,8,2,4,18,FALSE,0.3076923076923077,0.38461538461538464,0.5,0.5,0.5,0.380952380952381
87,phylum>def>unit,def+unit+phylum,Development time,25,15,5,4,11,FALSE,0.16,0.4,0.16,0.16,0.16,0.16
87,phylum>def>unit,def+unit+phylum,Egg incubation period,9,6,1,3,19,FALSE,0.3333333333333333,0.3333333333333333,0.2727272727272727,0.2727272727272727,0.2727272727272727,0.3
87,phylum>def>unit,def+unit+phylum,Egg-hatching success,13,3,2,8,6,FALSE,0.6153846153846154,0.7692307692307693,0.8888888888888888,0.8888888888888888,0.8888888888888888,0.7272727272727274
87,phylum>def>unit,def+unit+phylum,Fecundity,72,32,5,14,14,FALSE,0.19444444444444445,0.5555555555555556,0.7777777777777778,0.7777777777777778,0.7777777777777778,0.3111111111111111
87,phylum>def>unit,def+unit+phylum,Linear morphometrics,15,6,1,9,7,FALSE,0.6,0.6,1,1,1,0.7499999999999999
87,phylum>def>unit,def+unit+phylum,Longevity / lifespan,34,17,5,7,11,FALSE,0.20588235294117646,0.5,0.28,0.28,0.28,0.23728813559322035
87,phylum>def>unit,def+unit+phylum,Pre-oviposition interval,21,12,4,4,20,FALSE,0.19047619047619047,0.42857142857142855,0.5714285714285714,0.5714285714285714,0.5714285714285714,0.2857142857142857
87,phylum>def>unit,def+unit+phylum,Survival proportion,24,7,2,12,3,FALSE,0.5,0.7083333333333334,0.9230769230769231,0.9230769230769231,0.9230769230769231,0.6486486486486487
88,phylum>unit>def,def+unit+phylum,Body mass / weight,41,15,3,11,8,FALSE,0.2682926829268293,0.6341463414634146,1,1,1,0.4230769230769231
88,phylum>unit>def,def+unit+phylum,Development rate,13,8,2,4,16,FALSE,0.3076923076923077,0.38461538461538464,0.5,0.5,0.5,0.380952380952381
88,phylum>unit>def,def+unit+phylum,Development time,25,15,6,3,14;17,TRUE,0.12,0.4,0.125,0.2767857142857143,0.42857142857142855,0.16741674167416742
88,phylum>unit>def,def+unit+phylum,Egg incubation period,9,7,1,2,19,FALSE,0.2222222222222222,0.2222222222222222,0.3333333333333333,0.3333333333333333,0.3333333333333333,0.26666666666666666
88,phylum>unit>def,def+unit+phylum,Egg-hatching success,13,4,2,7,10,FALSE,0.5384615384615384,0.6923076923076923,1,1,1,0.7000000000000001
88,phylum>unit>def,def+unit+phylum,Fecundity,72,38,3,13,13,FALSE,0.18055555555555555,0.4722222222222222,1,1,1,0.30588235294117644
88,phylum>unit>def,def+unit+phylum,Linear morphometrics,15,1,1,14,2,FALSE,0.9333333333333333,0.9333333333333333,1,1,1,0.9655172413793104
88,phylum>unit>def,def+unit+phylum,Longevity / lifespan,34,16,7,7,14,FALSE,0.20588235294117646,0.5294117647058824,0.2916666666666667,0.2916666666666667,0.2916666666666667,0.2413793103448276
88,phylum>unit>def,def+unit+phylum,Pre-oviposition interval,21,11,6,4,18,FALSE,0.19047619047619047,0.47619047619047616,0.5714285714285714,0.5714285714285714,0.5714285714285714,0.2857142857142857
88,phylum>unit>def,def+unit+phylum,Survival proportion,24,7,2,12,3,FALSE,0.5,0.7083333333333334,0.9230769230769231,0.9230769230769231,0.9230769230769231,0.6486486486486487
89,unit>def>phylum,def+unit+phylum,Body mass / weight,41,12,3,15,7,FALSE,0.36585365853658536,0.7073170731707317,1,1,1,0.5357142857142857
89,unit>def>phylum,def+unit+phylum,Development rate,13,8,2,4,16,FALSE,0.3076923076923077,0.38461538461538464,0.5,0.5,0.5,0.380952380952381
89,unit>def>phylum,def+unit+phylum,Development time,25,15,6,4,11,FALSE,0.16,0.4,0.18181818181818182,0.18181818181818182,0.18181818181818182,0.1702127659574468
89,unit>def>phylum,def+unit+phylum,Egg incubation period,9,8,1,1,18,FALSE,0.1111111111111111,0.1111111111111111,0.14285714285714285,0.14285714285714285,0.14285714285714285,0.125
89,unit>def>phylum,def+unit+phylum,Egg-hatching success,13,3,2,8,3,FALSE,0.6153846153846154,0.7692307692307693,0.8888888888888888,0.8888888888888888,0.8888888888888888,0.7272727272727274
89,unit>def>phylum,def+unit+phylum,Fecundity,72,36,3,20,12,FALSE,0.2777777777777778,0.5,1,1,1,0.4347826086956522
89,unit>def>phylum,def+unit+phylum,Linear morphometrics,15,0,1,15,2,FALSE,1,1,1,1,1,1
89,unit>def>phylum,def+unit+phylum,Longevity / lifespan,34,17,6,7,11,FALSE,0.20588235294117646,0.5,0.3181818181818182,0.3181818181818182,0.3181818181818182,0.25
89,unit>def>phylum,def+unit+phylum,Pre-oviposition interval,21,12,5,4,17,FALSE,0.19047619047619047,0.42857142857142855,0.5,0.5,0.5,0.27586206896551724
89,unit>def>phylum,def+unit+phylum,Survival proportion,24,10,2,10,9,FALSE,0.4166666666666667,0.5833333333333334,1,1,1,0.5882352941176471
90,unit>phylum>def,def+unit+phylum,Body mass / weight,41,15,3,13,12,FALSE,0.3170731707317073,0.6341463414634146,1,1,1,0.48148148148148145
90,unit>phylum>def,def+unit+phylum,Development rate,13,8,2,4,18,FALSE,0.3076923076923077,0.38461538461538464,0.5,0.5,0.5,0.380952380952381
90,unit>phylum>def,def+unit+phylum,Development time,25,17,5,4,14,FALSE,0.16,0.32,0.14285714285714285,0.14285714285714285,0.14285714285714285,0.15094339622641512
90,unit>phylum>def,def+unit+phylum,Egg incubation period,9,7,1,2,20,FALSE,0.2222222222222222,0.2222222222222222,0.3333333333333333,0.3333333333333333,0.3333333333333333,0.26666666666666666
90,unit>phylum>def,def+unit+phylum,Egg-hatching success,13,3,2,8,2,FALSE,0.6153846153846154,0.7692307692307693,0.8,0.8,0.8,0.6956521739130435
90,unit>phylum>def,def+unit+phylum,Fecundity,72,36,5,10,11;17,TRUE,0.1388888888888889,0.5,0.9090909090909091,0.9545454545454546,1,0.24249422632794462
90,unit>phylum>def,def+unit+phylum,Linear morphometrics,15,2,1,13,3,FALSE,0.8666666666666667,0.8666666666666667,1,1,1,0.9285714285714286
90,unit>phylum>def,def+unit+phylum,Longevity / lifespan,34,17,6,6,14,FALSE,0.17647058823529413,0.5,0.21428571428571427,0.21428571428571427,0.21428571428571427,0.1935483870967742
90,unit>phylum>def,def+unit+phylum,Pre-oviposition interval,21,12,4,4,19,FALSE,0.19047619047619047,0.42857142857142855,0.5714285714285714,0.5714285714285714,0.5714285714285714,0.2857142857142857
90,unit>phylum>def,def+unit+phylum,Survival proportion,24,5,2,12,6,FALSE,0.5,0.7916666666666666,1,1,1,0.6666666666666666
91,def>stage>unit,def+unit+stage,Body mass / weight,41,11,3,17,8,FALSE,0.4146341463414634,0.7317073170731707,0.9444444444444444,0.9444444444444444,0.9444444444444444,0.576271186440678
91,def>stage>unit,def+unit+stage,Development rate,13,8,2,4,11,FALSE,0.3076923076923077,0.38461538461538464,0.5,0.5,0.5,0.380952380952381
91,def>stage>unit,def+unit+stage,Development time,25,17,3,6,18,FALSE,0.24,0.32,0.6,0.6,0.6,0.34285714285714286
91,def>stage>unit,def+unit+stage,Egg incubation period,9,6,1,3,18,FALSE,0.3333333333333333,0.3333333333333333,0.3,0.3,0.3,0.3157894736842105
91,def>stage>unit,def+unit+stage,Egg-hatching success,13,5,2,6,3,FALSE,0.46153846153846156,0.6153846153846154,1,1,1,0.631578947368421
91,def>stage>unit,def+unit+stage,Fecundity,72,29,4,30,9,FALSE,0.4166666666666667,0.5972222222222222,0.8571428571428571,0.8571428571428571,0.8571428571428571,0.5607476635514019
91,def>stage>unit,def+unit+stage,Linear morphometrics,15,10,1,5,6,FALSE,0.3333333333333333,0.3333333333333333,1,1,1,0.5
91,def>stage>unit,def+unit+stage,Longevity / lifespan,34,18,4,7,17,FALSE,0.20588235294117646,0.47058823529411764,0.3181818181818182,0.3181818181818182,0.3181818181818182,0.25
91,def>stage>unit,def+unit+stage,Pre-oviposition interval,21,11,4,3,14;16;17,TRUE,0.14285714285714285,0.47619047619047616,0.13636363636363635,0.4121212121212121,0.6,0.21216848673946959
91,def>stage>unit,def+unit+stage,Survival proportion,24,9,2,11,4,FALSE,0.4583333333333333,0.625,0.4782608695652174,0.4782608695652174,0.4782608695652174,0.4680851063829787
92,def>unit>stage,def+unit+stage,Body mass / weight,41,11,4,13,7,FALSE,0.3170731707317073,0.7317073170731707,1,1,1,0.48148148148148145
92,def>unit>stage,def+unit+stage,Development rate,13,9,2,3,17,FALSE,0.23076923076923078,0.3076923076923077,0.42857142857142855,0.42857142857142855,0.42857142857142855,0.3
92,def>unit>stage,def+unit+stage,Development time,25,15,3,6,19,FALSE,0.24,0.4,0.5454545454545454,0.5454545454545454,0.5454545454545454,0.3333333333333333
92,def>unit>stage,def+unit+stage,Egg incubation period,9,5,1,4,19,FALSE,0.4444444444444444,0.4444444444444444,0.36363636363636365,0.36363636363636365,0.36363636363636365,0.39999999999999997
92,def>unit>stage,def+unit+stage,Egg-hatching success,13,4,2,6,5,FALSE,0.46153846153846156,0.6923076923076923,1,1,1,0.631578947368421
92,def>unit>stage,def+unit+stage,Fecundity,72,33,4,18,12,FALSE,0.25,0.5416666666666666,0.9,0.9,0.9,0.391304347826087
92,def>unit>stage,def+unit+stage,Linear morphometrics,15,5,1,10,4,FALSE,0.6666666666666666,0.6666666666666666,1,1,1,0.8
92,def>unit>stage,def+unit+stage,Longevity / lifespan,34,18,4,6,21,FALSE,0.17647058823529413,0.47058823529411764,0.3157894736842105,0.3157894736842105,0.3157894736842105,0.22641509433962262
92,def>unit>stage,def+unit+stage,Pre-oviposition interval,21,10,4,4,18,FALSE,0.19047619047619047,0.5238095238095238,0.6666666666666666,0.6666666666666666,0.6666666666666666,0.2962962962962963
92,def>unit>stage,def+unit+stage,Survival proportion,24,11,2,11,3,FALSE,0.4583333333333333,0.5416666666666666,0.4583333333333333,0.4583333333333333,0.4583333333333333,0.4583333333333333
93,stage>def>unit,def+unit+stage,Body mass / weight,41,13,4,9,11,FALSE,0.21951219512195122,0.6829268292682927,1,1,1,0.36
93,stage>def>unit,def+unit+stage,Development rate,13,7,3,4,14,FALSE,0.3076923076923077,0.46153846153846156,0.5,0.5,0.5,0.380952380952381
93,stage>def>unit,def+unit+stage,Development time,25,12,4,5,18,FALSE,0.2,0.52,0.4166666666666667,0.4166666666666667,0.4166666666666667,0.2702702702702703
93,stage>def>unit,def+unit+stage,Egg incubation period,9,4,1,5,18,FALSE,0.5555555555555556,0.5555555555555556,0.4166666666666667,0.4166666666666667,0.4166666666666667,0.4761904761904762
93,stage>def>unit,def+unit+stage,Egg-hatching success,13,4,2,7,6,FALSE,0.5384615384615384,0.6923076923076923,0.875,0.875,0.875,0.6666666666666667
93,stage>def>unit,def+unit+stage,Fecundity,72,35,4,19,17,FALSE,0.2638888888888889,0.5138888888888888,0.95,0.95,0.95,0.41304347826086957
93,stage>def>unit,def+unit+stage,Linear morphometrics,15,8,1,7,2,FALSE,0.4666666666666667,0.4666666666666667,1,1,1,0.6363636363636364
93,stage>def>unit,def+unit+stage,Longevity / lifespan,34,19,9,5,3,FALSE,0.14705882352941177,0.4411764705882353,0.7142857142857143,0.7142857142857143,0.7142857142857143,0.24390243902439024
93,stage>def>unit,def+unit+stage,Pre-oviposition interval,21,10,5,6,21,FALSE,0.2857142857142857,0.5238095238095238,0.5,0.5,0.5,0.36363636363636365
93,stage>def>unit,def+unit+stage,Survival proportion,24,9,3,5,8;9;15,TRUE,0.20833333333333334,0.625,0.35714285714285715,0.6038961038961039,1,0.3097934710193204
94,stage>unit>def,def+unit+stage,Body mass / weight,41,11,3,16,10,FALSE,0.3902439024390244,0.7317073170731707,0.9411764705882353,0.9411764705882353,0.9411764705882353,0.5517241379310345
94,stage>unit>def,def+unit+stage,Development rate,13,7,3,4,13,FALSE,0.3076923076923077,0.46153846153846156,0.5,0.5,0.5,0.380952380952381
94,stage>unit>def,def+unit+stage,Development time,25,14,2,8,20,FALSE,0.32,0.44,0.5333333333333333,0.5333333333333333,0.5333333333333333,0.4
94,stage>unit>def,def+unit+stage,Egg incubation period,9,3,1,6,20,FALSE,0.6666666666666666,0.6666666666666666,0.4,0.4,0.4,0.5
94,stage>unit>def,def+unit+stage,Egg-hatching success,13,4,2,6,3,FALSE,0.46153846153846156,0.6923076923076923,0.8571428571428571,0.8571428571428571,0.8571428571428571,0.6
94,stage>unit>def,def+unit+stage,Fecundity,72,45,4,9,11,FALSE,0.125,0.375,1,1,1,0.2222222222222222
94,stage>unit>def,def+unit+stage,Linear morphometrics,15,6,1,9,5,FALSE,0.6,0.6,1,1,1,0.7499999999999999
94,stage>unit>def,def+unit+stage,Longevity / lifespan,34,23,6,5,2,FALSE,0.14705882352941177,0.3235294117647059,0.7142857142857143,0.7142857142857143,0.7142857142857143,0.24390243902439024
94,stage>unit>def,def+unit+stage,Pre-oviposition interval,21,8,5,8,21,FALSE,0.38095238095238093,0.6190476190476191,0.6153846153846154,0.6153846153846154,0.6153846153846154,0.47058823529411764
94,stage>unit>def,def+unit+stage,Survival proportion,24,7,3,6,7;8,TRUE,0.25,0.7083333333333334,0.4,0.4307692307692308,0.46153846153846156,0.3163841807909605
95,unit>def>stage,def+unit+stage,Body mass / weight,41,9,3,15,6,FALSE,0.36585365853658536,0.7804878048780488,0.9375,0.9375,0.9375,0.5263157894736842
95,unit>def>stage,def+unit+stage,Development rate,13,8,2,4,12,FALSE,0.3076923076923077,0.38461538461538464,0.5,0.5,0.5,0.380952380952381
95,unit>def>stage,def+unit+stage,Development time,25,15,2,7,16,FALSE,0.28,0.4,0.5,0.5,0.5,0.358974358974359
95,unit>def>stage,def+unit+stage,Egg incubation period,9,4,1,5,16,FALSE,0.5555555555555556,0.5555555555555556,0.35714285714285715,0.35714285714285715,0.35714285714285715,0.43478260869565216
95,unit>def>stage,def+unit+stage,Egg-hatching success,13,5,2,6,4,FALSE,0.46153846153846156,0.6153846153846154,1,1,1,0.631578947368421
95,unit>def>stage,def+unit+stage,Fecundity,72,32,3,25,9,FALSE,0.3472222222222222,0.5555555555555556,0.78125,0.78125,0.78125,0.4807692307692307
95,unit>def>stage,def+unit+stage,Linear morphometrics,15,2,1,13,2,FALSE,0.8666666666666667,0.8666666666666667,1,1,1,0.9285714285714286
95,unit>def>stage,def+unit+stage,Longevity / lifespan,34,22,4,5,8,FALSE,0.14705882352941177,0.35294117647058826,0.7142857142857143,0.7142857142857143,0.7142857142857143,0.24390243902439024
95,unit>def>stage,def+unit+stage,Pre-oviposition interval,21,10,6,5,15,FALSE,0.23809523809523808,0.5238095238095238,0.5555555555555556,0.5555555555555556,0.5555555555555556,0.33333333333333326
95,unit>def>stage,def+unit+stage,Survival proportion,24,11,2,11,3,FALSE,0.4583333333333333,0.5416666666666666,0.4782608695652174,0.4782608695652174,0.4782608695652174,0.4680851063829787
96,unit>stage>def,def+unit+stage,Body mass / weight,41,9,3,19,11,FALSE,0.4634146341463415,0.7804878048780488,1,1,1,0.6333333333333334
96,unit>stage>def,def+unit+stage,Development rate,13,8,2,4,15,FALSE,0.3076923076923077,0.38461538461538464,0.5,0.5,0.5,0.380952380952381
96,unit>stage>def,def+unit+stage,Development time,25,19,3,3,18,FALSE,0.12,0.24,0.375,0.375,0.375,0.18181818181818182
96,unit>stage>def,def+unit+stage,Egg incubation period,9,5,1,4,19,FALSE,0.4444444444444444,0.4444444444444444,0.8,0.8,0.8,0.5714285714285714
96,unit>stage>def,def+unit+stage,Egg-hatching success,13,5,2,6,4,FALSE,0.46153846153846156,0.6153846153846154,0.8571428571428571,0.8571428571428571,0.8571428571428571,0.6
96,unit>stage>def,def+unit+stage,Fecundity,72,33,5,16,10,FALSE,0.2222222222222222,0.5416666666666666,0.8888888888888888,0.8888888888888888,0.8888888888888888,0.3555555555555555
96,unit>stage>def,def+unit+stage,Linear morphometrics,15,7,1,8,5,FALSE,0.5333333333333333,0.5333333333333333,1,1,1,0.6956521739130436
96,unit>stage>def,def+unit+stage,Longevity / lifespan,34,23,6,5,6,FALSE,0.14705882352941177,0.3235294117647059,0.7142857142857143,0.7142857142857143,0.7142857142857143,0.24390243902439024
96,unit>stage>def,def+unit+stage,Pre-oviposition interval,21,9,5,4,17,FALSE,0.19047619047619047,0.5714285714285714,0.6666666666666666,0.6666666666666666,0.6666666666666666,0.2962962962962963
96,unit>stage>def,def+unit+stage,Survival proportion,24,5,2,12,3,FALSE,0.5,0.7916666666666666,0.48,0.48,0.48,0.4897959183673469
97,class>family>phylum,family+class+phylum,Body mass / weight,41,0,11,19,4,FALSE,0.4634146341463415,1,0.1450381679389313,0.1450381679389313,0.1450381679389313,0.22093023255813957
97,class>family>phylum,family+class+phylum,Development rate,13,1,6,5,4,FALSE,0.38461538461538464,0.9230769230769231,0.03816793893129771,0.03816793893129771,0.03816793893129771,0.06944444444444445
97,class>family>phylum,family+class+phylum,Development time,25,3,12,4,4;20,TRUE,0.16,0.88,0.030534351145038167,0.0587454364420843,0.08695652173913043,0.08593797414577896
97,class>family>phylum,family+class+phylum,Egg incubation period,9,0,4,6,4,FALSE,0.6666666666666666,1,0.04580152671755725,0.04580152671755725,0.04580152671755725,0.08571428571428572
97,class>family>phylum,family+class+phylum,Egg-hatching success,13,0,7,3,4;6,TRUE,0.23076923076923078,1,0.022900763358778626,0.0631745196104238,0.10344827586206896,0.09919404835709857
97,class>family>phylum,family+class+phylum,Fecundity,72,2,19,20,20,FALSE,0.2777777777777778,0.9722222222222222,0.43478260869565216,0.43478260869565216,0.43478260869565216,0.3389830508474576
97,class>family>phylum,family+class+phylum,Linear morphometrics,15,1,7,5,2,FALSE,0.3333333333333333,0.9333333333333333,0.35714285714285715,0.35714285714285715,0.35714285714285715,0.3448275862068965
97,class>family>phylum,family+class+phylum,Longevity / lifespan,34,1,15,7,4,FALSE,0.20588235294117646,0.9705882352941176,0.05343511450381679,0.05343511450381679,0.05343511450381679,0.08484848484848485
97,class>family>phylum,family+class+phylum,Pre-oviposition interval,21,0,10,5,4,FALSE,0.23809523809523808,1,0.03816793893129771,0.03816793893129771,0.03816793893129771,0.06578947368421052
97,class>family>phylum,family+class+phylum,Survival proportion,24,0,10,12,4,FALSE,0.5,1,0.0916030534351145,0.0916030534351145,0.0916030534351145,0.15483870967741933
98,class>phylum>family,family+class+phylum,Body mass / weight,41,1,12,17,10,FALSE,0.4146341463414634,0.975609756097561,0.13709677419354838,0.13709677419354838,0.13709677419354838,0.20606060606060603
98,class>phylum>family,family+class+phylum,Development rate,13,1,8,4,10,FALSE,0.3076923076923077,0.9230769230769231,0.03225806451612903,0.03225806451612903,0.03225806451612903,0.05839416058394161
98,class>phylum>family,family+class+phylum,Development time,25,3,13,4,10;23,TRUE,0.16,0.88,0.03225806451612903,0.06490952006294257,0.0975609756097561,0.0923529000209893
98,class>phylum>family,family+class+phylum,Egg incubation period,9,0,4,6,10,FALSE,0.6666666666666666,1,0.04838709677419355,0.04838709677419355,0.04838709677419355,0.09022556390977444
98,class>phylum>family,family+class+phylum,Egg-hatching success,13,0,7,4,10,FALSE,0.3076923076923077,1,0.03225806451612903,0.03225806451612903,0.03225806451612903,0.05839416058394161
98,class>phylum>family,family+class+phylum,Fecundity,72,2,21,17,23,FALSE,0.2361111111111111,0.9722222222222222,0.4146341463414634,0.4146341463414634,0.4146341463414634,0.30088495575221236
98,class>phylum>family,family+class+phylum,Linear morphometrics,15,1,7,5,2,FALSE,0.3333333333333333,0.9333333333333333,0.4166666666666667,0.4166666666666667,0.4166666666666667,0.3703703703703704
98,class>phylum>family,family+class+phylum,Longevity / lifespan,34,1,12,8,10,FALSE,0.23529411764705882,0.9705882352941176,0.06451612903225806,0.06451612903225806,0.06451612903225806,0.10126582278481013
98,class>phylum>family,family+class+phylum,Pre-oviposition interval,21,0,11,7,10,FALSE,0.3333333333333333,1,0.056451612903225805,0.056451612903225805,0.056451612903225805,0.09655172413793102
98,class>phylum>family,family+class+phylum,Survival proportion,24,0,12,12,10,FALSE,0.5,1,0.0967741935483871,0.0967741935483871,0.0967741935483871,0.16216216216216214
99,family>class>phylum,family+class+phylum,Body mass / weight,41,1,12,7,8,FALSE,0.17073170731707318,0.975609756097561,0.09722222222222222,0.09722222222222222,0.09722222222222222,0.1238938053097345
99,family>class>phylum,family+class+phylum,Development rate,13,1,7,3,3,FALSE,0.23076923076923078,0.9230769230769231,0.08333333333333333,0.08333333333333333,0.08333333333333333,0.12244897959183675
99,family>class>phylum,family+class+phylum,Development time,25,3,14,3,1;8,TRUE,0.12,0.88,0.041666666666666664,0.09978070175438596,0.15789473684210525,0.10896028736779084
99,family>class>phylum,family+class+phylum,Egg incubation period,9,0,6,3,8,FALSE,0.3333333333333333,1,0.041666666666666664,0.041666666666666664,0.041666666666666664,0.07407407407407407
99,family>class>phylum,family+class+phylum,Egg-hatching success,13,2,7,3,8,FALSE,0.23076923076923078,0.8461538461538461,0.041666666666666664,0.041666666666666664,0.041666666666666664,0.07058823529411765
99,family>class>phylum,family+class+phylum,Fecundity,72,2,21,15,22,FALSE,0.20833333333333334,0.9722222222222222,0.4838709677419355,0.4838709677419355,0.4838709677419355,0.2912621359223301
99,family>class>phylum,family+class+phylum,Linear morphometrics,15,1,7,5,1,FALSE,0.3333333333333333,0.9333333333333333,0.2631578947368421,0.2631578947368421,0.2631578947368421,0.29411764705882354
99,family>class>phylum,family+class+phylum,Longevity / lifespan,34,1,16,7,7,FALSE,0.20588235294117646,0.9705882352941176,0.15555555555555556,0.15555555555555556,0.15555555555555556,0.17721518987341772
99,family>class>phylum,family+class+phylum,Pre-oviposition interval,21,0,13,4,8;24,TRUE,0.19047619047619047,1,0.05555555555555555,0.07655826558265583,0.0975609756097561,0.10921831581490879
99,family>class>phylum,family+class+phylum,Survival proportion,24,0,12,5,7;8,TRUE,0.20833333333333334,1,0.06944444444444445,0.09027777777777778,0.1111111111111111,0.12596899224806202
100,family>phylum>class,family+class+phylum,Body mass / weight,41,2,11,16,4,FALSE,0.3902439024390244,0.9512195121951219,0.16,0.16,0.16,0.22695035460992907
100,family>phylum>class,family+class+phylum,Development rate,13,1,6,4,2,FALSE,0.3076923076923077,0.9230769230769231,0.16666666666666666,0.16666666666666666,0.16666666666666666,0.21621621621621623
100,family>phylum>class,family+class+phylum,Development time,25,3,13,6,24,FALSE,0.24,0.88,0.08,0.08,0.08,0.11999999999999998
100,family>phylum>class,family+class+phylum,Egg incubation period,9,0,5,5,4,FALSE,0.5555555555555556,1,0.05,0.05,0.05,0.09174311926605504
100,family>phylum>class,family+class+phylum,Egg-hatching success,13,0,7,3,3;4,TRUE,0.23076923076923078,1,0.03,0.075,0.12,0.11320754716981132
100,family>phylum>class,family+class+phylum,Fecundity,72,2,18,27,24,FALSE,0.375,0.9722222222222222,0.36,0.36,0.36,0.3673469387755102
100,family>phylum>class,family+class+phylum,Linear morphometrics,15,1,6,5,5,FALSE,0.3333333333333333,0.9333333333333333,0.4166666666666667,0.4166666666666667,0.4166666666666667,0.3703703703703704
100,family>phylum>class,family+class+phylum,Longevity / lifespan,34,1,13,8,24,FALSE,0.23529411764705882,0.9705882352941176,0.10666666666666667,0.10666666666666667,0.10666666666666667,0.14678899082568808
100,family>phylum>class,family+class+phylum,Pre-oviposition interval,21,0,9,6,4;24,TRUE,0.2857142857142857,1,0.06,0.07,0.08,0.11244979919678716
100,family>phylum>class,family+class+phylum,Survival proportion,24,0,11,7,4,FALSE,0.2916666666666667,1,0.07,0.07,0.07,0.11290322580645162
101,phylum>class>family,family+class+phylum,Body mass / weight,41,0,11,16,5,FALSE,0.3902439024390244,1,0.16,0.16,0.16,0.22695035460992907
101,phylum>class>family,family+class+phylum,Development rate,13,1,7,3,5,FALSE,0.23076923076923078,0.9230769230769231,0.03,0.03,0.03,0.05309734513274337
101,phylum>class>family,family+class+phylum,Development time,25,3,15,4,25,FALSE,0.16,0.88,0.07547169811320754,0.07547169811320754,0.07547169811320754,0.10256410256410255
101,phylum>class>family,family+class+phylum,Egg incubation period,9,0,5,3,3;5,TRUE,0.3333333333333333,1,0.03,0.06857142857142856,0.10714285714285714,0.11374407582938388
101,phylum>class>family,family+class+phylum,Egg-hatching success,13,0,8,3,3,FALSE,0.23076923076923078,1,0.10714285714285714,0.10714285714285714,0.10714285714285714,0.14634146341463414
101,phylum>class>family,family+class+phylum,Fecundity,72,3,22,20,25,FALSE,0.2777777777777778,0.9583333333333334,0.37735849056603776,0.37735849056603776,0.37735849056603776,0.32
101,phylum>class>family,family+class+phylum,Linear morphometrics,15,1,6,5,1,FALSE,0.3333333333333333,0.9333333333333333,0.2631578947368421,0.2631578947368421,0.2631578947368421,0.29411764705882354
101,phylum>class>family,family+class+phylum,Longevity / lifespan,34,1,13,7,7;25,TRUE,0.20588235294117646,0.9705882352941176,0.1320754716981132,0.16603773584905662,0.2,0.18382572366457775
101,phylum>class>family,family+class+phylum,Pre-oviposition interval,21,0,12,5,5,FALSE,0.23809523809523808,1,0.05,0.05,0.05,0.08264462809917356
101,phylum>class>family,family+class+phylum,Survival proportion,24,0,13,7,5,FALSE,0.2916666666666667,1,0.07,0.07,0.07,0.11290322580645162
102,phylum>family>class,family+class+phylum,Body mass / weight,41,0,13,19,5,FALSE,0.4634146341463415,1,0.15833333333333333,0.15833333333333333,0.15833333333333333,0.2360248447204969
102,phylum>family>class,family+class+phylum,Development rate,13,1,6,5,5,FALSE,0.38461538461538464,0.9230769230769231,0.041666666666666664,0.041666666666666664,0.041666666666666664,0.07518796992481201
102,phylum>family>class,family+class+phylum,Development time,25,3,12,4,5;21,TRUE,0.16,0.88,0.03333333333333333,0.05666666666666667,0.08,0.08369230769230769
102,phylum>family>class,family+class+phylum,Egg incubation period,9,1,4,4,5,FALSE,0.4444444444444444,0.8888888888888888,0.03333333333333333,0.03333333333333333,0.03333333333333333,0.06201550387596899
102,phylum>family>class,family+class+phylum,Egg-hatching success,13,0,7,4,5,FALSE,0.3076923076923077,1,0.03333333333333333,0.03333333333333333,0.03333333333333333,0.06015037593984962
102,phylum>family>class,family+class+phylum,Fecundity,72,4,18,19,21,FALSE,0.2638888888888889,0.9444444444444444,0.38,0.38,0.38,0.3114754098360656
102,phylum>family>class,family+class+phylum,Linear morphometrics,15,1,6,5,7,FALSE,0.3333333333333333,0.9333333333333333,0.4166666666666667,0.4166666666666667,0.4166666666666667,0.3703703703703704
102,phylum>family>class,family+class+phylum,Longevity / lifespan,34,1,15,8,21,FALSE,0.23529411764705882,0.9705882352941176,0.16,0.16,0.16,0.19047619047619052
102,phylum>family>class,family+class+phylum,Pre-oviposition interval,21,0,12,5,5,FALSE,0.23809523809523808,1,0.041666666666666664,0.041666666666666664,0.041666666666666664,0.07092198581560283
102,phylum>family>class,family+class+phylum,Survival proportion,24,0,10,8,5,FALSE,0.3333333333333333,1,0.06666666666666667,0.06666666666666667,0.06666666666666667,0.1111111111111111
103,class>family>stage,family+stage+class,Body mass / weight,41,4,15,6,18,FALSE,0.14634146341463414,0.9024390243902439,0.125,0.125,0.125,0.1348314606741573
103,class>family>stage,family+stage+class,Development rate,13,2,9,2,1;15,TRUE,0.15384615384615385,0.8461538461538461,0.1111111111111111,0.1984126984126984,0.2857142857142857,0.1733102253032929
103,class>family>stage,family+stage+class,Development time,25,9,13,2,1;27;32,TRUE,0.08,0.64,0.1111111111111111,0.18783068783068782,0.2857142857142857,0.11220861319636509
103,class>family>stage,family+stage+class,Egg incubation period,9,1,3,4,1,FALSE,0.4444444444444444,0.8888888888888888,0.2222222222222222,0.2222222222222222,0.2222222222222222,0.2962962962962963
103,class>family>stage,family+stage+class,Egg-hatching success,13,2,5,6,1,FALSE,0.46153846153846156,0.8461538461538461,0.3333333333333333,0.3333333333333333,0.3333333333333333,0.3870967741935484
103,class>family>stage,family+stage+class,Fecundity,72,10,17,20,35,FALSE,0.2777777777777778,0.8611111111111112,0.5,0.5,0.5,0.35714285714285715
103,class>family>stage,family+stage+class,Linear morphometrics,15,1,7,3,11;35,TRUE,0.2,0.9333333333333333,0.075,0.13125,0.1875,0.15849056603773584
103,class>family>stage,family+stage+class,Longevity / lifespan,34,4,17,5,35,FALSE,0.14705882352941177,0.8823529411764706,0.125,0.125,0.125,0.13513513513513511
103,class>family>stage,family+stage+class,Pre-oviposition interval,21,0,11,6,18,FALSE,0.2857142857142857,1,0.125,0.125,0.125,0.17391304347826086
103,class>family>stage,family+stage+class,Survival proportion,24,0,15,5,14,FALSE,0.20833333333333334,1,0.3125,0.3125,0.3125,0.25
104,class>stage>family,family+stage+class,Body mass / weight,41,6,13,6,12,FALSE,0.14634146341463414,0.8536585365853658,0.3333333333333333,0.3333333333333333,0.3333333333333333,0.2033898305084746
104,class>stage>family,family+stage+class,Development rate,13,2,8,3,7,FALSE,0.23076923076923078,0.8461538461538461,0.1111111111111111,0.1111111111111111,0.1111111111111111,0.15
104,class>stage>family,family+stage+class,Development time,25,8,13,2,0;18;24;27,TRUE,0.08,0.68,0.07692307692307693,0.16804029304029303,0.2857142857142857,0.10839548106032637
104,class>stage>family,family+stage+class,Egg incubation period,9,0,2,8,0,FALSE,0.8888888888888888,1,0.3076923076923077,0.3076923076923077,0.3076923076923077,0.4571428571428572
104,class>stage>family,family+stage+class,Egg-hatching success,13,0,5,8,0,FALSE,0.6153846153846154,1,0.3076923076923077,0.3076923076923077,0.3076923076923077,0.4102564102564103
104,class>stage>family,family+stage+class,Fecundity,72,7,19,15,29,FALSE,0.20833333333333334,0.9027777777777778,0.5,0.5,0.5,0.29411764705882354
104,class>stage>family,family+stage+class,Linear morphometrics,15,2,7,3,29,FALSE,0.2,0.8666666666666667,0.1,0.1,0.1,0.13333333333333333
104,class>stage>family,family+stage+class,Longevity / lifespan,34,7,18,4,26;29,TRUE,0.11764705882352941,0.7941176470588235,0.13333333333333333,0.16666666666666669,0.2,0.13793103448275865
104,class>stage>family,family+stage+class,Pre-oviposition interval,21,1,12,5,14,FALSE,0.23809523809523808,0.9523809523809523,0.16666666666666666,0.16666666666666666,0.16666666666666666,0.19607843137254902
104,class>stage>family,family+stage+class,Survival proportion,24,1,14,6,5,FALSE,0.25,0.9583333333333334,0.1935483870967742,0.1935483870967742,0.1935483870967742,0.21818181818181817
105,family>class>stage,family+stage+class,Body mass / weight,41,4,17,7,9,FALSE,0.17073170731707318,0.9024390243902439,0.21875,0.21875,0.21875,0.19178082191780824
105,family>class>stage,family+stage+class,Development rate,13,2,8,3,13,FALSE,0.23076923076923078,0.8461538461538461,0.1875,0.1875,0.1875,0.20689655172413793
105,family>class>stage,family+stage+class,Development time,25,8,14,2,1;26;30,TRUE,0.08,0.68,0.1111111111111111,0.18783068783068782,0.2857142857142857,0.11220861319636509
105,family>class>stage,family+stage+class,Egg incubation period,9,0,3,5,1,FALSE,0.5555555555555556,1,0.2777777777777778,0.2777777777777778,0.2777777777777778,0.3703703703703704
105,family>class>stage,family+stage+class,Egg-hatching success,13,0,6,4,1;2,TRUE,0.3076923076923077,1,0.2222222222222222,0.3611111111111111,0.5,0.33226837060702874
105,family>class>stage,family+stage+class,Fecundity,72,9,20,13,32,FALSE,0.18055555555555555,0.875,0.48148148148148145,0.48148148148148145,0.48148148148148145,0.26262626262626265
105,family>class>stage,family+stage+class,Linear morphometrics,15,1,9,3,5,FALSE,0.2,0.9333333333333333,0.15789473684210525,0.15789473684210525,0.15789473684210525,0.17647058823529413
105,family>class>stage,family+stage+class,Longevity / lifespan,34,7,19,3,32;33,TRUE,0.08823529411764706,0.7941176470588235,0.1111111111111111,0.1388888888888889,0.16666666666666666,0.1079136690647482
105,family>class>stage,family+stage+class,Pre-oviposition interval,21,0,11,5,7,FALSE,0.23809523809523808,1,0.1282051282051282,0.1282051282051282,0.1282051282051282,0.16666666666666666
105,family>class>stage,family+stage+class,Survival proportion,24,0,15,5,9,FALSE,0.20833333333333334,1,0.15625,0.15625,0.15625,0.17857142857142858
106,family>stage>class,family+stage+class,Body mass / weight,41,8,14,9,14,FALSE,0.21951219512195122,0.8048780487804879,0.15517241379310345,0.15517241379310345,0.15517241379310345,0.18181818181818182
106,family>stage>class,family+stage+class,Development rate,13,4,9,1,1;2;3;4;16;19;25;26;27,TRUE,0.07692307692307693,0.6923076923076923,0.05263157894736842,0.11515531252373357,0.16666666666666666,0.09223422779497084
106,family>stage>class,family+stage+class,Development time,25,8,13,2,1;8;25;26,TRUE,0.08,0.68,0.10526315789473684,0.16718880534670008,0.2857142857142857,0.10821771972218937
106,family>stage>class,family+stage+class,Egg incubation period,9,0,3,7,1,FALSE,0.7777777777777778,1,0.3684210526315789,0.3684210526315789,0.3684210526315789,0.5
106,family>stage>class,family+stage+class,Egg-hatching success,13,0,6,4,1;2,TRUE,0.3076923076923077,1,0.21052631578947367,0.39097744360902253,0.5714285714285714,0.3443708609271523
106,family>stage>class,family+stage+class,Fecundity,72,9,20,12,33,FALSE,0.16666666666666666,0.875,0.5454545454545454,0.5454545454545454,0.5454545454545454,0.2553191489361702
106,family>stage>class,family+stage+class,Linear morphometrics,15,1,9,3,8,FALSE,0.2,0.9333333333333333,0.16666666666666666,0.16666666666666666,0.16666666666666666,0.1818181818181818
106,family>stage>class,family+stage+class,Longevity / lifespan,34,5,17,3,8;14;31;32,TRUE,0.08823529411764706,0.8529411764705882,0.05172413793103448,0.19246534820824882,0.375,0.1209989151851934
106,family>stage>class,family+stage+class,Pre-oviposition interval,21,0,11,8,14,FALSE,0.38095238095238093,1,0.13793103448275862,0.13793103448275862,0.13793103448275862,0.20253164556962022
106,family>stage>class,family+stage+class,Survival proportion,24,0,13,7,14,FALSE,0.2916666666666667,1,0.1206896551724138,0.1206896551724138,0.1206896551724138,0.17073170731707318
107,stage>class>family,family+stage+class,Body mass / weight,41,6,16,9,17,FALSE,0.21951219512195122,0.8536585365853658,0.25,0.25,0.25,0.2337662337662338
107,stage>class>family,family+stage+class,Development rate,13,3,8,2,14;23,TRUE,0.15384615384615385,0.7692307692307693,0.2222222222222222,0.2777777777777778,0.3333333333333333,0.198019801980198
107,stage>class>family,family+stage+class,Development time,25,9,13,2,11;28;33,TRUE,0.08,0.64,0.18181818181818182,0.22251082251082252,0.2857142857142857,0.11768746422438468
107,stage>class>family,family+stage+class,Egg incubation period,9,1,4,3,14,FALSE,0.3333333333333333,0.8888888888888888,0.3333333333333333,0.3333333333333333,0.3333333333333333,0.3333333333333333
107,stage>class>family,family+stage+class,Egg-hatching success,13,1,7,4,15,FALSE,0.3076923076923077,0.9230769230769231,0.5,0.5,0.5,0.380952380952381
107,stage>class>family,family+stage+class,Fecundity,72,9,21,9,37,FALSE,0.125,0.875,0.47368421052631576,0.47368421052631576,0.47368421052631576,0.19780219780219782
107,stage>class>family,family+stage+class,Linear morphometrics,15,1,9,3,13,FALSE,0.2,0.9333333333333333,0.6,0.6,0.6,0.3
107,stage>class>family,family+stage+class,Longevity / lifespan,34,9,18,2,5;12;17;31;32;36;37,TRUE,0.058823529411764705,0.7352941176470589,0.05555555555555555,0.18830083867677852,0.2857142857142857,0.0896432837266359
107,stage>class>family,family+stage+class,Pre-oviposition interval,21,1,11,6,1,FALSE,0.2857142857142857,0.9523809523809523,0.15789473684210525,0.15789473684210525,0.15789473684210525,0.2033898305084746
107,stage>class>family,family+stage+class,Survival proportion,24,0,14,7,17,FALSE,0.2916666666666667,1,0.19444444444444445,0.19444444444444445,0.19444444444444445,0.2333333333333333
108,stage>family>class,family+stage+class,Body mass / weight,41,5,15,9,1,FALSE,0.21951219512195122,0.8780487804878049,0.125,0.125,0.125,0.15929203539823011
108,stage>family>class,family+stage+class,Development rate,13,2,8,3,11,FALSE,0.23076923076923078,0.8461538461538461,0.1111111111111111,0.1111111111111111,0.1111111111111111,0.15
108,stage>family>class,family+stage+class,Development time,25,9,12,2,0;8;25;27,TRUE,0.08,0.64,0.07692307692307693,0.16843711843711845,0.2857142857142857,0.10847790829114858
108,stage>family>class,family+stage+class,Egg incubation period,9,0,2,8,0,FALSE,0.8888888888888888,1,0.3076923076923077,0.3076923076923077,0.3076923076923077,0.4571428571428572
108,stage>family>class,family+stage+class,Egg-hatching success,13,1,4,8,0,FALSE,0.6153846153846154,0.9230769230769231,0.3076923076923077,0.3076923076923077,0.3076923076923077,0.4102564102564103
108,stage>family>class,family+stage+class,Fecundity,72,9,20,9,1;31,TRUE,0.125,0.875,0.125,0.34375,0.5625,0.18333333333333332
108,stage>family>class,family+stage+class,Linear morphometrics,15,1,8,3,7;30,TRUE,0.2,0.9333333333333333,0.2,0.25,0.3,0.22222222222222224
108,stage>family>class,family+stage+class,Longevity / lifespan,34,4,16,5,21,FALSE,0.14705882352941177,0.8823529411764706,0.25,0.25,0.25,0.18518518518518517
108,stage>family>class,family+stage+class,Pre-oviposition interval,21,0,11,7,1,FALSE,0.3333333333333333,1,0.09722222222222222,0.09722222222222222,0.09722222222222222,0.15053763440860216
108,stage>family>class,family+stage+class,Survival proportion,24,1,13,6,1,FALSE,0.25,0.9583333333333334,0.08333333333333333,0.08333333333333333,0.08333333333333333,0.125
109,family>phylum>stage,family+stage+phylum,Body mass / weight,41,4,19,9,17,FALSE,0.21951219512195122,0.9024390243902439,0.15517241379310345,0.15517241379310345,0.15517241379310345,0.18181818181818182
109,family>phylum>stage,family+stage+phylum,Development rate,13,2,8,3,7,FALSE,0.23076923076923078,0.8461538461538461,0.17647058823529413,0.17647058823529413,0.17647058823529413,0.20000000000000004
109,family>phylum>stage,family+stage+phylum,Development time,25,7,15,2,1;29;34,TRUE,0.08,0.72,0.07692307692307693,0.2542124542124542,0.4,0.12170100832967996
109,family>phylum>stage,family+stage+phylum,Egg incubation period,9,0,2,8,1,FALSE,0.8888888888888888,1,0.3076923076923077,0.3076923076923077,0.3076923076923077,0.4571428571428572
109,family>phylum>stage,family+stage+phylum,Egg-hatching success,13,0,5,8,1,FALSE,0.6153846153846154,1,0.3076923076923077,0.3076923076923077,0.3076923076923077,0.4102564102564103
109,family>phylum>stage,family+stage+phylum,Fecundity,72,6,22,16,36,FALSE,0.2222222222222222,0.9166666666666666,0.48484848484848486,0.48484848484848486,0.48484848484848486,0.30476190476190473
109,family>phylum>stage,family+stage+phylum,Linear morphometrics,15,1,7,3,3;36,TRUE,0.2,0.9333333333333333,0.09090909090909091,0.34545454545454546,0.6,0.25333333333333335
109,family>phylum>stage,family+stage+phylum,Longevity / lifespan,34,4,20,4,36,FALSE,0.11764705882352941,0.8823529411764706,0.12121212121212122,0.12121212121212122,0.12121212121212122,0.11940298507462688
109,family>phylum>stage,family+stage+phylum,Pre-oviposition interval,21,1,11,7,17,FALSE,0.3333333333333333,0.9523809523809523,0.1206896551724138,0.1206896551724138,0.1206896551724138,0.17721518987341772
109,family>phylum>stage,family+stage+phylum,Survival proportion,24,0,13,7,17,FALSE,0.2916666666666667,1,0.1206896551724138,0.1206896551724138,0.1206896551724138,0.17073170731707318
110,family>stage>phylum,family+stage+phylum,Body mass / weight,41,3,20,6,26,FALSE,0.14634146341463414,0.926829268292683,0.125,0.125,0.125,0.1348314606741573
110,family>stage>phylum,family+stage+phylum,Development rate,13,2,8,3,5,FALSE,0.23076923076923078,0.8461538461538461,0.125,0.125,0.125,0.16216216216216217
110,family>stage>phylum,family+stage+phylum,Development time,25,7,14,3,1,FALSE,0.12,0.72,0.2727272727272727,0.2727272727272727,0.2727272727272727,0.16666666666666666
110,family>stage>phylum,family+stage+phylum,Egg incubation period,9,1,3,4,10,FALSE,0.4444444444444444,0.8888888888888888,0.3076923076923077,0.3076923076923077,0.3076923076923077,0.3636363636363637
110,family>stage>phylum,family+stage+phylum,Egg-hatching success,13,1,6,4,11,FALSE,0.3076923076923077,0.9230769230769231,0.4,0.4,0.4,0.34782608695652173
110,family>stage>phylum,family+stage+phylum,Fecundity,72,8,22,12,37,FALSE,0.16666666666666666,0.8888888888888888,0.48,0.48,0.48,0.24742268041237112
110,family>stage>phylum,family+stage+phylum,Linear morphometrics,15,1,9,3,3,FALSE,0.2,0.9333333333333333,0.6,0.6,0.6,0.3
110,family>stage>phylum,family+stage+phylum,Longevity / lifespan,34,4,19,3,33;34;37;39,TRUE,0.08823529411764706,0.8823529411764706,0.12,0.2314423076923077,0.375,0.1277623454059697
110,family>stage>phylum,family+stage+phylum,Pre-oviposition interval,21,0,12,4,26;37,TRUE,0.19047619047619047,1,0.08333333333333333,0.12166666666666667,0.16,0.1484871599288075
110,family>stage>phylum,family+stage+phylum,Survival proportion,24,0,15,6,26,FALSE,0.25,1,0.125,0.125,0.125,0.16666666666666666
111,phylum>family>stage,family+stage+phylum,Body mass / weight,41,3,19,6,21,FALSE,0.14634146341463414,0.926829268292683,0.13333333333333333,0.13333333333333333,0.13333333333333333,0.13953488372093023
111,phylum>family>stage,family+stage+phylum,Development rate,13,4,8,2,9,FALSE,0.15384615384615385,0.6923076923076923,0.15384615384615385,0.15384615384615385,0.15384615384615385,0.15384615384615385
111,phylum>family>stage,family+stage+phylum,Development time,25,9,14,2,29;33,TRUE,0.08,0.64,0.16666666666666666,0.22619047619047616,0.2857142857142857,0.1181959564541213
111,phylum>family>stage,family+stage+phylum,Egg incubation period,9,1,3,4,9,FALSE,0.4444444444444444,0.8888888888888888,0.3076923076923077,0.3076923076923077,0.3076923076923077,0.3636363636363637
111,phylum>family>stage,family+stage+phylum,Egg-hatching success,13,3,6,3,9,FALSE,0.23076923076923078,0.7692307692307693,0.23076923076923078,0.23076923076923078,0.23076923076923078,0.23076923076923078
111,phylum>family>stage,family+stage+phylum,Fecundity,72,8,20,20,35,FALSE,0.2777777777777778,0.8888888888888888,0.5263157894736842,0.5263157894736842,0.5263157894736842,0.36363636363636365
111,phylum>family>stage,family+stage+phylum,Linear morphometrics,15,1,8,3,1;35,TRUE,0.2,0.9333333333333333,0.07894736842105263,0.33947368421052626,0.6,0.25170731707317073
111,phylum>family>stage,family+stage+phylum,Longevity / lifespan,34,4,17,4,35;36,TRUE,0.11764705882352941,0.8823529411764706,0.10526315789473684,0.25263157894736843,0.4,0.1605351170568562
111,phylum>family>stage,family+stage+phylum,Pre-oviposition interval,21,0,11,6,21,FALSE,0.2857142857142857,1,0.13333333333333333,0.13333333333333333,0.13333333333333333,0.18181818181818182
111,phylum>family>stage,family+stage+phylum,Survival proportion,24,0,13,6,11,FALSE,0.25,1,0.3333333333333333,0.3333333333333333,0.3333333333333333,0.28571428571428575
112,phylum>stage>family,family+stage+phylum,Body mass / weight,41,4,18,7,5,FALSE,0.17073170731707318,0.9024390243902439,0.4117647058823529,0.4117647058823529,0.4117647058823529,0.24137931034482757
112,phylum>stage>family,family+stage+phylum,Development rate,13,5,8,1,4;6;11;16;20;27;32;33,TRUE,0.07692307692307693,0.6153846153846154,0.08333333333333333,0.1200487012987013,0.16666666666666666,0.0937648587821346
112,phylum>stage>family,family+stage+phylum,Development time,25,8,15,2,27;32,TRUE,0.08,0.68,0.16666666666666666,0.22619047619047616,0.2857142857142857,0.1181959564541213
112,phylum>stage>family,family+stage+phylum,Egg incubation period,9,5,3,2,16,FALSE,0.2222222222222222,0.4444444444444444,0.18181818181818182,0.18181818181818182,0.18181818181818182,0.19999999999999998
112,phylum>stage>family,family+stage+phylum,Egg-hatching success,13,2,6,3,16;17,TRUE,0.23076923076923078,0.8461538461538461,0.2727272727272727,0.43636363636363634,0.6,0.30188679245283023
112,phylum>stage>family,family+stage+phylum,Fecundity,72,8,18,12,34,FALSE,0.16666666666666666,0.8888888888888888,0.6,0.6,0.6,0.2608695652173913
112,phylum>stage>family,family+stage+phylum,Linear morphometrics,15,1,8,3,2,FALSE,0.2,0.9333333333333333,0.6,0.6,0.6,0.3
112,phylum>stage>family,family+stage+phylum,Longevity / lifespan,34,5,18,4,36,FALSE,0.11764705882352941,0.8529411764705882,0.3333333333333333,0.3333333333333333,0.3333333333333333,0.1739130434782609
112,phylum>stage>family,family+stage+phylum,Pre-oviposition interval,21,0,12,6,12,FALSE,0.2857142857142857,1,0.1111111111111111,0.1111111111111111,0.1111111111111111,0.16
112,phylum>stage>family,family+stage+phylum,Survival proportion,24,0,12,7,12,FALSE,0.2916666666666667,1,0.12962962962962962,0.12962962962962962,0.12962962962962962,0.1794871794871795
113,stage>family>phylum,family+stage+phylum,Body mass / weight,41,3,17,6,13,FALSE,0.14634146341463414,0.926829268292683,0.75,0.75,0.75,0.24489795918367344
113,stage>family>phylum,family+stage+phylum,Development rate,13,2,8,3,14,FALSE,0.23076923076923078,0.8461538461538461,0.125,0.125,0.125,0.16216216216216217
113,stage>family>phylum,family+stage+phylum,Development time,25,8,15,2,28;32,TRUE,0.08,0.68,0.18181818181818182,0.23376623376623376,0.2857142857142857,0.11920529801324505
113,stage>family>phylum,family+stage+phylum,Egg incubation period,9,1,3,4,8,FALSE,0.4444444444444444,0.8888888888888888,0.26666666666666666,0.26666666666666666,0.26666666666666666,0.33333333333333337
113,stage>family>phylum,family+stage+phylum,Egg-hatching success,13,1,6,4,9,FALSE,0.3076923076923077,0.9230769230769231,0.5,0.5,0.5,0.380952380952381
113,stage>family>phylum,family+stage+phylum,Fecundity,72,6,19,12,36,FALSE,0.16666666666666666,0.9166666666666666,0.5217391304347826,0.5217391304347826,0.5217391304347826,0.25263157894736843
113,stage>family>phylum,family+stage+phylum,Linear morphometrics,15,1,9,3,4,FALSE,0.2,0.9333333333333333,0.6,0.6,0.6,0.3
113,stage>family>phylum,family+stage+phylum,Longevity / lifespan,34,4,18,5,35,FALSE,0.14705882352941177,0.8823529411764706,0.5,0.5,0.5,0.22727272727272727
113,stage>family>phylum,family+stage+phylum,Pre-oviposition interval,21,0,11,6,7,FALSE,0.2857142857142857,1,0.1111111111111111,0.1111111111111111,0.1111111111111111,0.16
113,stage>family>phylum,family+stage+phylum,Survival proportion,24,2,11,7,7,FALSE,0.2916666666666667,0.9166666666666666,0.12962962962962962,0.12962962962962962,0.12962962962962962,0.1794871794871795
114,stage>phylum>family,family+stage+phylum,Body mass / weight,41,6,16,8,2,FALSE,0.1951219512195122,0.8536585365853658,0.4,0.4,0.4,0.26229508196721313
114,stage>phylum>family,family+stage+phylum,Development rate,13,2,8,3,17,FALSE,0.23076923076923078,0.8461538461538461,0.2,0.2,0.2,0.21428571428571427
114,stage>phylum>family,family+stage+phylum,Development time,25,8,14,3,29,FALSE,0.12,0.68,0.25,0.25,0.25,0.16216216216216217
114,stage>phylum>family,family+stage+phylum,Egg incubation period,9,2,3,4,14,FALSE,0.4444444444444444,0.7777777777777778,0.3076923076923077,0.3076923076923077,0.3076923076923077,0.3636363636363637
114,stage>phylum>family,family+stage+phylum,Egg-hatching success,13,2,6,3,14;15,TRUE,0.23076923076923078,0.8461538461538461,0.23076923076923078,0.32967032967032966,0.42857142857142855,0.27149321266968324
114,stage>phylum>family,family+stage+phylum,Fecundity,72,13,21,15,37,FALSE,0.20833333333333334,0.8194444444444444,0.5172413793103449,0.5172413793103449,0.5172413793103449,0.297029702970297
114,stage>phylum>family,family+stage+phylum,Linear morphometrics,15,1,9,3,3,FALSE,0.2,0.9333333333333333,0.6,0.6,0.6,0.3
114,stage>phylum>family,family+stage+phylum,Longevity / lifespan,34,6,17,3,22;31;36;37,TRUE,0.08823529411764706,0.8235294117647058,0.06382978723404255,0.17250133395584605,0.2727272727272727,0.11675157456581295
114,stage>phylum>family,family+stage+phylum,Pre-oviposition interval,21,2,11,5,22,FALSE,0.23809523809523808,0.9047619047619048,0.10638297872340426,0.10638297872340426,0.10638297872340426,0.14705882352941177
114,stage>phylum>family,family+stage+phylum,Survival proportion,24,1,13,6,22,FALSE,0.25,0.9583333333333334,0.1276595744680851,0.1276595744680851,0.1276595744680851,0.16901408450704225
115,class>name>phylum,name+class+phylum,Body mass / weight,41,2,5,11,4,FALSE,0.2682926829268293,0.9512195121951219,0.55,0.55,0.55,0.36065573770491804
115,class>name>phylum,name+class+phylum,Development rate,13,0,2,7,24,FALSE,0.5384615384615384,1,1,1,1,0.7000000000000001
115,class>name>phylum,name+class+phylum,Development time,25,0,2,18,21,FALSE,0.72,1,1,1,1,0.8372093023255813
115,class>name>phylum,name+class+phylum,Egg incubation period,9,0,1,9,28,FALSE,1,1,1,1,1,1
115,class>name>phylum,name+class+phylum,Egg-hatching success,13,1,2,9,30,FALSE,0.6923076923076923,0.9230769230769231,0.75,0.75,0.75,0.7199999999999999
115,class>name>phylum,name+class+phylum,Fecundity,72,23,5,18,35,FALSE,0.25,0.6805555555555556,1,1,1,0.4
115,class>name>phylum,name+class+phylum,Linear morphometrics,15,2,2,9,4,FALSE,0.6,0.8666666666666667,0.45,0.45,0.45,0.5142857142857143
115,class>name>phylum,name+class+phylum,Longevity / lifespan,34,3,2,22,3,FALSE,0.6470588235294118,0.9117647058823529,0.9565217391304348,0.9565217391304348,0.9565217391304348,0.7719298245614036
115,class>name>phylum,name+class+phylum,Pre-oviposition interval,21,4,3,10,31,FALSE,0.47619047619047616,0.8095238095238095,0.9090909090909091,0.9090909090909091,0.9090909090909091,0.6249999999999999
115,class>name>phylum,name+class+phylum,Survival proportion,24,0,2,15,9,FALSE,0.625,1,1,1,1,0.7692307692307693
116,class>phylum>name,name+class+phylum,Body mass / weight,41,3,5,10,3,FALSE,0.24390243902439024,0.926829268292683,0.5263157894736842,0.5263157894736842,0.5263157894736842,0.3333333333333333
116,class>phylum>name,name+class+phylum,Development rate,13,0,2,7,14,FALSE,0.5384615384615384,1,1,1,1,0.7000000000000001
116,class>phylum>name,name+class+phylum,Development time,25,0,2,18,12,FALSE,0.72,1,1,1,1,0.8372093023255813
116,class>phylum>name,name+class+phylum,Egg incubation period,9,0,1,9,25,FALSE,1,1,1,1,1,1
116,class>phylum>name,name+class+phylum,Egg-hatching success,13,1,2,9,28,FALSE,0.6923076923076923,0.9230769230769231,0.8181818181818182,0.8181818181818182,0.8181818181818182,0.7500000000000001
116,class>phylum>name,name+class+phylum,Fecundity,72,23,4,27,33,FALSE,0.375,0.6805555555555556,1,1,1,0.5454545454545454
116,class>phylum>name,name+class+phylum,Linear morphometrics,15,2,2,9,3,FALSE,0.6,0.8666666666666667,0.47368421052631576,0.47368421052631576,0.47368421052631576,0.5294117647058824
116,class>phylum>name,name+class+phylum,Longevity / lifespan,34,3,2,22,11,FALSE,0.6470588235294118,0.9117647058823529,0.9565217391304348,0.9565217391304348,0.9565217391304348,0.7719298245614036
116,class>phylum>name,name+class+phylum,Pre-oviposition interval,21,4,3,10,31,FALSE,0.47619047619047616,0.8095238095238095,0.9090909090909091,0.9090909090909091,0.9090909090909091,0.6249999999999999
116,class>phylum>name,name+class+phylum,Survival proportion,24,0,2,15,21,FALSE,0.625,1,1,1,1,0.7692307692307693
117,name>class>phylum,name+class+phylum,Body mass / weight,41,7,6,9,20,FALSE,0.21951219512195122,0.8292682926829268,1,1,1,0.36
117,name>class>phylum,name+class+phylum,Development rate,13,0,2,7,24,FALSE,0.5384615384615384,1,1,1,1,0.7000000000000001
117,name>class>phylum,name+class+phylum,Development time,25,0,2,18,22,FALSE,0.72,1,1,1,1,0.8372093023255813
117,name>class>phylum,name+class+phylum,Egg incubation period,9,0,1,9,7,FALSE,1,1,1,1,1,1
117,name>class>phylum,name+class+phylum,Egg-hatching success,13,1,1,12,29,FALSE,0.9230769230769231,0.9230769230769231,0.8571428571428571,0.8571428571428571,0.8571428571428571,0.888888888888889
117,name>class>phylum,name+class+phylum,Fecundity,72,23,6,15,37,FALSE,0.20833333333333334,0.6805555555555556,1,1,1,0.3448275862068966
117,name>class>phylum,name+class+phylum,Linear morphometrics,15,10,2,3,26,FALSE,0.2,0.3333333333333333,0.5,0.5,0.5,0.28571428571428575
117,name>class>phylum,name+class+phylum,Longevity / lifespan,34,2,2,23,10,FALSE,0.6764705882352942,0.9411764705882353,0.9583333333333334,0.9583333333333334,0.9583333333333334,0.7931034482758621
117,name>class>phylum,name+class+phylum,Pre-oviposition interval,21,4,3,10,33,FALSE,0.47619047619047616,0.8095238095238095,0.9090909090909091,0.9090909090909091,0.9090909090909091,0.6249999999999999
117,name>class>phylum,name+class+phylum,Survival proportion,24,0,3,9,14;19,TRUE,0.375,1,1,1,1,0.5454545454545454
118,name>phylum>class,name+class+phylum,Body mass / weight,41,3,5,10,23,FALSE,0.24390243902439024,0.926829268292683,0.5555555555555556,0.5555555555555556,0.5555555555555556,0.33898305084745767
118,name>phylum>class,name+class+phylum,Development rate,13,0,2,7,21,FALSE,0.5384615384615384,1,1,1,1,0.7000000000000001
118,name>phylum>class,name+class+phylum,Development time,25,0,2,18,19,FALSE,0.72,1,1,1,1,0.8372093023255813
118,name>phylum>class,name+class+phylum,Egg incubation period,9,0,1,9,5,FALSE,1,1,1,1,1,1
118,name>phylum>class,name+class+phylum,Egg-hatching success,13,1,1,12,24,FALSE,0.9230769230769231,0.9230769230769231,0.9230769230769231,0.9230769230769231,0.9230769230769231,0.9230769230769231
118,name>phylum>class,name+class+phylum,Fecundity,72,23,4,19,33,FALSE,0.2638888888888889,0.6805555555555556,1,1,1,0.4175824175824176
118,name>phylum>class,name+class+phylum,Linear morphometrics,15,7,1,8,23,FALSE,0.5333333333333333,0.5333333333333333,0.4444444444444444,0.4444444444444444,0.4444444444444444,0.4848484848484848
118,name>phylum>class,name+class+phylum,Longevity / lifespan,34,2,2,23,7,FALSE,0.6764705882352942,0.9411764705882353,0.9583333333333334,0.9583333333333334,0.9583333333333334,0.7931034482758621
118,name>phylum>class,name+class+phylum,Pre-oviposition interval,21,5,2,11,30,FALSE,0.5238095238095238,0.7619047619047619,0.9166666666666666,0.9166666666666666,0.9166666666666666,0.6666666666666667
118,name>phylum>class,name+class+phylum,Survival proportion,24,1,2,15,11,FALSE,0.625,0.9583333333333334,1,1,1,0.7692307692307693
119,phylum>class>name,name+class+phylum,Body mass / weight,41,3,5,10,5,FALSE,0.24390243902439024,0.926829268292683,0.5263157894736842,0.5263157894736842,0.5263157894736842,0.3333333333333333
119,phylum>class>name,name+class+phylum,Development rate,13,0,2,7,21,FALSE,0.5384615384615384,1,1,1,1,0.7000000000000001
119,phylum>class>name,name+class+phylum,Development time,25,0,2,18,18,FALSE,0.72,1,1,1,1,0.8372093023255813
119,phylum>class>name,name+class+phylum,Egg incubation period,9,0,1,9,22,FALSE,1,1,1,1,1,1
119,phylum>class>name,name+class+phylum,Egg-hatching success,13,1,1,12,24,FALSE,0.9230769230769231,0.9230769230769231,0.8,0.8,0.8,0.8571428571428571
119,phylum>class>name,name+class+phylum,Fecundity,72,21,4,27,29,FALSE,0.375,0.7083333333333334,1,1,1,0.5454545454545454
119,phylum>class>name,name+class+phylum,Linear morphometrics,15,4,2,9,5,FALSE,0.6,0.7333333333333333,0.47368421052631576,0.47368421052631576,0.47368421052631576,0.5294117647058824
119,phylum>class>name,name+class+phylum,Longevity / lifespan,34,1,2,24,10,FALSE,0.7058823529411765,0.9705882352941176,0.96,0.96,0.96,0.8135593220338982
119,phylum>class>name,name+class+phylum,Pre-oviposition interval,21,6,2,10,32,FALSE,0.47619047619047616,0.7142857142857143,0.9090909090909091,0.9090909090909091,0.9090909090909091,0.6249999999999999
119,phylum>class>name,name+class+phylum,Survival proportion,24,0,3,10,16,FALSE,0.4166666666666667,1,1,1,1,0.5882352941176471
120,phylum>name>class,name+class+phylum,Body mass / weight,41,3,5,10,21,FALSE,0.24390243902439024,0.926829268292683,0.5263157894736842,0.5263157894736842,0.5263157894736842,0.3333333333333333
120,phylum>name>class,name+class+phylum,Development rate,13,0,2,7,23,FALSE,0.5384615384615384,1,1,1,1,0.7000000000000001
120,phylum>name>class,name+class+phylum,Development time,25,0,2,18,24,FALSE,0.72,1,1,1,1,0.8372093023255813
120,phylum>name>class,name+class+phylum,Egg incubation period,9,0,1,9,15,FALSE,1,1,1,1,1,1
120,phylum>name>class,name+class+phylum,Egg-hatching success,13,1,1,12,26,FALSE,0.9230769230769231,0.9230769230769231,0.8,0.8,0.8,0.8571428571428571
120,phylum>name>class,name+class+phylum,Fecundity,72,21,4,17,29,FALSE,0.2361111111111111,0.7083333333333334,1,1,1,0.38202247191011235
120,phylum>name>class,name+class+phylum,Linear morphometrics,15,4,2,9,21,FALSE,0.6,0.7333333333333333,0.47368421052631576,0.47368421052631576,0.47368421052631576,0.5294117647058824
120,phylum>name>class,name+class+phylum,Longevity / lifespan,34,1,2,24,2,FALSE,0.7058823529411765,0.9705882352941176,0.96,0.96,0.96,0.8135593220338982
120,phylum>name>class,name+class+phylum,Pre-oviposition interval,21,4,3,10,32,FALSE,0.47619047619047616,0.8095238095238095,1,1,1,0.6451612903225806
120,phylum>name>class,name+class+phylum,Survival proportion,24,0,2,15,4,FALSE,0.625,1,1,1,1,0.7692307692307693
121,class>def>name,name+def+class,Body mass / weight,41,1,3,20,8,FALSE,0.4878048780487805,0.975609756097561,0.8,0.8,0.8,0.6060606060606061
121,class>def>name,name+def+class,Development rate,13,7,1,6,13,FALSE,0.46153846153846156,0.46153846153846156,0.047619047619047616,0.047619047619047616,0.047619047619047616,0.08633093525179858
121,class>def>name,name+def+class,Development time,25,3,2,15,13,FALSE,0.6,0.88,0.11904761904761904,0.11904761904761904,0.11904761904761904,0.1986754966887417
121,class>def>name,name+def+class,Egg incubation period,9,1,1,8,15,FALSE,0.8888888888888888,0.8888888888888888,0.13793103448275862,0.13793103448275862,0.13793103448275862,0.23880597014925373
121,class>def>name,name+def+class,Egg-hatching success,13,4,2,8,11,FALSE,0.6153846153846154,0.6923076923076923,0.8,0.8,0.8,0.6956521739130435
121,class>def>name,name+def+class,Fecundity,72,14,3,51,13,FALSE,0.7083333333333334,0.8055555555555556,0.40476190476190477,0.40476190476190477,0.40476190476190477,0.5151515151515152
121,class>def>name,name+def+class,Linear morphometrics,15,2,2,9,1,FALSE,0.6,0.8666666666666667,0.4090909090909091,0.4090909090909091,0.4090909090909091,0.4864864864864865
121,class>def>name,name+def+class,Longevity / lifespan,34,6,4,14,13,FALSE,0.4117647058823529,0.8235294117647058,0.1111111111111111,0.1111111111111111,0.1111111111111111,0.17500000000000002
121,class>def>name,name+def+class,Pre-oviposition interval,21,3,2,10,13,FALSE,0.47619047619047616,0.8571428571428571,0.07936507936507936,0.07936507936507936,0.07936507936507936,0.13605442176870747
121,class>def>name,name+def+class,Survival proportion,24,4,3,12,12,FALSE,0.5,0.8333333333333334,1,1,1,0.6666666666666666
122,class>name>def,name+def+class,Body mass / weight,41,2,3,19,12,FALSE,0.4634146341463415,0.9512195121951219,1,1,1,0.6333333333333334
122,class>name>def,name+def+class,Development rate,13,7,1,6,21,FALSE,0.46153846153846156,0.46153846153846156,0.3333333333333333,0.3333333333333333,0.3333333333333333,0.3870967741935484
122,class>name>def,name+def+class,Development time,25,8,2,12,21,FALSE,0.48,0.68,0.6666666666666666,0.6666666666666666,0.6666666666666666,0.5581395348837209
122,class>name>def,name+def+class,Egg incubation period,9,1,1,8,20,FALSE,0.8888888888888888,0.8888888888888888,1,1,1,0.9411764705882353
122,class>name>def,name+def+class,Egg-hatching success,13,4,1,9,10,FALSE,0.6923076923076923,0.6923076923076923,1,1,1,0.8181818181818181
122,class>name>def,name+def+class,Fecundity,72,9,2,54,9,FALSE,0.75,0.875,0.9818181818181818,0.9818181818181818,0.9818181818181818,0.8503937007874015
122,class>name>def,name+def+class,Linear morphometrics,15,6,1,9,4,FALSE,0.6,0.6,0.4090909090909091,0.4090909090909091,0.4090909090909091,0.4864864864864865
122,class>name>def,name+def+class,Longevity / lifespan,34,9,3,11,17,FALSE,0.3235294117647059,0.7352941176470589,1,1,1,0.48888888888888893
122,class>name>def,name+def+class,Pre-oviposition interval,21,4,2,10,14,FALSE,0.47619047619047616,0.8095238095238095,0.47619047619047616,0.47619047619047616,0.47619047619047616,0.47619047619047616
122,class>name>def,name+def+class,Survival proportion,24,4,2,15,11,FALSE,0.625,0.8333333333333334,1,1,1,0.7692307692307693
123,def>class>name,name+def+class,Body mass / weight,41,10,3,14,7,FALSE,0.34146341463414637,0.7560975609756098,1,1,1,0.5090909090909091
123,def>class>name,name+def+class,Development rate,13,8,1,5,17,FALSE,0.38461538461538464,0.38461538461538464,0.2631578947368421,0.2631578947368421,0.2631578947368421,0.3125
123,def>class>name,name+def+class,Development time,25,11,1,14,17,FALSE,0.56,0.56,0.7368421052631579,0.7368421052631579,0.7368421052631579,0.6363636363636364
123,def>class>name,name+def+class,Egg incubation period,9,1,1,8,12,FALSE,0.8888888888888888,0.8888888888888888,1,1,1,0.9411764705882353
123,def>class>name,name+def+class,Egg-hatching success,13,4,1,9,11,FALSE,0.6923076923076923,0.6923076923076923,1,1,1,0.8181818181818181
123,def>class>name,name+def+class,Fecundity,72,14,1,58,13,FALSE,0.8055555555555556,0.8055555555555556,1,1,1,0.8923076923076924
123,def>class>name,name+def+class,Linear morphometrics,15,7,1,8,5,FALSE,0.5333333333333333,0.5333333333333333,1,1,1,0.6956521739130436
123,def>class>name,name+def+class,Longevity / lifespan,34,11,3,13,16,FALSE,0.38235294117647056,0.6764705882352942,0.7647058823529411,0.7647058823529411,0.7647058823529411,0.5098039215686274
123,def>class>name,name+def+class,Pre-oviposition interval,21,3,1,18,18,FALSE,0.8571428571428571,0.8571428571428571,0.5625,0.5625,0.5625,0.6792452830188678
123,def>class>name,name+def+class,Survival proportion,24,10,1,14,15,FALSE,0.5833333333333334,0.5833333333333334,1,1,1,0.7368421052631579
124,def>name>class,name+def+class,Body mass / weight,41,10,3,15,9,FALSE,0.36585365853658536,0.7560975609756098,1,1,1,0.5357142857142857
124,def>name>class,name+def+class,Development rate,13,10,2,2,20,FALSE,0.15384615384615385,0.23076923076923078,0.3333333333333333,0.3333333333333333,0.3333333333333333,0.21052631578947367
124,def>name>class,name+def+class,Development time,25,15,2,9,19,FALSE,0.36,0.4,0.3,0.3,0.3,0.3272727272727273
124,def>name>class,name+def+class,Egg incubation period,9,1,1,8,15,FALSE,0.8888888888888888,0.8888888888888888,0.8888888888888888,0.8888888888888888,0.8888888888888888,0.8888888888888888
124,def>name>class,name+def+class,Egg-hatching success,13,3,2,9,5,FALSE,0.6923076923076923,0.7692307692307693,1,1,1,0.8181818181818181
124,def>name>class,name+def+class,Fecundity,72,15,2,55,17,FALSE,0.7638888888888888,0.7916666666666666,1,1,1,0.8661417322834646
124,def>name>class,name+def+class,Linear morphometrics,15,9,1,6,7,FALSE,0.4,0.4,1,1,1,0.5714285714285715
124,def>name>class,name+def+class,Longevity / lifespan,34,11,5,9,11,FALSE,0.2647058823529412,0.6764705882352942,0.8181818181818182,0.8181818181818182,0.8181818181818182,0.39999999999999997
124,def>name>class,name+def+class,Pre-oviposition interval,21,10,4,6,22,FALSE,0.2857142857142857,0.5238095238095238,0.6666666666666666,0.6666666666666666,0.6666666666666666,0.4
124,def>name>class,name+def+class,Survival proportion,24,11,2,12,14,FALSE,0.5,0.5416666666666666,1,1,1,0.6666666666666666
125,name>class>def,name+def+class,Body mass / weight,41,3,3,19,11,FALSE,0.4634146341463415,0.926829268292683,0.95,0.95,0.95,0.6229508196721312
125,name>class>def,name+def+class,Development rate,13,8,1,5,22,FALSE,0.38461538461538464,0.38461538461538464,0.38461538461538464,0.38461538461538464,0.38461538461538464,0.38461538461538464
125,name>class>def,name+def+class,Development time,25,12,2,8,22,FALSE,0.32,0.52,0.6153846153846154,0.6153846153846154,0.6153846153846154,0.4210526315789474
125,name>class>def,name+def+class,Egg incubation period,9,1,1,8,13,FALSE,0.8888888888888888,0.8888888888888888,1,1,1,0.9411764705882353
125,name>class>def,name+def+class,Egg-hatching success,13,2,1,11,5,FALSE,0.8461538461538461,0.8461538461538461,1,1,1,0.9166666666666666
125,name>class>def,name+def+class,Fecundity,72,11,1,61,12,FALSE,0.8472222222222222,0.8472222222222222,0.9838709677419355,0.9838709677419355,0.9838709677419355,0.9104477611940298
125,name>class>def,name+def+class,Linear morphometrics,15,6,1,9,4,FALSE,0.6,0.6,0.4090909090909091,0.4090909090909091,0.4090909090909091,0.4864864864864865
125,name>class>def,name+def+class,Longevity / lifespan,34,6,4,13,19,FALSE,0.38235294117647056,0.8235294117647058,1,1,1,0.5531914893617021
125,name>class>def,name+def+class,Pre-oviposition interval,21,4,2,12,21,FALSE,0.5714285714285714,0.8095238095238095,0.631578947368421,0.631578947368421,0.631578947368421,0.6
125,name>class>def,name+def+class,Survival proportion,24,6,2,12,18,FALSE,0.5,0.75,1,1,1,0.6666666666666666
126,name>def>class,name+def+class,Body mass / weight,41,1,3,20,7,FALSE,0.4878048780487805,0.975609756097561,0.7692307692307693,0.7692307692307693,0.7692307692307693,0.5970149253731344
126,name>def>class,name+def+class,Development rate,13,7,1,6,14,FALSE,0.46153846153846156,0.46153846153846156,0.20689655172413793,0.20689655172413793,0.20689655172413793,0.28571428571428575
126,name>def>class,name+def+class,Development time,25,2,1,23,14,FALSE,0.92,0.92,0.7931034482758621,0.7931034482758621,0.7931034482758621,0.851851851851852
126,name>def>class,name+def+class,Egg incubation period,9,1,1,8,16,FALSE,0.8888888888888888,0.8888888888888888,1,1,1,0.9411764705882353
126,name>def>class,name+def+class,Egg-hatching success,13,1,1,12,9,FALSE,0.9230769230769231,0.9230769230769231,1,1,1,0.9600000000000001
126,name>def>class,name+def+class,Fecundity,72,7,1,65,5,FALSE,0.9027777777777778,0.9027777777777778,0.9848484848484849,0.9848484848484849,0.9848484848484849,0.9420289855072465
126,name>def>class,name+def+class,Linear morphometrics,15,7,1,8,6,FALSE,0.5333333333333333,0.5333333333333333,0.38095238095238093,0.38095238095238093,0.38095238095238093,0.4444444444444444
126,name>def>class,name+def+class,Longevity / lifespan,34,8,3,12,17,FALSE,0.35294117647058826,0.7647058823529411,1,1,1,0.5217391304347826
126,name>def>class,name+def+class,Pre-oviposition interval,21,3,1,18,19,FALSE,0.8571428571428571,0.8571428571428571,0.47368421052631576,0.47368421052631576,0.47368421052631576,0.6101694915254237
126,name>def>class,name+def+class,Survival proportion,24,3,2,15,13,FALSE,0.625,0.875,1,1,1,0.7692307692307693
127,def>family>name,name+def+family,Body mass / weight,41,2,3,21,6,FALSE,0.5121951219512195,0.9512195121951219,0.9545454545454546,0.9545454545454546,0.9545454545454546,0.6666666666666667
127,def>family>name,name+def+family,Development rate,13,9,1,4,16,FALSE,0.3076923076923077,0.3076923076923077,0.26666666666666666,0.26666666666666666,0.26666666666666666,0.28571428571428575
127,def>family>name,name+def+family,Development time,25,7,2,11,16,FALSE,0.44,0.72,0.7333333333333333,0.7333333333333333,0.7333333333333333,0.5499999999999999
127,def>family>name,name+def+family,Egg incubation period,9,0,1,9,13,FALSE,1,1,1,1,1,1
127,def>family>name,name+def+family,Egg-hatching success,13,4,1,9,10,FALSE,0.6923076923076923,0.6923076923076923,1,1,1,0.8181818181818181
127,def>family>name,name+def+family,Fecundity,72,14,1,58,14,FALSE,0.8055555555555556,0.8055555555555556,1,1,1,0.8923076923076924
127,def>family>name,name+def+family,Linear morphometrics,15,15,0,0,NA,FALSE,0,0,NA,NA,NA,0
127,def>family>name,name+def+family,Longevity / lifespan,34,13,3,11,8,FALSE,0.3235294117647059,0.6176470588235294,0.7857142857142857,0.7857142857142857,0.7857142857142857,0.45833333333333326
127,def>family>name,name+def+family,Pre-oviposition interval,21,7,2,8,21,FALSE,0.38095238095238093,0.6666666666666666,0.8888888888888888,0.8888888888888888,0.8888888888888888,0.5333333333333333
127,def>family>name,name+def+family,Survival proportion,24,9,1,15,11,FALSE,0.625,0.625,1,1,1,0.7692307692307693
128,def>name>family,name+def+family,Body mass / weight,41,4,3,21,8,FALSE,0.5121951219512195,0.9024390243902439,0.9545454545454546,0.9545454545454546,0.9545454545454546,0.6666666666666667
128,def>name>family,name+def+family,Development rate,13,11,2,1,17;18,TRUE,0.07692307692307693,0.15384615384615385,0.058823529411764705,0.12941176470588237,0.2,0.09649122807017545
128,def>name>family,name+def+family,Development time,25,21,2,2,13;17,TRUE,0.08,0.16,0.11764705882352941,0.1497326203208556,0.18181818181818182,0.1042830540037244
128,def>name>family,name+def+family,Egg incubation period,9,0,1,9,13,FALSE,1,1,0.8181818181818182,0.8181818181818182,0.8181818181818182,0.9
128,def>name>family,name+def+family,Egg-hatching success,13,3,1,10,7,FALSE,0.7692307692307693,0.7692307692307693,1,1,1,0.8695652173913044
128,def>name>family,name+def+family,Fecundity,72,17,2,53,14,FALSE,0.7361111111111112,0.7638888888888888,1,1,1,0.8480000000000001
128,def>name>family,name+def+family,Linear morphometrics,15,15,0,0,NA,FALSE,0,0,NA,NA,NA,0
128,def>name>family,name+def+family,Longevity / lifespan,34,12,5,10,11,FALSE,0.29411764705882354,0.6470588235294118,0.7692307692307693,0.7692307692307693,0.7692307692307693,0.4255319148936171
128,def>name>family,name+def+family,Pre-oviposition interval,21,10,3,7,16,FALSE,0.3333333333333333,0.5238095238095238,0.7,0.7,0.7,0.45161290322580644
128,def>name>family,name+def+family,Survival proportion,24,7,1,17,10,FALSE,0.7083333333333334,0.7083333333333334,0.6071428571428571,0.6071428571428571,0.6071428571428571,0.6538461538461539
129,family>def>name,name+def+family,Body mass / weight,41,1,4,21,18,FALSE,0.5121951219512195,0.975609756097561,0.8076923076923077,0.8076923076923077,0.8076923076923077,0.6268656716417911
129,family>def>name,name+def+family,Development rate,13,7,2,4,8,FALSE,0.3076923076923077,0.46153846153846156,0.043478260869565216,0.043478260869565216,0.043478260869565216,0.0761904761904762
129,family>def>name,name+def+family,Development time,25,8,2,10,8,FALSE,0.4,0.68,0.10869565217391304,0.10869565217391304,0.10869565217391304,0.17094017094017092
129,family>def>name,name+def+family,Egg incubation period,9,0,1,9,10,FALSE,1,1,0.10465116279069768,0.10465116279069768,0.10465116279069768,0.18947368421052632
129,family>def>name,name+def+family,Egg-hatching success,13,3,2,9,13,FALSE,0.6923076923076923,0.7692307692307693,1,1,1,0.8181818181818181
129,family>def>name,name+def+family,Fecundity,72,21,3,36,8,FALSE,0.5,0.7083333333333334,0.391304347826087,0.391304347826087,0.391304347826087,0.4390243902439025
129,family>def>name,name+def+family,Linear morphometrics,15,3,3,5,2,FALSE,0.3333333333333333,0.8,0.38461538461538464,0.38461538461538464,0.38461538461538464,0.3571428571428571
129,family>def>name,name+def+family,Longevity / lifespan,34,6,2,16,8,FALSE,0.47058823529411764,0.8235294117647058,0.17391304347826086,0.17391304347826086,0.17391304347826086,0.25396825396825395
129,family>def>name,name+def+family,Pre-oviposition interval,21,3,2,10,10,FALSE,0.47619047619047616,0.8571428571428571,0.11627906976744186,0.11627906976744186,0.11627906976744186,0.18691588785046728
129,family>def>name,name+def+family,Survival proportion,24,6,3,15,15,FALSE,0.625,0.75,1,1,1,0.7692307692307693
130,family>name>def,name+def+family,Body mass / weight,41,0,4,21,13,FALSE,0.5121951219512195,1,1,1,1,0.6774193548387097
130,family>name>def,name+def+family,Development rate,13,11,1,2,21,FALSE,0.15384615384615385,0.15384615384615385,0.2222222222222222,0.2222222222222222,0.2222222222222222,0.18181818181818185
130,family>name>def,name+def+family,Development time,25,11,2,7,18;21,TRUE,0.28,0.56,0.7777777777777778,0.8888888888888888,1,0.4258555133079848
130,family>name>def,name+def+family,Egg incubation period,9,0,1,9,19,FALSE,1,1,1,1,1,1
130,family>name>def,name+def+family,Egg-hatching success,13,4,1,9,16,FALSE,0.6923076923076923,0.6923076923076923,1,1,1,0.8181818181818181
130,family>name>def,name+def+family,Fecundity,72,13,4,34,17,FALSE,0.4722222222222222,0.8194444444444444,1,1,1,0.6415094339622641
130,family>name>def,name+def+family,Linear morphometrics,15,8,2,4,2,FALSE,0.26666666666666666,0.4666666666666667,0.3333333333333333,0.3333333333333333,0.3333333333333333,0.2962962962962963
130,family>name>def,name+def+family,Longevity / lifespan,34,9,2,15,20,FALSE,0.4411764705882353,0.7352941176470589,0.8823529411764706,0.8823529411764706,0.8823529411764706,0.5882352941176471
130,family>name>def,name+def+family,Pre-oviposition interval,21,4,2,10,25,FALSE,0.47619047619047616,0.8095238095238095,0.625,0.625,0.625,0.5405405405405405
130,family>name>def,name+def+family,Survival proportion,24,7,2,15,14,FALSE,0.625,0.7083333333333334,1,1,1,0.7692307692307693
131,name>def>family,name+def+family,Body mass / weight,41,0,4,21,6,FALSE,0.5121951219512195,1,0.7,0.7,0.7,0.5915492957746479
131,name>def>family,name+def+family,Development rate,13,7,1,6,13,FALSE,0.46153846153846156,0.46153846153846156,0.25,0.25,0.25,0.32432432432432434
131,name>def>family,name+def+family,Development time,25,7,1,18,13,FALSE,0.72,0.72,0.75,0.75,0.75,0.7346938775510204
131,name>def>family,name+def+family,Egg incubation period,9,0,1,9,14,FALSE,1,1,1,1,1,1
131,name>def>family,name+def+family,Egg-hatching success,13,4,1,9,9,FALSE,0.6923076923076923,0.6923076923076923,1,1,1,0.8181818181818181
131,name>def>family,name+def+family,Fecundity,72,23,3,34,17,FALSE,0.4722222222222222,0.6805555555555556,1,1,1,0.6415094339622641
131,name>def>family,name+def+family,Linear morphometrics,15,6,3,4,4,FALSE,0.26666666666666666,0.6,0.3076923076923077,0.3076923076923077,0.3076923076923077,0.28571428571428575
131,name>def>family,name+def+family,Longevity / lifespan,34,5,2,20,12,FALSE,0.5882352941176471,0.8529411764705882,0.6666666666666666,0.6666666666666666,0.6666666666666666,0.625
131,name>def>family,name+def+family,Pre-oviposition interval,21,4,2,12,21,FALSE,0.5714285714285714,0.8095238095238095,0.6,0.6,0.6,0.5853658536585366
131,name>def>family,name+def+family,Survival proportion,24,7,2,15,10,FALSE,0.625,0.7083333333333334,0.9375,0.9375,0.9375,0.75
132,name>family>def,name+def+family,Body mass / weight,41,3,4,20,10,FALSE,0.4878048780487805,0.926829268292683,1,1,1,0.6557377049180327
132,name>family>def,name+def+family,Development rate,13,7,2,3,16;21,TRUE,0.23076923076923078,0.46153846153846156,0.15,0.15,0.15,0.18181818181818185
132,name>family>def,name+def+family,Development time,25,17,2,7,16,FALSE,0.28,0.32,0.35,0.35,0.35,0.3111111111111111
132,name>family>def,name+def+family,Egg incubation period,9,0,1,9,16,FALSE,1,1,0.45,0.45,0.45,0.6206896551724138
132,name>family>def,name+def+family,Egg-hatching success,13,4,1,9,8,FALSE,0.6923076923076923,0.6923076923076923,1,1,1,0.8181818181818181
132,name>family>def,name+def+family,Fecundity,72,22,3,29,20,FALSE,0.4027777777777778,0.6944444444444444,1,1,1,0.5742574257425743
132,name>family>def,name+def+family,Linear morphometrics,15,9,2,3,2;3,TRUE,0.2,0.4,0.3,0.36428571428571427,0.42857142857142855,0.2582278481012658
132,name>family>def,name+def+family,Longevity / lifespan,34,11,4,10,7,FALSE,0.29411764705882354,0.6764705882352942,0.8333333333333334,0.8333333333333334,0.8333333333333334,0.4347826086956522
132,name>family>def,name+def+family,Pre-oviposition interval,21,5,2,11,13,FALSE,0.5238095238095238,0.7619047619047619,0.5789473684210527,0.5789473684210527,0.5789473684210527,0.5500000000000002
132,name>family>def,name+def+family,Survival proportion,24,8,2,15,11,FALSE,0.625,0.6666666666666666,1,1,1,0.7692307692307693
133,def>name>order,name+def+order,Body mass / weight,41,9,3,16,7,FALSE,0.3902439024390244,0.7804878048780488,1,1,1,0.5614035087719299
133,def>name>order,name+def+order,Development rate,13,10,2,2,16,FALSE,0.15384615384615385,0.23076923076923078,0.3333333333333333,0.3333333333333333,0.3333333333333333,0.21052631578947367
133,def>name>order,name+def+order,Development time,25,16,2,7,15,FALSE,0.28,0.36,0.25925925925925924,0.25925925925925924,0.25925925925925924,0.2692307692307692
133,def>name>order,name+def+order,Egg incubation period,9,0,1,9,12,FALSE,1,1,0.8181818181818182,0.8181818181818182,0.8181818181818182,0.9
133,def>name>order,name+def+order,Egg-hatching success,13,3,2,9,3,FALSE,0.6923076923076923,0.7692307692307693,1,1,1,0.8181818181818181
133,def>name>order,name+def+order,Fecundity,72,12,2,58,11,FALSE,0.8055555555555556,0.8333333333333334,1,1,1,0.8923076923076924
133,def>name>order,name+def+order,Linear morphometrics,15,10,1,5,5,FALSE,0.3333333333333333,0.3333333333333333,0.3333333333333333,0.3333333333333333,0.3333333333333333,0.3333333333333333
133,def>name>order,name+def+order,Longevity / lifespan,34,10,5,10,9,FALSE,0.29411764705882354,0.7058823529411765,0.8333333333333334,0.8333333333333334,0.8333333333333334,0.4347826086956522
133,def>name>order,name+def+order,Pre-oviposition interval,21,12,3,6,17,FALSE,0.2857142857142857,0.42857142857142855,0.6666666666666666,0.6666666666666666,0.6666666666666666,0.4
133,def>name>order,name+def+order,Survival proportion,24,8,1,16,10,FALSE,0.6666666666666666,0.6666666666666666,0.5333333333333333,0.5333333333333333,0.5333333333333333,0.5925925925925926
134,def>order>name,name+def+order,Body mass / weight,41,5,3,19,7,FALSE,0.4634146341463415,0.8780487804878049,1,1,1,0.6333333333333334
134,def>order>name,name+def+order,Development rate,13,11,1,2,15,FALSE,0.15384615384615385,0.15384615384615385,0.08695652173913043,0.08695652173913043,0.08695652173913043,0.1111111111111111
134,def>order>name,name+def+order,Development time,25,15,1,10,15,FALSE,0.4,0.4,0.43478260869565216,0.43478260869565216,0.43478260869565216,0.41666666666666663
134,def>order>name,name+def+order,Egg incubation period,9,0,1,9,16,FALSE,1,1,1,1,1,1
134,def>order>name,name+def+order,Egg-hatching success,13,4,1,9,10,FALSE,0.6923076923076923,0.6923076923076923,1,1,1,0.8181818181818181
134,def>order>name,name+def+order,Fecundity,72,24,1,48,14,FALSE,0.6666666666666666,0.6666666666666666,1,1,1,0.8
134,def>order>name,name+def+order,Linear morphometrics,15,10,1,5,5,FALSE,0.3333333333333333,0.3333333333333333,1,1,1,0.5
134,def>order>name,name+def+order,Longevity / lifespan,34,12,3,11,15,FALSE,0.3235294117647059,0.6470588235294118,0.4782608695652174,0.4782608695652174,0.4782608695652174,0.3859649122807018
134,def>order>name,name+def+order,Pre-oviposition interval,21,5,2,8,17;19,TRUE,0.38095238095238093,0.7619047619047619,0.5714285714285714,0.6190476190476191,0.6666666666666666,0.47165532879818595
134,def>order>name,name+def+order,Survival proportion,24,8,1,16,12,FALSE,0.6666666666666666,0.6666666666666666,1,1,1,0.8
135,name>def>order,name+def+order,Body mass / weight,41,1,3,21,9,FALSE,0.5121951219512195,0.975609756097561,0.75,0.75,0.75,0.6086956521739131
135,name>def>order,name+def+order,Development rate,13,3,1,10,13,FALSE,0.7692307692307693,0.7692307692307693,0.3225806451612903,0.3225806451612903,0.3225806451612903,0.45454545454545453
135,name>def>order,name+def+order,Development time,25,4,1,21,13,FALSE,0.84,0.84,0.6774193548387096,0.6774193548387096,0.6774193548387096,0.75
135,name>def>order,name+def+order,Egg incubation period,9,1,1,8,17,FALSE,0.8888888888888888,0.8888888888888888,1,1,1,0.9411764705882353
135,name>def>order,name+def+order,Egg-hatching success,13,4,1,9,4,FALSE,0.6923076923076923,0.6923076923076923,1,1,1,0.8181818181818181
135,name>def>order,name+def+order,Fecundity,72,17,2,46,14,FALSE,0.6388888888888888,0.7638888888888888,1,1,1,0.7796610169491525
135,name>def>order,name+def+order,Linear morphometrics,15,7,1,8,3,FALSE,0.5333333333333333,0.5333333333333333,0.38095238095238093,0.38095238095238093,0.38095238095238093,0.4444444444444444
135,name>def>order,name+def+order,Longevity / lifespan,34,7,2,18,11,FALSE,0.5294117647058824,0.7941176470588235,1,1,1,0.6923076923076924
135,name>def>order,name+def+order,Pre-oviposition interval,21,2,2,10,18,FALSE,0.47619047619047616,0.9047619047619048,0.5555555555555556,0.5555555555555556,0.5555555555555556,0.5128205128205129
135,name>def>order,name+def+order,Survival proportion,24,5,2,15,8,FALSE,0.625,0.7916666666666666,1,1,1,0.7692307692307693
136,name>order>def,name+def+order,Body mass / weight,41,4,3,19,12,FALSE,0.4634146341463415,0.9024390243902439,0.95,0.95,0.95,0.6229508196721312
136,name>order>def,name+def+order,Development rate,13,7,1,6,14,FALSE,0.46153846153846156,0.46153846153846156,0.12,0.12,0.12,0.19047619047619047
136,name>order>def,name+def+order,Development time,25,9,2,9,14,FALSE,0.36,0.64,0.18,0.18,0.18,0.23999999999999996
136,name>order>def,name+def+order,Egg incubation period,9,0,1,9,15,FALSE,1,1,0.5294117647058824,0.5294117647058824,0.5294117647058824,0.6923076923076924
136,name>order>def,name+def+order,Egg-hatching success,13,4,1,9,6,FALSE,0.6923076923076923,0.6923076923076923,1,1,1,0.8181818181818181
136,name>order>def,name+def+order,Fecundity,72,20,3,29,18,FALSE,0.4027777777777778,0.7222222222222222,1,1,1,0.5742574257425743
136,name>order>def,name+def+order,Linear morphometrics,15,7,2,5,3,FALSE,0.3333333333333333,0.5333333333333333,1,1,1,0.5
136,name>order>def,name+def+order,Longevity / lifespan,34,7,3,16,14,FALSE,0.47058823529411764,0.7941176470588235,0.32,0.32,0.32,0.38095238095238104
136,name>order>def,name+def+order,Pre-oviposition interval,21,5,2,10,17,FALSE,0.47619047619047616,0.7619047619047619,0.5882352941176471,0.5882352941176471,0.5882352941176471,0.5263157894736842
136,name>order>def,name+def+order,Survival proportion,24,6,2,15,9,FALSE,0.625,0.75,1,1,1,0.7692307692307693
137,order>def>name,name+def+order,Body mass / weight,41,4,4,18,11,FALSE,0.43902439024390244,0.9024390243902439,0.9,0.9,0.9,0.5901639344262295
137,order>def>name,name+def+order,Development rate,13,6,2,4,12,FALSE,0.3076923076923077,0.5384615384615384,0.037383177570093455,0.037383177570093455,0.037383177570093455,0.06666666666666667
137,order>def>name,name+def+order,Development time,25,5,2,13,12,FALSE,0.52,0.8,0.12149532710280374,0.12149532710280374,0.12149532710280374,0.196969696969697
137,order>def>name,name+def+order,Egg incubation period,9,0,1,9,9,FALSE,1,1,0.10344827586206896,0.10344827586206896,0.10344827586206896,0.1875
137,order>def>name,name+def+order,Egg-hatching success,13,2,2,9,5,FALSE,0.6923076923076923,0.8461538461538461,0.28125,0.28125,0.28125,0.4
137,order>def>name,name+def+order,Fecundity,72,12,3,36,12,FALSE,0.5,0.8333333333333334,0.3364485981308411,0.3364485981308411,0.3364485981308411,0.40223463687150834
137,order>def>name,name+def+order,Linear morphometrics,15,5,3,4,1;2,TRUE,0.26666666666666666,0.6666666666666666,0.3076923076923077,0.40384615384615385,0.5,0.32122370936902483
137,order>def>name,name+def+order,Longevity / lifespan,34,6,2,16,12,FALSE,0.47058823529411764,0.8235294117647058,0.14953271028037382,0.14953271028037382,0.14953271028037382,0.22695035460992904
137,order>def>name,name+def+order,Pre-oviposition interval,21,2,2,10,9,FALSE,0.47619047619047616,0.9047619047619048,0.11494252873563218,0.11494252873563218,0.11494252873563218,0.1851851851851852
137,order>def>name,name+def+order,Survival proportion,24,7,2,15,5,FALSE,0.625,0.7083333333333334,0.46875,0.46875,0.46875,0.5357142857142857
138,order>name>def,name+def+order,Body mass / weight,41,5,3,17,9,FALSE,0.4146341463414634,0.8780487804878049,1,1,1,0.5862068965517241
138,order>name>def,name+def+order,Development rate,13,10,1,3,16,FALSE,0.23076923076923078,0.23076923076923078,0.2,0.2,0.2,0.21428571428571427
138,order>name>def,name+def+order,Development time,25,7,2,11,16,FALSE,0.44,0.72,0.7333333333333333,0.7333333333333333,0.7333333333333333,0.5499999999999999
138,order>name>def,name+def+order,Egg incubation period,9,0,1,9,17,FALSE,1,1,1,1,1,1
138,order>name>def,name+def+order,Egg-hatching success,13,4,1,9,13,FALSE,0.6923076923076923,0.6923076923076923,0.9,0.9,0.9,0.7826086956521738
138,order>name>def,name+def+order,Fecundity,72,15,3,32,14,FALSE,0.4444444444444444,0.7916666666666666,1,1,1,0.6153846153846153
138,order>name>def,name+def+order,Linear morphometrics,15,7,1,8,2,FALSE,0.5333333333333333,0.5333333333333333,0.38095238095238093,0.38095238095238093,0.38095238095238093,0.4444444444444444
138,order>name>def,name+def+order,Longevity / lifespan,34,11,3,13,22,FALSE,0.38235294117647056,0.6764705882352942,0.9285714285714286,0.9285714285714286,0.9285714285714286,0.5416666666666667
138,order>name>def,name+def+order,Pre-oviposition interval,21,10,2,8,21,FALSE,0.38095238095238093,0.5238095238095238,0.5714285714285714,0.5714285714285714,0.5714285714285714,0.4571428571428571
138,order>name>def,name+def+order,Survival proportion,24,7,2,15,7,FALSE,0.625,0.7083333333333334,1,1,1,0.7692307692307693
139,def>name>phylum,name+def+phylum,Body mass / weight,41,7,2,27,6,FALSE,0.6585365853658537,0.8292682926829268,0.9310344827586207,0.9310344827586207,0.9310344827586207,0.7714285714285715
139,def>name>phylum,name+def+phylum,Development rate,13,7,1,6,16,FALSE,0.46153846153846156,0.46153846153846156,0.06593406593406594,0.06593406593406594,0.06593406593406594,0.11538461538461539
139,def>name>phylum,name+def+phylum,Development time,25,9,1,16,16,FALSE,0.64,0.64,0.17582417582417584,0.17582417582417584,0.17582417582417584,0.27586206896551724
139,def>name>phylum,name+def+phylum,Egg incubation period,9,1,1,8,11,FALSE,0.8888888888888888,0.8888888888888888,1,1,1,0.9411764705882353
139,def>name>phylum,name+def+phylum,Egg-hatching success,13,3,2,9,8,FALSE,0.6923076923076923,0.7692307692307693,1,1,1,0.8181818181818181
139,def>name>phylum,name+def+phylum,Fecundity,72,13,2,57,15,FALSE,0.7916666666666666,0.8194444444444444,1,1,1,0.8837209302325582
139,def>name>phylum,name+def+phylum,Linear morphometrics,15,6,2,7,7,FALSE,0.4666666666666667,0.6,1,1,1,0.6363636363636364
139,def>name>phylum,name+def+phylum,Longevity / lifespan,34,8,4,12,16,FALSE,0.35294117647058826,0.7647058823529411,0.13186813186813187,0.13186813186813187,0.13186813186813187,0.19199999999999998
139,def>name>phylum,name+def+phylum,Pre-oviposition interval,21,5,1,16,16,FALSE,0.7619047619047619,0.7619047619047619,0.17582417582417584,0.17582417582417584,0.17582417582417584,0.28571428571428575
139,def>name>phylum,name+def+phylum,Survival proportion,24,10,2,11,14,FALSE,0.4583333333333333,0.5833333333333334,1,1,1,0.6285714285714286
140,def>phylum>name,name+def+phylum,Body mass / weight,41,2,2,32,5,FALSE,0.7804878048780488,0.9512195121951219,0.7272727272727273,0.7272727272727273,0.7272727272727273,0.7529411764705882
140,def>phylum>name,name+def+phylum,Development rate,13,10,1,3,17,FALSE,0.23076923076923078,0.23076923076923078,0.1875,0.1875,0.1875,0.20689655172413793
140,def>phylum>name,name+def+phylum,Development time,25,12,1,13,17,FALSE,0.52,0.52,0.8125,0.8125,0.8125,0.6341463414634146
140,def>phylum>name,name+def+phylum,Egg incubation period,9,1,1,8,9,FALSE,0.8888888888888888,0.8888888888888888,1,1,1,0.9411764705882353
140,def>phylum>name,name+def+phylum,Egg-hatching success,13,3,1,10,10,FALSE,0.7692307692307693,0.7692307692307693,1,1,1,0.8695652173913044
140,def>phylum>name,name+def+phylum,Fecundity,72,13,1,59,11,FALSE,0.8194444444444444,0.8194444444444444,1,1,1,0.9007633587786259
140,def>phylum>name,name+def+phylum,Linear morphometrics,15,3,1,12,5,FALSE,0.8,0.8,0.2727272727272727,0.2727272727272727,0.2727272727272727,0.4067796610169491
140,def>phylum>name,name+def+phylum,Longevity / lifespan,34,13,3,9,7,FALSE,0.2647058823529412,0.6176470588235294,1,1,1,0.4186046511627907
140,def>phylum>name,name+def+phylum,Pre-oviposition interval,21,5,1,16,16,FALSE,0.7619047619047619,0.7619047619047619,0.5517241379310345,0.5517241379310345,0.5517241379310345,0.64
140,def>phylum>name,name+def+phylum,Survival proportion,24,8,2,15,14,FALSE,0.625,0.6666666666666666,1,1,1,0.7692307692307693
141,name>def>phylum,name+def+phylum,Body mass / weight,41,0,2,34,5,FALSE,0.8292682926829268,1,0.6415094339622641,0.6415094339622641,0.6415094339622641,0.723404255319149
141,name>def>phylum,name+def+phylum,Development rate,13,5,1,8,11,FALSE,0.6153846153846154,0.6153846153846154,0.25,0.25,0.25,0.35555555555555557
141,name>def>phylum,name+def+phylum,Development time,25,1,1,24,11,FALSE,0.96,0.96,0.75,0.75,0.75,0.8421052631578947
141,name>def>phylum,name+def+phylum,Egg incubation period,9,1,1,8,10,FALSE,0.8888888888888888,0.8888888888888888,1,1,1,0.9411764705882353
141,name>def>phylum,name+def+phylum,Egg-hatching success,13,3,1,10,13,FALSE,0.7692307692307693,0.7692307692307693,0.9090909090909091,0.9090909090909091,0.9090909090909091,0.8333333333333333
141,name>def>phylum,name+def+phylum,Fecundity,72,7,1,65,8,FALSE,0.9027777777777778,0.9027777777777778,0.9848484848484849,0.9848484848484849,0.9848484848484849,0.9420289855072465
141,name>def>phylum,name+def+phylum,Linear morphometrics,15,2,1,13,5,FALSE,0.8666666666666667,0.8666666666666667,0.24528301886792453,0.24528301886792453,0.24528301886792453,0.3823529411764706
141,name>def>phylum,name+def+phylum,Longevity / lifespan,34,6,3,14,19,FALSE,0.4117647058823529,0.8235294117647058,1,1,1,0.5833333333333334
141,name>def>phylum,name+def+phylum,Pre-oviposition interval,21,2,1,19,12,FALSE,0.9047619047619048,0.9047619047619048,0.4523809523809524,0.4523809523809524,0.4523809523809524,0.6031746031746031
141,name>def>phylum,name+def+phylum,Survival proportion,24,3,2,12,18,FALSE,0.5,0.875,1,1,1,0.6666666666666666
142,name>phylum>def,name+def+phylum,Body mass / weight,41,2,2,32,8,FALSE,0.7804878048780488,0.9512195121951219,0.7111111111111111,0.7111111111111111,0.7111111111111111,0.7441860465116279
142,name>phylum>def,name+def+phylum,Development rate,13,7,1,6,18,FALSE,0.46153846153846156,0.46153846153846156,0.11538461538461539,0.11538461538461539,0.11538461538461539,0.18461538461538463
142,name>phylum>def,name+def+phylum,Development time,25,10,1,15,18,FALSE,0.6,0.6,0.28846153846153844,0.28846153846153844,0.28846153846153844,0.3896103896103896
142,name>phylum>def,name+def+phylum,Egg incubation period,9,1,1,8,12,FALSE,0.8888888888888888,0.8888888888888888,1,1,1,0.9411764705882353
142,name>phylum>def,name+def+phylum,Egg-hatching success,13,5,1,8,13,FALSE,0.6153846153846154,0.6153846153846154,1,1,1,0.761904761904762
142,name>phylum>def,name+def+phylum,Fecundity,72,12,1,60,17,FALSE,0.8333333333333334,0.8333333333333334,1,1,1,0.9090909090909091
142,name>phylum>def,name+def+phylum,Linear morphometrics,15,2,1,13,8,FALSE,0.8666666666666667,0.8666666666666667,0.28888888888888886,0.28888888888888886,0.28888888888888886,0.43333333333333335
142,name>phylum>def,name+def+phylum,Longevity / lifespan,34,3,4,16,18,FALSE,0.47058823529411764,0.9117647058823529,0.3076923076923077,0.3076923076923077,0.3076923076923077,0.372093023255814
142,name>phylum>def,name+def+phylum,Pre-oviposition interval,21,4,2,11,19,FALSE,0.5238095238095238,0.8095238095238095,0.4782608695652174,0.4782608695652174,0.4782608695652174,0.5
142,name>phylum>def,name+def+phylum,Survival proportion,24,4,2,12,11,FALSE,0.5,0.8333333333333334,1,1,1,0.6666666666666666
143,phylum>def>name,name+def+phylum,Body mass / weight,41,0,1,41,0,FALSE,1,1,0.09761904761904762,0.09761904761904762,0.09761904761904762,0.17787418655097612
143,phylum>def>name,name+def+phylum,Development rate,13,0,1,13,0,FALSE,1,1,0.030952380952380953,0.030952380952380953,0.030952380952380953,0.060046189376443425
143,phylum>def>name,name+def+phylum,Development time,25,0,1,25,0,FALSE,1,1,0.05952380952380952,0.05952380952380952,0.05952380952380952,0.11235955056179775
143,phylum>def>name,name+def+phylum,Egg incubation period,9,0,1,9,0,FALSE,1,1,0.02142857142857143,0.02142857142857143,0.02142857142857143,0.04195804195804196
143,phylum>def>name,name+def+phylum,Egg-hatching success,13,0,1,13,0,FALSE,1,1,0.030952380952380953,0.030952380952380953,0.030952380952380953,0.060046189376443425
143,phylum>def>name,name+def+phylum,Fecundity,72,0,1,72,0,FALSE,1,1,0.17142857142857143,0.17142857142857143,0.17142857142857143,0.2926829268292683
143,phylum>def>name,name+def+phylum,Linear morphometrics,15,1,1,14,0,FALSE,0.9333333333333333,0.9333333333333333,0.03333333333333333,0.03333333333333333,0.03333333333333333,0.06436781609195402
143,phylum>def>name,name+def+phylum,Longevity / lifespan,34,0,1,34,0,FALSE,1,1,0.08095238095238096,0.08095238095238096,0.08095238095238096,0.1497797356828194
143,phylum>def>name,name+def+phylum,Pre-oviposition interval,21,0,1,21,0,FALSE,1,1,0.05,0.05,0.05,0.09523809523809523
143,phylum>def>name,name+def+phylum,Survival proportion,24,0,1,24,0,FALSE,1,1,0.05714285714285714,0.05714285714285714,0.05714285714285714,0.1081081081081081
144,phylum>name>def,name+def+phylum,Body mass / weight,41,11,3,12,8,FALSE,0.2926829268292683,0.7317073170731707,1,1,1,0.45283018867924524
144,phylum>name>def,name+def+phylum,Development rate,13,6,1,7,22,FALSE,0.5384615384615384,0.5384615384615384,0.23333333333333334,0.23333333333333334,0.23333333333333334,0.32558139534883723
144,phylum>name>def,name+def+phylum,Development time,25,3,1,22,22,FALSE,0.88,0.88,0.7333333333333333,0.7333333333333333,0.7333333333333333,0.8
144,phylum>name>def,name+def+phylum,Egg incubation period,9,1,1,8,14,FALSE,0.8888888888888888,0.8888888888888888,1,1,1,0.9411764705882353
144,phylum>name>def,name+def+phylum,Egg-hatching success,13,3,1,10,23,FALSE,0.7692307692307693,0.7692307692307693,1,1,1,0.8695652173913044
144,phylum>name>def,name+def+phylum,Fecundity,72,5,1,67,5,FALSE,0.9305555555555556,0.9305555555555556,0.9710144927536232,0.9710144927536232,0.9710144927536232,0.9503546099290779
144,phylum>name>def,name+def+phylum,Linear morphometrics,15,8,1,7,11,FALSE,0.4666666666666667,0.4666666666666667,1,1,1,0.6363636363636364
144,phylum>name>def,name+def+phylum,Longevity / lifespan,34,7,3,13,19,FALSE,0.38235294117647056,0.7941176470588235,1,1,1,0.5531914893617021
144,phylum>name>def,name+def+phylum,Pre-oviposition interval,21,4,1,17,21,FALSE,0.8095238095238095,0.8095238095238095,0.4857142857142857,0.4857142857142857,0.4857142857142857,0.6071428571428571
144,phylum>name>def,name+def+phylum,Survival proportion,24,4,2,12,16,FALSE,0.5,0.8333333333333334,1,1,1,0.6666666666666666
145,def>name>stage,name+def+stage,Body mass / weight,41,0,1,41,0,FALSE,1,1,0.09557109557109557,0.09557109557109557,0.09557109557109557,0.17446808510638298
145,def>name>stage,name+def+stage,Development rate,13,0,1,13,0,FALSE,1,1,0.030303030303030304,0.030303030303030304,0.030303030303030304,0.05882352941176471
145,def>name>stage,name+def+stage,Development time,25,0,1,25,0,FALSE,1,1,0.05827505827505827,0.05827505827505827,0.05827505827505827,0.11013215859030838
145,def>name>stage,name+def+stage,Egg incubation period,9,0,1,9,0,FALSE,1,1,0.02097902097902098,0.02097902097902098,0.02097902097902098,0.0410958904109589
145,def>name>stage,name+def+stage,Egg-hatching success,13,0,1,13,0,FALSE,1,1,0.030303030303030304,0.030303030303030304,0.030303030303030304,0.05882352941176471
145,def>name>stage,name+def+stage,Fecundity,72,0,1,72,0,FALSE,1,1,0.16783216783216784,0.16783216783216784,0.16783216783216784,0.2874251497005988
145,def>name>stage,name+def+stage,Linear morphometrics,15,0,1,15,0,FALSE,1,1,0.03496503496503497,0.03496503496503497,0.03496503496503497,0.06756756756756757
145,def>name>stage,name+def+stage,Longevity / lifespan,34,0,1,34,0,FALSE,1,1,0.07925407925407925,0.07925407925407925,0.07925407925407925,0.1468682505399568
145,def>name>stage,name+def+stage,Pre-oviposition interval,21,0,1,21,0,FALSE,1,1,0.04895104895104895,0.04895104895104895,0.04895104895104895,0.09333333333333334
145,def>name>stage,name+def+stage,Survival proportion,24,1,1,23,0,FALSE,0.9583333333333334,0.9583333333333334,0.053613053613053616,0.053613053613053616,0.053613053613053616,0.10154525386313466
146,def>stage>name,name+def+stage,Body mass / weight,41,0,1,41,0,FALSE,1,1,0.09879518072289156,0.09879518072289156,0.09879518072289156,0.17982456140350878
146,def>stage>name,name+def+stage,Development rate,13,0,1,13,0,FALSE,1,1,0.03132530120481928,0.03132530120481928,0.03132530120481928,0.06074766355140187
146,def>stage>name,name+def+stage,Development time,25,0,1,25,0,FALSE,1,1,0.060240963855421686,0.060240963855421686,0.060240963855421686,0.11363636363636363
146,def>stage>name,name+def+stage,Egg incubation period,9,0,1,9,0,FALSE,1,1,0.021686746987951807,0.021686746987951807,0.021686746987951807,0.04245283018867924
146,def>stage>name,name+def+stage,Egg-hatching success,13,0,1,13,0,FALSE,1,1,0.03132530120481928,0.03132530120481928,0.03132530120481928,0.06074766355140187
146,def>stage>name,name+def+stage,Fecundity,72,0,1,72,0,FALSE,1,1,0.17349397590361446,0.17349397590361446,0.17349397590361446,0.29568788501026694
146,def>stage>name,name+def+stage,Linear morphometrics,15,0,1,15,0,FALSE,1,1,0.03614457831325301,0.03614457831325301,0.03614457831325301,0.06976744186046512
146,def>stage>name,name+def+stage,Longevity / lifespan,34,0,1,34,0,FALSE,1,1,0.0819277108433735,0.0819277108433735,0.0819277108433735,0.1514476614699332
146,def>stage>name,name+def+stage,Pre-oviposition interval,21,0,1,21,0,FALSE,1,1,0.05060240963855422,0.05060240963855422,0.05060240963855422,0.0963302752293578
146,def>stage>name,name+def+stage,Survival proportion,24,1,1,23,0,FALSE,0.9583333333333334,0.9583333333333334,0.05542168674698795,0.05542168674698795,0.05542168674698795,0.10478359908883826
147,name>def>stage,name+def+stage,Body mass / weight,41,9,3,15,8,FALSE,0.36585365853658536,0.7804878048780488,1,1,1,0.5357142857142857
147,name>def>stage,name+def+stage,Development rate,13,8,1,5,17,FALSE,0.38461538461538464,0.38461538461538464,0.2,0.2,0.2,0.2631578947368421
147,name>def>stage,name+def+stage,Development time,25,6,1,19,17,FALSE,0.76,0.76,0.76,0.76,0.76,0.76
147,name>def>stage,name+def+stage,Egg incubation period,9,1,1,8,10,FALSE,0.8888888888888888,0.8888888888888888,1,1,1,0.9411764705882353
147,name>def>stage,name+def+stage,Egg-hatching success,13,2,1,11,18,FALSE,0.8461538461538461,0.8461538461538461,0.9166666666666666,0.9166666666666666,0.9166666666666666,0.8799999999999999
147,name>def>stage,name+def+stage,Fecundity,72,19,2,47,14,FALSE,0.6527777777777778,0.7361111111111112,1,1,1,0.7899159663865547
147,name>def>stage,name+def+stage,Linear morphometrics,15,11,1,4,9,FALSE,0.26666666666666666,0.26666666666666666,0.26666666666666666,0.26666666666666666,0.26666666666666666,0.26666666666666666
147,name>def>stage,name+def+stage,Longevity / lifespan,34,4,3,16,16,FALSE,0.47058823529411764,0.8823529411764706,0.8888888888888888,0.8888888888888888,0.8888888888888888,0.6153846153846153
147,name>def>stage,name+def+stage,Pre-oviposition interval,21,4,1,17,19,FALSE,0.8095238095238095,0.8095238095238095,0.53125,0.53125,0.53125,0.6415094339622642
147,name>def>stage,name+def+stage,Survival proportion,24,4,2,13,13,FALSE,0.5416666666666666,0.8333333333333334,1,1,1,0.7027027027027027
148,name>stage>def,name+def+stage,Body mass / weight,41,15,3,10,9;10,TRUE,0.24390243902439024,0.6341463414634146,0.7692307692307693,0.8846153846153846,1,0.3823773898586866
148,name>stage>def,name+def+stage,Development rate,13,8,2,4,15,FALSE,0.3076923076923077,0.38461538461538464,0.5714285714285714,0.5714285714285714,0.5714285714285714,0.4
148,name>stage>def,name+def+stage,Development time,25,12,2,10,14,FALSE,0.4,0.52,0.5555555555555556,0.5555555555555556,0.5555555555555556,0.46511627906976744
148,name>stage>def,name+def+stage,Egg incubation period,9,2,1,7,14,FALSE,0.7777777777777778,0.7777777777777778,0.3888888888888889,0.3888888888888889,0.3888888888888889,0.5185185185185185
148,name>stage>def,name+def+stage,Egg-hatching success,13,4,1,9,13,FALSE,0.6923076923076923,0.6923076923076923,1,1,1,0.8181818181818181
148,name>stage>def,name+def+stage,Fecundity,72,15,1,57,16,FALSE,0.7916666666666666,0.7916666666666666,1,1,1,0.8837209302325582
148,name>stage>def,name+def+stage,Linear morphometrics,15,12,1,3,10,FALSE,0.2,0.2,0.23076923076923078,0.23076923076923078,0.23076923076923078,0.21428571428571427
148,name>stage>def,name+def+stage,Longevity / lifespan,34,17,3,7,5,FALSE,0.20588235294117646,0.5,0.7,0.7,0.7,0.3181818181818182
148,name>stage>def,name+def+stage,Pre-oviposition interval,21,9,3,9,20,FALSE,0.42857142857142855,0.5714285714285714,0.5294117647058824,0.5294117647058824,0.5294117647058824,0.4736842105263158
148,name>stage>def,name+def+stage,Survival proportion,24,8,2,12,12,FALSE,0.5,0.6666666666666666,1,1,1,0.6666666666666666
149,stage>def>name,name+def+stage,Body mass / weight,41,0,1,41,0,FALSE,1,1,0.09490740740740741,0.09490740740740741,0.09490740740740741,0.1733615221987315
149,stage>def>name,name+def+stage,Development rate,13,0,1,13,0,FALSE,1,1,0.03009259259259259,0.03009259259259259,0.03009259259259259,0.05842696629213483
149,stage>def>name,name+def+stage,Development time,25,0,1,25,0,FALSE,1,1,0.05787037037037037,0.05787037037037037,0.05787037037037037,0.10940919037199123
149,stage>def>name,name+def+stage,Egg incubation period,9,0,1,9,0,FALSE,1,1,0.020833333333333332,0.020833333333333332,0.020833333333333332,0.04081632653061225
149,stage>def>name,name+def+stage,Egg-hatching success,13,0,1,13,0,FALSE,1,1,0.03009259259259259,0.03009259259259259,0.03009259259259259,0.05842696629213483
149,stage>def>name,name+def+stage,Fecundity,72,0,1,72,0,FALSE,1,1,0.16666666666666666,0.16666666666666666,0.16666666666666666,0.2857142857142857
149,stage>def>name,name+def+stage,Linear morphometrics,15,0,1,15,0,FALSE,1,1,0.034722222222222224,0.034722222222222224,0.034722222222222224,0.06711409395973154
149,stage>def>name,name+def+stage,Longevity / lifespan,34,0,1,34,0,FALSE,1,1,0.0787037037037037,0.0787037037037037,0.0787037037037037,0.1459227467811159
149,stage>def>name,name+def+stage,Pre-oviposition interval,21,0,1,21,0,FALSE,1,1,0.04861111111111111,0.04861111111111111,0.04861111111111111,0.09271523178807947
149,stage>def>name,name+def+stage,Survival proportion,24,0,1,24,0,FALSE,1,1,0.05555555555555555,0.05555555555555555,0.05555555555555555,0.10526315789473684
150,stage>name>def,name+def+stage,Body mass / weight,41,8,3,15,11,FALSE,0.36585365853658536,0.8048780487804879,0.8823529411764706,0.8823529411764706,0.8823529411764706,0.5172413793103449
150,stage>name>def,name+def+stage,Development rate,13,8,1,5,16,FALSE,0.38461538461538464,0.38461538461538464,0.22727272727272727,0.22727272727272727,0.22727272727272727,0.2857142857142857
150,stage>name>def,name+def+stage,Development time,25,6,2,14,16,FALSE,0.56,0.76,0.6363636363636364,0.6363636363636364,0.6363636363636364,0.5957446808510639
150,stage>name>def,name+def+stage,Egg incubation period,9,1,1,8,14,FALSE,0.8888888888888888,0.8888888888888888,1,1,1,0.9411764705882353
150,stage>name>def,name+def+stage,Egg-hatching success,13,2,1,11,17,FALSE,0.8461538461538461,0.8461538461538461,1,1,1,0.9166666666666666
150,stage>name>def,name+def+stage,Fecundity,72,12,2,59,13,FALSE,0.8194444444444444,0.8333333333333334,0.9833333333333333,0.9833333333333333,0.9833333333333333,0.893939393939394
150,stage>name>def,name+def+stage,Linear morphometrics,15,13,1,2,11,FALSE,0.13333333333333333,0.13333333333333333,0.11764705882352941,0.11764705882352941,0.11764705882352941,0.125
150,stage>name>def,name+def+stage,Longevity / lifespan,34,12,3,10,18,FALSE,0.29411764705882354,0.6470588235294118,1,1,1,0.45454545454545453
150,stage>name>def,name+def+stage,Pre-oviposition interval,21,6,3,12,22,FALSE,0.5714285714285714,0.7142857142857143,0.5454545454545454,0.5454545454545454,0.5454545454545454,0.5581395348837208
150,stage>name>def,name+def+stage,Survival proportion,24,3,1,21,9,FALSE,0.875,0.875,0.84,0.84,0.84,0.8571428571428572
151,class>family>name,name+family+class,Body mass / weight,41,0,6,9,1;2,TRUE,0.21951219512195122,1,0.6428571428571429,0.6675824175824177,0.6923076923076923,0.33038749150237934
151,class>family>name,name+family+class,Development rate,13,3,2,7,5,FALSE,0.5384615384615384,0.7692307692307693,1,1,1,0.7000000000000001
151,class>family>name,name+family+class,Development time,25,9,2,9,31,FALSE,0.36,0.64,0.6923076923076923,0.6923076923076923,0.6923076923076923,0.47368421052631576
151,class>family>name,name+family+class,Egg incubation period,9,0,1,9,14,FALSE,1,1,1,1,1,1
151,class>family>name,name+family+class,Egg-hatching success,13,4,1,9,22,FALSE,0.6923076923076923,0.6923076923076923,1,1,1,0.8181818181818181
151,class>family>name,name+family+class,Fecundity,72,24,5,12,34,FALSE,0.16666666666666666,0.6666666666666666,1,1,1,0.2857142857142857
151,class>family>name,name+family+class,Linear morphometrics,15,3,3,5,1,FALSE,0.3333333333333333,0.8,0.35714285714285715,0.35714285714285715,0.35714285714285715,0.3448275862068965
151,class>family>name,name+family+class,Longevity / lifespan,34,7,3,16,29,FALSE,0.47058823529411764,0.7941176470588235,0.9411764705882353,0.9411764705882353,0.9411764705882353,0.627450980392157
151,class>family>name,name+family+class,Pre-oviposition interval,21,7,2,10,27,FALSE,0.47619047619047616,0.6666666666666666,0.8333333333333334,0.8333333333333334,0.8333333333333334,0.6060606060606061
151,class>family>name,name+family+class,Survival proportion,24,3,4,10,12,FALSE,0.4166666666666667,0.875,1,1,1,0.5882352941176471
152,class>name>family,name+family+class,Body mass / weight,41,3,6,9,2,FALSE,0.21951219512195122,0.926829268292683,0.6923076923076923,0.6923076923076923,0.6923076923076923,0.3333333333333333
152,class>name>family,name+family+class,Development rate,13,3,2,7,11,FALSE,0.5384615384615384,0.7692307692307693,1,1,1,0.7000000000000001
152,class>name>family,name+family+class,Development time,25,9,2,9,30,FALSE,0.36,0.64,0.6,0.6,0.6,0.45
152,class>name>family,name+family+class,Egg incubation period,9,0,1,9,17,FALSE,1,1,1,1,1,1
152,class>name>family,name+family+class,Egg-hatching success,13,4,1,9,18,FALSE,0.6923076923076923,0.6923076923076923,0.9,0.9,0.9,0.7826086956521738
152,class>name>family,name+family+class,Fecundity,72,23,7,12,32,FALSE,0.16666666666666666,0.6805555555555556,1,1,1,0.2857142857142857
152,class>name>family,name+family+class,Linear morphometrics,15,5,3,4,2,FALSE,0.26666666666666666,0.6666666666666666,0.3076923076923077,0.3076923076923077,0.3076923076923077,0.28571428571428575
152,class>name>family,name+family+class,Longevity / lifespan,34,6,3,17,21,FALSE,0.5,0.8235294117647058,0.9444444444444444,0.9444444444444444,0.9444444444444444,0.6538461538461539
152,class>name>family,name+family+class,Pre-oviposition interval,21,3,2,10,19,FALSE,0.47619047619047616,0.8571428571428571,0.8333333333333334,0.8333333333333334,0.8333333333333334,0.6060606060606061
152,class>name>family,name+family+class,Survival proportion,24,5,3,15,9,FALSE,0.625,0.7916666666666666,1,1,1,0.7692307692307693
153,family>class>name,name+family+class,Body mass / weight,41,0,6,9,3;23,TRUE,0.21951219512195122,1,0.6428571428571429,0.6675824175824177,0.6923076923076923,0.33038749150237934
153,family>class>name,name+family+class,Development rate,13,3,2,7,7,FALSE,0.5384615384615384,0.7692307692307693,1,1,1,0.7000000000000001
153,family>class>name,name+family+class,Development time,25,9,2,9,32,FALSE,0.36,0.64,0.6923076923076923,0.6923076923076923,0.6923076923076923,0.47368421052631576
153,family>class>name,name+family+class,Egg incubation period,9,0,1,9,17,FALSE,1,1,1,1,1,1
153,family>class>name,name+family+class,Egg-hatching success,13,4,1,9,20,FALSE,0.6923076923076923,0.6923076923076923,0.9,0.9,0.9,0.7826086956521738
153,family>class>name,name+family+class,Fecundity,72,26,6,11,34,FALSE,0.1527777777777778,0.6388888888888888,1,1,1,0.26506024096385544
153,family>class>name,name+family+class,Linear morphometrics,15,2,3,5,23,FALSE,0.3333333333333333,0.8666666666666667,0.35714285714285715,0.35714285714285715,0.35714285714285715,0.3448275862068965
153,family>class>name,name+family+class,Longevity / lifespan,34,6,3,16,28,FALSE,0.47058823529411764,0.8235294117647058,0.9411764705882353,0.9411764705882353,0.9411764705882353,0.627450980392157
153,family>class>name,name+family+class,Pre-oviposition interval,21,7,2,10,22,FALSE,0.47619047619047616,0.6666666666666666,0.8333333333333334,0.8333333333333334,0.8333333333333334,0.6060606060606061
153,family>class>name,name+family+class,Survival proportion,24,3,4,10,12,FALSE,0.4166666666666667,0.875,1,1,1,0.5882352941176471
154,family>name>class,name+family+class,Body mass / weight,41,3,6,9,8,FALSE,0.21951219512195122,0.926829268292683,0.6923076923076923,0.6923076923076923,0.6923076923076923,0.3333333333333333
154,family>name>class,name+family+class,Development rate,13,2,3,7,2,FALSE,0.5384615384615384,0.8461538461538461,1,1,1,0.7000000000000001
154,family>name>class,name+family+class,Development time,25,6,3,9,29,FALSE,0.36,0.76,0.6923076923076923,0.6923076923076923,0.6923076923076923,0.47368421052631576
154,family>name>class,name+family+class,Egg incubation period,9,0,1,9,4,FALSE,1,1,1,1,1,1
154,family>name>class,name+family+class,Egg-hatching success,13,4,1,9,20,FALSE,0.6923076923076923,0.6923076923076923,0.8181818181818182,0.8181818181818182,0.8181818181818182,0.7500000000000001
154,family>name>class,name+family+class,Fecundity,72,25,7,11,31,FALSE,0.1527777777777778,0.6527777777777778,1,1,1,0.26506024096385544
154,family>name>class,name+family+class,Linear morphometrics,15,5,3,4,8,FALSE,0.26666666666666666,0.6666666666666666,0.3076923076923077,0.3076923076923077,0.3076923076923077,0.28571428571428575
154,family>name>class,name+family+class,Longevity / lifespan,34,7,3,16,26,FALSE,0.47058823529411764,0.7941176470588235,0.9411764705882353,0.9411764705882353,0.9411764705882353,0.627450980392157
154,family>name>class,name+family+class,Pre-oviposition interval,21,3,2,10,23,FALSE,0.47619047619047616,0.8571428571428571,0.8333333333333334,0.8333333333333334,0.8333333333333334,0.6060606060606061
154,family>name>class,name+family+class,Survival proportion,24,3,3,15,6,FALSE,0.625,0.875,1,1,1,0.7692307692307693
155,name>class>family,name+family+class,Body mass / weight,41,0,6,9,6;25,TRUE,0.21951219512195122,1,0.6428571428571429,0.7305194805194806,0.8181818181818182,0.3375843960990248
155,name>class>family,name+family+class,Development rate,13,1,2,7,5,FALSE,0.5384615384615384,0.9230769230769231,1,1,1,0.7000000000000001
155,name>class>family,name+family+class,Development time,25,4,2,14,10,FALSE,0.56,0.84,0.7,0.7,0.7,0.6222222222222222
155,name>class>family,name+family+class,Egg incubation period,9,0,1,9,20,FALSE,1,1,1,1,1,1
155,name>class>family,name+family+class,Egg-hatching success,13,4,1,9,27,FALSE,0.6923076923076923,0.6923076923076923,1,1,1,0.8181818181818181
155,name>class>family,name+family+class,Fecundity,72,25,6,12,32,FALSE,0.16666666666666666,0.6527777777777778,1,1,1,0.2857142857142857
155,name>class>family,name+family+class,Linear morphometrics,15,5,3,5,6,FALSE,0.3333333333333333,0.6666666666666666,0.35714285714285715,0.35714285714285715,0.35714285714285715,0.3448275862068965
155,name>class>family,name+family+class,Longevity / lifespan,34,7,3,16,19,FALSE,0.47058823529411764,0.7941176470588235,0.9411764705882353,0.9411764705882353,0.9411764705882353,0.627450980392157
155,name>class>family,name+family+class,Pre-oviposition interval,21,7,2,10,30,FALSE,0.47619047619047616,0.6666666666666666,0.9090909090909091,0.9090909090909091,0.9090909090909091,0.6249999999999999
155,name>class>family,name+family+class,Survival proportion,24,4,3,15,17,FALSE,0.625,0.8333333333333334,1,1,1,0.7692307692307693
156,name>family>class,name+family+class,Body mass / weight,41,1,6,9,26,FALSE,0.21951219512195122,0.975609756097561,1,1,1,0.36
156,name>family>class,name+family+class,Development rate,13,1,2,7,5,FALSE,0.5384615384615384,0.9230769230769231,1,1,1,0.7000000000000001
156,name>family>class,name+family+class,Development time,25,4,2,14,7,FALSE,0.56,0.84,0.7,0.7,0.7,0.6222222222222222
156,name>family>class,name+family+class,Egg incubation period,9,0,1,9,24,FALSE,1,1,1,1,1,1
156,name>family>class,name+family+class,Egg-hatching success,13,4,1,9,28,FALSE,0.6923076923076923,0.6923076923076923,1,1,1,0.8181818181818181
156,name>family>class,name+family+class,Fecundity,72,26,7,12,32,FALSE,0.16666666666666666,0.6388888888888888,1,1,1,0.2857142857142857
156,name>family>class,name+family+class,Linear morphometrics,15,6,2,5,4,FALSE,0.3333333333333333,0.6,0.38461538461538464,0.38461538461538464,0.38461538461538464,0.3571428571428571
156,name>family>class,name+family+class,Longevity / lifespan,34,9,2,16,11,FALSE,0.47058823529411764,0.7352941176470589,0.9411764705882353,0.9411764705882353,0.9411764705882353,0.627450980392157
156,name>family>class,name+family+class,Pre-oviposition interval,21,7,2,10,30,FALSE,0.47619047619047616,0.6666666666666666,0.9090909090909091,0.9090909090909091,0.9090909090909091,0.6249999999999999
156,name>family>class,name+family+class,Survival proportion,24,6,3,9,17,FALSE,0.375,0.75,1,1,1,0.5454545454545454
157,family>name>phylum,name+family+phylum,Body mass / weight,41,1,7,9,7,FALSE,0.21951219512195122,0.975609756097561,0.6923076923076923,0.6923076923076923,0.6923076923076923,0.3333333333333333
157,family>name>phylum,name+family+phylum,Development rate,13,2,3,7,5,FALSE,0.5384615384615384,0.8461538461538461,1,1,1,0.7000000000000001
157,family>name>phylum,name+family+phylum,Development time,25,5,4,9,32,FALSE,0.36,0.8,0.6923076923076923,0.6923076923076923,0.6923076923076923,0.47368421052631576
157,family>name>phylum,name+family+phylum,Egg incubation period,9,0,1,9,18,FALSE,1,1,1,1,1,1
157,family>name>phylum,name+family+phylum,Egg-hatching success,13,4,1,9,23,FALSE,0.6923076923076923,0.6923076923076923,0.9,0.9,0.9,0.7826086956521738
157,family>name>phylum,name+family+phylum,Fecundity,72,21,8,12,35,FALSE,0.16666666666666666,0.7083333333333334,1,1,1,0.2857142857142857
157,family>name>phylum,name+family+phylum,Linear morphometrics,15,3,4,4,7,FALSE,0.26666666666666666,0.8,0.3076923076923077,0.3076923076923077,0.3076923076923077,0.28571428571428575
157,family>name>phylum,name+family+phylum,Longevity / lifespan,34,6,4,16,31,FALSE,0.47058823529411764,0.8235294117647058,0.9411764705882353,0.9411764705882353,0.9411764705882353,0.627450980392157
157,family>name>phylum,name+family+phylum,Pre-oviposition interval,21,6,3,10,27,FALSE,0.47619047619047616,0.7142857142857143,0.8333333333333334,0.8333333333333334,0.8333333333333334,0.6060606060606061
157,family>name>phylum,name+family+phylum,Survival proportion,24,3,5,10,16,FALSE,0.4166666666666667,0.875,1,1,1,0.5882352941176471
158,family>phylum>name,name+family+phylum,Body mass / weight,41,2,6,9,7,FALSE,0.21951219512195122,0.9512195121951219,0.8181818181818182,0.8181818181818182,0.8181818181818182,0.34615384615384615
158,family>phylum>name,name+family+phylum,Development rate,13,2,3,7,5,FALSE,0.5384615384615384,0.8461538461538461,1,1,1,0.7000000000000001
158,family>phylum>name,name+family+phylum,Development time,25,6,3,9,32,FALSE,0.36,0.76,0.6923076923076923,0.6923076923076923,0.6923076923076923,0.47368421052631576
158,family>phylum>name,name+family+phylum,Egg incubation period,9,0,1,9,16,FALSE,1,1,1,1,1,1
158,family>phylum>name,name+family+phylum,Egg-hatching success,13,5,1,8,24,FALSE,0.6153846153846154,0.6153846153846154,0.8,0.8,0.8,0.6956521739130435
158,family>phylum>name,name+family+phylum,Fecundity,72,25,6,11,34,FALSE,0.1527777777777778,0.6527777777777778,1,1,1,0.26506024096385544
158,family>phylum>name,name+family+phylum,Linear morphometrics,15,7,3,3,9;27,TRUE,0.2,0.5333333333333333,0.3,0.36428571428571427,0.42857142857142855,0.2582278481012658
158,family>phylum>name,name+family+phylum,Longevity / lifespan,34,6,3,16,30,FALSE,0.47058823529411764,0.8235294117647058,0.9411764705882353,0.9411764705882353,0.9411764705882353,0.627450980392157
158,family>phylum>name,name+family+phylum,Pre-oviposition interval,21,3,2,10,26,FALSE,0.47619047619047616,0.8571428571428571,0.8333333333333334,0.8333333333333334,0.8333333333333334,0.6060606060606061
158,family>phylum>name,name+family+phylum,Survival proportion,24,3,4,9,14,FALSE,0.375,0.875,1,1,1,0.5454545454545454
159,name>family>phylum,name+family+phylum,Body mass / weight,41,1,6,9,24,FALSE,0.21951219512195122,0.975609756097561,0.8181818181818182,0.8181818181818182,0.8181818181818182,0.34615384615384615
159,name>family>phylum,name+family+phylum,Development rate,13,2,2,7,8,FALSE,0.5384615384615384,0.8461538461538461,1,1,1,0.7000000000000001
159,name>family>phylum,name+family+phylum,Development time,25,5,2,13,22,FALSE,0.52,0.8,0.7222222222222222,0.7222222222222222,0.7222222222222222,0.6046511627906976
159,name>family>phylum,name+family+phylum,Egg incubation period,9,0,1,9,18,FALSE,1,1,1,1,1,1
159,name>family>phylum,name+family+phylum,Egg-hatching success,13,4,1,9,23,FALSE,0.6923076923076923,0.6923076923076923,1,1,1,0.8181818181818181
159,name>family>phylum,name+family+phylum,Fecundity,72,27,6,11,31,FALSE,0.1527777777777778,0.625,1,1,1,0.26506024096385544
159,name>family>phylum,name+family+phylum,Linear morphometrics,15,5,3,5,10,FALSE,0.3333333333333333,0.6666666666666666,0.38461538461538464,0.38461538461538464,0.38461538461538464,0.3571428571428571
159,name>family>phylum,name+family+phylum,Longevity / lifespan,34,7,3,16,29,FALSE,0.47058823529411764,0.7941176470588235,0.9411764705882353,0.9411764705882353,0.9411764705882353,0.627450980392157
159,name>family>phylum,name+family+phylum,Pre-oviposition interval,21,7,2,10,27,FALSE,0.47619047619047616,0.6666666666666666,0.9090909090909091,0.9090909090909091,0.9090909090909091,0.6249999999999999
159,name>family>phylum,name+family+phylum,Survival proportion,24,6,2,15,17,FALSE,0.625,0.75,1,1,1,0.7692307692307693
160,name>phylum>family,name+family+phylum,Body mass / weight,41,0,6,9,7;25,TRUE,0.21951219512195122,1,0.6428571428571429,0.8214285714285714,1,0.34644351464435147
160,name>phylum>family,name+family+phylum,Development rate,13,1,2,7,10,FALSE,0.5384615384615384,0.9230769230769231,1,1,1,0.7000000000000001
160,name>phylum>family,name+family+phylum,Development time,25,5,2,13,8,FALSE,0.52,0.8,0.6842105263157895,0.6842105263157895,0.6842105263157895,0.5909090909090909
160,name>phylum>family,name+family+phylum,Egg incubation period,9,0,1,9,22,FALSE,1,1,1,1,1,1
160,name>phylum>family,name+family+phylum,Egg-hatching success,13,4,1,9,27,FALSE,0.6923076923076923,0.6923076923076923,0.9,0.9,0.9,0.7826086956521738
160,name>phylum>family,name+family+phylum,Fecundity,72,26,7,12,32,FALSE,0.16666666666666666,0.6388888888888888,1,1,1,0.2857142857142857
160,name>phylum>family,name+family+phylum,Linear morphometrics,15,7,2,5,7,FALSE,0.3333333333333333,0.5333333333333333,0.35714285714285715,0.35714285714285715,0.35714285714285715,0.3448275862068965
160,name>phylum>family,name+family+phylum,Longevity / lifespan,34,7,3,16,20,FALSE,0.47058823529411764,0.7941176470588235,0.8888888888888888,0.8888888888888888,0.8888888888888888,0.6153846153846153
160,name>phylum>family,name+family+phylum,Pre-oviposition interval,21,8,2,10,29,FALSE,0.47619047619047616,0.6190476190476191,0.9090909090909091,0.9090909090909091,0.9090909090909091,0.6249999999999999
160,name>phylum>family,name+family+phylum,Survival proportion,24,3,3,15,16,FALSE,0.625,0.875,1,1,1,0.7692307692307693
161,phylum>family>name,name+family+phylum,Body mass / weight,41,0,6,9,3;15,TRUE,0.21951219512195122,1,0.6428571428571429,0.6675824175824177,0.6923076923076923,0.33038749150237934
161,phylum>family>name,name+family+phylum,Development rate,13,3,2,7,8,FALSE,0.5384615384615384,0.7692307692307693,1,1,1,0.7000000000000001
161,phylum>family>name,name+family+phylum,Development time,25,9,2,9,31,FALSE,0.36,0.64,0.6923076923076923,0.6923076923076923,0.6923076923076923,0.47368421052631576
161,phylum>family>name,name+family+phylum,Egg incubation period,9,0,1,9,21,FALSE,1,1,1,1,1,1
161,phylum>family>name,name+family+phylum,Egg-hatching success,13,5,1,8,24,FALSE,0.6153846153846154,0.6153846153846154,0.8,0.8,0.8,0.6956521739130435
161,phylum>family>name,name+family+phylum,Fecundity,72,26,7,11,33,FALSE,0.1527777777777778,0.6388888888888888,1,1,1,0.26506024096385544
161,phylum>family>name,name+family+phylum,Linear morphometrics,15,3,3,5,15,FALSE,0.3333333333333333,0.8,0.35714285714285715,0.35714285714285715,0.35714285714285715,0.3448275862068965
161,phylum>family>name,name+family+phylum,Longevity / lifespan,34,6,3,16,27,FALSE,0.47058823529411764,0.8235294117647058,0.9411764705882353,0.9411764705882353,0.9411764705882353,0.627450980392157
161,phylum>family>name,name+family+phylum,Pre-oviposition interval,21,6,3,10,25,FALSE,0.47619047619047616,0.7142857142857143,0.8333333333333334,0.8333333333333334,0.8333333333333334,0.6060606060606061
161,phylum>family>name,name+family+phylum,Survival proportion,24,2,4,15,12,FALSE,0.625,0.9166666666666666,1,1,1,0.7692307692307693
162,phylum>name>family,name+family+phylum,Body mass / weight,41,3,6,9,13,FALSE,0.21951219512195122,0.926829268292683,0.8181818181818182,0.8181818181818182,0.8181818181818182,0.34615384615384615
162,phylum>name>family,name+family+phylum,Development rate,13,3,2,7,5,FALSE,0.5384615384615384,0.7692307692307693,1,1,1,0.7000000000000001
162,phylum>name>family,name+family+phylum,Development time,25,9,2,9,30,FALSE,0.36,0.64,0.5625,0.5625,0.5625,0.43902439024390244
162,phylum>name>family,name+family+phylum,Egg incubation period,9,0,1,9,21,FALSE,1,1,1,1,1,1
162,phylum>name>family,name+family+phylum,Egg-hatching success,13,5,1,8,23,FALSE,0.6153846153846154,0.6153846153846154,0.8,0.8,0.8,0.6956521739130435
162,phylum>name>family,name+family+phylum,Fecundity,72,26,7,12,32,FALSE,0.16666666666666666,0.6388888888888888,1,1,1,0.2857142857142857
162,phylum>name>family,name+family+phylum,Linear morphometrics,15,7,3,3,4;27,TRUE,0.2,0.5333333333333333,0.3333333333333333,0.38095238095238093,0.42857142857142855,0.2622950819672132
162,phylum>name>family,name+family+phylum,Longevity / lifespan,34,9,2,16,24,FALSE,0.47058823529411764,0.7352941176470589,0.9411764705882353,0.9411764705882353,0.9411764705882353,0.627450980392157
162,phylum>name>family,name+family+phylum,Pre-oviposition interval,21,3,2,10,26,FALSE,0.47619047619047616,0.8571428571428571,1,1,1,0.6451612903225806
162,phylum>name>family,name+family+phylum,Survival proportion,24,5,4,9,7,FALSE,0.375,0.7916666666666666,1,1,1,0.5454545454545454
163,family>name>stage,name+family+stage,Body mass / weight,41,2,6,14,9,FALSE,0.34146341463414637,0.9512195121951219,0.875,0.875,0.875,0.4912280701754386
163,family>name>stage,name+family+stage,Development rate,13,2,4,7,14,FALSE,0.5384615384615384,0.8461538461538461,0.5,0.5,0.5,0.5185185185185186
163,family>name>stage,name+family+stage,Development time,25,4,4,8,26,FALSE,0.32,0.84,0.7272727272727273,0.7272727272727273,0.7272727272727273,0.4444444444444444
163,family>name>stage,name+family+stage,Egg incubation period,9,0,1,9,6,FALSE,1,1,1,1,1,1
163,family>name>stage,name+family+stage,Egg-hatching success,13,4,2,8,19,FALSE,0.6153846153846154,0.6923076923076923,0.8888888888888888,0.8888888888888888,0.8888888888888888,0.7272727272727274
163,family>name>stage,name+family+stage,Fecundity,72,24,8,10,4,FALSE,0.1388888888888889,0.6666666666666666,0.9090909090909091,0.9090909090909091,0.9090909090909091,0.24096385542168675
163,family>name>stage,name+family+stage,Linear morphometrics,15,3,5,3,5;25,TRUE,0.2,0.8,0.3333333333333333,0.38095238095238093,0.42857142857142855,0.2622950819672132
163,family>name>stage,name+family+stage,Longevity / lifespan,34,7,5,15,24,FALSE,0.4411764705882353,0.7941176470588235,0.75,0.75,0.75,0.5555555555555556
163,family>name>stage,name+family+stage,Pre-oviposition interval,21,0,4,10,23,FALSE,0.47619047619047616,1,0.8333333333333334,0.8333333333333334,0.8333333333333334,0.6060606060606061
163,family>name>stage,name+family+stage,Survival proportion,24,4,6,7,20,FALSE,0.2916666666666667,0.8333333333333334,1,1,1,0.45161290322580644
164,family>stage>name,name+family+stage,Body mass / weight,41,5,5,16,3,FALSE,0.3902439024390244,0.8780487804878049,0.8888888888888888,0.8888888888888888,0.8888888888888888,0.5423728813559323
164,family>stage>name,name+family+stage,Development rate,13,4,2,7,4,FALSE,0.5384615384615384,0.6923076923076923,0.5,0.5,0.5,0.5185185185185186
164,family>stage>name,name+family+stage,Development time,25,10,2,8,25,FALSE,0.32,0.6,0.8,0.8,0.8,0.45714285714285713
164,family>stage>name,name+family+stage,Egg incubation period,9,0,1,9,10,FALSE,1,1,1,1,1,1
164,family>stage>name,name+family+stage,Egg-hatching success,13,4,1,9,9,FALSE,0.6923076923076923,0.6923076923076923,0.9,0.9,0.9,0.7826086956521738
164,family>stage>name,name+family+stage,Fecundity,72,29,5,10,8;27,TRUE,0.1388888888888889,0.5972222222222222,1,1,1,0.24390243902439027
164,family>stage>name,name+family+stage,Linear morphometrics,15,5,3,4,2,FALSE,0.26666666666666666,0.6666666666666666,0.3076923076923077,0.3076923076923077,0.3076923076923077,0.28571428571428575
164,family>stage>name,name+family+stage,Longevity / lifespan,34,8,3,16,24,FALSE,0.47058823529411764,0.7647058823529411,0.7272727272727273,0.7272727272727273,0.7272727272727273,0.5714285714285714
164,family>stage>name,name+family+stage,Pre-oviposition interval,21,4,2,10,15,FALSE,0.47619047619047616,0.8095238095238095,0.8333333333333334,0.8333333333333334,0.8333333333333334,0.6060606060606061
164,family>stage>name,name+family+stage,Survival proportion,24,7,4,7,11,FALSE,0.2916666666666667,0.7083333333333334,1,1,1,0.45161290322580644
165,name>family>stage,name+family+stage,Body mass / weight,41,4,4,14,11;12,TRUE,0.34146341463414637,0.9024390243902439,0.7368421052631579,0.805921052631579,0.875,0.47968673519334315
165,name>family>stage,name+family+stage,Development rate,13,3,2,7,6,FALSE,0.5384615384615384,0.7692307692307693,0.5,0.5,0.5,0.5185185185185186
165,name>family>stage,name+family+stage,Development time,25,9,2,9,24,FALSE,0.36,0.64,0.6923076923076923,0.6923076923076923,0.6923076923076923,0.47368421052631576
165,name>family>stage,name+family+stage,Egg incubation period,9,0,1,9,17,FALSE,1,1,1,1,1,1
165,name>family>stage,name+family+stage,Egg-hatching success,13,4,1,9,16,FALSE,0.6923076923076923,0.6923076923076923,0.9,0.9,0.9,0.7826086956521738
165,name>family>stage,name+family+stage,Fecundity,72,28,5,10,3;26;27,TRUE,0.1388888888888889,0.6111111111111112,0.9090909090909091,0.9696969696969697,1,0.24297646165527714
165,name>family>stage,name+family+stage,Linear morphometrics,15,5,3,4,11,FALSE,0.26666666666666666,0.6666666666666666,0.21052631578947367,0.21052631578947367,0.21052631578947367,0.23529411764705882
165,name>family>stage,name+family+stage,Longevity / lifespan,34,13,2,16,23,FALSE,0.47058823529411764,0.6176470588235294,0.8888888888888888,0.8888888888888888,0.8888888888888888,0.6153846153846153
165,name>family>stage,name+family+stage,Pre-oviposition interval,21,4,2,10,15,FALSE,0.47619047619047616,0.8095238095238095,0.9090909090909091,0.9090909090909091,0.9090909090909091,0.6249999999999999
165,name>family>stage,name+family+stage,Survival proportion,24,8,4,7,20,FALSE,0.2916666666666667,0.6666666666666666,1,1,1,0.45161290322580644
166,name>stage>family,name+family+stage,Body mass / weight,41,4,6,9,18,FALSE,0.21951219512195122,0.9024390243902439,1,1,1,0.36
166,name>stage>family,name+family+stage,Development rate,13,4,2,6,10,FALSE,0.46153846153846156,0.6923076923076923,1,1,1,0.631578947368421
166,name>stage>family,name+family+stage,Development time,25,9,2,9,26,FALSE,0.36,0.64,0.6923076923076923,0.6923076923076923,0.6923076923076923,0.47368421052631576
166,name>stage>family,name+family+stage,Egg incubation period,9,0,1,9,13,FALSE,1,1,1,1,1,1
166,name>stage>family,name+family+stage,Egg-hatching success,13,4,1,9,16,FALSE,0.6923076923076923,0.6923076923076923,0.9,0.9,0.9,0.7826086956521738
166,name>stage>family,name+family+stage,Fecundity,72,31,5,10,7,FALSE,0.1388888888888889,0.5694444444444444,0.9090909090909091,0.9090909090909091,0.9090909090909091,0.24096385542168675
166,name>stage>family,name+family+stage,Linear morphometrics,15,5,3,4,19,FALSE,0.26666666666666666,0.6666666666666666,0.4444444444444444,0.4444444444444444,0.4444444444444444,0.33333333333333337
166,name>stage>family,name+family+stage,Longevity / lifespan,34,8,4,16,25,FALSE,0.47058823529411764,0.7647058823529411,0.8888888888888888,0.8888888888888888,0.8888888888888888,0.6153846153846153
166,name>stage>family,name+family+stage,Pre-oviposition interval,21,4,2,10,23,FALSE,0.47619047619047616,0.8095238095238095,0.9090909090909091,0.9090909090909091,0.9090909090909091,0.6249999999999999
166,name>stage>family,name+family+stage,Survival proportion,24,5,4,8,14,FALSE,0.3333333333333333,0.7916666666666666,1,1,1,0.5
167,stage>family>name,name+family+stage,Body mass / weight,41,6,6,7,5;10;21,TRUE,0.17073170731707318,0.8536585365853658,0.7,0.825925925925926,1,0.28296927399619326
167,stage>family>name,name+family+stage,Development rate,13,4,2,7,1,FALSE,0.5384615384615384,0.6923076923076923,0.5,0.5,0.5,0.5185185185185186
167,stage>family>name,name+family+stage,Development time,25,11,2,7,1;27,TRUE,0.28,0.56,0.5,0.6388888888888888,0.7777777777777778,0.38935912938331324
167,stage>family>name,name+family+stage,Egg incubation period,9,0,1,9,4,FALSE,1,1,1,1,1,1
167,stage>family>name,name+family+stage,Egg-hatching success,13,5,1,8,12,FALSE,0.6153846153846154,0.6153846153846154,0.8888888888888888,0.8888888888888888,0.8888888888888888,0.7272727272727274
167,stage>family>name,name+family+stage,Fecundity,72,30,5,10,8,FALSE,0.1388888888888889,0.5833333333333334,0.9090909090909091,0.9090909090909091,0.9090909090909091,0.24096385542168675
167,stage>family>name,name+family+stage,Linear morphometrics,15,5,3,4,3,FALSE,0.26666666666666666,0.6666666666666666,0.4444444444444444,0.4444444444444444,0.4444444444444444,0.33333333333333337
167,stage>family>name,name+family+stage,Longevity / lifespan,34,12,4,9,25,FALSE,0.2647058823529412,0.6470588235294118,1,1,1,0.4186046511627907
167,stage>family>name,name+family+stage,Pre-oviposition interval,21,3,3,10,17,FALSE,0.47619047619047616,0.8571428571428571,0.8333333333333334,0.8333333333333334,0.8333333333333334,0.6060606060606061
167,stage>family>name,name+family+stage,Survival proportion,24,9,3,7,7,FALSE,0.2916666666666667,0.625,0.7777777777777778,0.7777777777777778,0.7777777777777778,0.42424242424242425
168,stage>name>family,name+family+stage,Body mass / weight,41,5,7,8,3,FALSE,0.1951219512195122,0.8780487804878049,0.6153846153846154,0.6153846153846154,0.6153846153846154,0.29629629629629634
168,stage>name>family,name+family+stage,Development rate,13,4,2,7,7,FALSE,0.5384615384615384,0.6923076923076923,0.5,0.5,0.5,0.5185185185185186
168,stage>name>family,name+family+stage,Development time,25,13,3,7,7,FALSE,0.28,0.48,0.5,0.5,0.5,0.358974358974359
168,stage>name>family,name+family+stage,Egg incubation period,9,1,1,8,9,FALSE,0.8888888888888888,0.8888888888888888,1,1,1,0.9411764705882353
168,stage>name>family,name+family+stage,Egg-hatching success,13,4,2,8,8,FALSE,0.6153846153846154,0.6923076923076923,0.8888888888888888,0.8888888888888888,0.8888888888888888,0.7272727272727274
168,stage>name>family,name+family+stage,Fecundity,72,24,7,10,10,FALSE,0.1388888888888889,0.6666666666666666,0.9090909090909091,0.9090909090909091,0.9090909090909091,0.24096385542168675
168,stage>name>family,name+family+stage,Linear morphometrics,15,3,4,4,4,FALSE,0.26666666666666666,0.8,0.4444444444444444,0.4444444444444444,0.4444444444444444,0.33333333333333337
168,stage>name>family,name+family+stage,Longevity / lifespan,34,11,4,9,26,FALSE,0.2647058823529412,0.6764705882352942,1,1,1,0.4186046511627907
168,stage>name>family,name+family+stage,Pre-oviposition interval,21,4,3,10,19,FALSE,0.47619047619047616,0.8095238095238095,0.9090909090909091,0.9090909090909091,0.9090909090909091,0.6249999999999999
168,stage>name>family,name+family+stage,Survival proportion,24,9,3,7,2,FALSE,0.2916666666666667,0.625,0.5384615384615384,0.5384615384615384,0.5384615384615384,0.3783783783783784
169,class>name>order,name+order+class,Body mass / weight,41,2,6,9,22,FALSE,0.21951219512195122,0.9512195121951219,0.8181818181818182,0.8181818181818182,0.8181818181818182,0.34615384615384615
169,class>name>order,name+order+class,Development rate,13,1,3,7,16,FALSE,0.5384615384615384,0.9230769230769231,1,1,1,0.7000000000000001
169,class>name>order,name+order+class,Development time,25,4,3,10,24,FALSE,0.4,0.84,0.6666666666666666,0.6666666666666666,0.6666666666666666,0.5
169,class>name>order,name+order+class,Egg incubation period,9,0,1,9,29,FALSE,1,1,1,1,1,1
169,class>name>order,name+order+class,Egg-hatching success,13,4,1,9,30,FALSE,0.6923076923076923,0.6923076923076923,0.9,0.9,0.9,0.7826086956521738
169,class>name>order,name+order+class,Fecundity,72,20,6,11,19;34,TRUE,0.1527777777777778,0.7222222222222222,0.9166666666666666,0.9583333333333333,1,0.2635416666666667
169,class>name>order,name+order+class,Linear morphometrics,15,6,3,4,5,FALSE,0.26666666666666666,0.6,0.5,0.5,0.5,0.3478260869565218
169,class>name>order,name+order+class,Longevity / lifespan,34,4,2,21,2,FALSE,0.6176470588235294,0.8823529411764706,0.9545454545454546,0.9545454545454546,0.9545454545454546,0.75
169,class>name>order,name+order+class,Pre-oviposition interval,21,2,3,10,31,FALSE,0.47619047619047616,0.9047619047619048,0.9090909090909091,0.9090909090909091,0.9090909090909091,0.6249999999999999
169,class>name>order,name+order+class,Survival proportion,24,0,2,15,13,FALSE,0.625,1,1,1,1,0.7692307692307693
170,class>order>name,name+order+class,Body mass / weight,41,0,6,9,2;14,TRUE,0.21951219512195122,1,0.6428571428571429,0.7305194805194806,0.8181818181818182,0.3375843960990248
170,class>order>name,name+order+class,Development rate,13,1,3,7,11,FALSE,0.5384615384615384,0.9230769230769231,1,1,1,0.7000000000000001
170,class>order>name,name+order+class,Development time,25,4,3,10,25,FALSE,0.4,0.84,0.7142857142857143,0.7142857142857143,0.7142857142857143,0.5128205128205129
170,class>order>name,name+order+class,Egg incubation period,9,0,1,9,28,FALSE,1,1,1,1,1,1
170,class>order>name,name+order+class,Egg-hatching success,13,4,1,9,29,FALSE,0.6923076923076923,0.6923076923076923,0.9,0.9,0.9,0.7826086956521738
170,class>order>name,name+order+class,Fecundity,72,21,6,11,19,FALSE,0.1527777777777778,0.7083333333333334,0.9166666666666666,0.9166666666666666,0.9166666666666666,0.2619047619047619
170,class>order>name,name+order+class,Linear morphometrics,15,4,3,5,2,FALSE,0.3333333333333333,0.7333333333333333,0.35714285714285715,0.35714285714285715,0.35714285714285715,0.3448275862068965
170,class>order>name,name+order+class,Longevity / lifespan,34,4,2,21,4,FALSE,0.6176470588235294,0.8823529411764706,0.9545454545454546,0.9545454545454546,0.9545454545454546,0.75
170,class>order>name,name+order+class,Pre-oviposition interval,21,8,2,10,32,FALSE,0.47619047619047616,0.6190476190476191,0.8333333333333334,0.8333333333333334,0.8333333333333334,0.6060606060606061
170,class>order>name,name+order+class,Survival proportion,24,3,3,8,6,FALSE,0.3333333333333333,0.875,0.8888888888888888,0.8888888888888888,0.8888888888888888,0.48484848484848486
171,name>class>order,name+order+class,Body mass / weight,41,1,6,9,26,FALSE,0.21951219512195122,0.975609756097561,1,1,1,0.36
171,name>class>order,name+order+class,Development rate,13,1,2,7,7,FALSE,0.5384615384615384,0.9230769230769231,1,1,1,0.7000000000000001
171,name>class>order,name+order+class,Development time,25,2,2,16,9,FALSE,0.64,0.92,1,1,1,0.7804878048780487
171,name>class>order,name+order+class,Egg incubation period,9,0,1,9,19,FALSE,1,1,1,1,1,1
171,name>class>order,name+order+class,Egg-hatching success,13,4,1,9,23,FALSE,0.6923076923076923,0.6923076923076923,1,1,1,0.8181818181818181
171,name>class>order,name+order+class,Fecundity,72,25,7,10,22;33,TRUE,0.1388888888888889,0.6527777777777778,0.9090909090909091,0.9545454545454546,1,0.24249422632794462
171,name>class>order,name+order+class,Linear morphometrics,15,6,2,5,3,FALSE,0.3333333333333333,0.6,0.38461538461538464,0.38461538461538464,0.38461538461538464,0.3571428571428571
171,name>class>order,name+order+class,Longevity / lifespan,34,5,2,20,8,FALSE,0.5882352941176471,0.8529411764705882,0.9090909090909091,0.9090909090909091,0.9090909090909091,0.7142857142857143
171,name>class>order,name+order+class,Pre-oviposition interval,21,6,2,10,30,FALSE,0.47619047619047616,0.7142857142857143,0.9090909090909091,0.9090909090909091,0.9090909090909091,0.6249999999999999
171,name>class>order,name+order+class,Survival proportion,24,1,2,15,17,FALSE,0.625,0.9583333333333334,1,1,1,0.7692307692307693
172,name>order>class,name+order+class,Body mass / weight,41,1,6,9,27,FALSE,0.21951219512195122,0.975609756097561,1,1,1,0.36
172,name>order>class,name+order+class,Development rate,13,1,2,7,9,FALSE,0.5384615384615384,0.9230769230769231,1,1,1,0.7000000000000001
172,name>order>class,name+order+class,Development time,25,2,2,16,10,FALSE,0.64,0.92,1,1,1,0.7804878048780487
172,name>order>class,name+order+class,Egg incubation period,9,0,1,9,18,FALSE,1,1,1,1,1,1
172,name>order>class,name+order+class,Egg-hatching success,13,4,1,9,26,FALSE,0.6923076923076923,0.6923076923076923,0.8181818181818182,0.8181818181818182,0.8181818181818182,0.7500000000000001
172,name>order>class,name+order+class,Fecundity,72,29,6,10,25,FALSE,0.1388888888888889,0.5972222222222222,0.9090909090909091,0.9090909090909091,0.9090909090909091,0.24096385542168675
172,name>order>class,name+order+class,Linear morphometrics,15,6,2,5,2,FALSE,0.3333333333333333,0.6,0.38461538461538464,0.38461538461538464,0.38461538461538464,0.3571428571428571
172,name>order>class,name+order+class,Longevity / lifespan,34,4,2,21,6,FALSE,0.6176470588235294,0.8823529411764706,0.9130434782608695,0.9130434782608695,0.9130434782608695,0.7368421052631579
172,name>order>class,name+order+class,Pre-oviposition interval,21,6,2,10,30,FALSE,0.47619047619047616,0.7142857142857143,0.9090909090909091,0.9090909090909091,0.9090909090909091,0.6249999999999999
172,name>order>class,name+order+class,Survival proportion,24,1,3,10,22,FALSE,0.4166666666666667,0.9583333333333334,1,1,1,0.5882352941176471
173,order>class>name,name+order+class,Body mass / weight,41,2,6,9,15,FALSE,0.21951219512195122,0.9512195121951219,0.6923076923076923,0.6923076923076923,0.6923076923076923,0.3333333333333333
173,order>class>name,name+order+class,Development rate,13,1,3,7,13,FALSE,0.5384615384615384,0.9230769230769231,1,1,1,0.7000000000000001
173,order>class>name,name+order+class,Development time,25,3,3,11,26,FALSE,0.44,0.88,0.7333333333333333,0.7333333333333333,0.7333333333333333,0.5499999999999999
173,order>class>name,name+order+class,Egg incubation period,9,0,1,9,32,FALSE,1,1,1,1,1,1
173,order>class>name,name+order+class,Egg-hatching success,13,4,1,9,33,FALSE,0.6923076923076923,0.6923076923076923,0.8181818181818182,0.8181818181818182,0.8181818181818182,0.7500000000000001
173,order>class>name,name+order+class,Fecundity,72,22,6,10,30;37,TRUE,0.1388888888888889,0.6944444444444444,0.9090909090909091,0.9545454545454546,1,0.24249422632794462
173,order>class>name,name+order+class,Linear morphometrics,15,4,3,4,3;15,TRUE,0.26666666666666666,0.7333333333333333,0.3076923076923077,0.40384615384615385,0.5,0.32122370936902483
173,order>class>name,name+order+class,Longevity / lifespan,34,4,2,21,7,FALSE,0.6176470588235294,0.8823529411764706,0.9545454545454546,0.9545454545454546,0.9545454545454546,0.75
173,order>class>name,name+order+class,Pre-oviposition interval,21,0,3,10,35,FALSE,0.47619047619047616,1,0.8333333333333334,0.8333333333333334,0.8333333333333334,0.6060606060606061
173,order>class>name,name+order+class,Survival proportion,24,1,3,10,24,FALSE,0.4166666666666667,0.9583333333333334,1,1,1,0.5882352941176471
174,order>name>class,name+order+class,Body mass / weight,41,2,6,9,30,FALSE,0.21951219512195122,0.9512195121951219,0.8181818181818182,0.8181818181818182,0.8181818181818182,0.34615384615384615
174,order>name>class,name+order+class,Development rate,13,2,3,7,8,FALSE,0.5384615384615384,0.8461538461538461,1,1,1,0.7000000000000001
174,order>name>class,name+order+class,Development time,25,3,3,11,20,FALSE,0.44,0.88,0.7857142857142857,0.7857142857142857,0.7857142857142857,0.5641025641025641
174,order>name>class,name+order+class,Egg incubation period,9,0,1,9,24,FALSE,1,1,1,1,1,1
174,order>name>class,name+order+class,Egg-hatching success,13,4,1,9,33,FALSE,0.6923076923076923,0.6923076923076923,0.75,0.75,0.75,0.7199999999999999
174,order>name>class,name+order+class,Fecundity,72,20,7,10,17;37,TRUE,0.1388888888888889,0.7222222222222222,0.9090909090909091,0.9545454545454546,1,0.24249422632794462
174,order>name>class,name+order+class,Linear morphometrics,15,6,3,4,4,FALSE,0.26666666666666666,0.6,0.5,0.5,0.5,0.3478260869565218
174,order>name>class,name+order+class,Longevity / lifespan,34,4,2,21,5,FALSE,0.6176470588235294,0.8823529411764706,0.9545454545454546,0.9545454545454546,0.9545454545454546,0.75
174,order>name>class,name+order+class,Pre-oviposition interval,21,2,2,10,34,FALSE,0.47619047619047616,0.9047619047619048,0.8333333333333334,0.8333333333333334,0.8333333333333334,0.6060606060606061
174,order>name>class,name+order+class,Survival proportion,24,1,2,15,13,FALSE,0.625,0.9583333333333334,1,1,1,0.7692307692307693
175,family>name>order,name+order+family,Body mass / weight,41,1,7,9,10,FALSE,0.21951219512195122,0.975609756097561,0.6923076923076923,0.6923076923076923,0.6923076923076923,0.3333333333333333
175,family>name>order,name+order+family,Development rate,13,1,4,7,2,FALSE,0.5384615384615384,0.9230769230769231,1,1,1,0.7000000000000001
175,family>name>order,name+order+family,Development time,25,4,4,9,30,FALSE,0.36,0.84,0.6923076923076923,0.6923076923076923,0.6923076923076923,0.47368421052631576
175,family>name>order,name+order+family,Egg incubation period,9,0,1,9,17,FALSE,1,1,1,1,1,1
175,family>name>order,name+order+family,Egg-hatching success,13,2,2,9,28,FALSE,0.6923076923076923,0.8461538461538461,1,1,1,0.8181818181818181
175,family>name>order,name+order+family,Fecundity,72,20,9,11,34;35,TRUE,0.1527777777777778,0.7222222222222222,1,1,1,0.26506024096385544
175,family>name>order,name+order+family,Linear morphometrics,15,3,4,4,10,FALSE,0.26666666666666666,0.8,0.3076923076923077,0.3076923076923077,0.3076923076923077,0.28571428571428575
175,family>name>order,name+order+family,Longevity / lifespan,34,6,4,16,27,FALSE,0.47058823529411764,0.8235294117647058,0.9411764705882353,0.9411764705882353,0.9411764705882353,0.627450980392157
175,family>name>order,name+order+family,Pre-oviposition interval,21,4,5,10,32,FALSE,0.47619047619047616,0.8095238095238095,0.9090909090909091,0.9090909090909091,0.9090909090909091,0.6249999999999999
175,family>name>order,name+order+family,Survival proportion,24,1,6,15,8,FALSE,0.625,0.9583333333333334,1,1,1,0.7692307692307693
176,family>order>name,name+order+family,Body mass / weight,41,0,7,9,3,FALSE,0.21951219512195122,1,0.6923076923076923,0.6923076923076923,0.6923076923076923,0.3333333333333333
176,family>order>name,name+order+family,Development rate,13,1,4,7,8,FALSE,0.5384615384615384,0.9230769230769231,1,1,1,0.7000000000000001
176,family>order>name,name+order+family,Development time,25,5,3,9,31,FALSE,0.36,0.8,0.6923076923076923,0.6923076923076923,0.6923076923076923,0.47368421052631576
176,family>order>name,name+order+family,Egg incubation period,9,0,1,9,18,FALSE,1,1,1,1,1,1
176,family>order>name,name+order+family,Egg-hatching success,13,3,2,9,20,FALSE,0.6923076923076923,0.7692307692307693,0.9,0.9,0.9,0.7826086956521738
176,family>order>name,name+order+family,Fecundity,72,21,7,11,13;33,TRUE,0.1527777777777778,0.7083333333333334,0.9166666666666666,0.9583333333333333,1,0.2635416666666667
176,family>order>name,name+order+family,Linear morphometrics,15,2,4,4,3;14,TRUE,0.26666666666666666,0.8666666666666667,0.3076923076923077,0.40384615384615385,0.5,0.32122370936902483
176,family>order>name,name+order+family,Longevity / lifespan,34,6,3,16,29,FALSE,0.47058823529411764,0.8235294117647058,0.9411764705882353,0.9411764705882353,0.9411764705882353,0.627450980392157
176,family>order>name,name+order+family,Pre-oviposition interval,21,6,3,10,23,FALSE,0.47619047619047616,0.7142857142857143,0.8333333333333334,0.8333333333333334,0.8333333333333334,0.6060606060606061
176,family>order>name,name+order+family,Survival proportion,24,4,3,15,11,FALSE,0.625,0.8333333333333334,1,1,1,0.7692307692307693
177,name>family>order,name+order+family,Body mass / weight,41,2,6,9,25,FALSE,0.21951219512195122,0.9512195121951219,1,1,1,0.36
177,name>family>order,name+order+family,Development rate,13,2,3,7,4,FALSE,0.5384615384615384,0.8461538461538461,1,1,1,0.7000000000000001
177,name>family>order,name+order+family,Development time,25,5,3,9,23,FALSE,0.36,0.8,0.6923076923076923,0.6923076923076923,0.6923076923076923,0.47368421052631576
177,name>family>order,name+order+family,Egg incubation period,9,0,1,9,11,FALSE,1,1,1,1,1,1
177,name>family>order,name+order+family,Egg-hatching success,13,4,1,9,24,FALSE,0.6923076923076923,0.6923076923076923,1,1,1,0.8181818181818181
177,name>family>order,name+order+family,Fecundity,72,25,6,11,33,FALSE,0.1527777777777778,0.6527777777777778,1,1,1,0.26506024096385544
177,name>family>order,name+order+family,Linear morphometrics,15,8,2,4,2,FALSE,0.26666666666666666,0.4666666666666667,0.5,0.5,0.5,0.3478260869565218
177,name>family>order,name+order+family,Longevity / lifespan,34,6,3,17,27,FALSE,0.5,0.8235294117647058,0.8947368421052632,0.8947368421052632,0.8947368421052632,0.6415094339622641
177,name>family>order,name+order+family,Pre-oviposition interval,21,8,2,10,31,FALSE,0.47619047619047616,0.6190476190476191,0.9090909090909091,0.9090909090909091,0.9090909090909091,0.6249999999999999
177,name>family>order,name+order+family,Survival proportion,24,4,4,8,22,FALSE,0.3333333333333333,0.8333333333333334,1,1,1,0.5
178,name>order>family,name+order+family,Body mass / weight,41,2,6,9,21,FALSE,0.21951219512195122,0.9512195121951219,1,1,1,0.36
178,name>order>family,name+order+family,Development rate,13,2,3,7,4,FALSE,0.5384615384615384,0.8461538461538461,1,1,1,0.7000000000000001
178,name>order>family,name+order+family,Development time,25,5,3,9,27,FALSE,0.36,0.8,0.6923076923076923,0.6923076923076923,0.6923076923076923,0.47368421052631576
178,name>order>family,name+order+family,Egg incubation period,9,0,1,9,18,FALSE,1,1,1,1,1,1
178,name>order>family,name+order+family,Egg-hatching success,13,4,1,9,26,FALSE,0.6923076923076923,0.6923076923076923,1,1,1,0.8181818181818181
178,name>order>family,name+order+family,Fecundity,72,24,6,12,33,FALSE,0.16666666666666666,0.6666666666666666,1,1,1,0.2857142857142857
178,name>order>family,name+order+family,Linear morphometrics,15,8,2,4,5,FALSE,0.26666666666666666,0.4666666666666667,0.5,0.5,0.5,0.3478260869565218
178,name>order>family,name+order+family,Longevity / lifespan,34,8,2,17,29,FALSE,0.5,0.7647058823529411,0.9444444444444444,0.9444444444444444,0.9444444444444444,0.6538461538461539
178,name>order>family,name+order+family,Pre-oviposition interval,21,7,2,10,31,FALSE,0.47619047619047616,0.6666666666666666,0.9090909090909091,0.9090909090909091,0.9090909090909091,0.6249999999999999
178,name>order>family,name+order+family,Survival proportion,24,3,4,9,14,FALSE,0.375,0.875,1,1,1,0.5454545454545454
179,order>family>name,name+order+family,Body mass / weight,41,0,7,9,10,FALSE,0.21951219512195122,1,0.8181818181818182,0.8181818181818182,0.8181818181818182,0.34615384615384615
179,order>family>name,name+order+family,Development rate,13,2,3,7,6,FALSE,0.5384615384615384,0.8461538461538461,1,1,1,0.7000000000000001
179,order>family>name,name+order+family,Development time,25,5,3,9,24,FALSE,0.36,0.8,0.6923076923076923,0.6923076923076923,0.6923076923076923,0.47368421052631576
179,order>family>name,name+order+family,Egg incubation period,9,0,1,9,14,FALSE,1,1,1,1,1,1
179,order>family>name,name+order+family,Egg-hatching success,13,2,2,9,20,FALSE,0.6923076923076923,0.8461538461538461,1,1,1,0.8181818181818181
179,order>family>name,name+order+family,Fecundity,72,24,6,11,15;32;33,TRUE,0.1527777777777778,0.6666666666666666,0.9166666666666666,0.9722222222222222,1,0.2640603566529493
179,order>family>name,name+order+family,Linear morphometrics,15,5,4,3,12;21,TRUE,0.2,0.6666666666666666,0.3,0.36428571428571427,0.42857142857142855,0.2582278481012658
179,order>family>name,name+order+family,Longevity / lifespan,34,6,3,16,25,FALSE,0.47058823529411764,0.8235294117647058,0.9411764705882353,0.9411764705882353,0.9411764705882353,0.627450980392157
179,order>family>name,name+order+family,Pre-oviposition interval,21,6,3,10,22,FALSE,0.47619047619047616,0.7142857142857143,0.8333333333333334,0.8333333333333334,0.8333333333333334,0.6060606060606061
179,order>family>name,name+order+family,Survival proportion,24,4,3,15,8,FALSE,0.625,0.8333333333333334,1,1,1,0.7692307692307693
180,order>name>family,name+order+family,Body mass / weight,41,2,6,9,11,FALSE,0.21951219512195122,0.9512195121951219,0.8181818181818182,0.8181818181818182,0.8181818181818182,0.34615384615384615
180,order>name>family,name+order+family,Development rate,13,1,4,7,5,FALSE,0.5384615384615384,0.9230769230769231,1,1,1,0.7000000000000001
180,order>name>family,name+order+family,Development time,25,4,3,10,31,FALSE,0.4,0.84,0.7142857142857143,0.7142857142857143,0.7142857142857143,0.5128205128205129
180,order>name>family,name+order+family,Egg incubation period,9,0,1,9,13,FALSE,1,1,1,1,1,1
180,order>name>family,name+order+family,Egg-hatching success,13,4,1,9,18,FALSE,0.6923076923076923,0.6923076923076923,0.75,0.75,0.75,0.7199999999999999
180,order>name>family,name+order+family,Fecundity,72,19,8,12,35,FALSE,0.16666666666666666,0.7361111111111112,1,1,1,0.2857142857142857
180,order>name>family,name+order+family,Linear morphometrics,15,7,3,3,19;20,TRUE,0.2,0.5333333333333333,0.3,0.36428571428571427,0.42857142857142855,0.2582278481012658
180,order>name>family,name+order+family,Longevity / lifespan,34,4,4,17,32,FALSE,0.5,0.8823529411764706,0.9444444444444444,0.9444444444444444,0.9444444444444444,0.6538461538461539
180,order>name>family,name+order+family,Pre-oviposition interval,21,2,3,10,25,FALSE,0.47619047619047616,0.9047619047619048,0.8333333333333334,0.8333333333333334,0.8333333333333334,0.6060606060606061
180,order>name>family,name+order+family,Survival proportion,24,4,3,15,10,FALSE,0.625,0.8333333333333334,1,1,1,0.7692307692307693
181,name>order>phylum,name+order+phylum,Body mass / weight,41,0,6,9,3;22,TRUE,0.21951219512195122,1,0.6428571428571429,0.8214285714285714,1,0.34644351464435147
181,name>order>phylum,name+order+phylum,Development rate,13,1,2,7,9,FALSE,0.5384615384615384,0.9230769230769231,1,1,1,0.7000000000000001
181,name>order>phylum,name+order+phylum,Development time,25,1,2,17,7,FALSE,0.68,0.96,0.7391304347826086,0.7391304347826086,0.7391304347826086,0.7083333333333334
181,name>order>phylum,name+order+phylum,Egg incubation period,9,0,1,9,24,FALSE,1,1,1,1,1,1
181,name>order>phylum,name+order+phylum,Egg-hatching success,13,4,1,9,27,FALSE,0.6923076923076923,0.6923076923076923,0.8181818181818182,0.8181818181818182,0.8181818181818182,0.7500000000000001
181,name>order>phylum,name+order+phylum,Fecundity,72,20,7,12,20,FALSE,0.16666666666666666,0.7222222222222222,0.9230769230769231,0.9230769230769231,0.9230769230769231,0.2823529411764706
181,name>order>phylum,name+order+phylum,Linear morphometrics,15,6,2,5,3,FALSE,0.3333333333333333,0.6,0.35714285714285715,0.35714285714285715,0.35714285714285715,0.3448275862068965
181,name>order>phylum,name+order+phylum,Longevity / lifespan,34,5,2,20,6,FALSE,0.5882352941176471,0.8529411764705882,0.9090909090909091,0.9090909090909091,0.9090909090909091,0.7142857142857143
181,name>order>phylum,name+order+phylum,Pre-oviposition interval,21,6,2,10,30,FALSE,0.47619047619047616,0.7142857142857143,0.9090909090909091,0.9090909090909091,0.9090909090909091,0.6249999999999999
181,name>order>phylum,name+order+phylum,Survival proportion,24,1,3,8,8;18,TRUE,0.3333333333333333,0.9583333333333334,0.8888888888888888,0.9444444444444444,1,0.49275362318840576
182,name>phylum>order,name+order+phylum,Body mass / weight,41,2,6,9,25,FALSE,0.21951219512195122,0.9512195121951219,1,1,1,0.36
182,name>phylum>order,name+order+phylum,Development rate,13,0,2,8,10,FALSE,0.6153846153846154,1,1,1,1,0.761904761904762
182,name>phylum>order,name+order+phylum,Development time,25,3,2,15,8,FALSE,0.6,0.88,1,1,1,0.7499999999999999
182,name>phylum>order,name+order+phylum,Egg incubation period,9,0,1,9,22,FALSE,1,1,1,1,1,1
182,name>phylum>order,name+order+phylum,Egg-hatching success,13,4,1,9,27,FALSE,0.6923076923076923,0.6923076923076923,0.9,0.9,0.9,0.7826086956521738
182,name>phylum>order,name+order+phylum,Fecundity,72,20,6,13,35,FALSE,0.18055555555555555,0.7222222222222222,1,1,1,0.30588235294117644
182,name>phylum>order,name+order+phylum,Linear morphometrics,15,6,2,5,2,FALSE,0.3333333333333333,0.6,0.4166666666666667,0.4166666666666667,0.4166666666666667,0.3703703703703704
182,name>phylum>order,name+order+phylum,Longevity / lifespan,34,6,2,19,6,FALSE,0.5588235294117647,0.8235294117647058,0.95,0.95,0.95,0.7037037037037037
182,name>phylum>order,name+order+phylum,Pre-oviposition interval,21,6,2,10,30,FALSE,0.47619047619047616,0.7142857142857143,0.9090909090909091,0.9090909090909091,0.9090909090909091,0.6249999999999999
182,name>phylum>order,name+order+phylum,Survival proportion,24,1,2,15,18,FALSE,0.625,0.9583333333333334,1,1,1,0.7692307692307693
183,order>name>phylum,name+order+phylum,Body mass / weight,41,2,6,9,15,FALSE,0.21951219512195122,0.9512195121951219,0.6923076923076923,0.6923076923076923,0.6923076923076923,0.3333333333333333
183,order>name>phylum,name+order+phylum,Development rate,13,2,3,7,23,FALSE,0.5384615384615384,0.8461538461538461,1,1,1,0.7000000000000001
183,order>name>phylum,name+order+phylum,Development time,25,4,3,10,19,FALSE,0.4,0.84,0.7142857142857143,0.7142857142857143,0.7142857142857143,0.5128205128205129
183,order>name>phylum,name+order+phylum,Egg incubation period,9,0,1,9,25,FALSE,1,1,1,1,1,1
183,order>name>phylum,name+order+phylum,Egg-hatching success,13,4,1,9,31,FALSE,0.6923076923076923,0.6923076923076923,0.8181818181818182,0.8181818181818182,0.8181818181818182,0.7500000000000001
183,order>name>phylum,name+order+phylum,Fecundity,72,19,6,11,35,FALSE,0.1527777777777778,0.7361111111111112,1,1,1,0.26506024096385544
183,order>name>phylum,name+order+phylum,Linear morphometrics,15,4,3,4,2;15,TRUE,0.26666666666666666,0.7333333333333333,0.3076923076923077,0.40384615384615385,0.5,0.32122370936902483
183,order>name>phylum,name+order+phylum,Longevity / lifespan,34,7,2,18,10,FALSE,0.5294117647058824,0.7941176470588235,0.9473684210526315,0.9473684210526315,0.9473684210526315,0.679245283018868
183,order>name>phylum,name+order+phylum,Pre-oviposition interval,21,4,2,10,34,FALSE,0.47619047619047616,0.8095238095238095,0.8333333333333334,0.8333333333333334,0.8333333333333334,0.6060606060606061
183,order>name>phylum,name+order+phylum,Survival proportion,24,5,3,8,8,FALSE,0.3333333333333333,0.7916666666666666,1,1,1,0.5
184,order>phylum>name,name+order+phylum,Body mass / weight,41,0,6,9,1;9,TRUE,0.21951219512195122,1,0.6428571428571429,0.6675824175824177,0.6923076923076923,0.33038749150237934
184,order>phylum>name,name+order+phylum,Development rate,13,2,3,7,17,FALSE,0.5384615384615384,0.8461538461538461,1,1,1,0.7000000000000001
184,order>phylum>name,name+order+phylum,Development time,25,4,3,10,20,FALSE,0.4,0.84,0.7692307692307693,0.7692307692307693,0.7692307692307693,0.5263157894736842
184,order>phylum>name,name+order+phylum,Egg incubation period,9,0,1,9,24,FALSE,1,1,1,1,1,1
184,order>phylum>name,name+order+phylum,Egg-hatching success,13,5,1,8,30,FALSE,0.6153846153846154,0.6153846153846154,0.8888888888888888,0.8888888888888888,0.8888888888888888,0.7272727272727274
184,order>phylum>name,name+order+phylum,Fecundity,72,20,6,10,13;23;31,TRUE,0.1388888888888889,0.7222222222222222,0.9090909090909091,0.9393939393939393,1,0.2419984387197502
184,order>phylum>name,name+order+phylum,Linear morphometrics,15,2,3,5,1,FALSE,0.3333333333333333,0.8666666666666667,0.35714285714285715,0.35714285714285715,0.35714285714285715,0.3448275862068965
184,order>phylum>name,name+order+phylum,Longevity / lifespan,34,5,2,20,4,FALSE,0.5882352941176471,0.8529411764705882,0.9523809523809523,0.9523809523809523,0.9523809523809523,0.7272727272727274
184,order>phylum>name,name+order+phylum,Pre-oviposition interval,21,8,2,10,34,FALSE,0.47619047619047616,0.6190476190476191,0.9090909090909091,0.9090909090909091,0.9090909090909091,0.6249999999999999
184,order>phylum>name,name+order+phylum,Survival proportion,24,5,2,15,18,FALSE,0.625,0.7916666666666666,1,1,1,0.7692307692307693
185,phylum>name>order,name+order+phylum,Body mass / weight,41,2,6,9,25,FALSE,0.21951219512195122,0.9512195121951219,0.8181818181818182,0.8181818181818182,0.8181818181818182,0.34615384615384615
185,phylum>name>order,name+order+phylum,Development rate,13,2,3,7,17,FALSE,0.5384615384615384,0.8461538461538461,1,1,1,0.7000000000000001
185,phylum>name>order,name+order+phylum,Development time,25,4,3,10,8,FALSE,0.4,0.84,0.7142857142857143,0.7142857142857143,0.7142857142857143,0.5128205128205129
185,phylum>name>order,name+order+phylum,Egg incubation period,9,0,1,9,30,FALSE,1,1,1,1,1,1
185,phylum>name>order,name+order+phylum,Egg-hatching success,13,5,1,8,31,FALSE,0.6153846153846154,0.6153846153846154,0.8,0.8,0.8,0.6956521739130435
185,phylum>name>order,name+order+phylum,Fecundity,72,21,6,14,29,FALSE,0.19444444444444445,0.7083333333333334,1,1,1,0.32558139534883723
185,phylum>name>order,name+order+phylum,Linear morphometrics,15,6,3,4,3,FALSE,0.26666666666666666,0.6,0.5,0.5,0.5,0.3478260869565218
185,phylum>name>order,name+order+phylum,Longevity / lifespan,34,4,2,21,1,FALSE,0.6176470588235294,0.8823529411764706,0.9545454545454546,0.9545454545454546,0.9545454545454546,0.75
185,phylum>name>order,name+order+phylum,Pre-oviposition interval,21,2,3,10,33,FALSE,0.47619047619047616,0.9047619047619048,1,1,1,0.6451612903225806
185,phylum>name>order,name+order+phylum,Survival proportion,24,9,2,10,15,FALSE,0.4166666666666667,0.625,1,1,1,0.5882352941176471
186,phylum>order>name,name+order+phylum,Body mass / weight,41,0,6,9,1;12,TRUE,0.21951219512195122,1,0.6428571428571429,0.6675824175824177,0.6923076923076923,0.33038749150237934
186,phylum>order>name,name+order+phylum,Development rate,13,2,3,7,23,FALSE,0.5384615384615384,0.8461538461538461,1,1,1,0.7000000000000001
186,phylum>order>name,name+order+phylum,Development time,25,4,3,10,17,FALSE,0.4,0.84,0.7142857142857143,0.7142857142857143,0.7142857142857143,0.5128205128205129
186,phylum>order>name,name+order+phylum,Egg incubation period,9,0,1,9,29,FALSE,1,1,1,1,1,1
186,phylum>order>name,name+order+phylum,Egg-hatching success,13,5,1,8,28,FALSE,0.6153846153846154,0.6153846153846154,0.8888888888888888,0.8888888888888888,0.8888888888888888,0.7272727272727274
186,phylum>order>name,name+order+phylum,Fecundity,72,19,7,10,16;21;33,TRUE,0.1388888888888889,0.7361111111111112,0.9090909090909091,0.9393939393939393,1,0.2419984387197502
186,phylum>order>name,name+order+phylum,Linear morphometrics,15,2,3,5,1,FALSE,0.3333333333333333,0.8666666666666667,0.35714285714285715,0.35714285714285715,0.35714285714285715,0.3448275862068965
186,phylum>order>name,name+order+phylum,Longevity / lifespan,34,5,2,20,5,FALSE,0.5882352941176471,0.8529411764705882,0.9523809523809523,0.9523809523809523,0.9523809523809523,0.7272727272727274
186,phylum>order>name,name+order+phylum,Pre-oviposition interval,21,5,2,10,35,FALSE,0.47619047619047616,0.7619047619047619,1,1,1,0.6451612903225806
186,phylum>order>name,name+order+phylum,Survival proportion,24,5,2,15,25,FALSE,0.625,0.7916666666666666,1,1,1,0.7692307692307693
187,name>order>stage,name+order+stage,Body mass / weight,41,1,5,14,12,FALSE,0.34146341463414637,0.975609756097561,0.7777777777777778,0.7777777777777778,0.7777777777777778,0.4745762711864407
187,name>order>stage,name+order+stage,Development rate,13,2,2,7,11,FALSE,0.5384615384615384,0.8461538461538461,0.5,0.5,0.5,0.5185185185185186
187,name>order>stage,name+order+stage,Development time,25,3,2,15,6,FALSE,0.6,0.88,0.7894736842105263,0.7894736842105263,0.7894736842105263,0.6818181818181819
187,name>order>stage,name+order+stage,Egg incubation period,9,0,1,9,21,FALSE,1,1,1,1,1,1
187,name>order>stage,name+order+stage,Egg-hatching success,13,4,1,9,20,FALSE,0.6923076923076923,0.6923076923076923,0.9,0.9,0.9,0.7826086956521738
187,name>order>stage,name+order+stage,Fecundity,72,32,5,12,9,FALSE,0.16666666666666666,0.5555555555555556,0.9230769230769231,0.9230769230769231,0.9230769230769231,0.2823529411764706
187,name>order>stage,name+order+stage,Linear morphometrics,15,2,3,5,3,FALSE,0.3333333333333333,0.8666666666666667,0.38461538461538464,0.38461538461538464,0.38461538461538464,0.3571428571428571
187,name>order>stage,name+order+stage,Longevity / lifespan,34,8,3,19,7,FALSE,0.5588235294117647,0.7647058823529411,0.95,0.95,0.95,0.7037037037037037
187,name>order>stage,name+order+stage,Pre-oviposition interval,21,4,2,10,22,FALSE,0.47619047619047616,0.8095238095238095,0.9090909090909091,0.9090909090909091,0.9090909090909091,0.6249999999999999
187,name>order>stage,name+order+stage,Survival proportion,24,5,3,7,8;24,TRUE,0.2916666666666667,0.7916666666666666,0.3684210526315789,0.5730994152046783,0.7777777777777778,0.38658777120315585
188,name>stage>order,name+order+stage,Body mass / weight,41,3,6,8,6,FALSE,0.1951219512195122,0.926829268292683,0.6153846153846154,0.6153846153846154,0.6153846153846154,0.29629629629629634
188,name>stage>order,name+order+stage,Development rate,13,4,2,6,11,FALSE,0.46153846153846156,0.6923076923076923,1,1,1,0.631578947368421
188,name>stage>order,name+order+stage,Development time,25,4,2,14,16,FALSE,0.56,0.84,0.8235294117647058,0.8235294117647058,0.8235294117647058,0.6666666666666666
188,name>stage>order,name+order+stage,Egg incubation period,9,0,1,9,15,FALSE,1,1,1,1,1,1
188,name>stage>order,name+order+stage,Egg-hatching success,13,5,1,8,19,FALSE,0.6153846153846154,0.6153846153846154,0.8,0.8,0.8,0.6956521739130435
188,name>stage>order,name+order+stage,Fecundity,72,26,6,12,4,FALSE,0.16666666666666666,0.6388888888888888,0.9230769230769231,0.9230769230769231,0.9230769230769231,0.2823529411764706
188,name>stage>order,name+order+stage,Linear morphometrics,15,2,3,5,6,FALSE,0.3333333333333333,0.8666666666666667,0.38461538461538464,0.38461538461538464,0.38461538461538464,0.3571428571428571
188,name>stage>order,name+order+stage,Longevity / lifespan,34,9,3,18,7,FALSE,0.5294117647058824,0.7352941176470589,0.9473684210526315,0.9473684210526315,0.9473684210526315,0.679245283018868
188,name>stage>order,name+order+stage,Pre-oviposition interval,21,4,2,10,21,FALSE,0.47619047619047616,0.8095238095238095,0.9090909090909091,0.9090909090909091,0.9090909090909091,0.6249999999999999
188,name>stage>order,name+order+stage,Survival proportion,24,5,3,7,8;14,TRUE,0.2916666666666667,0.7916666666666666,0.3888888888888889,0.5833333333333334,0.7777777777777778,0.38888888888888895
189,order>name>stage,name+order+stage,Body mass / weight,41,3,4,14,5;6,TRUE,0.34146341463414637,0.926829268292683,0.7777777777777778,0.8263888888888888,0.875,0.483248730964467
189,order>name>stage,name+order+stage,Development rate,13,3,3,7,8,FALSE,0.5384615384615384,0.7692307692307693,0.5,0.5,0.5,0.5185185185185186
189,order>name>stage,name+order+stage,Development time,25,5,3,9,25,FALSE,0.36,0.8,0.8181818181818182,0.8181818181818182,0.8181818181818182,0.5
189,order>name>stage,name+order+stage,Egg incubation period,9,0,1,9,7,FALSE,1,1,1,1,1,1
189,order>name>stage,name+order+stage,Egg-hatching success,13,5,1,8,14,FALSE,0.6153846153846154,0.6153846153846154,0.8888888888888888,0.8888888888888888,0.8888888888888888,0.7272727272727274
189,order>name>stage,name+order+stage,Fecundity,72,26,6,10,9;15,TRUE,0.1388888888888889,0.6388888888888888,0.9090909090909091,0.9090909090909091,0.9090909090909091,0.24096385542168675
189,order>name>stage,name+order+stage,Linear morphometrics,15,4,3,4,3;5,TRUE,0.26666666666666666,0.7333333333333333,0.2222222222222222,0.3611111111111111,0.5,0.30678466076696165
189,order>name>stage,name+order+stage,Longevity / lifespan,34,15,3,7,18;23,TRUE,0.20588235294117646,0.5588235294117647,1,1,1,0.34146341463414637
189,order>name>stage,name+order+stage,Pre-oviposition interval,21,6,2,10,16,FALSE,0.47619047619047616,0.7142857142857143,0.8333333333333334,0.8333333333333334,0.8333333333333334,0.6060606060606061
189,order>name>stage,name+order+stage,Survival proportion,24,8,3,7,20,FALSE,0.2916666666666667,0.6666666666666666,1,1,1,0.45161290322580644
190,order>stage>name,name+order+stage,Body mass / weight,41,3,7,9,4,FALSE,0.21951219512195122,0.926829268292683,0.6428571428571429,0.6428571428571429,0.6428571428571429,0.32727272727272727
190,order>stage>name,name+order+stage,Development rate,13,3,3,7,23,FALSE,0.5384615384615384,0.7692307692307693,0.5,0.5,0.5,0.5185185185185186
190,order>stage>name,name+order+stage,Development time,25,4,3,10,18,FALSE,0.4,0.84,0.7692307692307693,0.7692307692307693,0.7692307692307693,0.5263157894736842
190,order>stage>name,name+order+stage,Egg incubation period,9,0,1,9,24,FALSE,1,1,0.9,0.9,0.9,0.9473684210526316
190,order>stage>name,name+order+stage,Egg-hatching success,13,4,1,9,25,FALSE,0.6923076923076923,0.6923076923076923,1,1,1,0.8181818181818181
190,order>stage>name,name+order+stage,Fecundity,72,26,6,11,22,FALSE,0.1527777777777778,0.6388888888888888,0.9166666666666666,0.9166666666666666,0.9166666666666666,0.2619047619047619
190,order>stage>name,name+order+stage,Linear morphometrics,15,2,4,5,4,FALSE,0.3333333333333333,0.8666666666666667,0.35714285714285715,0.35714285714285715,0.35714285714285715,0.3448275862068965
190,order>stage>name,name+order+stage,Longevity / lifespan,34,14,4,7,12;33,TRUE,0.20588235294117646,0.5882352941176471,1,1,1,0.34146341463414637
190,order>stage>name,name+order+stage,Pre-oviposition interval,21,4,3,10,28,FALSE,0.47619047619047616,0.8095238095238095,0.8333333333333334,0.8333333333333334,0.8333333333333334,0.6060606060606061
190,order>stage>name,name+order+stage,Survival proportion,24,5,3,7,6;30,TRUE,0.2916666666666667,0.7916666666666666,0.3684210526315789,0.6842105263157895,1,0.40898876404494383
191,stage>name>order,name+order+stage,Body mass / weight,41,4,6,8,5;8,TRUE,0.1951219512195122,0.9024390243902439,0.6153846153846154,0.6153846153846154,0.6153846153846154,0.29629629629629634
191,stage>name>order,name+order+stage,Development rate,13,4,2,7,13,FALSE,0.5384615384615384,0.6923076923076923,0.5,0.5,0.5,0.5185185185185186
191,stage>name>order,name+order+stage,Development time,25,11,2,7,13;26,TRUE,0.28,0.56,0.5,0.6,0.7,0.38181818181818183
191,stage>name>order,name+order+stage,Egg incubation period,9,1,1,8,14,FALSE,0.8888888888888888,0.8888888888888888,1,1,1,0.9411764705882353
191,stage>name>order,name+order+stage,Egg-hatching success,13,5,1,8,15,FALSE,0.6153846153846154,0.6153846153846154,0.8888888888888888,0.8888888888888888,0.8888888888888888,0.7272727272727274
191,stage>name>order,name+order+stage,Fecundity,72,19,7,10,11;21,TRUE,0.1388888888888889,0.7361111111111112,0.9090909090909091,0.9090909090909091,0.9090909090909091,0.24096385542168675
191,stage>name>order,name+order+stage,Linear morphometrics,15,2,3,5,5,FALSE,0.3333333333333333,0.8666666666666667,0.38461538461538464,0.38461538461538464,0.38461538461538464,0.3571428571428571
191,stage>name>order,name+order+stage,Longevity / lifespan,34,11,4,9,24,FALSE,0.2647058823529412,0.6764705882352942,1,1,1,0.4186046511627907
191,stage>name>order,name+order+stage,Pre-oviposition interval,21,7,2,10,23,FALSE,0.47619047619047616,0.6666666666666666,0.9090909090909091,0.9090909090909091,0.9090909090909091,0.6249999999999999
191,stage>name>order,name+order+stage,Survival proportion,24,7,3,7,4,FALSE,0.2916666666666667,0.7083333333333334,0.5384615384615384,0.5384615384615384,0.5384615384615384,0.3783783783783784
192,stage>order>name,name+order+stage,Body mass / weight,41,4,6,8,2;12,TRUE,0.1951219512195122,0.9024390243902439,0.6153846153846154,0.8076923076923077,1,0.31431244153414406
192,stage>order>name,name+order+stage,Development rate,13,4,2,7,15,FALSE,0.5384615384615384,0.6923076923076923,0.5,0.5,0.5,0.5185185185185186
192,stage>order>name,name+order+stage,Development time,25,6,2,12,19,FALSE,0.48,0.76,0.8571428571428571,0.8571428571428571,0.8571428571428571,0.6153846153846153
192,stage>order>name,name+order+stage,Egg incubation period,9,1,1,8,22,FALSE,0.8888888888888888,0.8888888888888888,1,1,1,0.9411764705882353
192,stage>order>name,name+order+stage,Egg-hatching success,13,5,1,8,23,FALSE,0.6153846153846154,0.6153846153846154,0.8888888888888888,0.8888888888888888,0.8888888888888888,0.7272727272727274
192,stage>order>name,name+order+stage,Fecundity,72,20,7,11,13,FALSE,0.1527777777777778,0.7222222222222222,0.9166666666666666,0.9166666666666666,0.9166666666666666,0.2619047619047619
192,stage>order>name,name+order+stage,Linear morphometrics,15,2,3,5,2,FALSE,0.3333333333333333,0.8666666666666667,0.38461538461538464,0.38461538461538464,0.38461538461538464,0.3571428571428571
192,stage>order>name,name+order+stage,Longevity / lifespan,34,11,4,11,9,FALSE,0.3235294117647059,0.6764705882352942,1,1,1,0.48888888888888893
192,stage>order>name,name+order+stage,Pre-oviposition interval,21,6,2,10,25,FALSE,0.47619047619047616,0.7142857142857143,0.8333333333333334,0.8333333333333334,0.8333333333333334,0.6060606060606061
192,stage>order>name,name+order+stage,Survival proportion,24,6,3,7,21,FALSE,0.2916666666666667,0.75,0.7777777777777778,0.7777777777777778,0.7777777777777778,0.42424242424242425
193,class>name>stage,name+stage+class,Body mass / weight,41,0,5,13,1,FALSE,0.3170731707317073,1,0.5909090909090909,0.5909090909090909,0.5909090909090909,0.41269841269841273
193,class>name>stage,name+stage+class,Development rate,13,1,2,7,10,FALSE,0.5384615384615384,0.9230769230769231,0.5,0.5,0.5,0.5185185185185186
193,class>name>stage,name+stage+class,Development time,25,4,2,14,16,FALSE,0.56,0.84,0.7368421052631579,0.7368421052631579,0.7368421052631579,0.6363636363636364
193,class>name>stage,name+stage+class,Egg incubation period,9,0,1,9,19,FALSE,1,1,1,1,1,1
193,class>name>stage,name+stage+class,Egg-hatching success,13,2,2,8,18,FALSE,0.6153846153846154,0.8461538461538461,0.8888888888888888,0.8888888888888888,0.8888888888888888,0.7272727272727274
193,class>name>stage,name+stage+class,Fecundity,72,27,5,12,33,FALSE,0.16666666666666666,0.625,1,1,1,0.2857142857142857
193,class>name>stage,name+stage+class,Linear morphometrics,15,2,3,9,1,FALSE,0.6,0.8666666666666667,0.4090909090909091,0.4090909090909091,0.4090909090909091,0.4864864864864865
193,class>name>stage,name+stage+class,Longevity / lifespan,34,12,4,10,5,FALSE,0.29411764705882354,0.6470588235294118,1,1,1,0.45454545454545453
193,class>name>stage,name+stage+class,Pre-oviposition interval,21,0,3,10,22,FALSE,0.47619047619047616,1,0.9090909090909091,0.9090909090909091,0.9090909090909091,0.6249999999999999
193,class>name>stage,name+stage+class,Survival proportion,24,3,4,8,25,FALSE,0.3333333333333333,0.875,1,1,1,0.5
194,class>stage>name,name+stage+class,Body mass / weight,41,5,6,11,8,FALSE,0.2682926829268293,0.8780487804878049,0.8461538461538461,0.8461538461538461,0.8461538461538461,0.4074074074074075
194,class>stage>name,name+stage+class,Development rate,13,2,2,6,21,FALSE,0.46153846153846156,0.8461538461538461,0.46153846153846156,0.46153846153846156,0.46153846153846156,0.46153846153846156
194,class>stage>name,name+stage+class,Development time,25,1,2,17,20,FALSE,0.68,0.96,0.7391304347826086,0.7391304347826086,0.7391304347826086,0.7083333333333334
194,class>stage>name,name+stage+class,Egg incubation period,9,0,1,9,22,FALSE,1,1,1,1,1,1
194,class>stage>name,name+stage+class,Egg-hatching success,13,2,2,8,23,FALSE,0.6153846153846154,0.8461538461538461,0.8888888888888888,0.8888888888888888,0.8888888888888888,0.7272727272727274
194,class>stage>name,name+stage+class,Fecundity,72,24,4,17,28,FALSE,0.2361111111111111,0.6666666666666666,1,1,1,0.38202247191011235
194,class>stage>name,name+stage+class,Linear morphometrics,15,6,3,4,6;11,TRUE,0.26666666666666666,0.6,0.3076923076923077,0.40384615384615385,0.5,0.32122370936902483
194,class>stage>name,name+stage+class,Longevity / lifespan,34,6,2,20,3,FALSE,0.5882352941176471,0.8235294117647058,0.9523809523809523,0.9523809523809523,0.9523809523809523,0.7272727272727274
194,class>stage>name,name+stage+class,Pre-oviposition interval,21,0,3,10,24,FALSE,0.47619047619047616,1,0.9090909090909091,0.9090909090909091,0.9090909090909091,0.6249999999999999
194,class>stage>name,name+stage+class,Survival proportion,24,3,3,9,13,FALSE,0.375,0.875,1,1,1,0.5454545454545454
195,name>class>stage,name+stage+class,Body mass / weight,41,6,5,14,14,FALSE,0.34146341463414637,0.8536585365853658,0.875,0.875,0.875,0.4912280701754386
195,name>class>stage,name+stage+class,Development rate,13,0,1,13,7,FALSE,1,1,0.3333333333333333,0.3333333333333333,0.3333333333333333,0.5
195,name>class>stage,name+stage+class,Development time,25,1,1,24,7,FALSE,0.96,0.96,0.6153846153846154,0.6153846153846154,0.6153846153846154,0.7500000000000001
195,name>class>stage,name+stage+class,Egg incubation period,9,0,1,9,13,FALSE,1,1,1,1,1,1
195,name>class>stage,name+stage+class,Egg-hatching success,13,4,1,9,22,FALSE,0.6923076923076923,0.6923076923076923,0.9,0.9,0.9,0.7826086956521738
195,name>class>stage,name+stage+class,Fecundity,72,24,7,13,29,FALSE,0.18055555555555555,0.6666666666666666,1,1,1,0.30588235294117644
195,name>class>stage,name+stage+class,Linear morphometrics,15,8,3,4,16,FALSE,0.26666666666666666,0.4666666666666667,0.6666666666666666,0.6666666666666666,0.6666666666666666,0.3809523809523809
195,name>class>stage,name+stage+class,Longevity / lifespan,34,9,2,20,8,FALSE,0.5882352941176471,0.7352941176470589,0.9523809523809523,0.9523809523809523,0.9523809523809523,0.7272727272727274
195,name>class>stage,name+stage+class,Pre-oviposition interval,21,4,3,10,26,FALSE,0.47619047619047616,0.8095238095238095,0.9090909090909091,0.9090909090909091,0.9090909090909091,0.6249999999999999
195,name>class>stage,name+stage+class,Survival proportion,24,3,3,9,9,FALSE,0.375,0.875,1,1,1,0.5454545454545454
196,name>stage>class,name+stage+class,Body mass / weight,41,1,5,12,5,FALSE,0.2926829268292683,0.975609756097561,0.5454545454545454,0.5454545454545454,0.5454545454545454,0.3809523809523809
196,name>stage>class,name+stage+class,Development rate,13,2,2,6,17,FALSE,0.46153846153846156,0.8461538461538461,1,1,1,0.631578947368421
196,name>stage>class,name+stage+class,Development time,25,1,2,17,10,FALSE,0.68,0.96,0.7391304347826086,0.7391304347826086,0.7391304347826086,0.7083333333333334
196,name>stage>class,name+stage+class,Egg incubation period,9,0,1,9,9,FALSE,1,1,1,1,1,1
196,name>stage>class,name+stage+class,Egg-hatching success,13,4,1,9,22,FALSE,0.6923076923076923,0.6923076923076923,0.8181818181818182,0.8181818181818182,0.8181818181818182,0.7500000000000001
196,name>stage>class,name+stage+class,Fecundity,72,26,4,16,31,FALSE,0.2222222222222222,0.6388888888888888,1,1,1,0.3636363636363636
196,name>stage>class,name+stage+class,Linear morphometrics,15,3,2,9,5,FALSE,0.6,0.8,0.4090909090909091,0.4090909090909091,0.4090909090909091,0.4864864864864865
196,name>stage>class,name+stage+class,Longevity / lifespan,34,9,2,20,11,FALSE,0.5882352941176471,0.7352941176470589,0.9523809523809523,0.9523809523809523,0.9523809523809523,0.7272727272727274
196,name>stage>class,name+stage+class,Pre-oviposition interval,21,0,3,10,24,FALSE,0.47619047619047616,1,0.9090909090909091,0.9090909090909091,0.9090909090909091,0.6249999999999999
196,name>stage>class,name+stage+class,Survival proportion,24,3,3,9,20,FALSE,0.375,0.875,1,1,1,0.5454545454545454
197,stage>class>name,name+stage+class,Body mass / weight,41,4,5,12,3,FALSE,0.2926829268292683,0.9024390243902439,0.5714285714285714,0.5714285714285714,0.5714285714285714,0.3870967741935484
197,stage>class>name,name+stage+class,Development rate,13,2,2,7,21,FALSE,0.5384615384615384,0.8461538461538461,0.5,0.5,0.5,0.5185185185185186
197,stage>class>name,name+stage+class,Development time,25,7,3,7,21,FALSE,0.28,0.72,0.5,0.5,0.5,0.358974358974359
197,stage>class>name,name+stage+class,Egg incubation period,9,1,1,8,22,FALSE,0.8888888888888888,0.8888888888888888,1,1,1,0.9411764705882353
197,stage>class>name,name+stage+class,Egg-hatching success,13,2,2,8,23,FALSE,0.6153846153846154,0.8461538461538461,0.8888888888888888,0.8888888888888888,0.8888888888888888,0.7272727272727274
197,stage>class>name,name+stage+class,Fecundity,72,24,4,23,30,FALSE,0.3194444444444444,0.6666666666666666,1,1,1,0.4842105263157894
197,stage>class>name,name+stage+class,Linear morphometrics,15,2,2,9,3,FALSE,0.6,0.8666666666666667,0.42857142857142855,0.42857142857142855,0.42857142857142855,0.5
197,stage>class>name,name+stage+class,Longevity / lifespan,34,9,4,12,4,FALSE,0.35294117647058826,0.7352941176470589,1,1,1,0.5217391304347826
197,stage>class>name,name+stage+class,Pre-oviposition interval,21,2,3,10,26,FALSE,0.47619047619047616,0.9047619047619048,0.9090909090909091,0.9090909090909091,0.9090909090909091,0.6249999999999999
197,stage>class>name,name+stage+class,Survival proportion,24,5,3,7,6;19,TRUE,0.2916666666666667,0.7916666666666666,0.7777777777777778,0.8888888888888888,1,0.4392156862745098
198,stage>name>class,name+stage+class,Body mass / weight,41,4,5,12,1,FALSE,0.2926829268292683,0.9024390243902439,0.6,0.6,0.6,0.39344262295081966
198,stage>name>class,name+stage+class,Development rate,13,2,2,7,26,FALSE,0.5384615384615384,0.8461538461538461,0.5,0.5,0.5,0.5185185185185186
198,stage>name>class,name+stage+class,Development time,25,7,3,7,26,FALSE,0.28,0.72,0.5,0.5,0.5,0.358974358974359
198,stage>name>class,name+stage+class,Egg incubation period,9,1,1,8,28,FALSE,0.8888888888888888,0.8888888888888888,1,1,1,0.9411764705882353
198,stage>name>class,name+stage+class,Egg-hatching success,13,2,2,8,27,FALSE,0.6153846153846154,0.8461538461538461,0.8888888888888888,0.8888888888888888,0.8888888888888888,0.7272727272727274
198,stage>name>class,name+stage+class,Fecundity,72,19,8,14,33,FALSE,0.19444444444444445,0.7361111111111112,1,1,1,0.32558139534883723
198,stage>name>class,name+stage+class,Linear morphometrics,15,3,2,8,1,FALSE,0.5333333333333333,0.8,0.4,0.4,0.4,0.4571428571428572
198,stage>name>class,name+stage+class,Longevity / lifespan,34,8,4,12,4,FALSE,0.35294117647058826,0.7647058823529411,1,1,1,0.5217391304347826
198,stage>name>class,name+stage+class,Pre-oviposition interval,21,2,5,10,22,FALSE,0.47619047619047616,0.9047619047619048,0.9090909090909091,0.9090909090909091,0.9090909090909091,0.6249999999999999
198,stage>name>class,name+stage+class,Survival proportion,24,6,3,7,12,FALSE,0.2916666666666667,0.75,0.5384615384615384,0.5384615384615384,0.5384615384615384,0.3783783783783784
199,name>phylum>stage,name+stage+phylum,Body mass / weight,41,2,3,22,8,FALSE,0.5365853658536586,0.9512195121951219,0.6875,0.6875,0.6875,0.6027397260273972
199,name>phylum>stage,name+stage+phylum,Development rate,13,7,1,6,17,FALSE,0.46153846153846156,0.46153846153846156,1,1,1,0.631578947368421
199,name>phylum>stage,name+stage+phylum,Development time,25,9,2,9,21,FALSE,0.36,0.64,1,1,1,0.5294117647058824
199,name>phylum>stage,name+stage+phylum,Egg incubation period,9,0,1,9,12,FALSE,1,1,1,1,1,1
199,name>phylum>stage,name+stage+phylum,Egg-hatching success,13,1,1,12,15,FALSE,0.9230769230769231,0.9230769230769231,0.8,0.8,0.8,0.8571428571428571
199,name>phylum>stage,name+stage+phylum,Fecundity,72,28,5,19,23,FALSE,0.2638888888888889,0.6111111111111112,1,1,1,0.4175824175824176
199,name>phylum>stage,name+stage+phylum,Linear morphometrics,15,3,2,10,8,FALSE,0.6666666666666666,0.8,0.3125,0.3125,0.3125,0.425531914893617
199,name>phylum>stage,name+stage+phylum,Longevity / lifespan,34,6,3,21,13,FALSE,0.6176470588235294,0.8235294117647058,0.9545454545454546,0.9545454545454546,0.9545454545454546,0.75
199,name>phylum>stage,name+stage+phylum,Pre-oviposition interval,21,0,2,12,6,FALSE,0.5714285714285714,1,0.8571428571428571,0.8571428571428571,0.8571428571428571,0.6857142857142857
199,name>phylum>stage,name+stage+phylum,Survival proportion,24,8,2,11,18,FALSE,0.4583333333333333,0.6666666666666666,0.8461538461538461,0.8461538461538461,0.8461538461538461,0.5945945945945945
200,name>stage>phylum,name+stage+phylum,Body mass / weight,41,7,3,16,15,FALSE,0.3902439024390244,0.8292682926829268,0.6666666666666666,0.6666666666666666,0.6666666666666666,0.4923076923076923
200,name>stage>phylum,name+stage+phylum,Development rate,13,4,2,5,11,FALSE,0.38461538461538464,0.6923076923076923,1,1,1,0.5555555555555556
200,name>stage>phylum,name+stage+phylum,Development time,25,9,2,10,18,FALSE,0.4,0.64,1,1,1,0.5714285714285715
200,name>stage>phylum,name+stage+phylum,Egg incubation period,9,0,1,9,6,FALSE,1,1,1,1,1,1
200,name>stage>phylum,name+stage+phylum,Egg-hatching success,13,1,1,12,7,FALSE,0.9230769230769231,0.9230769230769231,0.7058823529411765,0.7058823529411765,0.7058823529411765,0.8000000000000002
200,name>stage>phylum,name+stage+phylum,Fecundity,72,26,4,18,25,FALSE,0.25,0.6388888888888888,1,1,1,0.4
200,name>stage>phylum,name+stage+phylum,Linear morphometrics,15,5,2,8,15,FALSE,0.5333333333333333,0.6666666666666666,0.3333333333333333,0.3333333333333333,0.3333333333333333,0.4102564102564102
200,name>stage>phylum,name+stage+phylum,Longevity / lifespan,34,6,3,21,19,FALSE,0.6176470588235294,0.8235294117647058,0.9545454545454546,0.9545454545454546,0.9545454545454546,0.75
200,name>stage>phylum,name+stage+phylum,Pre-oviposition interval,21,0,2,12,8,FALSE,0.5714285714285714,1,0.8571428571428571,0.8571428571428571,0.8571428571428571,0.6857142857142857
200,name>stage>phylum,name+stage+phylum,Survival proportion,24,11,2,8,20,FALSE,0.3333333333333333,0.5416666666666666,0.8,0.8,0.8,0.47058823529411764
201,phylum>name>stage,name+stage+phylum,Body mass / weight,41,10,5,11,7,FALSE,0.2682926829268293,0.7560975609756098,0.8461538461538461,0.8461538461538461,0.8461538461538461,0.4074074074074075
201,phylum>name>stage,name+stage+phylum,Development rate,13,4,3,4,23;30,TRUE,0.3076923076923077,0.6923076923076923,0.4,0.5333333333333333,0.6666666666666666,0.3902439024390244
201,phylum>name>stage,name+stage+phylum,Development time,25,10,3,7,31,FALSE,0.28,0.6,0.875,0.875,0.875,0.42424242424242425
201,phylum>name>stage,name+stage+phylum,Egg incubation period,9,0,1,9,22,FALSE,1,1,1,1,1,1
201,phylum>name>stage,name+stage+phylum,Egg-hatching success,13,3,1,10,21,FALSE,0.7692307692307693,0.7692307692307693,0.8333333333333334,0.8333333333333334,0.8333333333333334,0.8
201,phylum>name>stage,name+stage+phylum,Fecundity,72,33,5,13,28,FALSE,0.18055555555555555,0.5416666666666666,1,1,1,0.30588235294117644
201,phylum>name>stage,name+stage+phylum,Linear morphometrics,15,10,2,4,19,FALSE,0.26666666666666666,0.3333333333333333,0.36363636363636365,0.36363636363636365,0.36363636363636365,0.30769230769230765
201,phylum>name>stage,name+stage+phylum,Longevity / lifespan,34,10,4,12,8,FALSE,0.35294117647058826,0.7058823529411765,1,1,1,0.5217391304347826
201,phylum>name>stage,name+stage+phylum,Pre-oviposition interval,21,1,2,11,24,FALSE,0.5238095238095238,0.9523809523809523,0.9166666666666666,0.9166666666666666,0.9166666666666666,0.6666666666666667
201,phylum>name>stage,name+stage+phylum,Survival proportion,24,4,3,8,16,FALSE,0.3333333333333333,0.8333333333333334,0.8,0.8,0.8,0.47058823529411764
202,phylum>stage>name,name+stage+phylum,Body mass / weight,41,8,4,14,8,FALSE,0.34146341463414637,0.8048780487804879,0.6363636363636364,0.6363636363636364,0.6363636363636364,0.4444444444444445
202,phylum>stage>name,name+stage+phylum,Development rate,13,8,1,5,26,FALSE,0.38461538461538464,0.38461538461538464,1,1,1,0.5555555555555556
202,phylum>stage>name,name+stage+phylum,Development time,25,12,2,7,28,FALSE,0.28,0.52,1,1,1,0.43750000000000006
202,phylum>stage>name,name+stage+phylum,Egg incubation period,9,0,1,9,13,FALSE,1,1,1,1,1,1
202,phylum>stage>name,name+stage+phylum,Egg-hatching success,13,2,1,11,12,FALSE,0.8461538461538461,0.8461538461538461,0.9166666666666666,0.9166666666666666,0.9166666666666666,0.8799999999999999
202,phylum>stage>name,name+stage+phylum,Fecundity,72,26,4,18,20,FALSE,0.25,0.6388888888888888,1,1,1,0.4
202,phylum>stage>name,name+stage+phylum,Linear morphometrics,15,7,1,8,8,FALSE,0.5333333333333333,0.5333333333333333,0.36363636363636365,0.36363636363636365,0.36363636363636365,0.43243243243243246
202,phylum>stage>name,name+stage+phylum,Longevity / lifespan,34,6,2,21,10,FALSE,0.6176470588235294,0.8235294117647058,0.9545454545454546,0.9545454545454546,0.9545454545454546,0.75
202,phylum>stage>name,name+stage+phylum,Pre-oviposition interval,21,0,2,12,14,FALSE,0.5714285714285714,1,0.9230769230769231,0.9230769230769231,0.9230769230769231,0.7058823529411765
202,phylum>stage>name,name+stage+phylum,Survival proportion,24,4,3,8,21,FALSE,0.3333333333333333,0.8333333333333334,1,1,1,0.5
203,stage>name>phylum,name+stage+phylum,Body mass / weight,41,12,6,7,10;12,TRUE,0.17073170731707318,0.7073170731707317,0.7777777777777778,0.7777777777777778,0.7777777777777778,0.27999999999999997
203,stage>name>phylum,name+stage+phylum,Development rate,13,1,3,6,20,FALSE,0.46153846153846156,0.9230769230769231,0.46153846153846156,0.46153846153846156,0.46153846153846156,0.46153846153846156
203,stage>name>phylum,name+stage+phylum,Development time,25,5,3,7,20;28,TRUE,0.28,0.8,0.5384615384615384,0.6581196581196581,0.7777777777777778,0.39285714285714285
203,stage>name>phylum,name+stage+phylum,Egg incubation period,9,1,1,8,15,FALSE,0.8888888888888888,0.8888888888888888,1,1,1,0.9411764705882353
203,stage>name>phylum,name+stage+phylum,Egg-hatching success,13,2,1,11,29,FALSE,0.8461538461538461,0.8461538461538461,0.9166666666666666,0.9166666666666666,0.9166666666666666,0.8799999999999999
203,stage>name>phylum,name+stage+phylum,Fecundity,72,17,6,18,32,FALSE,0.25,0.7638888888888888,1,1,1,0.4
203,stage>name>phylum,name+stage+phylum,Linear morphometrics,15,8,3,3,11,FALSE,0.2,0.4666666666666667,0.42857142857142855,0.42857142857142855,0.42857142857142855,0.27272727272727276
203,stage>name>phylum,name+stage+phylum,Longevity / lifespan,34,8,5,13,26,FALSE,0.38235294117647056,0.7647058823529411,1,1,1,0.5531914893617021
203,stage>name>phylum,name+stage+phylum,Pre-oviposition interval,21,5,3,12,24,FALSE,0.5714285714285714,0.7619047619047619,0.8571428571428571,0.8571428571428571,0.8571428571428571,0.6857142857142857
203,stage>name>phylum,name+stage+phylum,Survival proportion,24,2,3,9,13,FALSE,0.375,0.9166666666666666,0.6,0.6,0.6,0.4615384615384615
204,stage>phylum>name,name+stage+phylum,Body mass / weight,41,11,6,7,7;11,TRUE,0.17073170731707318,0.7317073170731707,0.6363636363636364,0.7070707070707071,0.7777777777777778,0.275049115913556
204,stage>phylum>name,name+stage+phylum,Development rate,13,1,3,6,28,FALSE,0.46153846153846156,0.9230769230769231,0.5,0.5,0.5,0.48000000000000004
204,stage>phylum>name,name+stage+phylum,Development time,25,6,3,7,30,FALSE,0.28,0.76,0.7777777777777778,0.7777777777777778,0.7777777777777778,0.4117647058823529
204,stage>phylum>name,name+stage+phylum,Egg incubation period,9,1,1,8,27,FALSE,0.8888888888888888,0.8888888888888888,1,1,1,0.9411764705882353
204,stage>phylum>name,name+stage+phylum,Egg-hatching success,13,2,1,11,26,FALSE,0.8461538461538461,0.8461538461538461,0.7857142857142857,0.7857142857142857,0.7857142857142857,0.8148148148148148
204,stage>phylum>name,name+stage+phylum,Fecundity,72,31,4,18,31,FALSE,0.25,0.5694444444444444,1,1,1,0.4
204,stage>phylum>name,name+stage+phylum,Linear morphometrics,15,8,3,4,11,FALSE,0.26666666666666666,0.4666666666666667,0.36363636363636365,0.36363636363636365,0.36363636363636365,0.30769230769230765
204,stage>phylum>name,name+stage+phylum,Longevity / lifespan,34,8,4,14,13,FALSE,0.4117647058823529,0.7647058823529411,1,1,1,0.5833333333333334
204,stage>phylum>name,name+stage+phylum,Pre-oviposition interval,21,2,3,12,22,FALSE,0.5714285714285714,0.9047619047619048,0.8571428571428571,0.8571428571428571,0.8571428571428571,0.6857142857142857
204,stage>phylum>name,name+stage+phylum,Survival proportion,24,2,3,9,18,FALSE,0.375,0.9166666666666666,0.8181818181818182,0.8181818181818182,0.8181818181818182,0.5142857142857142
205,class>name>unit,name+unit+class,Body mass / weight,41,6,5,11,4,FALSE,0.2682926829268293,0.8536585365853658,1,1,1,0.4230769230769231
205,class>name>unit,name+unit+class,Development rate,13,0,2,7,23,FALSE,0.5384615384615384,1,1,1,1,0.7000000000000001
205,class>name>unit,name+unit+class,Development time,25,7,3,7,22,FALSE,0.28,0.72,1,1,1,0.43750000000000006
205,class>name>unit,name+unit+class,Egg incubation period,9,0,1,9,32,FALSE,1,1,1,1,1,1
205,class>name>unit,name+unit+class,Egg-hatching success,13,1,1,12,2,FALSE,0.9230769230769231,0.9230769230769231,0.9230769230769231,0.9230769230769231,0.9230769230769231,0.9230769230769231
205,class>name>unit,name+unit+class,Fecundity,72,25,7,10,8;31;36,TRUE,0.1388888888888889,0.6527777777777778,0.5555555555555556,0.8518518518518519,1,0.23883696780893043
205,class>name>unit,name+unit+class,Linear morphometrics,15,6,1,9,5,FALSE,0.6,0.6,1,1,1,0.7499999999999999
205,class>name>unit,name+unit+class,Longevity / lifespan,34,2,2,20,20,FALSE,0.5882352941176471,0.9411764705882353,0.9090909090909091,0.9090909090909091,0.9090909090909091,0.7142857142857143
205,class>name>unit,name+unit+class,Pre-oviposition interval,21,4,3,10,34,FALSE,0.47619047619047616,0.8095238095238095,0.9090909090909091,0.9090909090909091,0.9090909090909091,0.6249999999999999
205,class>name>unit,name+unit+class,Survival proportion,24,4,3,8,12,FALSE,0.3333333333333333,0.8333333333333334,1,1,1,0.5
206,class>unit>name,name+unit+class,Body mass / weight,41,7,5,10,3,FALSE,0.24390243902439024,0.8292682926829268,1,1,1,0.39215686274509803
206,class>unit>name,name+unit+class,Development rate,13,2,2,6,26,FALSE,0.46153846153846156,0.8461538461538461,1,1,1,0.631578947368421
206,class>unit>name,name+unit+class,Development time,25,7,3,7,20,FALSE,0.28,0.72,1,1,1,0.43750000000000006
206,class>unit>name,name+unit+class,Egg incubation period,9,0,1,9,29,FALSE,1,1,1,1,1,1
206,class>unit>name,name+unit+class,Egg-hatching success,13,4,1,9,9,FALSE,0.6923076923076923,0.6923076923076923,0.9,0.9,0.9,0.7826086956521738
206,class>unit>name,name+unit+class,Fecundity,72,33,6,13,28,FALSE,0.18055555555555555,0.5416666666666666,1,1,1,0.30588235294117644
206,class>unit>name,name+unit+class,Linear morphometrics,15,6,1,9,4,FALSE,0.6,0.6,1,1,1,0.7499999999999999
206,class>unit>name,name+unit+class,Longevity / lifespan,34,2,2,20,25,FALSE,0.5882352941176471,0.9411764705882353,0.9523809523809523,0.9523809523809523,0.9523809523809523,0.7272727272727274
206,class>unit>name,name+unit+class,Pre-oviposition interval,21,4,3,10,32,FALSE,0.47619047619047616,0.8095238095238095,0.9090909090909091,0.9090909090909091,0.9090909090909091,0.6249999999999999
206,class>unit>name,name+unit+class,Survival proportion,24,3,4,6,12,FALSE,0.25,0.875,0.8571428571428571,0.8571428571428571,0.8571428571428571,0.3870967741935483
207,name>class>unit,name+unit+class,Body mass / weight,41,6,5,11,6,FALSE,0.2682926829268293,0.8536585365853658,1,1,1,0.4230769230769231
207,name>class>unit,name+unit+class,Development rate,13,0,2,7,20,FALSE,0.5384615384615384,1,1,1,1,0.7000000000000001
207,name>class>unit,name+unit+class,Development time,25,5,3,8,28,FALSE,0.32,0.8,1,1,1,0.48484848484848486
207,name>class>unit,name+unit+class,Egg incubation period,9,0,1,9,27,FALSE,1,1,1,1,1,1
207,name>class>unit,name+unit+class,Egg-hatching success,13,1,1,12,3,FALSE,0.9230769230769231,0.9230769230769231,1,1,1,0.9600000000000001
207,name>class>unit,name+unit+class,Fecundity,72,28,6,13,33,FALSE,0.18055555555555555,0.6111111111111112,1,1,1,0.30588235294117644
207,name>class>unit,name+unit+class,Linear morphometrics,15,6,1,9,7,FALSE,0.6,0.6,1,1,1,0.7499999999999999
207,name>class>unit,name+unit+class,Longevity / lifespan,34,2,2,20,23,FALSE,0.5882352941176471,0.9411764705882353,0.9523809523809523,0.9523809523809523,0.9523809523809523,0.7272727272727274
207,name>class>unit,name+unit+class,Pre-oviposition interval,21,4,3,10,34,FALSE,0.47619047619047616,0.8095238095238095,0.9090909090909091,0.9090909090909091,0.9090909090909091,0.6249999999999999
207,name>class>unit,name+unit+class,Survival proportion,24,2,3,8,14,FALSE,0.3333333333333333,0.9166666666666666,1,1,1,0.5
208,name>unit>class,name+unit+class,Body mass / weight,41,7,5,10,8,FALSE,0.24390243902439024,0.8292682926829268,1,1,1,0.39215686274509803
208,name>unit>class,name+unit+class,Development rate,13,0,2,7,13,FALSE,0.5384615384615384,1,1,1,1,0.7000000000000001
208,name>unit>class,name+unit+class,Development time,25,3,3,8,27,FALSE,0.32,0.88,1,1,1,0.48484848484848486
208,name>unit>class,name+unit+class,Egg incubation period,9,0,1,9,12,FALSE,1,1,1,1,1,1
208,name>unit>class,name+unit+class,Egg-hatching success,13,1,1,12,3,FALSE,0.9230769230769231,0.9230769230769231,1,1,1,0.9600000000000001
208,name>unit>class,name+unit+class,Fecundity,72,28,6,13,35,FALSE,0.18055555555555555,0.6111111111111112,1,1,1,0.30588235294117644
208,name>unit>class,name+unit+class,Linear morphometrics,15,6,1,9,7,FALSE,0.6,0.6,1,1,1,0.7499999999999999
208,name>unit>class,name+unit+class,Longevity / lifespan,34,10,3,12,17,FALSE,0.35294117647058826,0.7058823529411765,1,1,1,0.5217391304347826
208,name>unit>class,name+unit+class,Pre-oviposition interval,21,4,3,10,32,FALSE,0.47619047619047616,0.8095238095238095,0.9090909090909091,0.9090909090909091,0.9090909090909091,0.6249999999999999
208,name>unit>class,name+unit+class,Survival proportion,24,2,2,15,11,FALSE,0.625,0.9166666666666666,0.6818181818181818,0.6818181818181818,0.6818181818181818,0.6521739130434783
209,unit>class>name,name+unit+class,Body mass / weight,41,6,5,11,8,FALSE,0.2682926829268293,0.8536585365853658,1,1,1,0.4230769230769231
209,unit>class>name,name+unit+class,Development rate,13,7,1,6,24,FALSE,0.46153846153846156,0.46153846153846156,1,1,1,0.631578947368421
209,unit>class>name,name+unit+class,Development time,25,0,2,18,23,FALSE,0.72,1,1,1,1,0.8372093023255813
209,unit>class>name,name+unit+class,Egg incubation period,9,0,1,9,30,FALSE,1,1,1,1,1,1
209,unit>class>name,name+unit+class,Egg-hatching success,13,1,1,12,4,FALSE,0.9230769230769231,0.9230769230769231,0.9230769230769231,0.9230769230769231,0.9230769230769231,0.9230769230769231
209,unit>class>name,name+unit+class,Fecundity,72,25,5,17,16,FALSE,0.2361111111111111,0.6527777777777778,0.9444444444444444,0.9444444444444444,0.9444444444444444,0.37777777777777777
209,unit>class>name,name+unit+class,Linear morphometrics,15,6,1,9,9,FALSE,0.6,0.6,1,1,1,0.7499999999999999
209,unit>class>name,name+unit+class,Longevity / lifespan,34,2,2,20,21,FALSE,0.5882352941176471,0.9411764705882353,0.9523809523809523,0.9523809523809523,0.9523809523809523,0.7272727272727274
209,unit>class>name,name+unit+class,Pre-oviposition interval,21,4,3,10,31,FALSE,0.47619047619047616,0.8095238095238095,0.9090909090909091,0.9090909090909091,0.9090909090909091,0.6249999999999999
209,unit>class>name,name+unit+class,Survival proportion,24,3,2,15,5,FALSE,0.625,0.875,0.8333333333333334,0.8333333333333334,0.8333333333333334,0.7142857142857143
210,unit>name>class,name+unit+class,Body mass / weight,41,6,5,11,7,FALSE,0.2682926829268293,0.8536585365853658,1,1,1,0.4230769230769231
210,unit>name>class,name+unit+class,Development rate,13,3,2,5,16;22,TRUE,0.38461538461538464,0.7692307692307693,1,1,1,0.5555555555555556
210,unit>name>class,name+unit+class,Development time,25,3,3,10,30,FALSE,0.4,0.88,1,1,1,0.5714285714285715
210,unit>name>class,name+unit+class,Egg incubation period,9,0,1,9,23,FALSE,1,1,1,1,1,1
210,unit>name>class,name+unit+class,Egg-hatching success,13,1,1,12,5,FALSE,0.9230769230769231,0.9230769230769231,0.9230769230769231,0.9230769230769231,0.9230769230769231,0.9230769230769231
210,unit>name>class,name+unit+class,Fecundity,72,26,5,16,24,FALSE,0.2222222222222222,0.6388888888888888,0.9411764705882353,0.9411764705882353,0.9411764705882353,0.3595505617977528
210,unit>name>class,name+unit+class,Linear morphometrics,15,2,1,13,4,FALSE,0.8666666666666667,0.8666666666666667,1,1,1,0.9285714285714286
210,unit>name>class,name+unit+class,Longevity / lifespan,34,2,2,20,25,FALSE,0.5882352941176471,0.9411764705882353,0.9523809523809523,0.9523809523809523,0.9523809523809523,0.7272727272727274
210,unit>name>class,name+unit+class,Pre-oviposition interval,21,4,3,10,35,FALSE,0.47619047619047616,0.8095238095238095,0.9090909090909091,0.9090909090909091,0.9090909090909091,0.6249999999999999
210,unit>name>class,name+unit+class,Survival proportion,24,7,3,6,6;10,TRUE,0.25,0.7083333333333334,0.5,0.75,1,0.375
211,family>name>unit,name+unit+family,Body mass / weight,41,9,6,9,18,FALSE,0.21951219512195122,0.7804878048780488,1,1,1,0.36
211,family>name>unit,name+unit+family,Development rate,13,3,4,5,17,FALSE,0.38461538461538464,0.7692307692307693,1,1,1,0.5555555555555556
211,family>name>unit,name+unit+family,Development time,25,5,4,8,29,FALSE,0.32,0.8,0.7272727272727273,0.7272727272727273,0.7272727272727273,0.4444444444444444
211,family>name>unit,name+unit+family,Egg incubation period,9,0,1,9,20,FALSE,1,1,1,1,1,1
211,family>name>unit,name+unit+family,Egg-hatching success,13,4,1,9,5,FALSE,0.6923076923076923,0.6923076923076923,0.9,0.9,0.9,0.7826086956521738
211,family>name>unit,name+unit+family,Fecundity,72,36,6,10,10,FALSE,0.1388888888888889,0.5,1,1,1,0.24390243902439027
211,family>name>unit,name+unit+family,Linear morphometrics,15,9,2,3,2;9,TRUE,0.2,0.4,0.3333333333333333,0.38095238095238093,0.42857142857142855,0.2622950819672132
211,family>name>unit,name+unit+family,Longevity / lifespan,34,3,3,16,21,FALSE,0.47058823529411764,0.9117647058823529,0.9411764705882353,0.9411764705882353,0.9411764705882353,0.627450980392157
211,family>name>unit,name+unit+family,Pre-oviposition interval,21,3,2,10,28,FALSE,0.47619047619047616,0.8571428571428571,0.8333333333333334,0.8333333333333334,0.8333333333333334,0.6060606060606061
211,family>name>unit,name+unit+family,Survival proportion,24,8,3,8,7,FALSE,0.3333333333333333,0.6666666666666666,1,1,1,0.5
212,family>unit>name,name+unit+family,Body mass / weight,41,9,6,9,18,FALSE,0.21951219512195122,0.7804878048780488,1,1,1,0.36
212,family>unit>name,name+unit+family,Development rate,13,7,3,3,28,FALSE,0.23076923076923078,0.46153846153846156,0.2727272727272727,0.2727272727272727,0.2727272727272727,0.24999999999999994
212,family>unit>name,name+unit+family,Development time,25,5,4,8,28,FALSE,0.32,0.8,0.7272727272727273,0.7272727272727273,0.7272727272727273,0.4444444444444444
212,family>unit>name,name+unit+family,Egg incubation period,9,0,1,9,14,FALSE,1,1,1,1,1,1
212,family>unit>name,name+unit+family,Egg-hatching success,13,4,1,9,5,FALSE,0.6923076923076923,0.6923076923076923,0.9,0.9,0.9,0.7826086956521738
212,family>unit>name,name+unit+family,Fecundity,72,32,7,10,9,FALSE,0.1388888888888889,0.5555555555555556,0.9090909090909091,0.9090909090909091,0.9090909090909091,0.24096385542168675
212,family>unit>name,name+unit+family,Linear morphometrics,15,8,2,4,1,FALSE,0.26666666666666666,0.4666666666666667,0.4,0.4,0.4,0.32
212,family>unit>name,name+unit+family,Longevity / lifespan,34,4,3,15,27,FALSE,0.4411764705882353,0.8823529411764706,0.9375,0.9375,0.9375,0.6
212,family>unit>name,name+unit+family,Pre-oviposition interval,21,3,2,10,24,FALSE,0.47619047619047616,0.8571428571428571,0.8333333333333334,0.8333333333333334,0.8333333333333334,0.6060606060606061
212,family>unit>name,name+unit+family,Survival proportion,24,9,2,10,16,FALSE,0.4166666666666667,0.625,1,1,1,0.5882352941176471
213,name>family>unit,name+unit+family,Body mass / weight,41,6,6,9,22,FALSE,0.21951219512195122,0.8536585365853658,1,1,1,0.36
213,name>family>unit,name+unit+family,Development rate,13,6,1,7,16,FALSE,0.5384615384615384,0.5384615384615384,1,1,1,0.7000000000000001
213,name>family>unit,name+unit+family,Development time,25,10,2,8,29,FALSE,0.32,0.6,1,1,1,0.48484848484848486
213,name>family>unit,name+unit+family,Egg incubation period,9,0,1,9,14,FALSE,1,1,1,1,1,1
213,name>family>unit,name+unit+family,Egg-hatching success,13,4,1,9,6,FALSE,0.6923076923076923,0.6923076923076923,1,1,1,0.8181818181818181
213,name>family>unit,name+unit+family,Fecundity,72,46,5,9,9,FALSE,0.125,0.3611111111111111,1,1,1,0.2222222222222222
213,name>family>unit,name+unit+family,Linear morphometrics,15,8,2,4,1,FALSE,0.26666666666666666,0.4666666666666667,0.4,0.4,0.4,0.32
213,name>family>unit,name+unit+family,Longevity / lifespan,34,3,3,16,28,FALSE,0.47058823529411764,0.9117647058823529,0.9411764705882353,0.9411764705882353,0.9411764705882353,0.627450980392157
213,name>family>unit,name+unit+family,Pre-oviposition interval,21,7,2,10,25,FALSE,0.47619047619047616,0.6666666666666666,0.9090909090909091,0.9090909090909091,0.9090909090909091,0.6249999999999999
213,name>family>unit,name+unit+family,Survival proportion,24,10,2,8,18,FALSE,0.3333333333333333,0.5833333333333334,1,1,1,0.5
214,name>unit>family,name+unit+family,Body mass / weight,41,6,6,9,19,FALSE,0.21951219512195122,0.8536585365853658,1,1,1,0.36
214,name>unit>family,name+unit+family,Development rate,13,3,2,7,15,FALSE,0.5384615384615384,0.7692307692307693,1,1,1,0.7000000000000001
214,name>unit>family,name+unit+family,Development time,25,5,2,13,29,FALSE,0.52,0.8,0.7647058823529411,0.7647058823529411,0.7647058823529411,0.6190476190476191
214,name>unit>family,name+unit+family,Egg incubation period,9,0,1,9,17,FALSE,1,1,1,1,1,1
214,name>unit>family,name+unit+family,Egg-hatching success,13,4,1,9,5,FALSE,0.6923076923076923,0.6923076923076923,1,1,1,0.8181818181818181
214,name>unit>family,name+unit+family,Fecundity,72,37,6,12,10,FALSE,0.16666666666666666,0.4861111111111111,1,1,1,0.2857142857142857
214,name>unit>family,name+unit+family,Linear morphometrics,15,8,2,4,2,FALSE,0.26666666666666666,0.4666666666666667,0.4,0.4,0.4,0.32
214,name>unit>family,name+unit+family,Longevity / lifespan,34,4,3,16,30,FALSE,0.47058823529411764,0.8823529411764706,0.9411764705882353,0.9411764705882353,0.9411764705882353,0.627450980392157
214,name>unit>family,name+unit+family,Pre-oviposition interval,21,3,2,10,27,FALSE,0.47619047619047616,0.8571428571428571,0.9090909090909091,0.9090909090909091,0.9090909090909091,0.6249999999999999
214,name>unit>family,name+unit+family,Survival proportion,24,8,2,15,9,FALSE,0.625,0.6666666666666666,0.6818181818181818,0.6818181818181818,0.6818181818181818,0.6521739130434783
215,unit>family>name,name+unit+family,Body mass / weight,41,4,6,9,5;15,TRUE,0.21951219512195122,0.9024390243902439,0.75,0.875,1,0.350974930362117
215,unit>family>name,name+unit+family,Development rate,13,4,3,5,20,FALSE,0.38461538461538464,0.6923076923076923,1,1,1,0.5555555555555556
215,unit>family>name,name+unit+family,Development time,25,4,4,9,29,FALSE,0.36,0.84,0.6923076923076923,0.6923076923076923,0.6923076923076923,0.47368421052631576
215,unit>family>name,name+unit+family,Egg incubation period,9,0,1,9,24,FALSE,1,1,1,1,1,1
215,unit>family>name,name+unit+family,Egg-hatching success,13,4,1,9,11,FALSE,0.6923076923076923,0.6923076923076923,1,1,1,0.8181818181818181
215,unit>family>name,name+unit+family,Fecundity,72,32,6,10,9;33,TRUE,0.1388888888888889,0.5555555555555556,0.8333333333333334,0.9166666666666667,1,0.2412280701754386
215,unit>family>name,name+unit+family,Linear morphometrics,15,8,2,4,1,FALSE,0.26666666666666666,0.4666666666666667,0.4,0.4,0.4,0.32
215,unit>family>name,name+unit+family,Longevity / lifespan,34,3,3,16,28,FALSE,0.47058823529411764,0.9117647058823529,0.9411764705882353,0.9411764705882353,0.9411764705882353,0.627450980392157
215,unit>family>name,name+unit+family,Pre-oviposition interval,21,3,2,10,32,FALSE,0.47619047619047616,0.8571428571428571,0.9090909090909091,0.9090909090909091,0.9090909090909091,0.6249999999999999
215,unit>family>name,name+unit+family,Survival proportion,24,5,3,10,17,FALSE,0.4166666666666667,0.7916666666666666,1,1,1,0.5882352941176471
216,unit>name>family,name+unit+family,Body mass / weight,41,6,6,9,15,FALSE,0.21951219512195122,0.8536585365853658,1,1,1,0.36
216,unit>name>family,name+unit+family,Development rate,13,7,1,6,14,FALSE,0.46153846153846156,0.46153846153846156,1,1,1,0.631578947368421
216,unit>name>family,name+unit+family,Development time,25,8,3,9,28,FALSE,0.36,0.68,1,1,1,0.5294117647058824
216,unit>name>family,name+unit+family,Egg incubation period,9,0,1,9,23,FALSE,1,1,1,1,1,1
216,unit>name>family,name+unit+family,Egg-hatching success,13,4,1,9,7,FALSE,0.6923076923076923,0.6923076923076923,0.5625,0.5625,0.5625,0.6206896551724138
216,unit>name>family,name+unit+family,Fecundity,72,30,8,9,11,FALSE,0.125,0.5833333333333334,0.8181818181818182,0.8181818181818182,0.8181818181818182,0.21686746987951808
216,unit>name>family,name+unit+family,Linear morphometrics,15,8,2,4,1,FALSE,0.26666666666666666,0.4666666666666667,0.4,0.4,0.4,0.32
216,unit>name>family,name+unit+family,Longevity / lifespan,34,3,3,16,29,FALSE,0.47058823529411764,0.9117647058823529,0.8888888888888888,0.8888888888888888,0.8888888888888888,0.6153846153846153
216,unit>name>family,name+unit+family,Pre-oviposition interval,21,3,2,10,26,FALSE,0.47619047619047616,0.8571428571428571,0.9090909090909091,0.9090909090909091,0.9090909090909091,0.6249999999999999
216,unit>name>family,name+unit+family,Survival proportion,24,5,2,15,8,FALSE,0.625,0.7916666666666666,0.7142857142857143,0.7142857142857143,0.7142857142857143,0.6666666666666666
217,name>order>unit,name+unit+order,Body mass / weight,41,6,5,11,1,FALSE,0.2682926829268293,0.8536585365853658,0.5,0.5,0.5,0.34920634920634924
217,name>order>unit,name+unit+order,Development rate,13,4,2,8,24,FALSE,0.6153846153846154,0.6923076923076923,1,1,1,0.761904761904762
217,name>order>unit,name+unit+order,Development time,25,3,3,10,26,FALSE,0.4,0.88,1,1,1,0.5714285714285715
217,name>order>unit,name+unit+order,Egg incubation period,9,0,1,9,16,FALSE,1,1,1,1,1,1
217,name>order>unit,name+unit+order,Egg-hatching success,13,4,1,9,5,FALSE,0.6923076923076923,0.6923076923076923,1,1,1,0.8181818181818181
217,name>order>unit,name+unit+order,Fecundity,72,30,6,11,9,FALSE,0.1527777777777778,0.5833333333333334,1,1,1,0.26506024096385544
217,name>order>unit,name+unit+order,Linear morphometrics,15,6,1,9,1,FALSE,0.6,0.6,0.4090909090909091,0.4090909090909091,0.4090909090909091,0.4864864864864865
217,name>order>unit,name+unit+order,Longevity / lifespan,34,3,2,19,23,FALSE,0.5588235294117647,0.9117647058823529,0.95,0.95,0.95,0.7037037037037037
217,name>order>unit,name+unit+order,Pre-oviposition interval,21,0,3,10,22,FALSE,0.47619047619047616,1,0.9090909090909091,0.9090909090909091,0.9090909090909091,0.6249999999999999
217,name>order>unit,name+unit+order,Survival proportion,24,6,2,15,6,FALSE,0.625,0.75,0.625,0.625,0.625,0.625
218,name>unit>order,name+unit+order,Body mass / weight,41,6,5,11,2,FALSE,0.2682926829268293,0.8536585365853658,0.55,0.55,0.55,0.36065573770491804
218,name>unit>order,name+unit+order,Development rate,13,4,2,8,16,FALSE,0.6153846153846154,0.6923076923076923,1,1,1,0.761904761904762
218,name>unit>order,name+unit+order,Development time,25,3,3,10,18,FALSE,0.4,0.88,1,1,1,0.5714285714285715
218,name>unit>order,name+unit+order,Egg incubation period,9,0,1,9,17,FALSE,1,1,1,1,1,1
218,name>unit>order,name+unit+order,Egg-hatching success,13,3,1,10,4,FALSE,0.7692307692307693,0.7692307692307693,1,1,1,0.8695652173913044
218,name>unit>order,name+unit+order,Fecundity,72,37,5,10,25,FALSE,0.1388888888888889,0.4861111111111111,1,1,1,0.24390243902439027
218,name>unit>order,name+unit+order,Linear morphometrics,15,6,1,9,2,FALSE,0.6,0.6,0.45,0.45,0.45,0.5142857142857143
218,name>unit>order,name+unit+order,Longevity / lifespan,34,2,2,20,10,FALSE,0.5882352941176471,0.9411764705882353,0.9523809523809523,0.9523809523809523,0.9523809523809523,0.7272727272727274
218,name>unit>order,name+unit+order,Pre-oviposition interval,21,0,3,10,29,FALSE,0.47619047619047616,1,0.9090909090909091,0.9090909090909091,0.9090909090909091,0.6249999999999999
218,name>unit>order,name+unit+order,Survival proportion,24,2,3,9,7,FALSE,0.375,0.9166666666666666,1,1,1,0.5454545454545454
219,order>name>unit,name+unit+order,Body mass / weight,41,6,5,11,1,FALSE,0.2682926829268293,0.8536585365853658,0.4782608695652174,0.4782608695652174,0.4782608695652174,0.34375000000000006
219,order>name>unit,name+unit+order,Development rate,13,2,3,7,18,FALSE,0.5384615384615384,0.8461538461538461,1,1,1,0.7000000000000001
219,order>name>unit,name+unit+order,Development time,25,4,3,10,30,FALSE,0.4,0.84,0.7692307692307693,0.7692307692307693,0.7692307692307693,0.5263157894736842
219,order>name>unit,name+unit+order,Egg incubation period,9,0,1,9,14,FALSE,1,1,1,1,1,1
219,order>name>unit,name+unit+order,Egg-hatching success,13,4,1,9,4,FALSE,0.6923076923076923,0.6923076923076923,1,1,1,0.8181818181818181
219,order>name>unit,name+unit+order,Fecundity,72,18,4,34,27,FALSE,0.4722222222222222,0.75,1,1,1,0.6415094339622641
219,order>name>unit,name+unit+order,Linear morphometrics,15,5,1,10,1,FALSE,0.6666666666666666,0.6666666666666666,0.43478260869565216,0.43478260869565216,0.43478260869565216,0.5263157894736841
219,order>name>unit,name+unit+order,Longevity / lifespan,34,4,3,17,22,FALSE,0.5,0.8823529411764706,0.9444444444444444,0.9444444444444444,0.9444444444444444,0.6538461538461539
219,order>name>unit,name+unit+order,Pre-oviposition interval,21,4,2,10,25,FALSE,0.47619047619047616,0.8095238095238095,0.9090909090909091,0.9090909090909091,0.9090909090909091,0.6249999999999999
219,order>name>unit,name+unit+order,Survival proportion,24,8,3,8,6,FALSE,0.3333333333333333,0.6666666666666666,1,1,1,0.5
220,order>unit>name,name+unit+order,Body mass / weight,41,6,5,11,2,FALSE,0.2682926829268293,0.8536585365853658,0.55,0.55,0.55,0.36065573770491804
220,order>unit>name,name+unit+order,Development rate,13,8,3,3,29,FALSE,0.23076923076923078,0.38461538461538464,0.2,0.2,0.2,0.21428571428571427
220,order>unit>name,name+unit+order,Development time,25,4,3,10,29,FALSE,0.4,0.84,0.6666666666666666,0.6666666666666666,0.6666666666666666,0.5
220,order>unit>name,name+unit+order,Egg incubation period,9,0,1,9,13,FALSE,1,1,1,1,1,1
220,order>unit>name,name+unit+order,Egg-hatching success,13,4,1,9,5,FALSE,0.6923076923076923,0.6923076923076923,1,1,1,0.8181818181818181
220,order>unit>name,name+unit+order,Fecundity,72,20,5,28,26,FALSE,0.3888888888888889,0.7222222222222222,1,1,1,0.56
220,order>unit>name,name+unit+order,Linear morphometrics,15,6,1,9,2,FALSE,0.6,0.6,0.45,0.45,0.45,0.5142857142857143
220,order>unit>name,name+unit+order,Longevity / lifespan,34,5,2,17,30,FALSE,0.5,0.8529411764705882,0.9444444444444444,0.9444444444444444,0.9444444444444444,0.6538461538461539
220,order>unit>name,name+unit+order,Pre-oviposition interval,21,3,3,10,22,FALSE,0.47619047619047616,0.8571428571428571,0.9090909090909091,0.9090909090909091,0.9090909090909091,0.6249999999999999
220,order>unit>name,name+unit+order,Survival proportion,24,2,2,15,7,FALSE,0.625,0.9166666666666666,0.75,0.75,0.75,0.6818181818181818
221,unit>name>order,name+unit+order,Body mass / weight,41,6,5,11,2,FALSE,0.2682926829268293,0.8536585365853658,0.4782608695652174,0.4782608695652174,0.4782608695652174,0.34375000000000006
221,unit>name>order,name+unit+order,Development rate,13,1,2,11,18,FALSE,0.8461538461538461,0.9230769230769231,1,1,1,0.9166666666666666
221,unit>name>order,name+unit+order,Development time,25,3,3,10,24,FALSE,0.4,0.88,1,1,1,0.5714285714285715
221,unit>name>order,name+unit+order,Egg incubation period,9,0,1,9,26,FALSE,1,1,1,1,1,1
221,unit>name>order,name+unit+order,Egg-hatching success,13,4,1,9,8,FALSE,0.6923076923076923,0.6923076923076923,1,1,1,0.8181818181818181
221,unit>name>order,name+unit+order,Fecundity,72,24,6,14,19,FALSE,0.19444444444444445,0.6666666666666666,0.9333333333333333,0.9333333333333333,0.9333333333333333,0.32183908045977017
221,unit>name>order,name+unit+order,Linear morphometrics,15,5,1,10,2,FALSE,0.6666666666666666,0.6666666666666666,0.43478260869565216,0.43478260869565216,0.43478260869565216,0.5263157894736841
221,unit>name>order,name+unit+order,Longevity / lifespan,34,3,2,19,22,FALSE,0.5588235294117647,0.9117647058823529,0.95,0.95,0.95,0.7037037037037037
221,unit>name>order,name+unit+order,Pre-oviposition interval,21,0,2,11,15,FALSE,0.5238095238095238,1,0.34375,0.34375,0.34375,0.4150943396226415
221,unit>name>order,name+unit+order,Survival proportion,24,2,3,8,7,FALSE,0.3333333333333333,0.9166666666666666,1,1,1,0.5
222,unit>order>name,name+unit+order,Body mass / weight,41,6,5,11,2,FALSE,0.2682926829268293,0.8536585365853658,0.55,0.55,0.55,0.36065573770491804
222,unit>order>name,name+unit+order,Development rate,13,7,2,5,22,FALSE,0.38461538461538464,0.46153846153846156,1,1,1,0.5555555555555556
222,unit>order>name,name+unit+order,Development time,25,3,3,10,29,FALSE,0.4,0.88,1,1,1,0.5714285714285715
222,unit>order>name,name+unit+order,Egg incubation period,9,0,1,9,25,FALSE,1,1,1,1,1,1
222,unit>order>name,name+unit+order,Egg-hatching success,13,4,1,9,7,FALSE,0.6923076923076923,0.6923076923076923,1,1,1,0.8181818181818181
222,unit>order>name,name+unit+order,Fecundity,72,27,5,14,17,FALSE,0.19444444444444445,0.625,0.9333333333333333,0.9333333333333333,0.9333333333333333,0.32183908045977017
222,unit>order>name,name+unit+order,Linear morphometrics,15,6,1,9,2,FALSE,0.6,0.6,0.45,0.45,0.45,0.5142857142857143
222,unit>order>name,name+unit+order,Longevity / lifespan,34,4,2,18,27,FALSE,0.5294117647058824,0.8823529411764706,0.9473684210526315,0.9473684210526315,0.9473684210526315,0.679245283018868
222,unit>order>name,name+unit+order,Pre-oviposition interval,21,0,2,11,23,FALSE,0.5238095238095238,1,0.4230769230769231,0.4230769230769231,0.4230769230769231,0.4680851063829788
222,unit>order>name,name+unit+order,Survival proportion,24,6,3,7,13,FALSE,0.2916666666666667,0.75,1,1,1,0.45161290322580644
223,name>phylum>unit,name+unit+phylum,Body mass / weight,41,13,5,8,11,FALSE,0.1951219512195122,0.6829268292682927,1,1,1,0.326530612244898
223,name>phylum>unit,name+unit+phylum,Development rate,13,1,1,12,19,FALSE,0.9230769230769231,0.9230769230769231,1,1,1,0.9600000000000001
223,name>phylum>unit,name+unit+phylum,Development time,25,10,2,10,35,FALSE,0.4,0.6,1,1,1,0.5714285714285715
223,name>phylum>unit,name+unit+phylum,Egg incubation period,9,0,1,9,14,FALSE,1,1,0.9,0.9,0.9,0.9473684210526316
223,name>phylum>unit,name+unit+phylum,Egg-hatching success,13,1,1,12,3,FALSE,0.9230769230769231,0.9230769230769231,1,1,1,0.9600000000000001
223,name>phylum>unit,name+unit+phylum,Fecundity,72,24,8,10,20,FALSE,0.1388888888888889,0.6666666666666666,1,1,1,0.24390243902439027
223,name>phylum>unit,name+unit+phylum,Linear morphometrics,15,2,1,13,7,FALSE,0.8666666666666667,0.8666666666666667,1,1,1,0.9285714285714286
223,name>phylum>unit,name+unit+phylum,Longevity / lifespan,34,4,2,21,27,FALSE,0.6176470588235294,0.8823529411764706,0.9545454545454546,0.9545454545454546,0.9545454545454546,0.75
223,name>phylum>unit,name+unit+phylum,Pre-oviposition interval,21,4,2,12,22,FALSE,0.5714285714285714,0.8095238095238095,0.8571428571428571,0.8571428571428571,0.8571428571428571,0.6857142857142857
223,name>phylum>unit,name+unit+phylum,Survival proportion,24,8,2,11,32,FALSE,0.4583333333333333,0.6666666666666666,1,1,1,0.6285714285714286
224,name>unit>phylum,name+unit+phylum,Body mass / weight,41,15,5,6,9;13,TRUE,0.14634146341463414,0.6341463414634146,1,1,1,0.2553191489361702
224,name>unit>phylum,name+unit+phylum,Development rate,13,1,1,12,17,FALSE,0.9230769230769231,0.9230769230769231,1,1,1,0.9600000000000001
224,name>unit>phylum,name+unit+phylum,Development time,25,9,2,9,25,FALSE,0.36,0.64,1,1,1,0.5294117647058824
224,name>unit>phylum,name+unit+phylum,Egg incubation period,9,0,1,9,11,FALSE,1,1,0.9,0.9,0.9,0.9473684210526316
224,name>unit>phylum,name+unit+phylum,Egg-hatching success,13,1,1,12,3,FALSE,0.9230769230769231,0.9230769230769231,1,1,1,0.9600000000000001
224,name>unit>phylum,name+unit+phylum,Fecundity,72,19,7,17,33,FALSE,0.2361111111111111,0.7361111111111112,1,1,1,0.38202247191011235
224,name>unit>phylum,name+unit+phylum,Linear morphometrics,15,4,1,11,6,FALSE,0.7333333333333333,0.7333333333333333,1,1,1,0.846153846153846
224,name>unit>phylum,name+unit+phylum,Longevity / lifespan,34,11,3,9,19;37,TRUE,0.2647058823529412,0.6764705882352942,1,1,1,0.4186046511627907
224,name>unit>phylum,name+unit+phylum,Pre-oviposition interval,21,4,2,12,22,FALSE,0.5714285714285714,0.8095238095238095,0.8571428571428571,0.8571428571428571,0.8571428571428571,0.6857142857142857
224,name>unit>phylum,name+unit+phylum,Survival proportion,24,8,3,6,35,FALSE,0.25,0.6666666666666666,1,1,1,0.4
225,phylum>name>unit,name+unit+phylum,Body mass / weight,41,14,5,7,10,FALSE,0.17073170731707318,0.6585365853658537,1,1,1,0.2916666666666667
225,phylum>name>unit,name+unit+phylum,Development rate,13,5,1,8,24,FALSE,0.6153846153846154,0.6153846153846154,1,1,1,0.761904761904762
225,phylum>name>unit,name+unit+phylum,Development time,25,7,2,9,34;35,TRUE,0.36,0.72,1,1,1,0.5294117647058824
225,phylum>name>unit,name+unit+phylum,Egg incubation period,9,0,1,9,22,FALSE,1,1,0.8181818181818182,0.8181818181818182,0.8181818181818182,0.9
225,phylum>name>unit,name+unit+phylum,Egg-hatching success,13,1,1,12,4,FALSE,0.9230769230769231,0.9230769230769231,1,1,1,0.9600000000000001
225,phylum>name>unit,name+unit+phylum,Fecundity,72,15,8,14,28,FALSE,0.19444444444444445,0.7916666666666666,1,1,1,0.32558139534883723
225,phylum>name>unit,name+unit+phylum,Linear morphometrics,15,4,1,11,3,FALSE,0.7333333333333333,0.7333333333333333,1,1,1,0.846153846153846
225,phylum>name>unit,name+unit+phylum,Longevity / lifespan,34,15,3,9,14,FALSE,0.2647058823529412,0.5588235294117647,1,1,1,0.4186046511627907
225,phylum>name>unit,name+unit+phylum,Pre-oviposition interval,21,4,2,12,30,FALSE,0.5714285714285714,0.8095238095238095,0.9230769230769231,0.9230769230769231,0.9230769230769231,0.7058823529411765
225,phylum>name>unit,name+unit+phylum,Survival proportion,24,8,2,9,21,FALSE,0.375,0.6666666666666666,1,1,1,0.5454545454545454
226,phylum>unit>name,name+unit+phylum,Body mass / weight,41,10,4,16,6,FALSE,0.3902439024390244,0.7560975609756098,1,1,1,0.5614035087719299
226,phylum>unit>name,name+unit+phylum,Development rate,13,6,1,7,21,FALSE,0.5384615384615384,0.5384615384615384,1,1,1,0.7000000000000001
226,phylum>unit>name,name+unit+phylum,Development time,25,12,2,8,28,FALSE,0.32,0.52,1,1,1,0.48484848484848486
226,phylum>unit>name,name+unit+phylum,Egg incubation period,9,0,1,9,19,FALSE,1,1,0.6923076923076923,0.6923076923076923,0.6923076923076923,0.8181818181818181
226,phylum>unit>name,name+unit+phylum,Egg-hatching success,13,1,1,12,9,FALSE,0.9230769230769231,0.9230769230769231,1,1,1,0.9600000000000001
226,phylum>unit>name,name+unit+phylum,Fecundity,72,31,6,17,18,FALSE,0.2361111111111111,0.5694444444444444,0.9444444444444444,0.9444444444444444,0.9444444444444444,0.37777777777777777
226,phylum>unit>name,name+unit+phylum,Linear morphometrics,15,2,1,13,3,FALSE,0.8666666666666667,0.8666666666666667,1,1,1,0.9285714285714286
226,phylum>unit>name,name+unit+phylum,Longevity / lifespan,34,13,3,9,17,FALSE,0.2647058823529412,0.6176470588235294,1,1,1,0.4186046511627907
226,phylum>unit>name,name+unit+phylum,Pre-oviposition interval,21,5,2,11,23,FALSE,0.5238095238095238,0.7619047619047619,0.9166666666666666,0.9166666666666666,0.9166666666666666,0.6666666666666667
226,phylum>unit>name,name+unit+phylum,Survival proportion,24,11,2,8,11,FALSE,0.3333333333333333,0.5416666666666666,1,1,1,0.5
227,unit>name>phylum,name+unit+phylum,Body mass / weight,41,12,5,9,9,FALSE,0.21951219512195122,0.7073170731707317,1,1,1,0.36
227,unit>name>phylum,name+unit+phylum,Development rate,13,7,1,6,19,FALSE,0.46153846153846156,0.46153846153846156,1,1,1,0.631578947368421
227,unit>name>phylum,name+unit+phylum,Development time,25,7,2,10,31,FALSE,0.4,0.72,1,1,1,0.5714285714285715
227,unit>name>phylum,name+unit+phylum,Egg incubation period,9,0,1,9,12,FALSE,1,1,0.9,0.9,0.9,0.9473684210526316
227,unit>name>phylum,name+unit+phylum,Egg-hatching success,13,1,1,12,3,FALSE,0.9230769230769231,0.9230769230769231,0.9230769230769231,0.9230769230769231,0.9230769230769231,0.9230769230769231
227,unit>name>phylum,name+unit+phylum,Fecundity,72,28,6,15,25,FALSE,0.20833333333333334,0.6111111111111112,1,1,1,0.3448275862068966
227,unit>name>phylum,name+unit+phylum,Linear morphometrics,15,2,1,13,4,FALSE,0.8666666666666667,0.8666666666666667,1,1,1,0.9285714285714286
227,unit>name>phylum,name+unit+phylum,Longevity / lifespan,34,11,3,9,23;34,TRUE,0.2647058823529412,0.6764705882352942,0.75,0.875,1,0.40645161290322585
227,unit>name>phylum,name+unit+phylum,Pre-oviposition interval,21,4,2,12,21,FALSE,0.5714285714285714,0.8095238095238095,0.8571428571428571,0.8571428571428571,0.8571428571428571,0.6857142857142857
227,unit>name>phylum,name+unit+phylum,Survival proportion,24,8,2,9,17,FALSE,0.375,0.6666666666666666,1,1,1,0.5454545454545454
228,unit>phylum>name,name+unit+phylum,Body mass / weight,41,8,4,18,7,FALSE,0.43902439024390244,0.8048780487804879,1,1,1,0.6101694915254238
228,unit>phylum>name,name+unit+phylum,Development rate,13,6,1,7,22,FALSE,0.5384615384615384,0.5384615384615384,1,1,1,0.7000000000000001
228,unit>phylum>name,name+unit+phylum,Development time,25,0,1,25,21,FALSE,1,1,1,1,1,1
228,unit>phylum>name,name+unit+phylum,Egg incubation period,9,0,1,9,26,FALSE,1,1,1,1,1,1
228,unit>phylum>name,name+unit+phylum,Egg-hatching success,13,1,1,12,5,FALSE,0.9230769230769231,0.9230769230769231,1,1,1,0.9600000000000001
228,unit>phylum>name,name+unit+phylum,Fecundity,72,26,4,17,12,FALSE,0.2361111111111111,0.6388888888888888,0.9444444444444444,0.9444444444444444,0.9444444444444444,0.37777777777777777
228,unit>phylum>name,name+unit+phylum,Linear morphometrics,15,2,1,13,3,FALSE,0.8666666666666667,0.8666666666666667,1,1,1,0.9285714285714286
228,unit>phylum>name,name+unit+phylum,Longevity / lifespan,34,3,2,22,24,FALSE,0.6470588235294118,0.9117647058823529,0.9565217391304348,0.9565217391304348,0.9565217391304348,0.7719298245614036
228,unit>phylum>name,name+unit+phylum,Pre-oviposition interval,21,4,2,12,28,FALSE,0.5714285714285714,0.8095238095238095,0.8571428571428571,0.8571428571428571,0.8571428571428571,0.6857142857142857
228,unit>phylum>name,name+unit+phylum,Survival proportion,24,8,2,8,16;17,TRUE,0.3333333333333333,0.6666666666666666,1,1,1,0.5
229,name>stage>unit,name+unit+stage,Body mass / weight,41,6,3,16,6,FALSE,0.3902439024390244,0.8536585365853658,1,1,1,0.5614035087719299
229,name>stage>unit,name+unit+stage,Development rate,13,8,2,3,10,FALSE,0.23076923076923078,0.38461538461538464,0.2727272727272727,0.2727272727272727,0.2727272727272727,0.24999999999999994
229,name>stage>unit,name+unit+stage,Development time,25,12,2,7,30,FALSE,0.28,0.52,1,1,1,0.43750000000000006
229,name>stage>unit,name+unit+stage,Egg incubation period,9,0,1,9,25,FALSE,1,1,1,1,1,1
229,name>stage>unit,name+unit+stage,Egg-hatching success,13,1,1,12,9,FALSE,0.9230769230769231,0.9230769230769231,1,1,1,0.9600000000000001
229,name>stage>unit,name+unit+stage,Fecundity,72,23,7,15,23,FALSE,0.20833333333333334,0.6805555555555556,0.9375,0.9375,0.9375,0.34090909090909094
229,name>stage>unit,name+unit+stage,Linear morphometrics,15,4,1,11,3,FALSE,0.7333333333333333,0.7333333333333333,1,1,1,0.846153846153846
229,name>stage>unit,name+unit+stage,Longevity / lifespan,34,19,3,5,17;31;32,TRUE,0.14705882352941177,0.4411764705882353,1,1,1,0.25641025641025644
229,name>stage>unit,name+unit+stage,Pre-oviposition interval,21,1,3,12,27,FALSE,0.5714285714285714,0.9523809523809523,0.8571428571428571,0.8571428571428571,0.8571428571428571,0.6857142857142857
229,name>stage>unit,name+unit+stage,Survival proportion,24,5,4,7,13,FALSE,0.2916666666666667,0.7916666666666666,0.875,0.875,0.875,0.43750000000000006
230,name>unit>stage,name+unit+stage,Body mass / weight,41,3,3,16,7,FALSE,0.3902439024390244,0.926829268292683,1,1,1,0.5614035087719299
230,name>unit>stage,name+unit+stage,Development rate,13,11,1,2,29,FALSE,0.15384615384615385,0.15384615384615385,0.25,0.25,0.25,0.1904761904761905
230,name>unit>stage,name+unit+stage,Development time,25,12,2,7,30,FALSE,0.28,0.52,1,1,1,0.43750000000000006
230,name>unit>stage,name+unit+stage,Egg incubation period,9,0,1,9,13,FALSE,1,1,1,1,1,1
230,name>unit>stage,name+unit+stage,Egg-hatching success,13,1,1,12,12,FALSE,0.9230769230769231,0.9230769230769231,1,1,1,0.9600000000000001
230,name>unit>stage,name+unit+stage,Fecundity,72,24,7,15,23,FALSE,0.20833333333333334,0.6666666666666666,1,1,1,0.3448275862068966
230,name>unit>stage,name+unit+stage,Linear morphometrics,15,4,1,11,5,FALSE,0.7333333333333333,0.7333333333333333,1,1,1,0.846153846153846
230,name>unit>stage,name+unit+stage,Longevity / lifespan,34,6,2,22,25,FALSE,0.6470588235294118,0.8235294117647058,0.9565217391304348,0.9565217391304348,0.9565217391304348,0.7719298245614036
230,name>unit>stage,name+unit+stage,Pre-oviposition interval,21,0,2,12,14,FALSE,0.5714285714285714,1,0.8571428571428571,0.8571428571428571,0.8571428571428571,0.6857142857142857
230,name>unit>stage,name+unit+stage,Survival proportion,24,6,3,7,19,FALSE,0.2916666666666667,0.75,1,1,1,0.45161290322580644
231,stage>name>unit,name+unit+stage,Body mass / weight,41,4,4,16,8,FALSE,0.3902439024390244,0.9024390243902439,1,1,1,0.5614035087719299
231,stage>name>unit,name+unit+stage,Development rate,13,10,1,3,34,FALSE,0.23076923076923078,0.23076923076923078,0.3333333333333333,0.3333333333333333,0.3333333333333333,0.27272727272727276
231,stage>name>unit,name+unit+stage,Development time,25,7,3,7,35,FALSE,0.28,0.72,1,1,1,0.43750000000000006
231,stage>name>unit,name+unit+stage,Egg incubation period,9,1,1,8,24,FALSE,0.8888888888888888,0.8888888888888888,0.8888888888888888,0.8888888888888888,0.8888888888888888,0.8888888888888888
231,stage>name>unit,name+unit+stage,Egg-hatching success,13,1,1,12,11,FALSE,0.9230769230769231,0.9230769230769231,1,1,1,0.9600000000000001
231,stage>name>unit,name+unit+stage,Fecundity,72,19,8,13,27,FALSE,0.18055555555555555,0.7361111111111112,0.9285714285714286,0.9285714285714286,0.9285714285714286,0.3023255813953489
231,stage>name>unit,name+unit+stage,Linear morphometrics,15,5,2,9,5,FALSE,0.6,0.6666666666666666,1,1,1,0.7499999999999999
231,stage>name>unit,name+unit+stage,Longevity / lifespan,34,12,3,12,29,FALSE,0.35294117647058826,0.6470588235294118,1,1,1,0.5217391304347826
231,stage>name>unit,name+unit+stage,Pre-oviposition interval,21,0,2,12,25,FALSE,0.5714285714285714,1,0.8571428571428571,0.8571428571428571,0.8571428571428571,0.6857142857142857
231,stage>name>unit,name+unit+stage,Survival proportion,24,4,3,8,13,FALSE,0.3333333333333333,0.8333333333333334,1,1,1,0.5
232,stage>unit>name,name+unit+stage,Body mass / weight,41,7,4,14,9,FALSE,0.34146341463414637,0.8292682926829268,1,1,1,0.5090909090909091
232,stage>unit>name,name+unit+stage,Development rate,13,8,2,4,31,FALSE,0.3076923076923077,0.38461538461538464,0.4,0.4,0.4,0.34782608695652173
232,stage>unit>name,name+unit+stage,Development time,25,8,3,7,32,FALSE,0.28,0.68,1,1,1,0.43750000000000006
232,stage>unit>name,name+unit+stage,Egg incubation period,9,1,1,8,27,FALSE,0.8888888888888888,0.8888888888888888,0.8888888888888888,0.8888888888888888,0.8888888888888888,0.8888888888888888
232,stage>unit>name,name+unit+stage,Egg-hatching success,13,2,1,11,11,FALSE,0.8461538461538461,0.8461538461538461,1,1,1,0.9166666666666666
232,stage>unit>name,name+unit+stage,Fecundity,72,31,7,13,28,FALSE,0.18055555555555555,0.5694444444444444,1,1,1,0.30588235294117644
232,stage>unit>name,name+unit+stage,Linear morphometrics,15,6,1,9,7,FALSE,0.6,0.6,1,1,1,0.7499999999999999
232,stage>unit>name,name+unit+stage,Longevity / lifespan,34,10,4,12,33,FALSE,0.35294117647058826,0.7058823529411765,1,1,1,0.5217391304347826
232,stage>unit>name,name+unit+stage,Pre-oviposition interval,21,1,3,12,17,FALSE,0.5714285714285714,0.9523809523809523,0.8571428571428571,0.8571428571428571,0.8571428571428571,0.6857142857142857
232,stage>unit>name,name+unit+stage,Survival proportion,24,4,3,8,8,FALSE,0.3333333333333333,0.8333333333333334,0.8888888888888888,0.8888888888888888,0.8888888888888888,0.48484848484848486
233,unit>name>stage,name+unit+stage,Body mass / weight,41,7,4,14,6,FALSE,0.34146341463414637,0.8292682926829268,1,1,1,0.5090909090909091
233,unit>name>stage,name+unit+stage,Development rate,13,11,1,2,28,FALSE,0.15384615384615385,0.15384615384615385,0.2,0.2,0.2,0.17391304347826086
233,unit>name>stage,name+unit+stage,Development time,25,10,2,8,28,FALSE,0.32,0.6,0.8,0.8,0.8,0.45714285714285713
233,unit>name>stage,name+unit+stage,Egg incubation period,9,0,1,9,20,FALSE,1,1,0.9,0.9,0.9,0.9473684210526316
233,unit>name>stage,name+unit+stage,Egg-hatching success,13,1,1,12,10,FALSE,0.9230769230769231,0.9230769230769231,1,1,1,0.9600000000000001
233,unit>name>stage,name+unit+stage,Fecundity,72,30,6,13,24,FALSE,0.18055555555555555,0.5833333333333334,1,1,1,0.30588235294117644
233,unit>name>stage,name+unit+stage,Linear morphometrics,15,2,1,13,3,FALSE,0.8666666666666667,0.8666666666666667,1,1,1,0.9285714285714286
233,unit>name>stage,name+unit+stage,Longevity / lifespan,34,7,2,22,19,FALSE,0.6470588235294118,0.7941176470588235,0.7333333333333333,0.7333333333333333,0.7333333333333333,0.6875
233,unit>name>stage,name+unit+stage,Pre-oviposition interval,21,0,2,12,26,FALSE,0.5714285714285714,1,0.8571428571428571,0.8571428571428571,0.8571428571428571,0.6857142857142857
233,unit>name>stage,name+unit+stage,Survival proportion,24,7,3,7,13,FALSE,0.2916666666666667,0.7083333333333334,1,1,1,0.45161290322580644
234,unit>stage>name,name+unit+stage,Body mass / weight,41,4,4,16,8,FALSE,0.3902439024390244,0.9024390243902439,1,1,1,0.5614035087719299
234,unit>stage>name,name+unit+stage,Development rate,13,11,1,2,28,FALSE,0.15384615384615385,0.15384615384615385,0.25,0.25,0.25,0.1904761904761905
234,unit>stage>name,name+unit+stage,Development time,25,12,2,7,29,FALSE,0.28,0.52,1,1,1,0.43750000000000006
234,unit>stage>name,name+unit+stage,Egg incubation period,9,1,1,8,25,FALSE,0.8888888888888888,0.8888888888888888,1,1,1,0.9411764705882353
234,unit>stage>name,name+unit+stage,Egg-hatching success,13,1,1,12,10,FALSE,0.9230769230769231,0.9230769230769231,1,1,1,0.9600000000000001
234,unit>stage>name,name+unit+stage,Fecundity,72,27,6,14,21,FALSE,0.19444444444444445,0.625,1,1,1,0.32558139534883723
234,unit>stage>name,name+unit+stage,Linear morphometrics,15,4,1,11,5,FALSE,0.7333333333333333,0.7333333333333333,1,1,1,0.846153846153846
234,unit>stage>name,name+unit+stage,Longevity / lifespan,34,6,2,23,23,FALSE,0.6764705882352942,0.8235294117647058,0.8214285714285714,0.8214285714285714,0.8214285714285714,0.7419354838709677
234,unit>stage>name,name+unit+stage,Pre-oviposition interval,21,0,2,12,26,FALSE,0.5714285714285714,1,0.8571428571428571,0.8571428571428571,0.8571428571428571,0.6857142857142857
234,unit>stage>name,name+unit+stage,Survival proportion,24,7,3,7,11,FALSE,0.2916666666666667,0.7083333333333334,0.875,0.875,0.875,0.43750000000000006
235,class>order>phylum,order+class+phylum,Body mass / weight,41,1,13,11,2,FALSE,0.2682926829268293,0.975609756097561,0.08661417322834646,0.08661417322834646,0.08661417322834646,0.13095238095238096
235,class>order>phylum,order+class+phylum,Development rate,13,1,8,3,6,FALSE,0.23076923076923078,0.9230769230769231,0.375,0.375,0.375,0.2857142857142857
235,class>order>phylum,order+class+phylum,Development time,25,3,11,4,2;12,TRUE,0.16,0.88,0.031496062992125984,0.0847135487374423,0.13793103448275862,0.11077578554944079
235,class>order>phylum,order+class+phylum,Egg incubation period,9,0,5,5,2,FALSE,0.5555555555555556,1,0.03937007874015748,0.03937007874015748,0.03937007874015748,0.07352941176470588
235,class>order>phylum,order+class+phylum,Egg-hatching success,13,2,5,4,2;7,TRUE,0.3076923076923077,0.8461538461538461,0.031496062992125984,0.08982210557013706,0.14814814814814814,0.13905191873589165
235,class>order>phylum,order+class+phylum,Fecundity,72,3,17,10,20,FALSE,0.1388888888888889,0.9583333333333334,0.4,0.4,0.4,0.20618556701030927
235,class>order>phylum,order+class+phylum,Linear morphometrics,15,1,9,5,0,FALSE,0.3333333333333333,0.9333333333333333,0.2631578947368421,0.2631578947368421,0.2631578947368421,0.29411764705882354
235,class>order>phylum,order+class+phylum,Longevity / lifespan,34,2,12,9,2,FALSE,0.2647058823529412,0.9411764705882353,0.07086614173228346,0.07086614173228346,0.07086614173228346,0.11180124223602485
235,class>order>phylum,order+class+phylum,Pre-oviposition interval,21,0,12,6,2,FALSE,0.2857142857142857,1,0.047244094488188976,0.047244094488188976,0.047244094488188976,0.08108108108108107
235,class>order>phylum,order+class+phylum,Survival proportion,24,0,9,12,2,FALSE,0.5,1,0.09448818897637795,0.09448818897637795,0.09448818897637795,0.15894039735099336
236,class>phylum>order,order+class+phylum,Body mass / weight,41,0,14,11,6,FALSE,0.2682926829268293,1,0.16666666666666666,0.16666666666666666,0.16666666666666666,0.20560747663551404
236,class>phylum>order,order+class+phylum,Development rate,13,1,8,4,3,FALSE,0.3076923076923077,0.9230769230769231,0.08333333333333333,0.08333333333333333,0.08333333333333333,0.13114754098360656
236,class>phylum>order,order+class+phylum,Development time,25,2,13,4,13,FALSE,0.16,0.92,0.15384615384615385,0.15384615384615385,0.15384615384615385,0.1568627450980392
236,class>phylum>order,order+class+phylum,Egg incubation period,9,1,5,3,3,FALSE,0.3333333333333333,0.8888888888888888,0.0625,0.0625,0.0625,0.10526315789473684
236,class>phylum>order,order+class+phylum,Egg-hatching success,13,1,8,2,0;3;6;18,TRUE,0.15384615384615385,0.9230769230769231,0.030303030303030304,0.08973155467720685,0.2,0.11335072202964055
236,class>phylum>order,order+class+phylum,Fecundity,72,1,23,9,22,FALSE,0.125,0.9861111111111112,0.36,0.36,0.36,0.18556701030927836
236,class>phylum>order,order+class+phylum,Linear morphometrics,15,0,9,5,2,FALSE,0.3333333333333333,1,0.4166666666666667,0.4166666666666667,0.4166666666666667,0.3703703703703704
236,class>phylum>order,order+class+phylum,Longevity / lifespan,34,2,17,5,4;24,TRUE,0.14705882352941177,0.9411764705882353,0.16129032258064516,0.18934081346423562,0.21739130434782608,0.16554261189454322
236,class>phylum>order,order+class+phylum,Pre-oviposition interval,21,0,16,3,6,FALSE,0.14285714285714285,1,0.045454545454545456,0.045454545454545456,0.045454545454545456,0.06896551724137931
236,class>phylum>order,order+class+phylum,Survival proportion,24,0,11,9,6,FALSE,0.375,1,0.13636363636363635,0.13636363636363635,0.13636363636363635,0.19999999999999998
237,order>class>phylum,order+class+phylum,Body mass / weight,41,0,12,17,6,FALSE,0.4146341463414634,1,0.1328125,0.1328125,0.1328125,0.20118343195266275
237,order>class>phylum,order+class+phylum,Development rate,13,1,7,5,6,FALSE,0.38461538461538464,0.9230769230769231,0.0390625,0.0390625,0.0390625,0.07092198581560284
237,order>class>phylum,order+class+phylum,Development time,25,2,11,5,15,FALSE,0.2,0.92,0.10416666666666667,0.10416666666666667,0.10416666666666667,0.136986301369863
237,order>class>phylum,order+class+phylum,Egg incubation period,9,0,3,6,6,FALSE,0.6666666666666666,1,0.046875,0.046875,0.046875,0.08759124087591241
237,order>class>phylum,order+class+phylum,Egg-hatching success,13,1,7,4,6,FALSE,0.3076923076923077,0.9230769230769231,0.03125,0.03125,0.03125,0.05673758865248227
237,order>class>phylum,order+class+phylum,Fecundity,72,2,20,12,12;15,TRUE,0.16666666666666666,0.9722222222222222,0.25,0.3858695652173913,0.5217391304347826,0.2327868852459016
237,order>class>phylum,order+class+phylum,Linear morphometrics,15,0,6,5,0,FALSE,0.3333333333333333,1,0.2631578947368421,0.2631578947368421,0.2631578947368421,0.29411764705882354
237,order>class>phylum,order+class+phylum,Longevity / lifespan,34,1,13,9,15,FALSE,0.2647058823529412,0.9705882352941176,0.1875,0.1875,0.1875,0.21951219512195125
237,order>class>phylum,order+class+phylum,Pre-oviposition interval,21,0,12,7,6,FALSE,0.3333333333333333,1,0.0546875,0.0546875,0.0546875,0.09395973154362415
237,order>class>phylum,order+class+phylum,Survival proportion,24,1,8,8,6,FALSE,0.3333333333333333,0.9583333333333334,0.0625,0.0625,0.0625,0.10526315789473684
238,order>phylum>class,order+class+phylum,Body mass / weight,41,0,10,11,6,FALSE,0.2682926829268293,1,0.22448979591836735,0.22448979591836735,0.22448979591836735,0.24444444444444444
238,order>phylum>class,order+class+phylum,Development rate,13,1,8,4,6,FALSE,0.3076923076923077,0.9230769230769231,0.08163265306122448,0.08163265306122448,0.08163265306122448,0.12903225806451613
238,order>phylum>class,order+class+phylum,Development time,25,2,13,3,0;2;10;19;20,TRUE,0.12,0.92,0.04225352112676056,0.13342802010777535,0.2727272727272727,0.1263582646159165
238,order>phylum>class,order+class+phylum,Egg incubation period,9,0,5,3,6,FALSE,0.3333333333333333,1,0.061224489795918366,0.061224489795918366,0.061224489795918366,0.10344827586206896
238,order>phylum>class,order+class+phylum,Egg-hatching success,13,0,9,2,2;4;6;12,TRUE,0.15384615384615385,1,0.028169014084507043,0.09552916343660811,0.2222222222222222,0.1178688776018548
238,order>phylum>class,order+class+phylum,Fecundity,72,1,19,18,20,FALSE,0.25,0.9861111111111112,0.3829787234042553,0.3829787234042553,0.3829787234042553,0.3025210084033613
238,order>phylum>class,order+class+phylum,Linear morphometrics,15,0,6,5,0,FALSE,0.3333333333333333,1,0.2631578947368421,0.2631578947368421,0.2631578947368421,0.29411764705882354
238,order>phylum>class,order+class+phylum,Longevity / lifespan,34,0,14,8,1,FALSE,0.23529411764705882,1,0.1702127659574468,0.1702127659574468,0.1702127659574468,0.19753086419753088
238,order>phylum>class,order+class+phylum,Pre-oviposition interval,21,0,11,6,2,FALSE,0.2857142857142857,1,0.08450704225352113,0.08450704225352113,0.08450704225352113,0.13043478260869565
238,order>phylum>class,order+class+phylum,Survival proportion,24,0,10,10,1,FALSE,0.4166666666666667,1,0.2127659574468085,0.2127659574468085,0.2127659574468085,0.28169014084507044
239,phylum>class>order,order+class+phylum,Body mass / weight,41,0,11,15,9,FALSE,0.36585365853658536,1,0.15306122448979592,0.15306122448979592,0.15306122448979592,0.21582733812949642
239,phylum>class>order,order+class+phylum,Development rate,13,1,8,4,9,FALSE,0.3076923076923077,0.9230769230769231,0.04081632653061224,0.04081632653061224,0.04081632653061224,0.07207207207207207
239,phylum>class>order,order+class+phylum,Development time,25,2,13,3,1;9;20;22,TRUE,0.12,0.92,0.030612244897959183,0.10611085343228199,0.21428571428571427,0.11262884747535871
239,phylum>class>order,order+class+phylum,Egg incubation period,9,0,7,2,5;9,TRUE,0.2222222222222222,1,0.02040816326530612,0.04591836734693877,0.07142857142857142,0.07610993657505286
239,phylum>class>order,order+class+phylum,Egg-hatching success,13,2,7,2,5;6;9;14,TRUE,0.15384615384615385,0.8461538461538461,0.02040816326530612,0.058944032158317866,0.08333333333333333,0.08523243303664993
239,phylum>class>order,order+class+phylum,Fecundity,72,1,19,19,22,FALSE,0.2638888888888889,0.9861111111111112,0.34545454545454546,0.34545454545454546,0.34545454545454546,0.2992125984251969
239,phylum>class>order,order+class+phylum,Linear morphometrics,15,0,7,4,1;22,TRUE,0.26666666666666666,1,0.07272727272727272,0.17922077922077922,0.2857142857142857,0.21436893203883498
239,phylum>class>order,order+class+phylum,Longevity / lifespan,34,0,12,8,22,FALSE,0.23529411764705882,1,0.14545454545454545,0.14545454545454545,0.14545454545454545,0.17977528089887643
239,phylum>class>order,order+class+phylum,Pre-oviposition interval,21,0,13,5,9,FALSE,0.23809523809523808,1,0.05102040816326531,0.05102040816326531,0.05102040816326531,0.08403361344537814
239,phylum>class>order,order+class+phylum,Survival proportion,24,0,10,7,9,FALSE,0.2916666666666667,1,0.07142857142857142,0.07142857142857142,0.07142857142857142,0.11475409836065571
240,phylum>order>class,order+class+phylum,Body mass / weight,41,0,13,11,7,FALSE,0.2682926829268293,1,0.11578947368421053,0.11578947368421053,0.11578947368421053,0.16176470588235292
240,phylum>order>class,order+class+phylum,Development rate,13,1,7,5,7,FALSE,0.38461538461538464,0.9230769230769231,0.05263157894736842,0.05263157894736842,0.05263157894736842,0.09259259259259259
240,phylum>order>class,order+class+phylum,Development time,25,2,11,5,18,FALSE,0.2,0.92,0.08196721311475409,0.08196721311475409,0.08196721311475409,0.11627906976744187
240,phylum>order>class,order+class+phylum,Egg incubation period,9,0,5,4,7,FALSE,0.4444444444444444,1,0.042105263157894736,0.042105263157894736,0.042105263157894736,0.07692307692307691
240,phylum>order>class,order+class+phylum,Egg-hatching success,13,1,7,3,7,FALSE,0.23076923076923078,0.9230769230769231,0.031578947368421054,0.031578947368421054,0.031578947368421054,0.05555555555555556
240,phylum>order>class,order+class+phylum,Fecundity,72,2,17,20,18,FALSE,0.2777777777777778,0.9722222222222222,0.32786885245901637,0.32786885245901637,0.32786885245901637,0.3007518796992481
240,phylum>order>class,order+class+phylum,Linear morphometrics,15,0,5,5,0,FALSE,0.3333333333333333,1,0.2631578947368421,0.2631578947368421,0.2631578947368421,0.29411764705882354
240,phylum>order>class,order+class+phylum,Longevity / lifespan,34,0,11,9,18,FALSE,0.2647058823529412,1,0.14754098360655737,0.14754098360655737,0.14754098360655737,0.18947368421052632
240,phylum>order>class,order+class+phylum,Pre-oviposition interval,21,0,12,6,7,FALSE,0.2857142857142857,1,0.06315789473684211,0.06315789473684211,0.06315789473684211,0.10344827586206898
240,phylum>order>class,order+class+phylum,Survival proportion,24,0,11,10,6,FALSE,0.4166666666666667,1,0.22727272727272727,0.22727272727272727,0.22727272727272727,0.29411764705882354
241,class>family>order,order+family+class,Body mass / weight,41,0,10,20,0,FALSE,0.4878048780487805,1,0.18867924528301888,0.18867924528301888,0.18867924528301888,0.272108843537415
241,class>family>order,order+family+class,Development rate,13,1,7,4,0,FALSE,0.3076923076923077,0.9230769230769231,0.03773584905660377,0.03773584905660377,0.03773584905660377,0.06722689075630252
241,class>family>order,order+family+class,Development time,25,3,14,4,5,FALSE,0.16,0.88,0.08888888888888889,0.08888888888888889,0.08888888888888889,0.1142857142857143
241,class>family>order,order+family+class,Egg incubation period,9,0,4,6,0,FALSE,0.6666666666666666,1,0.05660377358490566,0.05660377358490566,0.05660377358490566,0.10434782608695653
241,class>family>order,order+family+class,Egg-hatching success,13,0,6,3,0;1;5,TRUE,0.23076923076923078,1,0.02830188679245283,0.07011772294791163,0.11538461538461539,0.10755543095558104
241,class>family>order,order+family+class,Fecundity,72,3,21,9,21,FALSE,0.125,0.9583333333333334,0.42857142857142855,0.42857142857142855,0.42857142857142855,0.19354838709677416
241,class>family>order,order+family+class,Linear morphometrics,15,1,6,5,5,FALSE,0.3333333333333333,0.9333333333333333,0.1111111111111111,0.1111111111111111,0.1111111111111111,0.16666666666666666
241,class>family>order,order+family+class,Longevity / lifespan,34,4,14,5,0,FALSE,0.14705882352941177,0.8823529411764706,0.04716981132075472,0.04716981132075472,0.04716981132075472,0.07142857142857144
241,class>family>order,order+family+class,Pre-oviposition interval,21,0,13,4,0,FALSE,0.19047619047619047,1,0.03773584905660377,0.03773584905660377,0.03773584905660377,0.06299212598425197
241,class>family>order,order+family+class,Survival proportion,24,1,10,11,0,FALSE,0.4583333333333333,0.9583333333333334,0.10377358490566038,0.10377358490566038,0.10377358490566038,0.16923076923076924
242,class>order>family,order+family+class,Body mass / weight,41,0,11,10,8,FALSE,0.24390243902439024,1,0.3125,0.3125,0.3125,0.273972602739726
242,class>order>family,order+family+class,Development rate,13,1,7,4,7,FALSE,0.3076923076923077,0.9230769230769231,0.036036036036036036,0.036036036036036036,0.036036036036036036,0.06451612903225806
242,class>order>family,order+family+class,Development time,25,4,12,7,7,FALSE,0.28,0.84,0.06306306306306306,0.06306306306306306,0.06306306306306306,0.10294117647058822
242,class>order>family,order+family+class,Egg incubation period,9,0,5,4,7,FALSE,0.4444444444444444,1,0.036036036036036036,0.036036036036036036,0.036036036036036036,0.06666666666666667
242,class>order>family,order+family+class,Egg-hatching success,13,0,8,4,7,FALSE,0.3076923076923077,1,0.036036036036036036,0.036036036036036036,0.036036036036036036,0.06451612903225806
242,class>order>family,order+family+class,Fecundity,72,4,20,16,23,FALSE,0.2222222222222222,0.9444444444444444,0.38095238095238093,0.38095238095238093,0.38095238095238093,0.2807017543859649
242,class>order>family,order+family+class,Linear morphometrics,15,1,8,4,5,FALSE,0.26666666666666666,0.9333333333333333,0.2,0.2,0.2,0.2285714285714286
242,class>order>family,order+family+class,Longevity / lifespan,34,4,12,9,7,FALSE,0.2647058823529412,0.8823529411764706,0.08108108108108109,0.08108108108108109,0.08108108108108109,0.12413793103448276
242,class>order>family,order+family+class,Pre-oviposition interval,21,0,11,6,7,FALSE,0.2857142857142857,1,0.05405405405405406,0.05405405405405406,0.05405405405405406,0.09090909090909091
242,class>order>family,order+family+class,Survival proportion,24,0,11,10,7,FALSE,0.4166666666666667,1,0.09009009009009009,0.09009009009009009,0.09009009009009009,0.14814814814814814
243,family>class>order,order+family+class,Body mass / weight,41,1,13,9,0,FALSE,0.21951219512195122,0.975609756097561,0.1111111111111111,0.1111111111111111,0.1111111111111111,0.14754098360655735
243,family>class>order,order+family+class,Development rate,13,1,8,3,1;2,TRUE,0.23076923076923078,0.9230769230769231,0.07692307692307693,0.28846153846153844,0.5,0.25641025641025644
243,family>class>order,order+family+class,Development time,25,4,15,4,5,FALSE,0.16,0.84,0.06666666666666667,0.06666666666666667,0.06666666666666667,0.09411764705882351
243,family>class>order,order+family+class,Egg incubation period,9,0,4,3,0;2,TRUE,0.3333333333333333,1,0.037037037037037035,0.05698005698005698,0.07692307692307693,0.09732360097323602
243,family>class>order,order+family+class,Egg-hatching success,13,0,6,4,0,FALSE,0.3076923076923077,1,0.04938271604938271,0.04938271604938271,0.04938271604938271,0.0851063829787234
243,family>class>order,order+family+class,Fecundity,72,5,19,9,20;22,TRUE,0.125,0.9305555555555556,0.2647058823529412,0.38235294117647056,0.5,0.18840579710144928
243,family>class>order,order+family+class,Linear morphometrics,15,1,7,4,5,FALSE,0.26666666666666666,0.9333333333333333,0.06666666666666667,0.06666666666666667,0.06666666666666667,0.10666666666666667
243,family>class>order,order+family+class,Longevity / lifespan,34,3,13,5,5;20,TRUE,0.14705882352941177,0.9117647058823529,0.08333333333333333,0.11519607843137256,0.14705882352941177,0.1291918636613524
243,family>class>order,order+family+class,Pre-oviposition interval,21,0,12,5,5,FALSE,0.23809523809523808,1,0.08333333333333333,0.08333333333333333,0.08333333333333333,0.1234567901234568
243,family>class>order,order+family+class,Survival proportion,24,0,11,8,0,FALSE,0.3333333333333333,1,0.09876543209876543,0.09876543209876543,0.09876543209876543,0.15238095238095237
244,family>order>class,order+family+class,Body mass / weight,41,0,12,12,3,FALSE,0.2926829268292683,1,0.12903225806451613,0.12903225806451613,0.12903225806451613,0.17910447761194032
244,family>order>class,order+family+class,Development rate,13,1,9,3,3,FALSE,0.23076923076923078,0.9230769230769231,0.03225806451612903,0.03225806451612903,0.03225806451612903,0.056603773584905655
244,family>order>class,order+family+class,Development time,25,3,14,4,3,FALSE,0.16,0.88,0.043010752688172046,0.043010752688172046,0.043010752688172046,0.06779661016949154
244,family>order>class,order+family+class,Egg incubation period,9,1,3,4,0,FALSE,0.4444444444444444,0.8888888888888888,0.0975609756097561,0.0975609756097561,0.0975609756097561,0.16
244,family>order>class,order+family+class,Egg-hatching success,13,0,7,5,2,FALSE,0.38461538461538464,1,0.09615384615384616,0.09615384615384616,0.09615384615384616,0.15384615384615385
244,family>order>class,order+family+class,Fecundity,72,2,22,8,16;21,TRUE,0.1111111111111111,0.9722222222222222,0.36363636363636365,0.3923444976076555,0.42105263157894735,0.17317845828933473
244,family>order>class,order+family+class,Linear morphometrics,15,1,9,4,3,FALSE,0.26666666666666666,0.9333333333333333,0.043010752688172046,0.043010752688172046,0.043010752688172046,0.07407407407407407
244,family>order>class,order+family+class,Longevity / lifespan,34,1,15,7,3,FALSE,0.20588235294117646,0.9705882352941176,0.07526881720430108,0.07526881720430108,0.07526881720430108,0.11023622047244096
244,family>order>class,order+family+class,Pre-oviposition interval,21,0,12,6,3,FALSE,0.2857142857142857,1,0.06451612903225806,0.06451612903225806,0.06451612903225806,0.10526315789473685
244,family>order>class,order+family+class,Survival proportion,24,0,12,9,3,FALSE,0.375,1,0.0967741935483871,0.0967741935483871,0.0967741935483871,0.15384615384615383
245,order>class>family,order+family+class,Body mass / weight,41,0,13,18,2,FALSE,0.43902439024390244,1,0.14173228346456693,0.14173228346456693,0.14173228346456693,0.21428571428571427
245,order>class>family,order+family+class,Development rate,13,2,7,4,2,FALSE,0.3076923076923077,0.8461538461538461,0.031496062992125984,0.031496062992125984,0.031496062992125984,0.05714285714285714
245,order>class>family,order+family+class,Development time,25,3,12,4,10,FALSE,0.16,0.88,0.10256410256410256,0.10256410256410256,0.10256410256410256,0.125
245,order>class>family,order+family+class,Egg incubation period,9,0,4,4,2,FALSE,0.4444444444444444,1,0.031496062992125984,0.031496062992125984,0.031496062992125984,0.058823529411764705
245,order>class>family,order+family+class,Egg-hatching success,13,0,7,3,2;10,TRUE,0.23076923076923078,1,0.023622047244094488,0.05027256208358571,0.07692307692307693,0.08255968169761273
245,order>class>family,order+family+class,Fecundity,72,4,20,17,21,FALSE,0.2361111111111111,0.9444444444444444,0.34,0.34,0.34,0.2786885245901639
245,order>class>family,order+family+class,Linear morphometrics,15,2,6,5,10,FALSE,0.3333333333333333,0.8666666666666667,0.1282051282051282,0.1282051282051282,0.1282051282051282,0.18518518518518517
245,order>class>family,order+family+class,Longevity / lifespan,34,1,13,9,2,FALSE,0.2647058823529412,0.9705882352941176,0.07086614173228346,0.07086614173228346,0.07086614173228346,0.11180124223602485
245,order>class>family,order+family+class,Pre-oviposition interval,21,0,9,5,2,FALSE,0.23809523809523808,1,0.03937007874015748,0.03937007874015748,0.03937007874015748,0.06756756756756757
245,order>class>family,order+family+class,Survival proportion,24,1,12,12,2,FALSE,0.5,0.9583333333333334,0.09448818897637795,0.09448818897637795,0.09448818897637795,0.15894039735099336
246,order>family>class,order+family+class,Body mass / weight,41,0,13,14,2,FALSE,0.34146341463414637,1,0.1037037037037037,0.1037037037037037,0.1037037037037037,0.1590909090909091
246,order>family>class,order+family+class,Development rate,13,1,6,5,2,FALSE,0.38461538461538464,0.9230769230769231,0.037037037037037035,0.037037037037037035,0.037037037037037035,0.06756756756756757
246,order>family>class,order+family+class,Development time,25,3,13,6,2,FALSE,0.24,0.88,0.044444444444444446,0.044444444444444446,0.044444444444444446,0.075
246,order>family>class,order+family+class,Egg incubation period,9,0,3,5,2,FALSE,0.5555555555555556,1,0.037037037037037035,0.037037037037037035,0.037037037037037035,0.06944444444444445
246,order>family>class,order+family+class,Egg-hatching success,13,0,5,6,2,FALSE,0.46153846153846156,1,0.044444444444444446,0.044444444444444446,0.044444444444444446,0.0810810810810811
246,order>family>class,order+family+class,Fecundity,72,5,21,11,24,FALSE,0.1527777777777778,0.9305555555555556,0.3333333333333333,0.3333333333333333,0.3333333333333333,0.20952380952380956
246,order>family>class,order+family+class,Linear morphometrics,15,1,8,5,2,FALSE,0.3333333333333333,0.9333333333333333,0.037037037037037035,0.037037037037037035,0.037037037037037035,0.06666666666666667
246,order>family>class,order+family+class,Longevity / lifespan,34,3,15,8,2,FALSE,0.23529411764705882,0.9117647058823529,0.05925925925925926,0.05925925925925926,0.05925925925925926,0.09467455621301774
246,order>family>class,order+family+class,Pre-oviposition interval,21,0,10,9,2,FALSE,0.42857142857142855,1,0.06666666666666667,0.06666666666666667,0.06666666666666667,0.11538461538461539
246,order>family>class,order+family+class,Survival proportion,24,1,12,8,2,FALSE,0.3333333333333333,0.9583333333333334,0.05925925925925926,0.05925925925925926,0.05925925925925926,0.10062893081761005
247,family>order>phylum,order+family+phylum,Body mass / weight,41,0,12,12,7,FALSE,0.2926829268292683,1,0.10714285714285714,0.10714285714285714,0.10714285714285714,0.1568627450980392
247,family>order>phylum,order+family+phylum,Development rate,13,1,7,4,7,FALSE,0.3076923076923077,0.9230769230769231,0.03571428571428571,0.03571428571428571,0.03571428571428571,0.064
247,family>order>phylum,order+family+phylum,Development time,25,3,15,3,5;7,TRUE,0.12,0.88,0.026785714285714284,0.13839285714285715,0.25,0.12854181064270906
247,family>order>phylum,order+family+phylum,Egg incubation period,9,2,3,5,7,FALSE,0.5555555555555556,0.7777777777777778,0.044642857142857144,0.044642857142857144,0.044642857142857144,0.08264462809917357
247,family>order>phylum,order+family+phylum,Egg-hatching success,13,0,7,4,7,FALSE,0.3076923076923077,1,0.03571428571428571,0.03571428571428571,0.03571428571428571,0.064
247,family>order>phylum,order+family+phylum,Fecundity,72,5,20,13,23,FALSE,0.18055555555555555,0.9305555555555556,0.38235294117647056,0.38235294117647056,0.38235294117647056,0.2452830188679245
247,family>order>phylum,order+family+phylum,Linear morphometrics,15,1,6,5,5,FALSE,0.3333333333333333,0.9333333333333333,0.4166666666666667,0.4166666666666667,0.4166666666666667,0.3703703703703704
247,family>order>phylum,order+family+phylum,Longevity / lifespan,34,1,14,5,0;23,TRUE,0.14705882352941177,0.9705882352941176,0.14705882352941177,0.16612200435729846,0.18518518518518517,0.15601023017902815
247,family>order>phylum,order+family+phylum,Pre-oviposition interval,21,1,12,5,7,FALSE,0.23809523809523808,0.9523809523809523,0.044642857142857144,0.044642857142857144,0.044642857142857144,0.07518796992481203
247,family>order>phylum,order+family+phylum,Survival proportion,24,0,11,12,7,FALSE,0.5,1,0.10714285714285714,0.10714285714285714,0.10714285714285714,0.17647058823529413
248,family>phylum>order,order+family+phylum,Body mass / weight,41,0,13,12,6,FALSE,0.2926829268292683,1,0.1643835616438356,0.1643835616438356,0.1643835616438356,0.21052631578947367
248,family>phylum>order,order+family+phylum,Development rate,13,1,7,4,6,FALSE,0.3076923076923077,0.9230769230769231,0.0547945205479452,0.0547945205479452,0.0547945205479452,0.09302325581395347
248,family>phylum>order,order+family+phylum,Development time,25,3,14,3,0;6;22,TRUE,0.12,0.88,0.0410958904109589,0.10081296770504437,0.15789473684210525,0.10957287744771306
248,family>phylum>order,order+family+phylum,Egg incubation period,9,0,7,2,5;6,TRUE,0.2222222222222222,1,0.0273972602739726,0.055365296803652965,0.08333333333333333,0.08864519076993374
248,family>phylum>order,order+family+phylum,Egg-hatching success,13,0,8,3,2,FALSE,0.23076923076923078,1,0.16666666666666666,0.16666666666666666,0.16666666666666666,0.1935483870967742
248,family>phylum>order,order+family+phylum,Fecundity,72,4,23,9,21;22,TRUE,0.125,0.9444444444444444,0.3103448275862069,0.359717868338558,0.4090909090909091,0.18552950687146322
248,family>phylum>order,order+family+phylum,Linear morphometrics,15,1,8,5,0,FALSE,0.3333333333333333,0.9333333333333333,0.2631578947368421,0.2631578947368421,0.2631578947368421,0.29411764705882354
248,family>phylum>order,order+family+phylum,Longevity / lifespan,34,2,14,6,6,FALSE,0.17647058823529413,0.9411764705882353,0.0821917808219178,0.0821917808219178,0.0821917808219178,0.11214953271028036
248,family>phylum>order,order+family+phylum,Pre-oviposition interval,21,0,15,3,7,FALSE,0.14285714285714285,1,0.05172413793103448,0.05172413793103448,0.05172413793103448,0.0759493670886076
248,family>phylum>order,order+family+phylum,Survival proportion,24,1,11,8,6,FALSE,0.3333333333333333,0.9583333333333334,0.1095890410958904,0.1095890410958904,0.1095890410958904,0.16494845360824742
249,order>family>phylum,order+family+phylum,Body mass / weight,41,2,12,17,8,FALSE,0.4146341463414634,0.9512195121951219,0.16831683168316833,0.16831683168316833,0.16831683168316833,0.2394366197183099
249,order>family>phylum,order+family+phylum,Development rate,13,1,8,4,8,FALSE,0.3076923076923077,0.9230769230769231,0.039603960396039604,0.039603960396039604,0.039603960396039604,0.07017543859649122
249,order>family>phylum,order+family+phylum,Development time,25,3,14,4,24,FALSE,0.16,0.88,0.13333333333333333,0.13333333333333333,0.13333333333333333,0.14545454545454545
249,order>family>phylum,order+family+phylum,Egg incubation period,9,0,4,5,8,FALSE,0.5555555555555556,1,0.04950495049504951,0.04950495049504951,0.04950495049504951,0.0909090909090909
249,order>family>phylum,order+family+phylum,Egg-hatching success,13,0,8,3,0,FALSE,0.23076923076923078,1,0.0625,0.0625,0.0625,0.09836065573770492
249,order>family>phylum,order+family+phylum,Fecundity,72,3,22,9,24,FALSE,0.125,0.9583333333333334,0.3,0.3,0.3,0.17647058823529413
249,order>family>phylum,order+family+phylum,Linear morphometrics,15,2,8,4,1,FALSE,0.26666666666666666,0.8666666666666667,0.4444444444444444,0.4444444444444444,0.4444444444444444,0.33333333333333337
249,order>family>phylum,order+family+phylum,Longevity / lifespan,34,3,13,7,0,FALSE,0.20588235294117646,0.9117647058823529,0.14583333333333334,0.14583333333333334,0.14583333333333334,0.17073170731707318
249,order>family>phylum,order+family+phylum,Pre-oviposition interval,21,0,13,7,8,FALSE,0.3333333333333333,1,0.06930693069306931,0.06930693069306931,0.06930693069306931,0.11475409836065575
249,order>family>phylum,order+family+phylum,Survival proportion,24,0,12,7,8,FALSE,0.2916666666666667,1,0.06930693069306931,0.06930693069306931,0.06930693069306931,0.112
250,order>phylum>family,order+family+phylum,Body mass / weight,41,2,14,10,15,FALSE,0.24390243902439024,0.9512195121951219,0.35714285714285715,0.35714285714285715,0.35714285714285715,0.2898550724637681
250,order>phylum>family,order+family+phylum,Development rate,13,1,8,3,10,FALSE,0.23076923076923078,0.9230769230769231,0.09375,0.09375,0.09375,0.13333333333333333
250,order>phylum>family,order+family+phylum,Development time,25,3,13,3,1;17;19,TRUE,0.12,0.88,0.03409090909090909,0.1354237867395762,0.21428571428571427,0.1272462100432182
250,order>phylum>family,order+family+phylum,Egg incubation period,9,0,5,3,17,FALSE,0.3333333333333333,1,0.03409090909090909,0.03409090909090909,0.03409090909090909,0.06185567010309277
250,order>phylum>family,order+family+phylum,Egg-hatching success,13,0,7,4,17,FALSE,0.3076923076923077,1,0.045454545454545456,0.045454545454545456,0.045454545454545456,0.07920792079207921
250,order>phylum>family,order+family+phylum,Fecundity,72,6,18,17,20,FALSE,0.2361111111111111,0.9166666666666666,0.3541666666666667,0.3541666666666667,0.3541666666666667,0.2833333333333333
250,order>phylum>family,order+family+phylum,Linear morphometrics,15,1,6,5,1,FALSE,0.3333333333333333,0.9333333333333333,0.2631578947368421,0.2631578947368421,0.2631578947368421,0.29411764705882354
250,order>phylum>family,order+family+phylum,Longevity / lifespan,34,1,14,8,20,FALSE,0.23529411764705882,0.9705882352941176,0.16666666666666666,0.16666666666666666,0.16666666666666666,0.19512195121951217
250,order>phylum>family,order+family+phylum,Pre-oviposition interval,21,0,10,5,17,FALSE,0.23809523809523808,1,0.056818181818181816,0.056818181818181816,0.056818181818181816,0.09174311926605504
250,order>phylum>family,order+family+phylum,Survival proportion,24,0,12,7,17,FALSE,0.2916666666666667,1,0.07954545454545454,0.07954545454545454,0.07954545454545454,0.125
251,phylum>family>order,order+family+phylum,Body mass / weight,41,2,11,20,6,FALSE,0.4878048780487805,0.9512195121951219,0.17857142857142858,0.17857142857142858,0.17857142857142858,0.26143790849673204
251,phylum>family>order,order+family+phylum,Development rate,13,1,7,5,6,FALSE,0.38461538461538464,0.9230769230769231,0.044642857142857144,0.044642857142857144,0.044642857142857144,0.08
251,phylum>family>order,order+family+phylum,Development time,25,3,15,3,4;6;25,TRUE,0.12,0.88,0.026785714285714284,0.18317099567099565,0.2727272727272727,0.1450041052368543
251,phylum>family>order,order+family+phylum,Egg incubation period,9,1,3,4,6,FALSE,0.4444444444444444,0.8888888888888888,0.03571428571428571,0.03571428571428571,0.03571428571428571,0.06611570247933884
251,phylum>family>order,order+family+phylum,Egg-hatching success,13,0,8,4,6,FALSE,0.3076923076923077,1,0.03571428571428571,0.03571428571428571,0.03571428571428571,0.064
251,phylum>family>order,order+family+phylum,Fecundity,72,3,21,12,23,FALSE,0.16666666666666666,0.9583333333333334,0.36363636363636365,0.36363636363636365,0.36363636363636365,0.2285714285714286
251,phylum>family>order,order+family+phylum,Linear morphometrics,15,1,7,5,4,FALSE,0.3333333333333333,0.9333333333333333,0.4166666666666667,0.4166666666666667,0.4166666666666667,0.3703703703703704
251,phylum>family>order,order+family+phylum,Longevity / lifespan,34,1,16,6,7,FALSE,0.17647058823529413,0.9705882352941176,0.375,0.375,0.375,0.24
251,phylum>family>order,order+family+phylum,Pre-oviposition interval,21,0,13,4,6,FALSE,0.19047619047619047,1,0.03571428571428571,0.03571428571428571,0.03571428571428571,0.06015037593984962
251,phylum>family>order,order+family+phylum,Survival proportion,24,1,12,6,6,FALSE,0.25,0.9583333333333334,0.05357142857142857,0.05357142857142857,0.05357142857142857,0.08823529411764706
252,phylum>order>family,order+family+phylum,Body mass / weight,41,0,12,15,16,FALSE,0.36585365853658536,1,0.14150943396226415,0.14150943396226415,0.14150943396226415,0.20408163265306123
252,phylum>order>family,order+family+phylum,Development rate,13,1,8,4,16,FALSE,0.3076923076923077,0.9230769230769231,0.03773584905660377,0.03773584905660377,0.03773584905660377,0.06722689075630252
252,phylum>order>family,order+family+phylum,Development time,25,3,14,3,2;21,TRUE,0.12,0.88,0.2,0.20714285714285713,0.21428571428571427,0.15196506550218342
252,phylum>order>family,order+family+phylum,Egg incubation period,9,0,6,4,16,FALSE,0.4444444444444444,1,0.03773584905660377,0.03773584905660377,0.03773584905660377,0.06956521739130435
252,phylum>order>family,order+family+phylum,Egg-hatching success,13,0,7,6,16,FALSE,0.46153846153846156,1,0.05660377358490566,0.05660377358490566,0.05660377358490566,0.10084033613445378
252,phylum>order>family,order+family+phylum,Fecundity,72,3,19,18,25,FALSE,0.25,0.9583333333333334,0.3673469387755102,0.3673469387755102,0.3673469387755102,0.2975206611570248
252,phylum>order>family,order+family+phylum,Linear morphometrics,15,1,7,4,2,FALSE,0.26666666666666666,0.9333333333333333,0.2857142857142857,0.2857142857142857,0.2857142857142857,0.2758620689655172
252,phylum>order>family,order+family+phylum,Longevity / lifespan,34,1,13,8,16,FALSE,0.23529411764705882,0.9705882352941176,0.07547169811320754,0.07547169811320754,0.07547169811320754,0.1142857142857143
252,phylum>order>family,order+family+phylum,Pre-oviposition interval,21,0,10,7,16,FALSE,0.3333333333333333,1,0.0660377358490566,0.0660377358490566,0.0660377358490566,0.11023622047244094
252,phylum>order>family,order+family+phylum,Survival proportion,24,1,12,8,16,FALSE,0.3333333333333333,0.9583333333333334,0.07547169811320754,0.07547169811320754,0.07547169811320754,0.12307692307692308
253,family>order>stage,order+family+stage,Body mass / weight,41,7,18,4,4;5;13,TRUE,0.0975609756097561,0.8292682926829268,0.08163265306122448,0.3706452277880849,0.6666666666666666,0.1544640364253345
253,family>order>stage,order+family+stage,Development rate,13,2,9,3,18,FALSE,0.23076923076923078,0.8461538461538461,0.2,0.2,0.2,0.21428571428571427
253,family>order>stage,order+family+stage,Development time,25,8,14,2,9;24;32,TRUE,0.08,0.68,0.16666666666666666,0.24603174603174602,0.2857142857142857,0.1207400194741967
253,family>order>stage,order+family+stage,Egg incubation period,9,2,4,4,8,FALSE,0.4444444444444444,0.7777777777777778,0.4,0.4,0.4,0.4210526315789474
253,family>order>stage,order+family+stage,Egg-hatching success,13,0,7,3,1;8,TRUE,0.23076923076923078,1,0.3,0.4,0.5,0.29268292682926833
253,family>order>stage,order+family+stage,Fecundity,72,8,19,14,34,FALSE,0.19444444444444445,0.8888888888888888,0.5,0.5,0.5,0.28
253,family>order>stage,order+family+stage,Linear morphometrics,15,2,7,3,21;34,TRUE,0.2,0.8666666666666667,0.10714285714285714,0.24107142857142855,0.375,0.2186234817813765
253,family>order>stage,order+family+stage,Longevity / lifespan,34,5,17,5,30;34,TRUE,0.14705882352941177,0.8529411764705882,0.17857142857142858,0.2976190476190476,0.4166666666666667,0.19685039370078744
253,family>order>stage,order+family+stage,Pre-oviposition interval,21,0,12,5,13,FALSE,0.23809523809523808,1,0.10204081632653061,0.10204081632653061,0.10204081632653061,0.14285714285714285
253,family>order>stage,order+family+stage,Survival proportion,24,0,15,6,13,FALSE,0.25,1,0.12244897959183673,0.12244897959183673,0.12244897959183673,0.1643835616438356
254,family>stage>order,order+family+stage,Body mass / weight,41,6,18,6,17,FALSE,0.14634146341463414,0.8536585365853658,0.13043478260869565,0.13043478260869565,0.13043478260869565,0.13793103448275862
254,family>stage>order,order+family+stage,Development rate,13,2,9,3,13,FALSE,0.23076923076923078,0.8461538461538461,0.6,0.6,0.6,0.33333333333333337
254,family>stage>order,order+family+stage,Development time,25,8,15,2,25;32,TRUE,0.08,0.68,0.2857142857142857,0.34285714285714286,0.4,0.12972972972972974
254,family>stage>order,order+family+stage,Egg incubation period,9,0,3,6,0,FALSE,0.6666666666666666,1,0.3333333333333333,0.3333333333333333,0.3333333333333333,0.4444444444444444
254,family>stage>order,order+family+stage,Egg-hatching success,13,0,6,6,0,FALSE,0.46153846153846156,1,0.3333333333333333,0.3333333333333333,0.3333333333333333,0.3870967741935484
254,family>stage>order,order+family+stage,Fecundity,72,12,19,9,34,FALSE,0.125,0.8333333333333334,0.45,0.45,0.45,0.1956521739130435
254,family>stage>order,order+family+stage,Linear morphometrics,15,1,10,3,35,FALSE,0.2,0.9333333333333333,0.1875,0.1875,0.1875,0.19354838709677422
254,family>stage>order,order+family+stage,Longevity / lifespan,34,5,17,4,35,FALSE,0.11764705882352941,0.8529411764705882,0.25,0.25,0.25,0.15999999999999998
254,family>stage>order,order+family+stage,Pre-oviposition interval,21,0,11,7,17,FALSE,0.3333333333333333,1,0.15217391304347827,0.15217391304347827,0.15217391304347827,0.20895522388059704
254,family>stage>order,order+family+stage,Survival proportion,24,0,16,6,9,FALSE,0.25,1,0.23076923076923078,0.23076923076923078,0.23076923076923078,0.24000000000000002
255,order>family>stage,order+family+stage,Body mass / weight,41,5,19,5,19,FALSE,0.12195121951219512,0.8780487804878049,0.0847457627118644,0.0847457627118644,0.0847457627118644,0.09999999999999999
255,order>family>stage,order+family+stage,Development rate,13,2,8,3,8,FALSE,0.23076923076923078,0.8461538461538461,0.3,0.3,0.3,0.2608695652173913
255,order>family>stage,order+family+stage,Development time,25,8,13,2,0;14;22;29,TRUE,0.08,0.68,0.07692307692307693,0.16357600732600733,0.2857142857142857,0.107449668214373
255,order>family>stage,order+family+stage,Egg incubation period,9,0,2,8,0,FALSE,0.8888888888888888,1,0.3076923076923077,0.3076923076923077,0.3076923076923077,0.4571428571428572
255,order>family>stage,order+family+stage,Egg-hatching success,13,0,5,8,0,FALSE,0.6153846153846154,1,0.3076923076923077,0.3076923076923077,0.3076923076923077,0.4102564102564103
255,order>family>stage,order+family+stage,Fecundity,72,11,20,9,31,FALSE,0.125,0.8472222222222222,0.45,0.45,0.45,0.1956521739130435
255,order>family>stage,order+family+stage,Linear morphometrics,15,1,7,3,15;32,TRUE,0.2,0.9333333333333333,0.16666666666666666,0.25,0.3333333333333333,0.22222222222222224
255,order>family>stage,order+family+stage,Longevity / lifespan,34,5,17,4,27;32,TRUE,0.11764705882352941,0.8529411764705882,0.2,0.2111111111111111,0.2222222222222222,0.15109343936381708
255,order>family>stage,order+family+stage,Pre-oviposition interval,21,0,10,7,19,FALSE,0.3333333333333333,1,0.11864406779661017,0.11864406779661017,0.11864406779661017,0.175
255,order>family>stage,order+family+stage,Survival proportion,24,0,15,5,19,FALSE,0.20833333333333334,1,0.0847457627118644,0.0847457627118644,0.0847457627118644,0.12048192771084336
256,order>stage>family,order+family+stage,Body mass / weight,41,4,16,5,18,FALSE,0.12195121951219512,0.9024390243902439,0.4166666666666667,0.4166666666666667,0.4166666666666667,0.18867924528301888
256,order>stage>family,order+family+stage,Development rate,13,2,9,2,3;14,TRUE,0.15384615384615385,0.8461538461538461,0.10526315789473684,0.12406015037593984,0.14285714285714285,0.13735691987513005
256,order>stage>family,order+family+stage,Development time,25,9,13,2,3;28;34,TRUE,0.08,0.64,0.14285714285714285,0.2761904761904762,0.4,0.12406417112299466
256,order>stage>family,order+family+stage,Egg incubation period,9,2,3,3,3;4,TRUE,0.3333333333333333,0.7777777777777778,0.21428571428571427,0.2738095238095238,0.3333333333333333,0.3006535947712418
256,order>stage>family,order+family+stage,Egg-hatching success,13,1,5,4,3;4,TRUE,0.3076923076923077,0.9230769230769231,0.2857142857142857,0.36507936507936506,0.4444444444444444,0.33393829401088926
256,order>stage>family,order+family+stage,Fecundity,72,9,19,14,36,FALSE,0.19444444444444445,0.875,0.5,0.5,0.5,0.28
256,order>stage>family,order+family+stage,Linear morphometrics,15,1,7,3,24;36,TRUE,0.2,0.9333333333333333,0.10714285714285714,0.35357142857142854,0.6,0.25548387096774194
256,order>stage>family,order+family+stage,Longevity / lifespan,34,4,20,5,36,FALSE,0.14705882352941177,0.8823529411764706,0.17857142857142858,0.17857142857142858,0.17857142857142858,0.16129032258064516
256,order>stage>family,order+family+stage,Pre-oviposition interval,21,1,13,4,25,FALSE,0.19047619047619047,0.9523809523809523,0.08,0.08,0.08,0.11267605633802817
256,order>stage>family,order+family+stage,Survival proportion,24,1,14,6,25,FALSE,0.25,0.9583333333333334,0.12,0.12,0.12,0.16216216216216217
257,stage>family>order,order+family+stage,Body mass / weight,41,6,17,4,2;3;5,TRUE,0.0975609756097561,0.8536585365853658,0.125,0.2962121212121212,0.4,0.14677865890854488
257,stage>family>order,order+family+stage,Development rate,13,4,7,3,9,FALSE,0.23076923076923078,0.6923076923076923,0.21428571428571427,0.21428571428571427,0.21428571428571427,0.22222222222222224
257,stage>family>order,order+family+stage,Development time,25,11,11,2,7;11;30,TRUE,0.08,0.56,0.11764705882352941,0.2085278555866791,0.2857142857142857,0.11563686572316191
257,stage>family>order,order+family+stage,Egg incubation period,9,3,3,3,11,FALSE,0.3333333333333333,0.6666666666666666,0.3333333333333333,0.3333333333333333,0.3333333333333333,0.3333333333333333
257,stage>family>order,order+family+stage,Egg-hatching success,13,7,4,3,10,FALSE,0.23076923076923078,0.46153846153846156,0.375,0.375,0.375,0.2857142857142857
257,stage>family>order,order+family+stage,Fecundity,72,9,21,8,34,FALSE,0.1111111111111111,0.875,0.6153846153846154,0.6153846153846154,0.6153846153846154,0.18823529411764706
257,stage>family>order,order+family+stage,Linear morphometrics,15,0,9,3,7;32,TRUE,0.2,1,0.17647058823529413,0.23823529411764705,0.3,0.2174496644295302
257,stage>family>order,order+family+stage,Longevity / lifespan,34,5,17,3,0;7;27;36,TRUE,0.08823529411764706,0.8529411764705882,0.17647058823529413,0.2324917729329494,0.2727272727272727,0.1279217258045503
257,stage>family>order,order+family+stage,Pre-oviposition interval,21,2,12,4,2,FALSE,0.19047619047619047,0.9047619047619048,0.125,0.125,0.125,0.1509433962264151
257,stage>family>order,order+family+stage,Survival proportion,24,3,12,5,13,FALSE,0.20833333333333334,0.875,0.21739130434782608,0.21739130434782608,0.21739130434782608,0.2127659574468085
258,stage>order>family,order+family+stage,Body mass / weight,41,5,15,8,11,FALSE,0.1951219512195122,0.8780487804878049,0.1509433962264151,0.1509433962264151,0.1509433962264151,0.1702127659574468
258,stage>order>family,order+family+stage,Development rate,13,3,8,2,1;24,TRUE,0.15384615384615385,0.7692307692307693,0.1,0.25,0.4,0.1904761904761905
258,stage>order>family,order+family+stage,Development time,25,9,12,2,1;3;28;30,TRUE,0.08,0.64,0.1,0.15845864661654135,0.2857142857142857,0.10632192968626833
258,stage>order>family,order+family+stage,Egg incubation period,9,1,2,7,1,FALSE,0.7777777777777778,0.8888888888888888,0.35,0.35,0.35,0.48275862068965514
258,stage>order>family,order+family+stage,Egg-hatching success,13,0,6,4,0;1,TRUE,0.3076923076923077,1,0.2,0.5,0.8,0.380952380952381
258,stage>order>family,order+family+stage,Fecundity,72,6,19,9,32,FALSE,0.125,0.9166666666666666,0.45,0.45,0.45,0.1956521739130435
258,stage>order>family,order+family+stage,Linear morphometrics,15,1,7,3,3;35,TRUE,0.2,0.9333333333333333,0.15789473684210525,0.19433198380566802,0.23076923076923078,0.1971252566735113
258,stage>order>family,order+family+stage,Longevity / lifespan,34,4,18,4,26,FALSE,0.11764705882352941,0.8823529411764706,0.2857142857142857,0.2857142857142857,0.2857142857142857,0.16666666666666666
258,stage>order>family,order+family+stage,Pre-oviposition interval,21,0,11,8,11,FALSE,0.38095238095238093,1,0.1509433962264151,0.1509433962264151,0.1509433962264151,0.21621621621621623
258,stage>order>family,order+family+stage,Survival proportion,24,1,13,5,9,FALSE,0.20833333333333334,0.9583333333333334,0.3125,0.3125,0.3125,0.25
259,class>order>stage,order+stage+class,Body mass / weight,41,3,16,7,4,FALSE,0.17073170731707318,0.926829268292683,0.109375,0.109375,0.109375,0.13333333333333333
259,class>order>stage,order+stage+class,Development rate,13,4,6,3,11,FALSE,0.23076923076923078,0.6923076923076923,0.6,0.6,0.6,0.33333333333333337
259,class>order>stage,order+stage+class,Development time,25,11,11,3,29,FALSE,0.12,0.56,0.3333333333333333,0.3333333333333333,0.3333333333333333,0.1764705882352941
259,class>order>stage,order+stage+class,Egg incubation period,9,0,3,5,0,FALSE,0.5555555555555556,1,0.5555555555555556,0.5555555555555556,0.5555555555555556,0.5555555555555556
259,class>order>stage,order+stage+class,Egg-hatching success,13,2,5,4,1,FALSE,0.3076923076923077,0.8461538461538461,0.25,0.25,0.25,0.27586206896551724
259,class>order>stage,order+stage+class,Fecundity,72,8,18,12,32,FALSE,0.16666666666666666,0.8888888888888888,0.48,0.48,0.48,0.24742268041237112
259,class>order>stage,order+stage+class,Linear morphometrics,15,0,9,3,9;32,TRUE,0.2,1,0.12,0.135,0.15,0.16119402985074627
259,class>order>stage,order+stage+class,Longevity / lifespan,34,3,14,6,32,FALSE,0.17647058823529413,0.9117647058823529,0.24,0.24,0.24,0.20338983050847456
259,class>order>stage,order+stage+class,Pre-oviposition interval,21,0,11,7,4,FALSE,0.3333333333333333,1,0.109375,0.109375,0.109375,0.16470588235294117
259,class>order>stage,order+stage+class,Survival proportion,24,1,10,7,4,FALSE,0.2916666666666667,0.9583333333333334,0.109375,0.109375,0.109375,0.15909090909090912
260,class>stage>order,order+stage+class,Body mass / weight,41,5,19,6,16,FALSE,0.14634146341463414,0.8780487804878049,0.3,0.3,0.3,0.19672131147540983
260,class>stage>order,order+stage+class,Development rate,13,4,7,3,17,FALSE,0.23076923076923078,0.6923076923076923,0.23076923076923078,0.23076923076923078,0.23076923076923078,0.23076923076923078
260,class>stage>order,order+stage+class,Development time,25,11,11,3,33,FALSE,0.12,0.56,0.3333333333333333,0.3333333333333333,0.3333333333333333,0.1764705882352941
260,class>stage>order,order+stage+class,Egg incubation period,9,0,4,3,0;1,TRUE,0.3333333333333333,1,0.375,0.4875,0.6,0.3959390862944162
260,class>stage>order,order+stage+class,Egg-hatching success,13,1,7,3,3,FALSE,0.23076923076923078,0.9230769230769231,0.5,0.5,0.5,0.3157894736842105
260,class>stage>order,order+stage+class,Fecundity,72,8,20,6,37,FALSE,0.08333333333333333,0.8888888888888888,0.5,0.5,0.5,0.14285714285714285
260,class>stage>order,order+stage+class,Linear morphometrics,15,2,9,3,10,FALSE,0.2,0.8666666666666667,0.21428571428571427,0.21428571428571427,0.21428571428571427,0.20689655172413796
260,class>stage>order,order+stage+class,Longevity / lifespan,34,3,18,4,24,FALSE,0.11764705882352941,0.9117647058823529,0.2857142857142857,0.2857142857142857,0.2857142857142857,0.16666666666666666
260,class>stage>order,order+stage+class,Pre-oviposition interval,21,1,13,4,21,FALSE,0.19047619047619047,0.9523809523809523,0.125,0.125,0.125,0.1509433962264151
260,class>stage>order,order+stage+class,Survival proportion,24,1,12,7,21,FALSE,0.2916666666666667,0.9583333333333334,0.21875,0.21875,0.21875,0.25
261,order>class>stage,order+stage+class,Body mass / weight,41,9,16,7,14,FALSE,0.17073170731707318,0.7804878048780488,0.3684210526315789,0.3684210526315789,0.3684210526315789,0.23333333333333336
261,order>class>stage,order+stage+class,Development rate,13,5,6,2,2;11,TRUE,0.15384615384615385,0.6153846153846154,0.15384615384615385,0.16783216783216784,0.18181818181818182,0.16053511705685622
261,order>class>stage,order+stage+class,Development time,25,10,12,3,29,FALSE,0.12,0.6,0.375,0.375,0.375,0.18181818181818182
261,order>class>stage,order+stage+class,Egg incubation period,9,2,3,4,1,FALSE,0.4444444444444444,0.7777777777777778,0.36363636363636365,0.36363636363636365,0.36363636363636365,0.39999999999999997
261,order>class>stage,order+stage+class,Egg-hatching success,13,1,5,4,1;2,TRUE,0.3076923076923077,0.9230769230769231,0.3076923076923077,0.3356643356643357,0.36363636363636365,0.32107023411371244
261,order>class>stage,order+stage+class,Fecundity,72,9,18,8,22;32,TRUE,0.1111111111111111,0.875,0.4444444444444444,0.4722222222222222,0.5,0.1798941798941799
261,order>class>stage,order+stage+class,Linear morphometrics,15,0,9,3,7,FALSE,0.2,1,0.25,0.25,0.25,0.22222222222222224
261,order>class>stage,order+stage+class,Longevity / lifespan,34,6,16,5,32,FALSE,0.14705882352941177,0.8235294117647058,0.2777777777777778,0.2777777777777778,0.2777777777777778,0.1923076923076923
261,order>class>stage,order+stage+class,Pre-oviposition interval,21,0,12,5,17,FALSE,0.23809523809523808,1,0.1388888888888889,0.1388888888888889,0.1388888888888889,0.17543859649122806
261,order>class>stage,order+stage+class,Survival proportion,24,3,13,6,17,FALSE,0.25,0.875,0.16666666666666666,0.16666666666666666,0.16666666666666666,0.2
262,order>stage>class,order+stage+class,Body mass / weight,41,3,17,8,13,FALSE,0.1951219512195122,0.926829268292683,0.20512820512820512,0.20512820512820512,0.20512820512820512,0.2
262,order>stage>class,order+stage+class,Development rate,13,3,8,3,6,FALSE,0.23076923076923078,0.7692307692307693,0.1111111111111111,0.1111111111111111,0.1111111111111111,0.15
262,order>stage>class,order+stage+class,Development time,25,8,12,4,29,FALSE,0.16,0.68,0.4,0.4,0.4,0.22857142857142856
262,order>stage>class,order+stage+class,Egg incubation period,9,0,3,6,0,FALSE,0.6666666666666666,1,0.375,0.375,0.375,0.4800000000000001
262,order>stage>class,order+stage+class,Egg-hatching success,13,0,6,5,0,FALSE,0.38461538461538464,1,0.3125,0.3125,0.3125,0.3448275862068966
262,order>stage>class,order+stage+class,Fecundity,72,5,19,9,25,FALSE,0.125,0.9305555555555556,0.32142857142857145,0.32142857142857145,0.32142857142857145,0.18
262,order>stage>class,order+stage+class,Linear morphometrics,15,0,9,3,11,FALSE,0.2,1,0.6,0.6,0.6,0.3
262,order>stage>class,order+stage+class,Longevity / lifespan,34,5,16,6,25,FALSE,0.17647058823529413,0.8529411764705882,0.21428571428571427,0.21428571428571427,0.21428571428571427,0.1935483870967742
262,order>stage>class,order+stage+class,Pre-oviposition interval,21,0,13,5,13,FALSE,0.23809523809523808,1,0.1282051282051282,0.1282051282051282,0.1282051282051282,0.16666666666666666
262,order>stage>class,order+stage+class,Survival proportion,24,1,14,5,13,FALSE,0.20833333333333334,0.9583333333333334,0.1282051282051282,0.1282051282051282,0.1282051282051282,0.15873015873015872
263,stage>class>order,order+stage+class,Body mass / weight,41,6,18,7,1,FALSE,0.17073170731707318,0.8536585365853658,0.1320754716981132,0.1320754716981132,0.1320754716981132,0.14893617021276595
263,stage>class>order,order+stage+class,Development rate,13,4,6,3,16,FALSE,0.23076923076923078,0.6923076923076923,0.375,0.375,0.375,0.2857142857142857
263,stage>class>order,order+stage+class,Development time,25,12,11,3,32,FALSE,0.12,0.52,0.375,0.375,0.375,0.18181818181818182
263,stage>class>order,order+stage+class,Egg incubation period,9,2,3,4,12,FALSE,0.4444444444444444,0.7777777777777778,0.25,0.25,0.25,0.32
263,stage>class>order,order+stage+class,Egg-hatching success,13,1,5,6,12,FALSE,0.46153846153846156,0.9230769230769231,0.375,0.375,0.375,0.41379310344827586
263,stage>class>order,order+stage+class,Fecundity,72,9,20,8,34,FALSE,0.1111111111111111,0.875,0.47058823529411764,0.47058823529411764,0.47058823529411764,0.1797752808988764
263,stage>class>order,order+stage+class,Linear morphometrics,15,0,9,3,8,FALSE,0.2,1,0.3,0.3,0.3,0.24
263,stage>class>order,order+stage+class,Longevity / lifespan,34,5,17,3,3;29;31;34,TRUE,0.08823529411764706,0.8529411764705882,0.17647058823529413,0.2303813833225598,0.3,0.12760015753105866
263,stage>class>order,order+stage+class,Pre-oviposition interval,21,1,12,6,1,FALSE,0.2857142857142857,0.9523809523809523,0.11320754716981132,0.11320754716981132,0.11320754716981132,0.1621621621621622
263,stage>class>order,order+stage+class,Survival proportion,24,3,10,7,1,FALSE,0.2916666666666667,0.875,0.1320754716981132,0.1320754716981132,0.1320754716981132,0.18181818181818182
264,stage>order>class,order+stage+class,Body mass / weight,41,4,19,7,3,FALSE,0.17073170731707318,0.9024390243902439,0.18421052631578946,0.18421052631578946,0.18421052631578946,0.17721518987341772
264,stage>order>class,order+stage+class,Development rate,13,4,7,3,15,FALSE,0.23076923076923078,0.6923076923076923,0.25,0.25,0.25,0.24000000000000002
264,stage>order>class,order+stage+class,Development time,25,9,12,3,31,FALSE,0.12,0.64,0.3333333333333333,0.3333333333333333,0.3333333333333333,0.1764705882352941
264,stage>order>class,order+stage+class,Egg incubation period,9,2,4,4,18,FALSE,0.4444444444444444,0.7777777777777778,0.5,0.5,0.5,0.47058823529411764
264,stage>order>class,order+stage+class,Egg-hatching success,13,3,6,3,25,FALSE,0.23076923076923078,0.7692307692307693,0.3,0.3,0.3,0.2608695652173913
264,stage>order>class,order+stage+class,Fecundity,72,10,20,7,33,FALSE,0.09722222222222222,0.8611111111111112,0.5,0.5,0.5,0.16279069767441862
264,stage>order>class,order+stage+class,Linear morphometrics,15,1,7,3,11;24,TRUE,0.2,0.9333333333333333,0.09375,0.296875,0.5,0.2389937106918239
264,stage>order>class,order+stage+class,Longevity / lifespan,34,8,15,5,20,FALSE,0.14705882352941177,0.7647058823529411,0.25,0.25,0.25,0.18518518518518517
264,stage>order>class,order+stage+class,Pre-oviposition interval,21,0,13,3,0;3,TRUE,0.14285714285714285,1,0.07894736842105263,0.10765550239234449,0.13636363636363635,0.12278308321964528
264,stage>order>class,order+stage+class,Survival proportion,24,2,12,7,3,FALSE,0.2916666666666667,0.9166666666666666,0.18421052631578946,0.18421052631578946,0.18421052631578946,0.22580645161290325
265,order>phylum>stage,order+stage+phylum,Body mass / weight,41,6,19,5,21,FALSE,0.12195121951219512,0.8536585365853658,0.10638297872340426,0.10638297872340426,0.10638297872340426,0.11363636363636365
265,order>phylum>stage,order+stage+phylum,Development rate,13,4,7,3,20,FALSE,0.23076923076923078,0.6923076923076923,0.25,0.25,0.25,0.24000000000000002
265,order>phylum>stage,order+stage+phylum,Development time,25,12,11,3,31,FALSE,0.12,0.52,0.375,0.375,0.375,0.18181818181818182
265,order>phylum>stage,order+stage+phylum,Egg incubation period,9,1,3,4,7,FALSE,0.4444444444444444,0.8888888888888888,0.2857142857142857,0.2857142857142857,0.2857142857142857,0.34782608695652173
265,order>phylum>stage,order+stage+phylum,Egg-hatching success,13,4,4,5,7,FALSE,0.38461538461538464,0.6923076923076923,0.35714285714285715,0.35714285714285715,0.35714285714285715,0.3703703703703704
265,order>phylum>stage,order+stage+phylum,Fecundity,72,9,19,8,3,FALSE,0.1111111111111111,0.875,0.17391304347826086,0.17391304347826086,0.17391304347826086,0.13559322033898305
265,order>phylum>stage,order+stage+phylum,Linear morphometrics,15,1,9,3,5,FALSE,0.2,0.9333333333333333,0.6,0.6,0.6,0.3
265,order>phylum>stage,order+stage+phylum,Longevity / lifespan,34,8,16,4,35,FALSE,0.11764705882352941,0.7647058823529411,0.2857142857142857,0.2857142857142857,0.2857142857142857,0.16666666666666666
265,order>phylum>stage,order+stage+phylum,Pre-oviposition interval,21,0,12,5,21,FALSE,0.23809523809523808,1,0.10638297872340426,0.10638297872340426,0.10638297872340426,0.14705882352941177
265,order>phylum>stage,order+stage+phylum,Survival proportion,24,2,14,5,21,FALSE,0.20833333333333334,0.9166666666666666,0.10638297872340426,0.10638297872340426,0.10638297872340426,0.14084507042253522
266,order>stage>phylum,order+stage+phylum,Body mass / weight,41,5,21,7,15,FALSE,0.17073170731707318,0.8780487804878049,0.13725490196078433,0.13725490196078433,0.13725490196078433,0.15217391304347827
266,order>stage>phylum,order+stage+phylum,Development rate,13,3,7,3,12,FALSE,0.23076923076923078,0.7692307692307693,0.2727272727272727,0.2727272727272727,0.2727272727272727,0.24999999999999994
266,order>stage>phylum,order+stage+phylum,Development time,25,10,12,3,33,FALSE,0.12,0.6,0.375,0.375,0.375,0.18181818181818182
266,order>stage>phylum,order+stage+phylum,Egg incubation period,9,1,3,5,11,FALSE,0.5555555555555556,0.8888888888888888,0.3125,0.3125,0.3125,0.39999999999999997
266,order>stage>phylum,order+stage+phylum,Egg-hatching success,13,3,5,4,11,FALSE,0.3076923076923077,0.7692307692307693,0.25,0.25,0.25,0.27586206896551724
266,order>stage>phylum,order+stage+phylum,Fecundity,72,9,19,10,36,FALSE,0.1388888888888889,0.875,0.5,0.5,0.5,0.2173913043478261
266,order>stage>phylum,order+stage+phylum,Linear morphometrics,15,2,7,3,6,FALSE,0.2,0.8666666666666667,0.6,0.6,0.6,0.3
266,order>stage>phylum,order+stage+phylum,Longevity / lifespan,34,8,16,5,36,FALSE,0.14705882352941177,0.7647058823529411,0.25,0.25,0.25,0.18518518518518517
266,order>stage>phylum,order+stage+phylum,Pre-oviposition interval,21,1,12,6,15,FALSE,0.2857142857142857,0.9523809523809523,0.11764705882352941,0.11764705882352941,0.11764705882352941,0.16666666666666666
266,order>stage>phylum,order+stage+phylum,Survival proportion,24,2,12,7,15,FALSE,0.2916666666666667,0.9166666666666666,0.13725490196078433,0.13725490196078433,0.13725490196078433,0.18666666666666668
267,phylum>order>stage,order+stage+phylum,Body mass / weight,41,5,18,6,17,FALSE,0.14634146341463414,0.8780487804878049,0.375,0.375,0.375,0.21052631578947364
267,phylum>order>stage,order+stage+phylum,Development rate,13,5,6,2,6;11,TRUE,0.15384615384615385,0.6153846153846154,0.125,0.1736111111111111,0.2222222222222222,0.1631321370309951
267,phylum>order>stage,order+stage+phylum,Development time,25,11,12,3,33,FALSE,0.12,0.56,0.375,0.375,0.375,0.18181818181818182
267,phylum>order>stage,order+stage+phylum,Egg incubation period,9,1,2,7,6,FALSE,0.7777777777777778,0.8888888888888888,0.4375,0.4375,0.4375,0.56
267,phylum>order>stage,order+stage+phylum,Egg-hatching success,13,2,5,4,5,FALSE,0.3076923076923077,0.8461538461538461,0.5714285714285714,0.5714285714285714,0.5714285714285714,0.4
267,phylum>order>stage,order+stage+phylum,Fecundity,72,9,16,11,35,FALSE,0.1527777777777778,0.875,0.44,0.44,0.44,0.22680412371134018
267,phylum>order>stage,order+stage+phylum,Linear morphometrics,15,2,6,3,4;35,TRUE,0.2,0.8666666666666667,0.12,0.36,0.6,0.2571428571428571
267,phylum>order>stage,order+stage+phylum,Longevity / lifespan,34,3,18,5,35,FALSE,0.14705882352941177,0.9117647058823529,0.2,0.2,0.2,0.16949152542372883
267,phylum>order>stage,order+stage+phylum,Pre-oviposition interval,21,0,13,3,9;25;30,TRUE,0.14285714285714285,1,0.1111111111111111,0.13051529790660224,0.15,0.13640762401649342
267,phylum>order>stage,order+stage+phylum,Survival proportion,24,2,14,4,9,FALSE,0.16666666666666666,0.9166666666666666,0.14814814814814814,0.14814814814814814,0.14814814814814814,0.15686274509803924
268,phylum>stage>order,order+stage+phylum,Body mass / weight,41,4,17,8,8,FALSE,0.1951219512195122,0.9024390243902439,0.14814814814814814,0.14814814814814814,0.14814814814814814,0.16842105263157894
268,phylum>stage>order,order+stage+phylum,Development rate,13,4,7,3,24,FALSE,0.23076923076923078,0.6923076923076923,0.375,0.375,0.375,0.2857142857142857
268,phylum>stage>order,order+stage+phylum,Development time,25,11,12,3,34,FALSE,0.12,0.56,0.375,0.375,0.375,0.18181818181818182
268,phylum>stage>order,order+stage+phylum,Egg incubation period,9,3,3,3,19,FALSE,0.3333333333333333,0.6666666666666666,0.375,0.375,0.375,0.35294117647058826
268,phylum>stage>order,order+stage+phylum,Egg-hatching success,13,6,5,2,19;25,TRUE,0.15384615384615385,0.5384615384615384,0.25,0.29166666666666663,0.3333333333333333,0.20143884892086333
268,phylum>stage>order,order+stage+phylum,Fecundity,72,6,17,12,33,FALSE,0.16666666666666666,0.9166666666666666,0.46153846153846156,0.46153846153846156,0.46153846153846156,0.2448979591836735
268,phylum>stage>order,order+stage+phylum,Linear morphometrics,15,0,10,3,3;33,TRUE,0.2,1,0.11538461538461539,0.3576923076923077,0.6,0.25655172413793104
268,phylum>stage>order,order+stage+phylum,Longevity / lifespan,34,4,16,5,33,FALSE,0.14705882352941177,0.8823529411764706,0.19230769230769232,0.19230769230769232,0.19230769230769232,0.16666666666666669
268,phylum>stage>order,order+stage+phylum,Pre-oviposition interval,21,0,12,5,8,FALSE,0.23809523809523808,1,0.09259259259259259,0.09259259259259259,0.09259259259259259,0.13333333333333333
268,phylum>stage>order,order+stage+phylum,Survival proportion,24,3,12,6,8,FALSE,0.25,0.875,0.1111111111111111,0.1111111111111111,0.1111111111111111,0.15384615384615383
269,stage>order>phylum,order+stage+phylum,Body mass / weight,41,3,21,5,14,FALSE,0.12195121951219512,0.926829268292683,0.1282051282051282,0.1282051282051282,0.1282051282051282,0.125
269,stage>order>phylum,order+stage+phylum,Development rate,13,4,8,2,17,FALSE,0.15384615384615385,0.6923076923076923,0.2857142857142857,0.2857142857142857,0.2857142857142857,0.2
269,stage>order>phylum,order+stage+phylum,Development time,25,12,11,3,35,FALSE,0.12,0.52,0.375,0.375,0.375,0.18181818181818182
269,stage>order>phylum,order+stage+phylum,Egg incubation period,9,1,3,6,8,FALSE,0.6666666666666666,0.8888888888888888,0.46153846153846156,0.46153846153846156,0.46153846153846156,0.5454545454545455
269,stage>order>phylum,order+stage+phylum,Egg-hatching success,13,2,5,4,8,FALSE,0.3076923076923077,0.8461538461538461,0.3076923076923077,0.3076923076923077,0.3076923076923077,0.3076923076923077
269,stage>order>phylum,order+stage+phylum,Fecundity,72,15,20,6,37;38,TRUE,0.08333333333333333,0.7916666666666666,0.42857142857142855,0.5476190476190476,0.6666666666666666,0.14465408805031443
269,stage>order>phylum,order+stage+phylum,Linear morphometrics,15,1,8,3,4;34,TRUE,0.2,0.9333333333333333,0.3,0.44999999999999996,0.6,0.27692307692307694
269,stage>order>phylum,order+stage+phylum,Longevity / lifespan,34,7,14,5,38,FALSE,0.14705882352941177,0.7941176470588235,0.35714285714285715,0.35714285714285715,0.35714285714285715,0.20833333333333334
269,stage>order>phylum,order+stage+phylum,Pre-oviposition interval,21,0,14,4,14,FALSE,0.19047619047619047,1,0.10256410256410256,0.10256410256410256,0.10256410256410256,0.13333333333333333
269,stage>order>phylum,order+stage+phylum,Survival proportion,24,3,10,7,14,FALSE,0.2916666666666667,0.875,0.1794871794871795,0.1794871794871795,0.1794871794871795,0.22222222222222224
270,stage>phylum>order,order+stage+phylum,Body mass / weight,41,2,20,11,4,FALSE,0.2682926829268293,0.9512195121951219,0.18333333333333332,0.18333333333333332,0.18333333333333332,0.2178217821782178
270,stage>phylum>order,order+stage+phylum,Development rate,13,3,7,3,14,FALSE,0.23076923076923078,0.7692307692307693,0.16666666666666666,0.16666666666666666,0.16666666666666666,0.1935483870967742
270,stage>phylum>order,order+stage+phylum,Development time,25,8,13,3,29,FALSE,0.12,0.68,0.3333333333333333,0.3333333333333333,0.3333333333333333,0.1764705882352941
270,stage>phylum>order,order+stage+phylum,Egg incubation period,9,0,2,8,0,FALSE,0.8888888888888888,1,0.3076923076923077,0.3076923076923077,0.3076923076923077,0.4571428571428572
270,stage>phylum>order,order+stage+phylum,Egg-hatching success,13,0,4,8,0,FALSE,0.6153846153846154,1,0.3076923076923077,0.3076923076923077,0.3076923076923077,0.4102564102564103
270,stage>phylum>order,order+stage+phylum,Fecundity,72,10,20,7,4,FALSE,0.09722222222222222,0.8611111111111112,0.11666666666666667,0.11666666666666667,0.11666666666666667,0.10606060606060606
270,stage>phylum>order,order+stage+phylum,Linear morphometrics,15,0,8,3,7;31,TRUE,0.2,1,0.21428571428571427,0.40714285714285714,0.6,0.26823529411764707
270,stage>phylum>order,order+stage+phylum,Longevity / lifespan,34,5,17,3,4;23;31;33,TRUE,0.08823529411764706,0.8529411764705882,0.05,0.2309065934065934,0.42857142857142855,0.12768058333544322
270,stage>phylum>order,order+stage+phylum,Pre-oviposition interval,21,0,14,6,4,FALSE,0.2857142857142857,1,0.1,0.1,0.1,0.14814814814814817
270,stage>phylum>order,order+stage+phylum,Survival proportion,24,2,11,7,4,FALSE,0.2916666666666667,0.9166666666666666,0.11666666666666667,0.11666666666666667,0.11666666666666667,0.16666666666666669
271,class>phylum>stage,stage+class+phylum,Body mass / weight,41,2,15,8,15,FALSE,0.1951219512195122,0.9512195121951219,0.25,0.25,0.25,0.21917808219178084
271,class>phylum>stage,stage+class+phylum,Development rate,13,2,8,2,0;7;30,TRUE,0.15384615384615385,0.8461538461538461,0.11764705882352941,0.16457181163063517,0.2222222222222222,0.15902834008097166
271,class>phylum>stage,stage+class+phylum,Development time,25,6,13,4,23,FALSE,0.16,0.76,0.3076923076923077,0.3076923076923077,0.3076923076923077,0.2105263157894737
271,class>phylum>stage,stage+class+phylum,Egg incubation period,9,1,3,4,0,FALSE,0.4444444444444444,0.8888888888888888,0.23529411764705882,0.23529411764705882,0.23529411764705882,0.30769230769230765
271,class>phylum>stage,stage+class+phylum,Egg-hatching success,13,1,5,5,0,FALSE,0.38461538461538464,0.9230769230769231,0.29411764705882354,0.29411764705882354,0.29411764705882354,0.33333333333333337
271,class>phylum>stage,stage+class+phylum,Fecundity,72,4,12,18,26,FALSE,0.25,0.9444444444444444,0.2647058823529412,0.2647058823529412,0.2647058823529412,0.2571428571428572
271,class>phylum>stage,stage+class+phylum,Linear morphometrics,15,0,6,6,22,FALSE,0.4,1,0.13953488372093023,0.13953488372093023,0.13953488372093023,0.2068965517241379
271,class>phylum>stage,stage+class+phylum,Longevity / lifespan,34,3,14,4,18;22;26,TRUE,0.11764705882352941,0.9117647058823529,0.058823529411764705,0.13394892840857273,0.25,0.1252698632692769
271,class>phylum>stage,stage+class+phylum,Pre-oviposition interval,21,1,9,6,26,FALSE,0.2857142857142857,0.9523809523809523,0.08823529411764706,0.08823529411764706,0.08823529411764706,0.1348314606741573
271,class>phylum>stage,stage+class+phylum,Survival proportion,24,1,13,3,10;16;30,TRUE,0.125,0.9583333333333334,0.17647058823529413,0.36993464052287583,0.6,0.1868603499504787
272,class>stage>phylum,stage+class+phylum,Body mass / weight,41,2,14,9,28,FALSE,0.21951219512195122,0.9512195121951219,0.15254237288135594,0.15254237288135594,0.15254237288135594,0.18000000000000002
272,class>stage>phylum,stage+class+phylum,Development rate,13,2,7,3,8,FALSE,0.23076923076923078,0.8461538461538461,0.125,0.125,0.125,0.16216216216216217
272,class>stage>phylum,stage+class+phylum,Development time,25,5,13,4,21,FALSE,0.16,0.8,0.3076923076923077,0.3076923076923077,0.3076923076923077,0.2105263157894737
272,class>stage>phylum,stage+class+phylum,Egg incubation period,9,0,2,8,0,FALSE,0.8888888888888888,1,0.3076923076923077,0.3076923076923077,0.3076923076923077,0.4571428571428572
272,class>stage>phylum,stage+class+phylum,Egg-hatching success,13,0,4,8,0,FALSE,0.6153846153846154,1,0.3076923076923077,0.3076923076923077,0.3076923076923077,0.4102564102564103
272,class>stage>phylum,stage+class+phylum,Fecundity,72,4,13,17,28,FALSE,0.2361111111111111,0.9444444444444444,0.288135593220339,0.288135593220339,0.288135593220339,0.25954198473282447
272,class>stage>phylum,stage+class+phylum,Linear morphometrics,15,0,6,7,28,FALSE,0.4666666666666667,1,0.11864406779661017,0.11864406779661017,0.11864406779661017,0.18918918918918917
272,class>stage>phylum,stage+class+phylum,Longevity / lifespan,34,5,15,4,27;28,TRUE,0.11764705882352941,0.8529411764705882,0.06779661016949153,0.10286382232612507,0.13793103448275862,0.10975990021827253
272,class>stage>phylum,stage+class+phylum,Pre-oviposition interval,21,0,9,7,18,FALSE,0.3333333333333333,1,0.12727272727272726,0.12727272727272726,0.12727272727272726,0.18421052631578946
272,class>stage>phylum,stage+class+phylum,Survival proportion,24,0,13,5,13,FALSE,0.20833333333333334,1,0.5,0.5,0.5,0.29411764705882354
273,phylum>class>stage,stage+class+phylum,Body mass / weight,41,3,17,8,27,FALSE,0.1951219512195122,0.926829268292683,0.12698412698412698,0.12698412698412698,0.12698412698412698,0.15384615384615385
273,phylum>class>stage,stage+class+phylum,Development rate,13,4,7,2,10;24,TRUE,0.15384615384615385,0.6923076923076923,0.15384615384615385,0.17692307692307693,0.2,0.16457960644007155
273,phylum>class>stage,stage+class+phylum,Development time,25,6,14,3,23,FALSE,0.12,0.76,0.375,0.375,0.375,0.18181818181818182
273,phylum>class>stage,stage+class+phylum,Egg incubation period,9,3,3,3,10,FALSE,0.3333333333333333,0.6666666666666666,0.23076923076923078,0.23076923076923078,0.23076923076923078,0.27272727272727276
273,phylum>class>stage,stage+class+phylum,Egg-hatching success,13,2,5,3,10;11;20,TRUE,0.23076923076923078,0.8461538461538461,0.23076923076923078,0.38644688644688646,0.5,0.28897511983565394
273,phylum>class>stage,stage+class+phylum,Fecundity,72,4,11,16,18;27,TRUE,0.2222222222222222,0.9444444444444444,0.25396825396825395,0.30089717046238784,0.34782608695652173,0.25564350630313687
273,phylum>class>stage,stage+class+phylum,Linear morphometrics,15,0,7,5,27,FALSE,0.3333333333333333,1,0.07936507936507936,0.07936507936507936,0.07936507936507936,0.1282051282051282
273,phylum>class>stage,stage+class+phylum,Longevity / lifespan,34,3,12,7,7,FALSE,0.20588235294117646,0.9117647058823529,0.22580645161290322,0.22580645161290322,0.22580645161290322,0.2153846153846154
273,phylum>class>stage,stage+class+phylum,Pre-oviposition interval,21,2,8,6,12;18,TRUE,0.2857142857142857,0.9047619047619048,0.11320754716981132,0.12182116488925349,0.13043478260869565,0.17081236520488857
273,phylum>class>stage,stage+class+phylum,Survival proportion,24,1,9,7,12,FALSE,0.2916666666666667,0.9583333333333334,0.1320754716981132,0.1320754716981132,0.1320754716981132,0.18181818181818182
274,phylum>stage>class,stage+class+phylum,Body mass / weight,41,2,15,9,23,FALSE,0.21951219512195122,0.9512195121951219,0.09,0.09,0.09,0.1276595744680851
274,phylum>stage>class,stage+class+phylum,Development rate,13,2,8,3,12,FALSE,0.23076923076923078,0.8461538461538461,0.125,0.125,0.125,0.16216216216216217
274,phylum>stage>class,stage+class+phylum,Development time,25,6,13,4,20,FALSE,0.16,0.76,0.3076923076923077,0.3076923076923077,0.3076923076923077,0.2105263157894737
274,phylum>stage>class,stage+class+phylum,Egg incubation period,9,1,3,5,8,FALSE,0.5555555555555556,0.8888888888888888,0.2777777777777778,0.2777777777777778,0.2777777777777778,0.3703703703703704
274,phylum>stage>class,stage+class+phylum,Egg-hatching success,13,1,5,6,8,FALSE,0.46153846153846156,0.9230769230769231,0.3333333333333333,0.3333333333333333,0.3333333333333333,0.3870967741935484
274,phylum>stage>class,stage+class+phylum,Fecundity,72,4,11,29,23,FALSE,0.4027777777777778,0.9444444444444444,0.29,0.29,0.29,0.33720930232558144
274,phylum>stage>class,stage+class+phylum,Linear morphometrics,15,0,6,7,23,FALSE,0.4666666666666667,1,0.07,0.07,0.07,0.12173913043478263
274,phylum>stage>class,stage+class+phylum,Longevity / lifespan,34,3,12,9,23,FALSE,0.2647058823529412,0.9117647058823529,0.09,0.09,0.09,0.13432835820895522
274,phylum>stage>class,stage+class+phylum,Pre-oviposition interval,21,0,10,7,16,FALSE,0.3333333333333333,1,0.11864406779661017,0.11864406779661017,0.11864406779661017,0.175
274,phylum>stage>class,stage+class+phylum,Survival proportion,24,0,12,6,16,FALSE,0.25,1,0.1016949152542373,0.1016949152542373,0.1016949152542373,0.14457831325301204
275,stage>class>phylum,stage+class+phylum,Body mass / weight,41,3,11,9,13,FALSE,0.21951219512195122,0.926829268292683,0.140625,0.140625,0.140625,0.17142857142857143
275,stage>class>phylum,stage+class+phylum,Development rate,13,1,8,3,7,FALSE,0.23076923076923078,0.9230769230769231,0.10344827586206896,0.10344827586206896,0.10344827586206896,0.14285714285714288
275,stage>class>phylum,stage+class+phylum,Development time,25,6,12,5,17,FALSE,0.2,0.76,0.35714285714285715,0.35714285714285715,0.35714285714285715,0.25641025641025644
275,stage>class>phylum,stage+class+phylum,Egg incubation period,9,3,3,4,15,FALSE,0.4444444444444444,0.6666666666666666,0.2857142857142857,0.2857142857142857,0.2857142857142857,0.34782608695652173
275,stage>class>phylum,stage+class+phylum,Egg-hatching success,13,2,5,4,15,FALSE,0.3076923076923077,0.8461538461538461,0.2857142857142857,0.2857142857142857,0.2857142857142857,0.29629629629629634
275,stage>class>phylum,stage+class+phylum,Fecundity,72,7,10,29,24,FALSE,0.4027777777777778,0.9027777777777778,0.3717948717948718,0.3717948717948718,0.3717948717948718,0.3866666666666667
275,stage>class>phylum,stage+class+phylum,Linear morphometrics,15,0,5,5,24,FALSE,0.3333333333333333,1,0.0641025641025641,0.0641025641025641,0.0641025641025641,0.1075268817204301
275,stage>class>phylum,stage+class+phylum,Longevity / lifespan,34,4,13,7,24,FALSE,0.20588235294117646,0.8823529411764706,0.08974358974358974,0.08974358974358974,0.08974358974358974,0.125
275,stage>class>phylum,stage+class+phylum,Pre-oviposition interval,21,0,9,6,13;24,TRUE,0.2857142857142857,1,0.07692307692307693,0.08533653846153846,0.09375,0.13142063859324388
275,stage>class>phylum,stage+class+phylum,Survival proportion,24,2,11,7,13,FALSE,0.2916666666666667,0.9166666666666666,0.109375,0.109375,0.109375,0.15909090909090912
276,stage>phylum>class,stage+class+phylum,Body mass / weight,41,3,12,10,27,FALSE,0.24390243902439024,0.926829268292683,0.11494252873563218,0.11494252873563218,0.11494252873563218,0.15625
276,stage>phylum>class,stage+class+phylum,Development rate,13,1,8,3,12,FALSE,0.23076923076923078,0.9230769230769231,0.125,0.125,0.125,0.16216216216216217
276,stage>phylum>class,stage+class+phylum,Development time,25,6,14,3,17;19,TRUE,0.12,0.76,0.3333333333333333,0.38095238095238093,0.42857142857142855,0.18250950570342203
276,stage>phylum>class,stage+class+phylum,Egg incubation period,9,2,3,4,25,FALSE,0.4444444444444444,0.7777777777777778,0.26666666666666666,0.26666666666666666,0.26666666666666666,0.33333333333333337
276,stage>phylum>class,stage+class+phylum,Egg-hatching success,13,2,6,4,25,FALSE,0.3076923076923077,0.8461538461538461,0.26666666666666666,0.26666666666666666,0.26666666666666666,0.28571428571428575
276,stage>phylum>class,stage+class+phylum,Fecundity,72,6,12,28,27,FALSE,0.3888888888888889,0.9166666666666666,0.3218390804597701,0.3218390804597701,0.3218390804597701,0.3522012578616352
276,stage>phylum>class,stage+class+phylum,Linear morphometrics,15,0,6,5,27,FALSE,0.3333333333333333,1,0.05747126436781609,0.05747126436781609,0.05747126436781609,0.09803921568627451
276,stage>phylum>class,stage+class+phylum,Longevity / lifespan,34,4,12,7,27,FALSE,0.20588235294117646,0.8823529411764706,0.08045977011494253,0.08045977011494253,0.08045977011494253,0.11570247933884298
276,stage>phylum>class,stage+class+phylum,Pre-oviposition interval,21,1,9,7,14,FALSE,0.3333333333333333,0.9523809523809523,0.10294117647058823,0.10294117647058823,0.10294117647058823,0.15730337078651682
276,stage>phylum>class,stage+class+phylum,Survival proportion,24,3,8,7,14,FALSE,0.2916666666666667,0.875,0.10294117647058823,0.10294117647058823,0.10294117647058823,0.15217391304347824
277,class>phylum>unit,unit+class+phylum,Body mass / weight,41,6,5,11,3,FALSE,0.2682926829268293,0.8536585365853658,0.55,0.55,0.55,0.36065573770491804
277,class>phylum>unit,unit+class+phylum,Development rate,13,1,4,5,14,FALSE,0.38461538461538464,0.9230769230769231,0.8333333333333334,0.8333333333333334,0.8333333333333334,0.5263157894736842
277,class>phylum>unit,unit+class+phylum,Development time,25,0,6,10,20,FALSE,0.4,1,0.18518518518518517,0.18518518518518517,0.18518518518518517,0.2531645569620253
277,class>phylum>unit,unit+class+phylum,Egg incubation period,9,2,3,4,16,FALSE,0.4444444444444444,0.7777777777777778,0.26666666666666666,0.26666666666666666,0.26666666666666666,0.33333333333333337
277,class>phylum>unit,unit+class+phylum,Egg-hatching success,13,5,5,3,25,FALSE,0.23076923076923078,0.6153846153846154,0.42857142857142855,0.42857142857142855,0.42857142857142855,0.3
277,class>phylum>unit,unit+class+phylum,Fecundity,72,25,9,13,17,FALSE,0.18055555555555555,0.6527777777777778,0.8666666666666667,0.8666666666666667,0.8666666666666667,0.29885057471264365
277,class>phylum>unit,unit+class+phylum,Linear morphometrics,15,0,2,10,2,FALSE,0.6666666666666666,1,1,1,1,0.8
277,class>phylum>unit,unit+class+phylum,Longevity / lifespan,34,1,7,13,20,FALSE,0.38235294117647056,0.9705882352941176,0.24074074074074073,0.24074074074074073,0.24074074074074073,0.29545454545454547
277,class>phylum>unit,unit+class+phylum,Pre-oviposition interval,21,0,8,6,20,FALSE,0.2857142857142857,1,0.1111111111111111,0.1111111111111111,0.1111111111111111,0.16
277,class>phylum>unit,unit+class+phylum,Survival proportion,24,7,4,12,24,FALSE,0.5,0.7083333333333334,0.36363636363636365,0.36363636363636365,0.36363636363636365,0.4210526315789474
278,class>unit>phylum,unit+class+phylum,Body mass / weight,41,6,6,10,15,FALSE,0.24390243902439024,0.8536585365853658,0.7692307692307693,0.7692307692307693,0.7692307692307693,0.37037037037037035
278,class>unit>phylum,unit+class+phylum,Development rate,13,1,4,5,19,FALSE,0.38461538461538464,0.9230769230769231,0.8333333333333334,0.8333333333333334,0.8333333333333334,0.5263157894736842
278,class>unit>phylum,unit+class+phylum,Development time,25,0,7,8,26,FALSE,0.32,1,0.1951219512195122,0.1951219512195122,0.1951219512195122,0.24242424242424243
278,class>unit>phylum,unit+class+phylum,Egg incubation period,9,1,5,3,10,FALSE,0.3333333333333333,0.8888888888888888,0.06976744186046512,0.06976744186046512,0.06976744186046512,0.11538461538461539
278,class>unit>phylum,unit+class+phylum,Egg-hatching success,13,3,5,4,20,FALSE,0.3076923076923077,0.7692307692307693,0.125,0.125,0.125,0.17777777777777778
278,class>unit>phylum,unit+class+phylum,Fecundity,72,31,11,9,8,FALSE,0.125,0.5694444444444444,0.75,0.75,0.75,0.21428571428571427
278,class>unit>phylum,unit+class+phylum,Linear morphometrics,15,0,2,10,2,FALSE,0.6666666666666666,1,1,1,1,0.8
278,class>unit>phylum,unit+class+phylum,Longevity / lifespan,34,1,6,11,26,FALSE,0.3235294117647059,0.9705882352941176,0.2682926829268293,0.2682926829268293,0.2682926829268293,0.2933333333333334
278,class>unit>phylum,unit+class+phylum,Pre-oviposition interval,21,0,9,5,10;26,TRUE,0.23809523809523808,1,0.11627906976744186,0.11911514463981848,0.12195121951219512,0.15879017013232513
278,class>unit>phylum,unit+class+phylum,Survival proportion,24,4,4,12,20,FALSE,0.5,0.8333333333333334,0.375,0.375,0.375,0.42857142857142855
279,phylum>class>unit,unit+class+phylum,Body mass / weight,41,6,5,12,12,FALSE,0.2926829268292683,0.8536585365853658,0.75,0.75,0.75,0.4210526315789473
279,phylum>class>unit,unit+class+phylum,Development rate,13,1,4,5,18,FALSE,0.38461538461538464,0.9230769230769231,0.8333333333333334,0.8333333333333334,0.8333333333333334,0.5263157894736842
279,phylum>class>unit,unit+class+phylum,Development time,25,0,9,8,27,FALSE,0.32,1,0.25,0.25,0.25,0.2807017543859649
279,phylum>class>unit,unit+class+phylum,Egg incubation period,9,0,4,6,19,FALSE,0.6666666666666666,1,0.13953488372093023,0.13953488372093023,0.13953488372093023,0.23076923076923078
279,phylum>class>unit,unit+class+phylum,Egg-hatching success,13,1,5,4,8,FALSE,0.3076923076923077,0.9230769230769231,0.4,0.4,0.4,0.34782608695652173
279,phylum>class>unit,unit+class+phylum,Fecundity,72,24,11,15,15,FALSE,0.20833333333333334,0.6666666666666666,0.8333333333333334,0.8333333333333334,0.8333333333333334,0.33333333333333337
279,phylum>class>unit,unit+class+phylum,Linear morphometrics,15,0,2,10,1,FALSE,0.6666666666666666,1,1,1,1,0.8
279,phylum>class>unit,unit+class+phylum,Longevity / lifespan,34,0,9,8,27,FALSE,0.23529411764705882,1,0.25,0.25,0.25,0.24242424242424243
279,phylum>class>unit,unit+class+phylum,Pre-oviposition interval,21,0,9,7,19,FALSE,0.3333333333333333,1,0.16279069767441862,0.16279069767441862,0.16279069767441862,0.21875
279,phylum>class>unit,unit+class+phylum,Survival proportion,24,7,5,6,6,FALSE,0.25,0.7083333333333334,0.6,0.6,0.6,0.35294117647058826
280,phylum>unit>class,unit+class+phylum,Body mass / weight,41,4,8,8,14,FALSE,0.1951219512195122,0.9024390243902439,0.7272727272727273,0.7272727272727273,0.7272727272727273,0.3076923076923077
280,phylum>unit>class,unit+class+phylum,Development rate,13,1,4,5,18,FALSE,0.38461538461538464,0.9230769230769231,0.8333333333333334,0.8333333333333334,0.8333333333333334,0.5263157894736842
280,phylum>unit>class,unit+class+phylum,Development time,25,0,7,10,27,FALSE,0.4,1,0.23809523809523808,0.23809523809523808,0.23809523809523808,0.2985074626865672
280,phylum>unit>class,unit+class+phylum,Egg incubation period,9,0,5,3,33,FALSE,0.3333333333333333,1,0.06976744186046512,0.06976744186046512,0.06976744186046512,0.11538461538461539
280,phylum>unit>class,unit+class+phylum,Egg-hatching success,13,2,4,5,5,FALSE,0.38461538461538464,0.8461538461538461,0.1724137931034483,0.1724137931034483,0.1724137931034483,0.23809523809523808
280,phylum>unit>class,unit+class+phylum,Fecundity,72,27,12,8,20,FALSE,0.1111111111111111,0.625,0.8,0.8,0.8,0.19512195121951217
280,phylum>unit>class,unit+class+phylum,Linear morphometrics,15,0,2,10,8,FALSE,0.6666666666666666,1,1,1,1,0.8
280,phylum>unit>class,unit+class+phylum,Longevity / lifespan,34,0,8,9,27;33,TRUE,0.2647058823529412,1,0.20930232558139536,0.21179401993355482,0.21428571428571427,0.23531221162719165
280,phylum>unit>class,unit+class+phylum,Pre-oviposition interval,21,0,9,5,33,FALSE,0.23809523809523808,1,0.11627906976744186,0.11627906976744186,0.11627906976744186,0.15625
280,phylum>unit>class,unit+class+phylum,Survival proportion,24,6,5,10,5,FALSE,0.4166666666666667,0.75,0.3448275862068966,0.3448275862068966,0.3448275862068966,0.37735849056603776
281,unit>class>phylum,unit+class+phylum,Body mass / weight,41,7,5,11,8;26,TRUE,0.2682926829268293,0.8292682926829268,0.7333333333333333,0.7897435897435897,0.8461538461538461,0.400520156046814
281,unit>class>phylum,unit+class+phylum,Development rate,13,1,4,5,15,FALSE,0.38461538461538464,0.9230769230769231,0.8333333333333334,0.8333333333333334,0.8333333333333334,0.5263157894736842
281,unit>class>phylum,unit+class+phylum,Development time,25,0,7,10,28,FALSE,0.4,1,0.2222222222222222,0.2222222222222222,0.2222222222222222,0.2857142857142857
281,unit>class>phylum,unit+class+phylum,Egg incubation period,9,0,4,3,19;24,TRUE,0.3333333333333333,1,0.21428571428571427,0.23214285714285715,0.25,0.2736842105263158
281,unit>class>phylum,unit+class+phylum,Egg-hatching success,13,2,5,4,17,FALSE,0.3076923076923077,0.8461538461538461,0.5714285714285714,0.5714285714285714,0.5714285714285714,0.4
281,unit>class>phylum,unit+class+phylum,Fecundity,72,13,12,14,10,FALSE,0.19444444444444445,0.8194444444444444,0.8235294117647058,0.8235294117647058,0.8235294117647058,0.3146067415730337
281,unit>class>phylum,unit+class+phylum,Linear morphometrics,15,0,2,10,6,FALSE,0.6666666666666666,1,1,1,1,0.8
281,unit>class>phylum,unit+class+phylum,Longevity / lifespan,34,0,7,11,28,FALSE,0.3235294117647059,1,0.24444444444444444,0.24444444444444444,0.24444444444444444,0.27848101265822783
281,unit>class>phylum,unit+class+phylum,Pre-oviposition interval,21,1,6,6,25;28,TRUE,0.2857142857142857,0.9523809523809523,0.11764705882352941,0.12549019607843137,0.13333333333333333,0.17438692098092642
281,unit>class>phylum,unit+class+phylum,Survival proportion,24,4,5,14,21,FALSE,0.5833333333333334,0.8333333333333334,0.42424242424242425,0.42424242424242425,0.42424242424242425,0.4912280701754386
282,unit>phylum>class,unit+class+phylum,Body mass / weight,41,4,7,9,30,FALSE,0.21951219512195122,0.9024390243902439,0.6923076923076923,0.6923076923076923,0.6923076923076923,0.3333333333333333
282,unit>phylum>class,unit+class+phylum,Development rate,13,1,4,5,13,FALSE,0.38461538461538464,0.9230769230769231,0.8333333333333334,0.8333333333333334,0.8333333333333334,0.5263157894736842
282,unit>phylum>class,unit+class+phylum,Development time,25,0,7,6,17;19,TRUE,0.24,1,0.17647058823529413,0.2186700767263427,0.2608695652173913,0.22883907661425226
282,unit>phylum>class,unit+class+phylum,Egg incubation period,9,0,4,5,29,FALSE,0.5555555555555556,1,0.125,0.125,0.125,0.20408163265306123
282,unit>phylum>class,unit+class+phylum,Egg-hatching success,13,4,4,4,24,FALSE,0.3076923076923077,0.6923076923076923,0.16666666666666666,0.16666666666666666,0.16666666666666666,0.21621621621621623
282,unit>phylum>class,unit+class+phylum,Fecundity,72,14,12,14,7,FALSE,0.19444444444444445,0.8055555555555556,0.875,0.875,0.875,0.3181818181818182
282,unit>phylum>class,unit+class+phylum,Linear morphometrics,15,0,2,10,10,FALSE,0.6666666666666666,1,1,1,1,0.8
282,unit>phylum>class,unit+class+phylum,Longevity / lifespan,34,1,7,7,19;21,TRUE,0.20588235294117646,0.9705882352941176,0.30434782608695654,0.4214046822742475,0.5384615384615384,0.2766190998902305
282,unit>phylum>class,unit+class+phylum,Pre-oviposition interval,21,1,7,7,29,FALSE,0.3333333333333333,0.9523809523809523,0.175,0.175,0.175,0.22950819672131145
282,unit>phylum>class,unit+class+phylum,Survival proportion,24,3,6,6,22,FALSE,0.25,0.875,0.5,0.5,0.5,0.3333333333333333
283,class>family>unit,unit+family+class,Body mass / weight,41,8,7,11,26,FALSE,0.2682926829268293,0.8048780487804879,0.7333333333333333,0.7333333333333333,0.7333333333333333,0.3928571428571429
283,class>family>unit,unit+family+class,Development rate,13,6,3,3,10;11,TRUE,0.23076923076923078,0.5384615384615384,0.5,0.55,0.6,0.3251231527093596
283,class>family>unit,unit+family+class,Development time,25,4,11,5,19,FALSE,0.2,0.84,0.10204081632653061,0.10204081632653061,0.10204081632653061,0.13513513513513514
283,class>family>unit,unit+family+class,Egg incubation period,9,1,2,5,19,FALSE,0.5555555555555556,0.8888888888888888,0.10204081632653061,0.10204081632653061,0.10204081632653061,0.1724137931034483
283,class>family>unit,unit+family+class,Egg-hatching success,13,6,3,3,12,FALSE,0.23076923076923078,0.5384615384615384,0.12,0.12,0.12,0.15789473684210525
283,class>family>unit,unit+family+class,Fecundity,72,34,11,10,7,FALSE,0.1388888888888889,0.5277777777777778,0.7142857142857143,0.7142857142857143,0.7142857142857143,0.23255813953488372
283,class>family>unit,unit+family+class,Linear morphometrics,15,3,4,5,8,FALSE,0.3333333333333333,0.8,0.625,0.625,0.625,0.43478260869565216
283,class>family>unit,unit+family+class,Longevity / lifespan,34,0,14,6,15;30,TRUE,0.17647058823529413,1,0.25,0.3557692307692308,0.46153846153846156,0.23591923485653565
283,class>family>unit,unit+family+class,Pre-oviposition interval,21,1,8,8,19,FALSE,0.38095238095238093,0.9523809523809523,0.16326530612244897,0.16326530612244897,0.16326530612244897,0.22857142857142856
283,class>family>unit,unit+family+class,Survival proportion,24,6,7,7,12,FALSE,0.2916666666666667,0.75,0.28,0.28,0.28,0.2857142857142857
284,class>unit>family,unit+family+class,Body mass / weight,41,4,6,13,19,FALSE,0.3170731707317073,0.9024390243902439,0.8666666666666667,0.8666666666666667,0.8666666666666667,0.4642857142857143
284,class>unit>family,unit+family+class,Development rate,13,6,3,3,4;6,TRUE,0.23076923076923078,0.5384615384615384,0.3,0.44999999999999996,0.6,0.30508474576271183
284,class>unit>family,unit+family+class,Development time,25,5,10,4,10,FALSE,0.16,0.8,0.10526315789473684,0.10526315789473684,0.10526315789473684,0.12698412698412698
284,class>unit>family,unit+family+class,Egg incubation period,9,0,4,3,12,FALSE,0.3333333333333333,1,0.16666666666666666,0.16666666666666666,0.16666666666666666,0.2222222222222222
284,class>unit>family,unit+family+class,Egg-hatching success,13,5,5,3,13,FALSE,0.23076923076923078,0.6153846153846154,0.1111111111111111,0.1111111111111111,0.1111111111111111,0.15
284,class>unit>family,unit+family+class,Fecundity,72,31,13,10,0,FALSE,0.1388888888888889,0.5694444444444444,0.7142857142857143,0.7142857142857143,0.7142857142857143,0.23255813953488372
284,class>unit>family,unit+family+class,Linear morphometrics,15,3,4,5,2,FALSE,0.3333333333333333,0.8,0.625,0.625,0.625,0.43478260869565216
284,class>unit>family,unit+family+class,Longevity / lifespan,34,1,13,6,28,FALSE,0.17647058823529413,0.9705882352941176,0.2727272727272727,0.2727272727272727,0.2727272727272727,0.21428571428571427
284,class>unit>family,unit+family+class,Pre-oviposition interval,21,0,10,5,10,FALSE,0.23809523809523808,1,0.13157894736842105,0.13157894736842105,0.13157894736842105,0.1694915254237288
284,class>unit>family,unit+family+class,Survival proportion,24,6,5,12,13,FALSE,0.5,0.75,0.4444444444444444,0.4444444444444444,0.4444444444444444,0.47058823529411764
285,family>class>unit,unit+family+class,Body mass / weight,41,2,7,11,16,FALSE,0.2682926829268293,0.9512195121951219,0.7857142857142857,0.7857142857142857,0.7857142857142857,0.39999999999999997
285,family>class>unit,unit+family+class,Development rate,13,6,3,3,9;10,TRUE,0.23076923076923078,0.5384615384615384,0.16666666666666666,0.3833333333333333,0.6,0.2881002087682672
285,family>class>unit,unit+family+class,Development time,25,4,10,5,19,FALSE,0.2,0.84,0.11904761904761904,0.11904761904761904,0.11904761904761904,0.1492537313432836
285,family>class>unit,unit+family+class,Egg incubation period,9,2,3,3,13;19,TRUE,0.3333333333333333,0.7777777777777778,0.07142857142857142,0.1607142857142857,0.25,0.21686746987951805
285,family>class>unit,unit+family+class,Egg-hatching success,13,1,4,8,8,FALSE,0.6153846153846154,0.9230769230769231,0.24242424242424243,0.24242424242424243,0.24242424242424243,0.34782608695652173
285,family>class>unit,unit+family+class,Fecundity,72,23,13,10,3,FALSE,0.1388888888888889,0.6805555555555556,0.7142857142857143,0.7142857142857143,0.7142857142857143,0.23255813953488372
285,family>class>unit,unit+family+class,Linear morphometrics,15,6,3,5,6,FALSE,0.3333333333333333,0.6,0.625,0.625,0.625,0.43478260869565216
285,family>class>unit,unit+family+class,Longevity / lifespan,34,2,12,6,12,FALSE,0.17647058823529413,0.9411764705882353,0.46153846153846156,0.46153846153846156,0.46153846153846156,0.25531914893617025
285,family>class>unit,unit+family+class,Pre-oviposition interval,21,0,12,6,19,FALSE,0.2857142857142857,1,0.14285714285714285,0.14285714285714285,0.14285714285714285,0.19047619047619047
285,family>class>unit,unit+family+class,Survival proportion,24,3,7,9,8,FALSE,0.375,0.875,0.2727272727272727,0.2727272727272727,0.2727272727272727,0.3157894736842105
286,family>unit>class,unit+family+class,Body mass / weight,41,8,7,10,19,FALSE,0.24390243902439024,0.8048780487804879,0.8333333333333334,0.8333333333333334,0.8333333333333334,0.37735849056603776
286,family>unit>class,unit+family+class,Development rate,13,6,3,3,9;11,TRUE,0.23076923076923078,0.5384615384615384,0.3,0.44999999999999996,0.6,0.30508474576271183
286,family>unit>class,unit+family+class,Development time,25,4,8,7,16,FALSE,0.28,0.84,0.14,0.14,0.14,0.18666666666666668
286,family>unit>class,unit+family+class,Egg incubation period,9,0,4,3,12;16,TRUE,0.3333333333333333,1,0.06,0.155,0.25,0.21160409556313994
286,family>unit>class,unit+family+class,Egg-hatching success,13,1,3,9,8,FALSE,0.6923076923076923,0.9230769230769231,0.21951219512195122,0.21951219512195122,0.21951219512195122,0.3333333333333333
286,family>unit>class,unit+family+class,Fecundity,72,24,15,10,7,FALSE,0.1388888888888889,0.6666666666666666,0.7142857142857143,0.7142857142857143,0.7142857142857143,0.23255813953488372
286,family>unit>class,unit+family+class,Linear morphometrics,15,3,4,5,10,FALSE,0.3333333333333333,0.8,0.625,0.625,0.625,0.43478260869565216
286,family>unit>class,unit+family+class,Longevity / lifespan,34,2,11,10,16,FALSE,0.29411764705882354,0.9411764705882353,0.2,0.2,0.2,0.2380952380952381
286,family>unit>class,unit+family+class,Pre-oviposition interval,21,0,12,5,16,FALSE,0.23809523809523808,1,0.1,0.1,0.1,0.1408450704225352
286,family>unit>class,unit+family+class,Survival proportion,24,4,7,14,8,FALSE,0.5833333333333334,0.8333333333333334,0.34146341463414637,0.34146341463414637,0.34146341463414637,0.43076923076923085
287,unit>class>family,unit+family+class,Body mass / weight,41,8,6,12,24,FALSE,0.2926829268292683,0.8048780487804879,0.8571428571428571,0.8571428571428571,0.8571428571428571,0.4363636363636364
287,unit>class>family,unit+family+class,Development rate,13,6,3,3,10;11,TRUE,0.23076923076923078,0.5384615384615384,0.6,0.6,0.6,0.33333333333333337
287,unit>class>family,unit+family+class,Development time,25,7,8,4,21,FALSE,0.16,0.72,0.4444444444444444,0.4444444444444444,0.4444444444444444,0.23529411764705882
287,unit>class>family,unit+family+class,Egg incubation period,9,0,4,3,17,FALSE,0.3333333333333333,1,0.1875,0.1875,0.1875,0.24000000000000005
287,unit>class>family,unit+family+class,Egg-hatching success,13,1,5,4,12,FALSE,0.3076923076923077,0.9230769230769231,0.2222222222222222,0.2222222222222222,0.2222222222222222,0.2580645161290323
287,unit>class>family,unit+family+class,Fecundity,72,20,10,10,6,FALSE,0.1388888888888889,0.7222222222222222,0.7142857142857143,0.7142857142857143,0.7142857142857143,0.23255813953488372
287,unit>class>family,unit+family+class,Linear morphometrics,15,7,2,5,8,FALSE,0.3333333333333333,0.5333333333333333,0.625,0.625,0.625,0.43478260869565216
287,unit>class>family,unit+family+class,Longevity / lifespan,34,7,9,7,28,FALSE,0.20588235294117646,0.7941176470588235,0.3181818181818182,0.3181818181818182,0.3181818181818182,0.25
287,unit>class>family,unit+family+class,Pre-oviposition interval,21,2,8,4,28,FALSE,0.19047619047619047,0.9047619047619048,0.18181818181818182,0.18181818181818182,0.18181818181818182,0.18604651162790697
287,unit>class>family,unit+family+class,Survival proportion,24,3,6,11,14,FALSE,0.4583333333333333,0.875,0.5789473684210527,0.5789473684210527,0.5789473684210527,0.5116279069767442
288,unit>family>class,unit+family+class,Body mass / weight,41,4,6,12,21,FALSE,0.2926829268292683,0.9024390243902439,0.7058823529411765,0.7058823529411765,0.7058823529411765,0.41379310344827586
288,unit>family>class,unit+family+class,Development rate,13,6,3,3,7;8,TRUE,0.23076923076923078,0.5384615384615384,0.075,0.3375,0.6,0.2741116751269036
288,unit>family>class,unit+family+class,Development time,25,4,9,6,10,FALSE,0.24,0.84,0.12,0.12,0.12,0.16
288,unit>family>class,unit+family+class,Egg incubation period,9,0,3,5,10,FALSE,0.5555555555555556,1,0.1,0.1,0.1,0.16949152542372883
288,unit>family>class,unit+family+class,Egg-hatching success,13,0,3,9,8,FALSE,0.6923076923076923,1,0.225,0.225,0.225,0.339622641509434
288,unit>family>class,unit+family+class,Fecundity,72,17,13,10,0,FALSE,0.1388888888888889,0.7638888888888888,0.7142857142857143,0.7142857142857143,0.7142857142857143,0.23255813953488372
288,unit>family>class,unit+family+class,Linear morphometrics,15,4,3,5,12,FALSE,0.3333333333333333,0.7333333333333333,0.625,0.625,0.625,0.43478260869565216
288,unit>family>class,unit+family+class,Longevity / lifespan,34,1,10,8,10,FALSE,0.23529411764705882,0.9705882352941176,0.16,0.16,0.16,0.19047619047619052
288,unit>family>class,unit+family+class,Pre-oviposition interval,21,0,8,8,10,FALSE,0.38095238095238093,1,0.16,0.16,0.16,0.22535211267605634
288,unit>family>class,unit+family+class,Survival proportion,24,3,5,13,8,FALSE,0.5416666666666666,0.875,0.325,0.325,0.325,0.40624999999999994
289,family>phylum>unit,unit+family+phylum,Body mass / weight,41,3,4,28,7,FALSE,0.6829268292682927,0.926829268292683,0.6511627906976745,0.6511627906976745,0.6511627906976745,0.6666666666666667
289,family>phylum>unit,unit+family+phylum,Development rate,13,6,3,3,9;11,TRUE,0.23076923076923078,0.5384615384615384,0.06976744186046512,0.33488372093023255,0.6,0.2732447817836812
289,family>phylum>unit,unit+family+phylum,Development time,25,4,10,4,19,FALSE,0.16,0.84,0.5714285714285714,0.5714285714285714,0.5714285714285714,0.25
289,family>phylum>unit,unit+family+phylum,Egg incubation period,9,1,3,6,17,FALSE,0.6666666666666666,0.8888888888888888,0.12,0.12,0.12,0.20338983050847456
289,family>phylum>unit,unit+family+phylum,Egg-hatching success,13,4,2,8,11,FALSE,0.6153846153846154,0.6923076923076923,0.18604651162790697,0.18604651162790697,0.18604651162790697,0.2857142857142857
289,family>phylum>unit,unit+family+phylum,Fecundity,72,24,15,10,6,FALSE,0.1388888888888889,0.6666666666666666,0.7142857142857143,0.7142857142857143,0.7142857142857143,0.23255813953488372
289,family>phylum>unit,unit+family+phylum,Linear morphometrics,15,6,3,5,8,FALSE,0.3333333333333333,0.6,0.625,0.625,0.625,0.43478260869565216
289,family>phylum>unit,unit+family+phylum,Longevity / lifespan,34,2,11,8,17,FALSE,0.23529411764705882,0.9411764705882353,0.16,0.16,0.16,0.19047619047619052
289,family>phylum>unit,unit+family+phylum,Pre-oviposition interval,21,3,9,7,17,FALSE,0.3333333333333333,0.8571428571428571,0.14,0.14,0.14,0.1971830985915493
289,family>phylum>unit,unit+family+phylum,Survival proportion,24,5,6,14,11,FALSE,0.5833333333333334,0.7916666666666666,0.32558139534883723,0.32558139534883723,0.32558139534883723,0.41791044776119407
290,family>unit>phylum,unit+family+phylum,Body mass / weight,41,6,8,11,22,FALSE,0.2682926829268293,0.8536585365853658,0.8461538461538461,0.8461538461538461,0.8461538461538461,0.4074074074074075
290,family>unit>phylum,unit+family+phylum,Development rate,13,5,4,3,9;16,TRUE,0.23076923076923078,0.6153846153846154,0.25,0.425,0.6,0.2991202346041056
290,family>unit>phylum,unit+family+phylum,Development time,25,3,10,5,30,FALSE,0.2,0.88,0.1388888888888889,0.1388888888888889,0.1388888888888889,0.1639344262295082
290,family>unit>phylum,unit+family+phylum,Egg incubation period,9,0,4,3,13;14,TRUE,0.3333333333333333,1,0.05454545454545454,0.1939393939393939,0.3333333333333333,0.24521072796934862
290,family>unit>phylum,unit+family+phylum,Egg-hatching success,13,1,6,3,17;18,TRUE,0.23076923076923078,0.9230769230769231,0.1111111111111111,0.2222222222222222,0.3333333333333333,0.22641509433962265
290,family>unit>phylum,unit+family+phylum,Fecundity,72,26,16,10,4,FALSE,0.1388888888888889,0.6388888888888888,0.7142857142857143,0.7142857142857143,0.7142857142857143,0.23255813953488372
290,family>unit>phylum,unit+family+phylum,Linear morphometrics,15,1,5,5,8,FALSE,0.3333333333333333,0.9333333333333333,0.625,0.625,0.625,0.43478260869565216
290,family>unit>phylum,unit+family+phylum,Longevity / lifespan,34,1,10,12,30,FALSE,0.35294117647058826,0.9705882352941176,0.3333333333333333,0.3333333333333333,0.3333333333333333,0.34285714285714286
290,family>unit>phylum,unit+family+phylum,Pre-oviposition interval,21,0,9,8,14,FALSE,0.38095238095238093,1,0.14545454545454545,0.14545454545454545,0.14545454545454545,0.21052631578947364
290,family>unit>phylum,unit+family+phylum,Survival proportion,24,1,11,10,17,FALSE,0.4166666666666667,0.9583333333333334,0.37037037037037035,0.37037037037037035,0.37037037037037035,0.39215686274509803
291,phylum>family>unit,unit+family+phylum,Body mass / weight,41,13,5,15,23,FALSE,0.36585365853658536,0.6829268292682927,0.7894736842105263,0.7894736842105263,0.7894736842105263,0.4999999999999999
291,phylum>family>unit,unit+family+phylum,Development rate,13,5,4,3,9;15,TRUE,0.23076923076923078,0.6153846153846154,0.3333333333333333,0.4666666666666667,0.6,0.3088235294117647
291,phylum>family>unit,unit+family+phylum,Development time,25,3,10,5,29,FALSE,0.2,0.88,0.2631578947368421,0.2631578947368421,0.2631578947368421,0.22727272727272727
291,phylum>family>unit,unit+family+phylum,Egg incubation period,9,0,5,3,11;19,TRUE,0.3333333333333333,1,0.075,0.1528846153846154,0.23076923076923078,0.20962425840474622
291,phylum>family>unit,unit+family+phylum,Egg-hatching success,13,2,5,4,14,FALSE,0.3076923076923077,0.8461538461538461,0.16666666666666666,0.16666666666666666,0.16666666666666666,0.21621621621621623
291,phylum>family>unit,unit+family+phylum,Fecundity,72,22,14,10,5,FALSE,0.1388888888888889,0.6944444444444444,0.7142857142857143,0.7142857142857143,0.7142857142857143,0.23255813953488372
291,phylum>family>unit,unit+family+phylum,Linear morphometrics,15,9,2,5,7,FALSE,0.3333333333333333,0.4,0.625,0.625,0.625,0.43478260869565216
291,phylum>family>unit,unit+family+phylum,Longevity / lifespan,34,1,12,8,19,FALSE,0.23529411764705882,0.9705882352941176,0.2,0.2,0.2,0.2162162162162162
291,phylum>family>unit,unit+family+phylum,Pre-oviposition interval,21,0,10,5,28,FALSE,0.23809523809523808,1,0.3333333333333333,0.3333333333333333,0.3333333333333333,0.2777777777777778
291,phylum>family>unit,unit+family+phylum,Survival proportion,24,5,6,9,14,FALSE,0.375,0.7916666666666666,0.375,0.375,0.375,0.375
292,phylum>unit>family,unit+family+phylum,Body mass / weight,41,9,6,12,23,FALSE,0.2926829268292683,0.7804878048780488,0.75,0.75,0.75,0.4210526315789473
292,phylum>unit>family,unit+family+phylum,Development rate,13,5,4,3,10;15,TRUE,0.23076923076923078,0.6153846153846154,0.11538461538461539,0.3576923076923077,0.6,0.28054298642533937
292,phylum>unit>family,unit+family+phylum,Development time,25,4,10,4,16;26,TRUE,0.16,0.84,0.21052631578947367,0.39097744360902253,0.5714285714285714,0.22707423580786024
292,phylum>unit>family,unit+family+phylum,Egg incubation period,9,2,4,3,19,FALSE,0.3333333333333333,0.7777777777777778,0.075,0.075,0.075,0.12244897959183673
292,phylum>unit>family,unit+family+phylum,Egg-hatching success,13,4,4,3,14;15,TRUE,0.23076923076923078,0.6923076923076923,0.11538461538461539,0.1514423076923077,0.1875,0.18287373004354138
292,phylum>unit>family,unit+family+phylum,Fecundity,72,23,14,10,8,FALSE,0.1388888888888889,0.6805555555555556,0.7142857142857143,0.7142857142857143,0.7142857142857143,0.23255813953488372
292,phylum>unit>family,unit+family+phylum,Linear morphometrics,15,3,4,5,13,FALSE,0.3333333333333333,0.8,0.625,0.625,0.625,0.43478260869565216
292,phylum>unit>family,unit+family+phylum,Longevity / lifespan,34,4,9,7,18,FALSE,0.20588235294117646,0.8823529411764706,0.3888888888888889,0.3888888888888889,0.3888888888888889,0.2692307692307692
292,phylum>unit>family,unit+family+phylum,Pre-oviposition interval,21,3,7,6,19,FALSE,0.2857142857142857,0.8571428571428571,0.15,0.15,0.15,0.1967213114754098
292,phylum>unit>family,unit+family+phylum,Survival proportion,24,5,7,9,14,FALSE,0.375,0.7916666666666666,0.5625,0.5625,0.5625,0.45
293,unit>family>phylum,unit+family+phylum,Body mass / weight,41,7,7,7,21;23,TRUE,0.17073170731707318,0.8292682926829268,0.5833333333333334,0.6416666666666666,0.7,0.26970227670753066
293,unit>family>phylum,unit+family+phylum,Development rate,13,6,3,3,5;10,TRUE,0.23076923076923078,0.5384615384615384,0.5,0.55,0.6,0.3251231527093596
293,unit>family>phylum,unit+family+phylum,Development time,25,4,10,5,34,FALSE,0.2,0.84,0.15625,0.15625,0.15625,0.17543859649122806
293,unit>family>phylum,unit+family+phylum,Egg incubation period,9,0,5,3,11,FALSE,0.3333333333333333,1,0.0967741935483871,0.0967741935483871,0.0967741935483871,0.15000000000000002
293,unit>family>phylum,unit+family+phylum,Egg-hatching success,13,1,6,4,17,FALSE,0.3076923076923077,0.9230769230769231,0.19047619047619047,0.19047619047619047,0.19047619047619047,0.23529411764705882
293,unit>family>phylum,unit+family+phylum,Fecundity,72,20,12,10,2,FALSE,0.1388888888888889,0.7222222222222222,0.7142857142857143,0.7142857142857143,0.7142857142857143,0.23255813953488372
293,unit>family>phylum,unit+family+phylum,Linear morphometrics,15,7,2,5,6,FALSE,0.3333333333333333,0.5333333333333333,0.625,0.625,0.625,0.43478260869565216
293,unit>family>phylum,unit+family+phylum,Longevity / lifespan,34,1,12,8,34,FALSE,0.23529411764705882,0.9705882352941176,0.25,0.25,0.25,0.24242424242424243
293,unit>family>phylum,unit+family+phylum,Pre-oviposition interval,21,0,9,4,9;11;34,TRUE,0.19047619047619047,1,0.125,0.15485285795132994,0.21052631578947367,0.17082711460985434
293,unit>family>phylum,unit+family+phylum,Survival proportion,24,4,5,7,16,FALSE,0.2916666666666667,0.8333333333333334,0.6363636363636364,0.6363636363636364,0.6363636363636364,0.4
294,unit>phylum>family,unit+family+phylum,Body mass / weight,41,6,6,10,26,FALSE,0.24390243902439024,0.8536585365853658,0.7142857142857143,0.7142857142857143,0.7142857142857143,0.36363636363636365
294,unit>phylum>family,unit+family+phylum,Development rate,13,6,3,3,7;21,TRUE,0.23076923076923078,0.5384615384615384,0.3333333333333333,0.4666666666666667,0.6,0.3088235294117647
294,unit>phylum>family,unit+family+phylum,Development time,25,6,9,4,13,FALSE,0.16,0.76,0.3076923076923077,0.3076923076923077,0.3076923076923077,0.2105263157894737
294,unit>phylum>family,unit+family+phylum,Egg incubation period,9,0,5,3,12;16,TRUE,0.3333333333333333,1,0.09375,0.234375,0.375,0.27522935779816515
294,unit>phylum>family,unit+family+phylum,Egg-hatching success,13,5,3,4,22,FALSE,0.3076923076923077,0.6153846153846154,0.3333333333333333,0.3333333333333333,0.3333333333333333,0.32
294,unit>phylum>family,unit+family+phylum,Fecundity,72,22,11,10,5,FALSE,0.1388888888888889,0.6944444444444444,0.7142857142857143,0.7142857142857143,0.7142857142857143,0.23255813953488372
294,unit>phylum>family,unit+family+phylum,Linear morphometrics,15,4,3,5,8,FALSE,0.3333333333333333,0.7333333333333333,0.625,0.625,0.625,0.43478260869565216
294,unit>phylum>family,unit+family+phylum,Longevity / lifespan,34,2,9,9,12,FALSE,0.2647058823529412,0.9411764705882353,0.28125,0.28125,0.28125,0.27272727272727276
294,unit>phylum>family,unit+family+phylum,Pre-oviposition interval,21,0,10,6,30,FALSE,0.2857142857142857,1,0.25,0.25,0.25,0.26666666666666666
294,unit>phylum>family,unit+family+phylum,Survival proportion,24,4,5,10,23,FALSE,0.4166666666666667,0.8333333333333334,0.5263157894736842,0.5263157894736842,0.5263157894736842,0.46511627906976744
295,family>stage>unit,unit+family+stage,Body mass / weight,41,2,7,8,14;29,TRUE,0.1951219512195122,0.9512195121951219,0.6666666666666666,0.8333333333333333,1,0.31620553359683795
295,family>stage>unit,unit+family+stage,Development rate,13,4,7,2,5;33,TRUE,0.15384615384615385,0.6923076923076923,0.18181818181818182,0.19090909090909092,0.2,0.17038539553752535
295,family>stage>unit,unit+family+stage,Development time,25,9,11,3,33,FALSE,0.12,0.64,0.3,0.3,0.3,0.17142857142857143
295,family>stage>unit,unit+family+stage,Egg incubation period,9,0,2,8,13,FALSE,0.8888888888888888,1,0.6153846153846154,0.6153846153846154,0.6153846153846154,0.7272727272727274
295,family>stage>unit,unit+family+stage,Egg-hatching success,13,0,4,8,6,FALSE,0.6153846153846154,1,0.6666666666666666,0.6666666666666666,0.6666666666666666,0.64
295,family>stage>unit,unit+family+stage,Fecundity,72,22,13,9,15;32,TRUE,0.125,0.6944444444444444,0.6923076923076923,0.8461538461538461,1,0.21782178217821782
295,family>stage>unit,unit+family+stage,Linear morphometrics,15,10,2,3,20,FALSE,0.2,0.3333333333333333,0.2727272727272727,0.2727272727272727,0.2727272727272727,0.23076923076923075
295,family>stage>unit,unit+family+stage,Longevity / lifespan,34,4,14,6,34,FALSE,0.17647058823529413,0.8823529411764706,0.375,0.375,0.375,0.24
295,family>stage>unit,unit+family+stage,Pre-oviposition interval,21,0,8,5,22;23,TRUE,0.23809523809523808,1,0.25,0.3173076923076923,0.38461538461538464,0.27205276174773285
295,family>stage>unit,unit+family+stage,Survival proportion,24,4,9,6,11,FALSE,0.25,0.8333333333333334,0.6,0.6,0.6,0.35294117647058826
296,family>unit>stage,unit+family+stage,Body mass / weight,41,5,7,9,28,FALSE,0.21951219512195122,0.8780487804878049,0.6428571428571429,0.6428571428571429,0.6428571428571429,0.32727272727272727
296,family>unit>stage,unit+family+stage,Development rate,13,4,7,2,8;36,TRUE,0.15384615384615385,0.6923076923076923,0.18181818181818182,0.19090909090909092,0.2,0.17038539553752535
296,family>unit>stage,unit+family+stage,Development time,25,10,11,3,36,FALSE,0.12,0.6,0.3,0.3,0.3,0.17142857142857143
296,family>unit>stage,unit+family+stage,Egg incubation period,9,0,2,8,9,FALSE,0.8888888888888888,1,0.6153846153846154,0.6153846153846154,0.6153846153846154,0.7272727272727274
296,family>unit>stage,unit+family+stage,Egg-hatching success,13,0,3,8,5,FALSE,0.6153846153846154,1,0.6666666666666666,0.6666666666666666,0.6666666666666666,0.64
296,family>unit>stage,unit+family+stage,Fecundity,72,20,16,10,3,FALSE,0.1388888888888889,0.7222222222222222,0.7142857142857143,0.7142857142857143,0.7142857142857143,0.23255813953488372
296,family>unit>stage,unit+family+stage,Linear morphometrics,15,7,4,3,32,FALSE,0.2,0.5333333333333333,0.42857142857142855,0.42857142857142855,0.42857142857142855,0.27272727272727276
296,family>unit>stage,unit+family+stage,Longevity / lifespan,34,4,17,4,37;39,TRUE,0.11764705882352941,0.8823529411764706,0.36363636363636365,0.5151515151515151,0.6666666666666666,0.19154929577464785
296,family>unit>stage,unit+family+stage,Pre-oviposition interval,21,1,9,8,20,FALSE,0.38095238095238093,0.9523809523809523,0.4,0.4,0.4,0.3902439024390244
296,family>unit>stage,unit+family+stage,Survival proportion,24,4,10,6,14,FALSE,0.25,0.8333333333333334,0.75,0.75,0.75,0.375
297,stage>family>unit,unit+family+stage,Body mass / weight,41,2,7,8,18,FALSE,0.1951219512195122,0.9512195121951219,1,1,1,0.326530612244898
297,stage>family>unit,unit+family+stage,Development rate,13,6,5,2,10;31,TRUE,0.15384615384615385,0.5384615384615384,0.18181818181818182,0.19090909090909092,0.2,0.17038539553752535
297,stage>family>unit,unit+family+stage,Development time,25,12,9,3,31,FALSE,0.12,0.52,0.3,0.3,0.3,0.17142857142857143
297,stage>family>unit,unit+family+stage,Egg incubation period,9,0,2,8,11,FALSE,0.8888888888888888,1,0.6153846153846154,0.6153846153846154,0.6153846153846154,0.7272727272727274
297,stage>family>unit,unit+family+stage,Egg-hatching success,13,0,4,8,7,FALSE,0.6153846153846154,1,0.6666666666666666,0.6666666666666666,0.6666666666666666,0.64
297,stage>family>unit,unit+family+stage,Fecundity,72,23,11,10,9,FALSE,0.1388888888888889,0.6805555555555556,0.7142857142857143,0.7142857142857143,0.7142857142857143,0.23255813953488372
297,stage>family>unit,unit+family+stage,Linear morphometrics,15,7,2,5,6,FALSE,0.3333333333333333,0.5333333333333333,0.625,0.625,0.625,0.43478260869565216
297,stage>family>unit,unit+family+stage,Longevity / lifespan,34,4,12,6,32,FALSE,0.17647058823529413,0.8823529411764706,0.42857142857142855,0.42857142857142855,0.42857142857142855,0.25
297,stage>family>unit,unit+family+stage,Pre-oviposition interval,21,0,8,8,16,FALSE,0.38095238095238093,1,0.2962962962962963,0.2962962962962963,0.2962962962962963,0.3333333333333333
297,stage>family>unit,unit+family+stage,Survival proportion,24,6,7,7,5,FALSE,0.2916666666666667,0.75,0.4117647058823529,0.4117647058823529,0.4117647058823529,0.34146341463414637
298,stage>unit>family,unit+family+stage,Body mass / weight,41,3,8,8,19,FALSE,0.1951219512195122,0.926829268292683,1,1,1,0.326530612244898
298,stage>unit>family,unit+family+stage,Development rate,13,5,6,2,3;35,TRUE,0.15384615384615385,0.6153846153846154,0.18181818181818182,0.19090909090909092,0.2,0.17038539553752535
298,stage>unit>family,unit+family+stage,Development time,25,10,11,3,35,FALSE,0.12,0.6,0.3,0.3,0.3,0.17142857142857143
298,stage>unit>family,unit+family+stage,Egg incubation period,9,0,2,8,2,FALSE,0.8888888888888888,1,0.6153846153846154,0.6153846153846154,0.6153846153846154,0.7272727272727274
298,stage>unit>family,unit+family+stage,Egg-hatching success,13,3,3,8,1,FALSE,0.6153846153846154,0.7692307692307693,0.6666666666666666,0.6666666666666666,0.6666666666666666,0.64
298,stage>unit>family,unit+family+stage,Fecundity,72,27,12,10,7,FALSE,0.1388888888888889,0.625,0.7142857142857143,0.7142857142857143,0.7142857142857143,0.23255813953488372
298,stage>unit>family,unit+family+stage,Linear morphometrics,15,10,2,3,28,FALSE,0.2,0.3333333333333333,0.375,0.375,0.375,0.26086956521739135
298,stage>unit>family,unit+family+stage,Longevity / lifespan,34,5,13,9,36,FALSE,0.2647058823529412,0.8529411764705882,0.391304347826087,0.391304347826087,0.391304347826087,0.3157894736842105
298,stage>unit>family,unit+family+stage,Pre-oviposition interval,21,3,8,4,36,FALSE,0.19047619047619047,0.8571428571428571,0.17391304347826086,0.17391304347826086,0.17391304347826086,0.1818181818181818
298,stage>unit>family,unit+family+stage,Survival proportion,24,9,6,5,16,FALSE,0.20833333333333334,0.625,0.5555555555555556,0.5555555555555556,0.5555555555555556,0.30303030303030304
299,unit>family>stage,unit+family+stage,Body mass / weight,41,4,7,8,23,FALSE,0.1951219512195122,0.9024390243902439,1,1,1,0.326530612244898
299,unit>family>stage,unit+family+stage,Development rate,13,8,4,2,8,FALSE,0.15384615384615385,0.38461538461538464,0.18181818181818182,0.18181818181818182,0.18181818181818182,0.16666666666666669
299,unit>family>stage,unit+family+stage,Development time,25,11,8,3,26;33,TRUE,0.12,0.56,0.1875,0.28125,0.375,0.16822429906542058
299,unit>family>stage,unit+family+stage,Egg incubation period,9,0,2,8,6,FALSE,0.8888888888888888,1,0.6153846153846154,0.6153846153846154,0.6153846153846154,0.7272727272727274
299,unit>family>stage,unit+family+stage,Egg-hatching success,13,0,4,8,7,FALSE,0.6153846153846154,1,0.7272727272727273,0.7272727272727273,0.7272727272727273,0.6666666666666667
299,unit>family>stage,unit+family+stage,Fecundity,72,30,9,10,9,FALSE,0.1388888888888889,0.5833333333333334,0.7142857142857143,0.7142857142857143,0.7142857142857143,0.23255813953488372
299,unit>family>stage,unit+family+stage,Linear morphometrics,15,7,4,3,29,FALSE,0.2,0.5333333333333333,0.3,0.3,0.3,0.24
299,unit>family>stage,unit+family+stage,Longevity / lifespan,34,4,11,6,34;36,TRUE,0.17647058823529413,0.8823529411764706,0.375,0.4017857142857143,0.42857142857142855,0.2452316076294278
299,unit>family>stage,unit+family+stage,Pre-oviposition interval,21,0,8,5,16,FALSE,0.23809523809523808,1,0.4166666666666667,0.4166666666666667,0.4166666666666667,0.30303030303030304
299,unit>family>stage,unit+family+stage,Survival proportion,24,5,9,5,15,FALSE,0.20833333333333334,0.7916666666666666,0.625,0.625,0.625,0.3125
300,unit>stage>family,unit+family+stage,Body mass / weight,41,2,7,8,12,FALSE,0.1951219512195122,0.9512195121951219,1,1,1,0.326530612244898
300,unit>stage>family,unit+family+stage,Development rate,13,10,2,2,10,FALSE,0.15384615384615385,0.23076923076923078,0.18181818181818182,0.18181818181818182,0.18181818181818182,0.16666666666666669
300,unit>stage>family,unit+family+stage,Development time,25,14,8,3,32,FALSE,0.12,0.44,0.375,0.375,0.375,0.18181818181818182
300,unit>stage>family,unit+family+stage,Egg incubation period,9,0,2,8,17,FALSE,0.8888888888888888,1,0.6666666666666666,0.6666666666666666,0.6666666666666666,0.761904761904762
300,unit>stage>family,unit+family+stage,Egg-hatching success,13,0,4,8,8,FALSE,0.6153846153846154,1,0.7272727272727273,0.7272727272727273,0.7272727272727273,0.6666666666666667
300,unit>stage>family,unit+family+stage,Fecundity,72,30,10,10,6,FALSE,0.1388888888888889,0.5833333333333334,0.7142857142857143,0.7142857142857143,0.7142857142857143,0.23255813953488372
300,unit>stage>family,unit+family+stage,Linear morphometrics,15,5,3,5,3,FALSE,0.3333333333333333,0.6666666666666666,0.5,0.5,0.5,0.4
300,unit>stage>family,unit+family+stage,Longevity / lifespan,34,8,14,3,4;33;34;35,TRUE,0.08823529411764706,0.7647058823529411,0.1875,0.321875,0.5,0.13850291349170776
300,unit>stage>family,unit+family+stage,Pre-oviposition interval,21,2,8,4,35,FALSE,0.19047619047619047,0.9047619047619048,0.4,0.4,0.4,0.25806451612903225
300,unit>stage>family,unit+family+stage,Survival proportion,24,6,8,7,9,FALSE,0.2916666666666667,0.75,0.4375,0.4375,0.4375,0.35000000000000003
301,class>order>unit,unit+order+class,Body mass / weight,41,4,7,13,27,FALSE,0.3170731707317073,0.9024390243902439,0.7647058823529411,0.7647058823529411,0.7647058823529411,0.4482758620689655
301,class>order>unit,unit+order+class,Development rate,13,5,4,3,7;10,TRUE,0.23076923076923078,0.6153846153846154,0.6,0.6,0.6,0.33333333333333337
301,class>order>unit,unit+order+class,Development time,25,3,8,6,9,FALSE,0.24,0.88,0.11764705882352941,0.11764705882352941,0.11764705882352941,0.15789473684210525
301,class>order>unit,unit+order+class,Egg incubation period,9,0,3,6,9,FALSE,0.6666666666666666,1,0.11764705882352941,0.11764705882352941,0.11764705882352941,0.2
301,class>order>unit,unit+order+class,Egg-hatching success,13,3,5,3,0;6,TRUE,0.23076923076923078,0.7692307692307693,0.10714285714285714,0.14732142857142858,0.1875,0.1798365122615804
301,class>order>unit,unit+order+class,Fecundity,72,20,9,23,23,FALSE,0.3194444444444444,0.7222222222222222,0.9583333333333334,0.9583333333333334,0.9583333333333334,0.4791666666666667
301,class>order>unit,unit+order+class,Linear morphometrics,15,4,2,6,3,FALSE,0.4,0.7333333333333333,1,1,1,0.5714285714285715
301,class>order>unit,unit+order+class,Longevity / lifespan,34,2,8,7,30,FALSE,0.20588235294117646,0.9411764705882353,0.3684210526315789,0.3684210526315789,0.3684210526315789,0.2641509433962264
301,class>order>unit,unit+order+class,Pre-oviposition interval,21,1,9,7,9,FALSE,0.3333333333333333,0.9523809523809523,0.13725490196078433,0.13725490196078433,0.13725490196078433,0.19444444444444448
301,class>order>unit,unit+order+class,Survival proportion,24,5,5,7,6,FALSE,0.2916666666666667,0.7916666666666666,0.25,0.25,0.25,0.2692307692307692
302,class>unit>order,unit+order+class,Body mass / weight,41,7,6,11,15,FALSE,0.2682926829268293,0.8292682926829268,0.7333333333333333,0.7333333333333333,0.7333333333333333,0.3928571428571429
302,class>unit>order,unit+order+class,Development rate,13,3,4,3,5;7;24,TRUE,0.23076923076923078,0.7692307692307693,0.16666666666666666,0.3464646464646465,0.6,0.27702247947233816
302,class>unit>order,unit+order+class,Development time,25,3,7,6,9;26,TRUE,0.24,0.88,0.0967741935483871,0.15552995391705068,0.21428571428571427,0.188745193988116
302,class>unit>order,unit+order+class,Egg incubation period,9,0,3,6,9,FALSE,0.6666666666666666,1,0.0967741935483871,0.0967741935483871,0.0967741935483871,0.16901408450704225
302,class>unit>order,unit+order+class,Egg-hatching success,13,0,6,4,4;6,TRUE,0.3076923076923077,1,0.125,0.3125,0.5,0.31007751937984496
302,class>unit>order,unit+order+class,Fecundity,72,20,11,25,19,FALSE,0.3472222222222222,0.7222222222222222,0.9615384615384616,0.9615384615384616,0.9615384615384616,0.5102040816326531
302,class>unit>order,unit+order+class,Linear morphometrics,15,10,1,5,8,FALSE,0.3333333333333333,0.3333333333333333,0.625,0.625,0.625,0.43478260869565216
302,class>unit>order,unit+order+class,Longevity / lifespan,34,1,8,11,9,FALSE,0.3235294117647059,0.9705882352941176,0.1774193548387097,0.1774193548387097,0.1774193548387097,0.22916666666666666
302,class>unit>order,unit+order+class,Pre-oviposition interval,21,2,9,8,9,FALSE,0.38095238095238093,0.9047619047619048,0.12903225806451613,0.12903225806451613,0.12903225806451613,0.19277108433734938
302,class>unit>order,unit+order+class,Survival proportion,24,4,6,11,4,FALSE,0.4583333333333333,0.8333333333333334,0.34375,0.34375,0.34375,0.39285714285714285
303,order>class>unit,unit+order+class,Body mass / weight,41,3,8,8,18,FALSE,0.1951219512195122,0.926829268292683,0.8888888888888888,0.8888888888888888,0.8888888888888888,0.32
303,order>class>unit,unit+order+class,Development rate,13,6,3,3,11;13,TRUE,0.23076923076923078,0.5384615384615384,0.2727272727272727,0.43636363636363634,0.6,0.30188679245283023
303,order>class>unit,unit+order+class,Development time,25,5,8,6,21,FALSE,0.24,0.8,0.1111111111111111,0.1111111111111111,0.1111111111111111,0.1518987341772152
303,order>class>unit,unit+order+class,Egg incubation period,9,0,4,4,16,FALSE,0.4444444444444444,1,0.2857142857142857,0.2857142857142857,0.2857142857142857,0.34782608695652173
303,order>class>unit,unit+order+class,Egg-hatching success,13,2,5,3,13;20,TRUE,0.23076923076923078,0.8461538461538461,0.2727272727272727,0.38636363636363635,0.5,0.2889518413597734
303,order>class>unit,unit+order+class,Fecundity,72,21,7,24,25,FALSE,0.3333333333333333,0.7083333333333334,0.96,0.96,0.96,0.49484536082474223
303,order>class>unit,unit+order+class,Linear morphometrics,15,0,2,10,1,FALSE,0.6666666666666666,1,1,1,1,0.8
303,order>class>unit,unit+order+class,Longevity / lifespan,34,2,11,10,21,FALSE,0.29411764705882354,0.9411764705882353,0.18518518518518517,0.18518518518518517,0.18518518518518517,0.22727272727272727
303,order>class>unit,unit+order+class,Pre-oviposition interval,21,1,10,7,21,FALSE,0.3333333333333333,0.9523809523809523,0.12962962962962962,0.12962962962962962,0.12962962962962962,0.18666666666666668
303,order>class>unit,unit+order+class,Survival proportion,24,5,5,11,19,FALSE,0.4583333333333333,0.7916666666666666,0.36666666666666664,0.36666666666666664,0.36666666666666664,0.4074074074074074
304,order>unit>class,unit+order+class,Body mass / weight,41,4,8,13,20,FALSE,0.3170731707317073,0.9024390243902439,0.8125,0.8125,0.8125,0.45614035087719296
304,order>unit>class,unit+order+class,Development rate,13,6,3,3,7;8,TRUE,0.23076923076923078,0.5384615384615384,0.375,0.4875,0.6,0.3132530120481928
304,order>unit>class,unit+order+class,Development time,25,4,7,5,16;32,TRUE,0.2,0.84,0.17857142857142858,0.20833333333333331,0.23809523809523808,0.20408163265306123
304,order>unit>class,unit+order+class,Egg incubation period,9,2,3,4,18,FALSE,0.4444444444444444,0.7777777777777778,0.08888888888888889,0.08888888888888889,0.08888888888888889,0.14814814814814814
304,order>unit>class,unit+order+class,Egg-hatching success,13,1,4,6,6,FALSE,0.46153846153846156,0.9230769230769231,0.21428571428571427,0.21428571428571427,0.21428571428571427,0.2926829268292683
304,order>unit>class,unit+order+class,Fecundity,72,20,8,24,26,FALSE,0.3333333333333333,0.7222222222222222,0.96,0.96,0.96,0.49484536082474223
304,order>unit>class,unit+order+class,Linear morphometrics,15,0,2,10,3,FALSE,0.6666666666666666,1,1,1,1,0.8
304,order>unit>class,unit+order+class,Longevity / lifespan,34,3,12,9,32,FALSE,0.2647058823529412,0.9117647058823529,0.32142857142857145,0.32142857142857145,0.32142857142857145,0.2903225806451613
304,order>unit>class,unit+order+class,Pre-oviposition interval,21,1,10,5,18,FALSE,0.23809523809523808,0.9523809523809523,0.1111111111111111,0.1111111111111111,0.1111111111111111,0.15151515151515152
304,order>unit>class,unit+order+class,Survival proportion,24,5,6,5,6,FALSE,0.20833333333333334,0.7916666666666666,0.17857142857142858,0.17857142857142858,0.17857142857142858,0.1923076923076923
305,unit>class>order,unit+order+class,Body mass / weight,41,6,6,10,28,FALSE,0.24390243902439024,0.8536585365853658,0.7692307692307693,0.7692307692307693,0.7692307692307693,0.37037037037037035
305,unit>class>order,unit+order+class,Development rate,13,6,3,3,16;24,TRUE,0.23076923076923078,0.5384615384615384,0.23076923076923078,0.41538461538461535,0.6,0.29670329670329676
305,unit>class>order,unit+order+class,Development time,25,3,8,5,18;29,TRUE,0.2,0.88,0.15625,0.234375,0.3125,0.2158273381294964
305,unit>class>order,unit+order+class,Egg incubation period,9,0,4,6,19,FALSE,0.6666666666666666,1,0.23076923076923078,0.23076923076923078,0.23076923076923078,0.3428571428571429
305,unit>class>order,unit+order+class,Egg-hatching success,13,0,6,4,24,FALSE,0.3076923076923077,1,0.3076923076923077,0.3076923076923077,0.3076923076923077,0.3076923076923077
305,unit>class>order,unit+order+class,Fecundity,72,15,11,11,12,FALSE,0.1527777777777778,0.7916666666666666,0.7333333333333333,0.7333333333333333,0.7333333333333333,0.25287356321839083
305,unit>class>order,unit+order+class,Linear morphometrics,15,4,2,6,2,FALSE,0.4,0.7333333333333333,0.8571428571428571,0.8571428571428571,0.8571428571428571,0.5454545454545455
305,unit>class>order,unit+order+class,Longevity / lifespan,34,2,12,8,18,FALSE,0.23529411764705882,0.9411764705882353,0.25,0.25,0.25,0.24242424242424243
305,unit>class>order,unit+order+class,Pre-oviposition interval,21,2,10,4,21,FALSE,0.19047619047619047,0.9047619047619048,0.2222222222222222,0.2222222222222222,0.2222222222222222,0.20512820512820512
305,unit>class>order,unit+order+class,Survival proportion,24,3,6,10,23,FALSE,0.4166666666666667,0.875,0.5,0.5,0.5,0.45454545454545453
306,unit>order>class,unit+order+class,Body mass / weight,41,5,6,9,33,FALSE,0.21951219512195122,0.8780487804878049,0.75,0.75,0.75,0.339622641509434
306,unit>order>class,unit+order+class,Development rate,13,6,3,3,16;21,TRUE,0.23076923076923078,0.5384615384615384,0.1875,0.39375,0.6,0.2909930715935335
306,unit>order>class,unit+order+class,Development time,25,3,12,4,19,FALSE,0.16,0.88,0.5,0.5,0.5,0.24242424242424243
306,unit>order>class,unit+order+class,Egg incubation period,9,0,5,4,24,FALSE,0.4444444444444444,1,0.11764705882352941,0.11764705882352941,0.11764705882352941,0.18604651162790695
306,unit>order>class,unit+order+class,Egg-hatching success,13,0,4,7,18,FALSE,0.5384615384615384,1,0.25925925925925924,0.25925925925925924,0.25925925925925924,0.35000000000000003
306,unit>order>class,unit+order+class,Fecundity,72,11,11,15,12,FALSE,0.20833333333333334,0.8472222222222222,0.8823529411764706,0.8823529411764706,0.8823529411764706,0.3370786516853933
306,unit>order>class,unit+order+class,Linear morphometrics,15,0,2,10,2,FALSE,0.6666666666666666,1,1,1,1,0.8
306,unit>order>class,unit+order+class,Longevity / lifespan,34,1,12,6,25;36,TRUE,0.17647058823529413,0.9705882352941176,0.35294117647058826,0.36397058823529416,0.375,0.2376950780312125
306,unit>order>class,unit+order+class,Pre-oviposition interval,21,1,12,4,24,FALSE,0.19047619047619047,0.9523809523809523,0.11764705882352941,0.11764705882352941,0.11764705882352941,0.14545454545454542
306,unit>order>class,unit+order+class,Survival proportion,24,4,5,8,18,FALSE,0.3333333333333333,0.8333333333333334,0.2962962962962963,0.2962962962962963,0.2962962962962963,0.3137254901960785
307,family>order>unit,unit+order+family,Body mass / weight,41,11,6,10,17,FALSE,0.24390243902439024,0.7317073170731707,0.7142857142857143,0.7142857142857143,0.7142857142857143,0.36363636363636365
307,family>order>unit,unit+order+family,Development rate,13,8,3,3,9,FALSE,0.23076923076923078,0.38461538461538464,0.6,0.6,0.6,0.33333333333333337
307,family>order>unit,unit+order+family,Development time,25,4,11,5,24,FALSE,0.2,0.84,0.13513513513513514,0.13513513513513514,0.13513513513513514,0.16129032258064516
307,family>order>unit,unit+order+family,Egg incubation period,9,1,4,3,14;24,TRUE,0.3333333333333333,0.8888888888888888,0.08108108108108109,0.12387387387387387,0.16666666666666666,0.180623973727422
307,family>order>unit,unit+order+family,Egg-hatching success,13,2,5,4,8,FALSE,0.3076923076923077,0.8461538461538461,0.25,0.25,0.25,0.27586206896551724
307,family>order>unit,unit+order+family,Fecundity,72,18,14,10,1,FALSE,0.1388888888888889,0.75,0.7142857142857143,0.7142857142857143,0.7142857142857143,0.23255813953488372
307,family>order>unit,unit+order+family,Linear morphometrics,15,6,3,5,4,FALSE,0.3333333333333333,0.6,0.625,0.625,0.625,0.43478260869565216
307,family>order>unit,unit+order+family,Longevity / lifespan,34,3,12,7,24,FALSE,0.20588235294117646,0.9117647058823529,0.1891891891891892,0.1891891891891892,0.1891891891891892,0.19718309859154928
307,family>order>unit,unit+order+family,Pre-oviposition interval,21,0,12,6,24,FALSE,0.2857142857142857,1,0.16216216216216217,0.16216216216216217,0.16216216216216217,0.20689655172413793
307,family>order>unit,unit+order+family,Survival proportion,24,5,7,6,21,FALSE,0.25,0.7916666666666666,0.3333333333333333,0.3333333333333333,0.3333333333333333,0.28571428571428575
308,family>unit>order,unit+order+family,Body mass / weight,41,4,8,10,21,FALSE,0.24390243902439024,0.9024390243902439,0.8333333333333334,0.8333333333333334,0.8333333333333334,0.37735849056603776
308,family>unit>order,unit+order+family,Development rate,13,5,4,3,4;7,TRUE,0.23076923076923078,0.6153846153846154,0.6,0.6,0.6,0.33333333333333337
308,family>unit>order,unit+order+family,Development time,25,3,11,5,17,FALSE,0.2,0.88,0.11904761904761904,0.11904761904761904,0.11904761904761904,0.1492537313432836
308,family>unit>order,unit+order+family,Egg incubation period,9,0,4,4,17,FALSE,0.4444444444444444,1,0.09523809523809523,0.09523809523809523,0.09523809523809523,0.1568627450980392
308,family>unit>order,unit+order+family,Egg-hatching success,13,0,7,6,6,FALSE,0.46153846153846156,1,0.2222222222222222,0.2222222222222222,0.2222222222222222,0.3
308,family>unit>order,unit+order+family,Fecundity,72,17,16,10,3,FALSE,0.1388888888888889,0.7638888888888888,0.7142857142857143,0.7142857142857143,0.7142857142857143,0.23255813953488372
308,family>unit>order,unit+order+family,Linear morphometrics,15,1,5,5,11,FALSE,0.3333333333333333,0.9333333333333333,0.625,0.625,0.625,0.43478260869565216
308,family>unit>order,unit+order+family,Longevity / lifespan,34,3,11,8,17;30,TRUE,0.23529411764705882,0.9117647058823529,0.19047619047619047,0.25523809523809526,0.32,0.24486066697121975
308,family>unit>order,unit+order+family,Pre-oviposition interval,21,1,10,6,17,FALSE,0.2857142857142857,0.9523809523809523,0.14285714285714285,0.14285714285714285,0.14285714285714285,0.19047619047619047
308,family>unit>order,unit+order+family,Survival proportion,24,2,9,12,6,FALSE,0.5,0.9166666666666666,0.4444444444444444,0.4444444444444444,0.4444444444444444,0.47058823529411764
309,order>family>unit,unit+order+family,Body mass / weight,41,9,6,12,13,FALSE,0.2926829268292683,0.7804878048780488,0.8,0.8,0.8,0.4285714285714285
309,order>family>unit,unit+order+family,Development rate,13,5,4,3,7;18,TRUE,0.23076923076923078,0.6153846153846154,0.2727272727272727,0.43636363636363634,0.6,0.30188679245283023
309,order>family>unit,unit+order+family,Development time,25,3,12,6,21,FALSE,0.24,0.88,0.1276595744680851,0.1276595744680851,0.1276595744680851,0.16666666666666666
309,order>family>unit,unit+order+family,Egg incubation period,9,2,4,4,21,FALSE,0.4444444444444444,0.7777777777777778,0.0851063829787234,0.0851063829787234,0.0851063829787234,0.14285714285714285
309,order>family>unit,unit+order+family,Egg-hatching success,13,4,3,5,19,FALSE,0.38461538461538464,0.6923076923076923,0.15151515151515152,0.15151515151515152,0.15151515151515152,0.21739130434782608
309,order>family>unit,unit+order+family,Fecundity,72,25,14,10,2,FALSE,0.1388888888888889,0.6527777777777778,0.7142857142857143,0.7142857142857143,0.7142857142857143,0.23255813953488372
309,order>family>unit,unit+order+family,Linear morphometrics,15,7,3,5,3,FALSE,0.3333333333333333,0.5333333333333333,0.625,0.625,0.625,0.43478260869565216
309,order>family>unit,unit+order+family,Longevity / lifespan,34,3,13,7,21,FALSE,0.20588235294117646,0.9117647058823529,0.14893617021276595,0.14893617021276595,0.14893617021276595,0.1728395061728395
309,order>family>unit,unit+order+family,Pre-oviposition interval,21,2,10,7,21,FALSE,0.3333333333333333,0.9047619047619048,0.14893617021276595,0.14893617021276595,0.14893617021276595,0.20588235294117646
309,order>family>unit,unit+order+family,Survival proportion,24,5,7,12,19,FALSE,0.5,0.7916666666666666,0.36363636363636365,0.36363636363636365,0.36363636363636365,0.4210526315789474
310,order>unit>family,unit+order+family,Body mass / weight,41,12,7,6,21,FALSE,0.14634146341463414,0.7073170731707317,1,1,1,0.2553191489361702
310,order>unit>family,unit+order+family,Development rate,13,6,3,3,7;8,TRUE,0.23076923076923078,0.5384615384615384,0.42857142857142855,0.5142857142857142,0.6,0.3185840707964602
310,order>unit>family,unit+order+family,Development time,25,6,8,4,12;23,TRUE,0.16,0.76,0.12121212121212122,0.21445221445221446,0.3076923076923077,0.18326693227091634
310,order>unit>family,unit+order+family,Egg incubation period,9,0,5,4,9,FALSE,0.4444444444444444,1,0.25,0.25,0.25,0.32
310,order>unit>family,unit+order+family,Egg-hatching success,13,1,5,4,11,FALSE,0.3076923076923077,0.9230769230769231,0.21052631578947367,0.21052631578947367,0.21052631578947367,0.25
310,order>unit>family,unit+order+family,Fecundity,72,22,10,21,26,FALSE,0.2916666666666667,0.6944444444444444,1,1,1,0.45161290322580644
310,order>unit>family,unit+order+family,Linear morphometrics,15,10,1,5,2,FALSE,0.3333333333333333,0.3333333333333333,0.625,0.625,0.625,0.43478260869565216
310,order>unit>family,unit+order+family,Longevity / lifespan,34,2,11,6,29,FALSE,0.17647058823529413,0.9411764705882353,0.4,0.4,0.4,0.2448979591836735
310,order>unit>family,unit+order+family,Pre-oviposition interval,21,1,11,5,12,FALSE,0.23809523809523808,0.9523809523809523,0.15151515151515152,0.15151515151515152,0.15151515151515152,0.18518518518518517
310,order>unit>family,unit+order+family,Survival proportion,24,3,9,8,11,FALSE,0.3333333333333333,0.875,0.42105263157894735,0.42105263157894735,0.42105263157894735,0.372093023255814
311,unit>family>order,unit+order+family,Body mass / weight,41,12,5,12,19,FALSE,0.2926829268292683,0.7073170731707317,0.75,0.75,0.75,0.4210526315789473
311,unit>family>order,unit+order+family,Development rate,13,6,3,3,7;10,TRUE,0.23076923076923078,0.5384615384615384,0.3,0.44999999999999996,0.6,0.30508474576271183
311,unit>family>order,unit+order+family,Development time,25,6,10,4,11;14,TRUE,0.16,0.76,0.0851063829787234,0.16020025031289112,0.23529411764705882,0.16010006253908693
311,unit>family>order,unit+order+family,Egg incubation period,9,0,4,4,14,FALSE,0.4444444444444444,1,0.0851063829787234,0.0851063829787234,0.0851063829787234,0.14285714285714285
311,unit>family>order,unit+order+family,Egg-hatching success,13,1,4,6,8,FALSE,0.46153846153846156,0.9230769230769231,0.16666666666666666,0.16666666666666666,0.16666666666666666,0.2448979591836735
311,unit>family>order,unit+order+family,Fecundity,72,16,12,10,6,FALSE,0.1388888888888889,0.7777777777777778,0.7142857142857143,0.7142857142857143,0.7142857142857143,0.23255813953488372
311,unit>family>order,unit+order+family,Linear morphometrics,15,4,3,5,17,FALSE,0.3333333333333333,0.7333333333333333,0.625,0.625,0.625,0.43478260869565216
311,unit>family>order,unit+order+family,Longevity / lifespan,34,2,12,9,14,FALSE,0.2647058823529412,0.9411764705882353,0.19148936170212766,0.19148936170212766,0.19148936170212766,0.22222222222222224
311,unit>family>order,unit+order+family,Pre-oviposition interval,21,0,12,5,14,FALSE,0.23809523809523808,1,0.10638297872340426,0.10638297872340426,0.10638297872340426,0.14705882352941177
311,unit>family>order,unit+order+family,Survival proportion,24,5,5,14,8,FALSE,0.5833333333333334,0.7916666666666666,0.3888888888888889,0.3888888888888889,0.3888888888888889,0.4666666666666666
312,unit>order>family,unit+order+family,Body mass / weight,41,4,7,16,24,FALSE,0.3902439024390244,0.9024390243902439,0.8,0.8,0.8,0.5245901639344263
312,unit>order>family,unit+order+family,Development rate,13,6,3,3,8;10,TRUE,0.23076923076923078,0.5384615384615384,0.6,0.6,0.6,0.33333333333333337
312,unit>order>family,unit+order+family,Development time,25,5,7,5,15,FALSE,0.2,0.8,0.10416666666666667,0.10416666666666667,0.10416666666666667,0.136986301369863
312,unit>order>family,unit+order+family,Egg incubation period,9,0,3,5,15,FALSE,0.5555555555555556,1,0.10416666666666667,0.10416666666666667,0.10416666666666667,0.1754385964912281
312,unit>order>family,unit+order+family,Egg-hatching success,13,3,5,3,9;19,TRUE,0.23076923076923078,0.7692307692307693,0.11538461538461539,0.20769230769230768,0.3,0.21862348178137653
312,unit>order>family,unit+order+family,Fecundity,72,22,13,10,3,FALSE,0.1388888888888889,0.6944444444444444,0.7142857142857143,0.7142857142857143,0.7142857142857143,0.23255813953488372
312,unit>order>family,unit+order+family,Linear morphometrics,15,4,3,5,7,FALSE,0.3333333333333333,0.7333333333333333,0.625,0.625,0.625,0.43478260869565216
312,unit>order>family,unit+order+family,Longevity / lifespan,34,3,11,8,15,FALSE,0.23529411764705882,0.9117647058823529,0.16666666666666666,0.16666666666666666,0.16666666666666666,0.19512195121951217
312,unit>order>family,unit+order+family,Pre-oviposition interval,21,2,10,7,15,FALSE,0.3333333333333333,0.9047619047619048,0.14583333333333334,0.14583333333333334,0.14583333333333334,0.2028985507246377
312,unit>order>family,unit+order+family,Survival proportion,24,5,6,12,19,FALSE,0.5,0.7916666666666666,0.46153846153846156,0.46153846153846156,0.46153846153846156,0.48000000000000004
313,order>phylum>unit,unit+order+phylum,Body mass / weight,41,9,7,8,29,FALSE,0.1951219512195122,0.7804878048780488,0.7272727272727273,0.7272727272727273,0.7272727272727273,0.3076923076923077
313,order>phylum>unit,unit+order+phylum,Development rate,13,5,4,3,11;25,TRUE,0.23076923076923078,0.6153846153846154,0.375,0.4875,0.6,0.3132530120481928
313,order>phylum>unit,unit+order+phylum,Development time,25,3,11,4,5,FALSE,0.16,0.88,0.5,0.5,0.5,0.24242424242424243
313,order>phylum>unit,unit+order+phylum,Egg incubation period,9,0,4,5,22,FALSE,0.5555555555555556,1,0.11904761904761904,0.11904761904761904,0.11904761904761904,0.196078431372549
313,order>phylum>unit,unit+order+phylum,Egg-hatching success,13,2,5,4,24,FALSE,0.3076923076923077,0.8461538461538461,0.14814814814814814,0.14814814814814814,0.14814814814814814,0.2
313,order>phylum>unit,unit+order+phylum,Fecundity,72,20,9,24,15,FALSE,0.3333333333333333,0.7222222222222222,0.96,0.96,0.96,0.49484536082474223
313,order>phylum>unit,unit+order+phylum,Linear morphometrics,15,4,2,6,3,FALSE,0.4,0.7333333333333333,0.5,0.5,0.5,0.4444444444444445
313,order>phylum>unit,unit+order+phylum,Longevity / lifespan,34,2,11,6,16;30,TRUE,0.17647058823529413,0.9411764705882353,0.375,0.6160714285714286,0.8571428571428571,0.27435387673956263
313,order>phylum>unit,unit+order+phylum,Pre-oviposition interval,21,1,10,5,22,FALSE,0.23809523809523808,0.9523809523809523,0.11904761904761904,0.11904761904761904,0.11904761904761904,0.15873015873015875
313,order>phylum>unit,unit+order+phylum,Survival proportion,24,5,5,8,24,FALSE,0.3333333333333333,0.7916666666666666,0.2962962962962963,0.2962962962962963,0.2962962962962963,0.3137254901960785
314,order>unit>phylum,unit+order+phylum,Body mass / weight,41,6,7,9,18,FALSE,0.21951219512195122,0.8536585365853658,0.9,0.9,0.9,0.3529411764705882
314,order>unit>phylum,unit+order+phylum,Development rate,13,6,3,3,2;12,TRUE,0.23076923076923078,0.5384615384615384,0.3,0.44999999999999996,0.6,0.30508474576271183
314,order>unit>phylum,unit+order+phylum,Development time,25,4,9,5,29,FALSE,0.2,0.84,0.21739130434782608,0.21739130434782608,0.21739130434782608,0.20833333333333331
314,order>unit>phylum,unit+order+phylum,Egg incubation period,9,0,4,4,10,FALSE,0.4444444444444444,1,0.14814814814814814,0.14814814814814814,0.14814814814814814,0.2222222222222222
314,order>unit>phylum,unit+order+phylum,Egg-hatching success,13,3,5,5,5,FALSE,0.38461538461538464,0.7692307692307693,0.21739130434782608,0.21739130434782608,0.21739130434782608,0.27777777777777773
314,order>unit>phylum,unit+order+phylum,Fecundity,72,21,9,23,25,FALSE,0.3194444444444444,0.7083333333333334,0.9583333333333334,0.9583333333333334,0.9583333333333334,0.4791666666666667
314,order>unit>phylum,unit+order+phylum,Linear morphometrics,15,4,2,6,4,FALSE,0.4,0.7333333333333333,1,1,1,0.5714285714285715
314,order>unit>phylum,unit+order+phylum,Longevity / lifespan,34,2,10,6,28;29,TRUE,0.17647058823529413,0.9411764705882353,0.2608695652173913,0.2883295194508009,0.3157894736842105,0.21894005212858383
314,order>unit>phylum,unit+order+phylum,Pre-oviposition interval,21,2,11,3,10;15;28,TRUE,0.14285714285714285,0.9047619047619048,0.1111111111111111,0.13314687685397067,0.15789473684210525,0.1378311984558694
314,order>unit>phylum,unit+order+phylum,Survival proportion,24,7,5,7,5,FALSE,0.2916666666666667,0.7083333333333334,0.30434782608695654,0.30434782608695654,0.30434782608695654,0.2978723404255319
315,phylum>order>unit,unit+order+phylum,Body mass / weight,41,4,8,9,15,FALSE,0.21951219512195122,0.9024390243902439,0.8181818181818182,0.8181818181818182,0.8181818181818182,0.34615384615384615
315,phylum>order>unit,unit+order+phylum,Development rate,13,6,3,3,11;16,TRUE,0.23076923076923078,0.5384615384615384,0.2,0.4,0.6,0.29268292682926833
315,phylum>order>unit,unit+order+phylum,Development time,25,7,8,4,9;31,TRUE,0.16,0.72,0.2,0.35,0.5,0.21960784313725487
315,phylum>order>unit,unit+order+phylum,Egg incubation period,9,1,4,4,25,FALSE,0.4444444444444444,0.8888888888888888,0.17391304347826086,0.17391304347826086,0.17391304347826086,0.25
315,phylum>order>unit,unit+order+phylum,Egg-hatching success,13,2,5,3,1;21,TRUE,0.23076923076923078,0.8461538461538461,0.16666666666666666,0.17708333333333331,0.1875,0.20039292730844793
315,phylum>order>unit,unit+order+phylum,Fecundity,72,19,9,24,24,FALSE,0.3333333333333333,0.7361111111111112,0.96,0.96,0.96,0.49484536082474223
315,phylum>order>unit,unit+order+phylum,Linear morphometrics,15,4,2,6,3,FALSE,0.4,0.7333333333333333,1,1,1,0.5714285714285715
315,phylum>order>unit,unit+order+phylum,Longevity / lifespan,34,5,11,7,31,FALSE,0.20588235294117646,0.8529411764705882,0.35,0.35,0.35,0.25925925925925924
315,phylum>order>unit,unit+order+phylum,Pre-oviposition interval,21,4,12,3,17,FALSE,0.14285714285714285,0.8095238095238095,0.12,0.12,0.12,0.13043478260869565
315,phylum>order>unit,unit+order+phylum,Survival proportion,24,4,5,6,21,FALSE,0.25,0.8333333333333334,0.3333333333333333,0.3333333333333333,0.3333333333333333,0.28571428571428575
316,phylum>unit>order,unit+order+phylum,Body mass / weight,41,6,5,14,26,FALSE,0.34146341463414637,0.8536585365853658,0.6666666666666666,0.6666666666666666,0.6666666666666666,0.4516129032258065
316,phylum>unit>order,unit+order+phylum,Development rate,13,5,4,3,10;18,TRUE,0.23076923076923078,0.6153846153846154,0.07317073170731707,0.3365853658536585,0.6,0.27380952380952384
316,phylum>unit>order,unit+order+phylum,Development time,25,4,8,4,6;22,TRUE,0.16,0.84,0.14285714285714285,0.3214285714285714,0.5,0.21364985163204747
316,phylum>unit>order,unit+order+phylum,Egg incubation period,9,0,3,7,15,FALSE,0.7777777777777778,1,0.1206896551724138,0.1206896551724138,0.1206896551724138,0.208955223880597
316,phylum>unit>order,unit+order+phylum,Egg-hatching success,13,1,3,8,18,FALSE,0.6153846153846154,0.9230769230769231,0.1951219512195122,0.1951219512195122,0.1951219512195122,0.29629629629629634
316,phylum>unit>order,unit+order+phylum,Fecundity,72,25,12,10,11,FALSE,0.1388888888888889,0.6527777777777778,0.7142857142857143,0.7142857142857143,0.7142857142857143,0.23255813953488372
316,phylum>unit>order,unit+order+phylum,Linear morphometrics,15,0,3,6,0,FALSE,0.4,1,0.3157894736842105,0.3157894736842105,0.3157894736842105,0.35294117647058826
316,phylum>unit>order,unit+order+phylum,Longevity / lifespan,34,2,8,10,22,FALSE,0.29411764705882354,0.9411764705882353,0.35714285714285715,0.35714285714285715,0.35714285714285715,0.3225806451612903
316,phylum>unit>order,unit+order+phylum,Pre-oviposition interval,21,1,7,9,15,FALSE,0.42857142857142855,0.9523809523809523,0.15517241379310345,0.15517241379310345,0.15517241379310345,0.22784810126582278
316,phylum>unit>order,unit+order+phylum,Survival proportion,24,3,5,9,18,FALSE,0.375,0.875,0.21951219512195122,0.21951219512195122,0.21951219512195122,0.27692307692307694
317,unit>order>phylum,unit+order+phylum,Body mass / weight,41,7,6,13,33,FALSE,0.3170731707317073,0.8292682926829268,0.7647058823529411,0.7647058823529411,0.7647058823529411,0.4482758620689655
317,unit>order>phylum,unit+order+phylum,Development rate,13,6,3,3,18;27,TRUE,0.23076923076923078,0.5384615384615384,0.375,0.4875,0.6,0.3132530120481928
317,unit>order>phylum,unit+order+phylum,Development time,25,3,9,4,15;25,TRUE,0.16,0.88,0.4,0.45,0.5,0.23606557377049184
317,unit>order>phylum,unit+order+phylum,Egg incubation period,9,0,3,4,23;24,TRUE,0.4444444444444444,1,0.0851063829787234,0.2925531914893617,0.5,0.35284683239775455
317,unit>order>phylum,unit+order+phylum,Egg-hatching success,13,1,5,3,9;27;29,TRUE,0.23076923076923078,0.9230769230769231,0.09090909090909091,0.23863636363636365,0.375,0.23463687150837992
317,unit>order>phylum,unit+order+phylum,Fecundity,72,12,9,14,13,FALSE,0.19444444444444445,0.8333333333333334,0.875,0.875,0.875,0.3181818181818182
317,unit>order>phylum,unit+order+phylum,Linear morphometrics,15,4,2,6,3,FALSE,0.4,0.7333333333333333,1,1,1,0.5714285714285715
317,unit>order>phylum,unit+order+phylum,Longevity / lifespan,34,3,10,8,23,FALSE,0.23529411764705882,0.9117647058823529,0.1702127659574468,0.1702127659574468,0.1702127659574468,0.19753086419753088
317,unit>order>phylum,unit+order+phylum,Pre-oviposition interval,21,2,11,5,23,FALSE,0.23809523809523808,0.9047619047619048,0.10638297872340426,0.10638297872340426,0.10638297872340426,0.14705882352941177
317,unit>order>phylum,unit+order+phylum,Survival proportion,24,4,5,12,29,FALSE,0.5,0.8333333333333334,0.36363636363636365,0.36363636363636365,0.36363636363636365,0.4210526315789474
318,unit>phylum>order,unit+order+phylum,Body mass / weight,41,8,5,12,29,FALSE,0.2926829268292683,0.8048780487804879,0.8571428571428571,0.8571428571428571,0.8571428571428571,0.4363636363636364
318,unit>phylum>order,unit+order+phylum,Development rate,13,6,3,3,15;20,TRUE,0.23076923076923078,0.5384615384615384,0.42857142857142855,0.5142857142857142,0.6,0.3185840707964602
318,unit>phylum>order,unit+order+phylum,Development time,25,3,9,6,26,FALSE,0.24,0.88,0.2727272727272727,0.2727272727272727,0.2727272727272727,0.2553191489361702
318,unit>phylum>order,unit+order+phylum,Egg incubation period,9,1,4,3,23;24,TRUE,0.3333333333333333,0.8888888888888888,0.06818181818181818,0.1590909090909091,0.25,0.21538461538461537
318,unit>phylum>order,unit+order+phylum,Egg-hatching success,13,2,3,7,17,FALSE,0.5384615384615384,0.8461538461538461,0.2,0.2,0.2,0.2916666666666667
318,unit>phylum>order,unit+order+phylum,Fecundity,72,14,11,11,12,FALSE,0.1527777777777778,0.8055555555555556,0.7333333333333333,0.7333333333333333,0.7333333333333333,0.25287356321839083
318,unit>phylum>order,unit+order+phylum,Linear morphometrics,15,0,2,10,7,FALSE,0.6666666666666666,1,1,1,1,0.8
318,unit>phylum>order,unit+order+phylum,Longevity / lifespan,34,3,8,9,23,FALSE,0.2647058823529412,0.9117647058823529,0.20454545454545456,0.20454545454545456,0.20454545454545456,0.23076923076923078
318,unit>phylum>order,unit+order+phylum,Pre-oviposition interval,21,2,9,6,23,FALSE,0.2857142857142857,0.9047619047619048,0.13636363636363635,0.13636363636363635,0.13636363636363635,0.1846153846153846
318,unit>phylum>order,unit+order+phylum,Survival proportion,24,3,5,13,17,FALSE,0.5416666666666666,0.875,0.37142857142857144,0.37142857142857144,0.37142857142857144,0.44067796610169496
319,order>stage>unit,unit+order+stage,Body mass / weight,41,3,5,12,11,FALSE,0.2926829268292683,0.926829268292683,0.5714285714285714,0.5714285714285714,0.5714285714285714,0.3870967741935484
319,order>stage>unit,unit+order+stage,Development rate,13,6,6,2,9,FALSE,0.15384615384615385,0.5384615384615384,0.18181818181818182,0.18181818181818182,0.18181818181818182,0.16666666666666669
319,order>stage>unit,unit+order+stage,Development time,25,9,8,4,24;28,TRUE,0.16,0.64,0.4,0.45,0.5,0.23606557377049184
319,order>stage>unit,unit+order+stage,Egg incubation period,9,0,2,8,6,FALSE,0.8888888888888888,1,0.6153846153846154,0.6153846153846154,0.6153846153846154,0.7272727272727274
319,order>stage>unit,unit+order+stage,Egg-hatching success,13,0,4,8,7,FALSE,0.6153846153846154,1,0.6666666666666666,0.6666666666666666,0.6666666666666666,0.64
319,order>stage>unit,unit+order+stage,Fecundity,72,25,8,21,14,FALSE,0.2916666666666667,0.6527777777777778,1,1,1,0.45161290322580644
319,order>stage>unit,unit+order+stage,Linear morphometrics,15,7,2,6,10,FALSE,0.4,0.5333333333333333,1,1,1,0.5714285714285715
319,order>stage>unit,unit+order+stage,Longevity / lifespan,34,8,12,3,20;25;32;33;34,TRUE,0.08823529411764706,0.7647058823529411,0.2,0.42615384615384616,0.6,0.14619985925404647
319,order>stage>unit,unit+order+stage,Pre-oviposition interval,21,2,10,4,26,FALSE,0.19047619047619047,0.9047619047619048,0.4444444444444444,0.4444444444444444,0.4444444444444444,0.26666666666666666
319,order>stage>unit,unit+order+stage,Survival proportion,24,5,7,5,13;18,TRUE,0.20833333333333334,0.7916666666666666,0.38461538461538464,0.4700854700854701,0.5555555555555556,0.2887139107611549
320,order>unit>stage,unit+order+stage,Body mass / weight,41,4,8,8,16,FALSE,0.1951219512195122,0.9024390243902439,1,1,1,0.326530612244898
320,order>unit>stage,unit+order+stage,Development rate,13,5,7,2,2,FALSE,0.15384615384615385,0.6153846153846154,0.18181818181818182,0.18181818181818182,0.18181818181818182,0.16666666666666669
320,order>unit>stage,unit+order+stage,Development time,25,8,7,5,29,FALSE,0.2,0.68,0.45454545454545453,0.45454545454545453,0.45454545454545453,0.2777777777777778
320,order>unit>stage,unit+order+stage,Egg incubation period,9,0,2,8,6,FALSE,0.8888888888888888,1,0.6153846153846154,0.6153846153846154,0.6153846153846154,0.7272727272727274
320,order>unit>stage,unit+order+stage,Egg-hatching success,13,0,4,8,1,FALSE,0.6153846153846154,1,0.6666666666666666,0.6666666666666666,0.6666666666666666,0.64
320,order>unit>stage,unit+order+stage,Fecundity,72,27,7,17,28,FALSE,0.2361111111111111,0.625,1,1,1,0.38202247191011235
320,order>unit>stage,unit+order+stage,Linear morphometrics,15,7,2,6,19,FALSE,0.4,0.5333333333333333,1,1,1,0.5714285714285715
320,order>unit>stage,unit+order+stage,Longevity / lifespan,34,5,11,7,30,FALSE,0.20588235294117646,0.8529411764705882,0.4375,0.4375,0.4375,0.28
320,order>unit>stage,unit+order+stage,Pre-oviposition interval,21,1,9,5,17,FALSE,0.23809523809523808,0.9523809523809523,0.3125,0.3125,0.3125,0.27027027027027023
320,order>unit>stage,unit+order+stage,Survival proportion,24,5,6,6,10,FALSE,0.25,0.7916666666666666,0.75,0.75,0.75,0.375
321,stage>order>unit,unit+order+stage,Body mass / weight,41,1,8,8,13,FALSE,0.1951219512195122,0.975609756097561,1,1,1,0.326530612244898
321,stage>order>unit,unit+order+stage,Development rate,13,8,4,2,8,FALSE,0.15384615384615385,0.38461538461538464,0.18181818181818182,0.18181818181818182,0.18181818181818182,0.16666666666666669
321,stage>order>unit,unit+order+stage,Development time,25,10,9,4,35,FALSE,0.16,0.6,0.4,0.4,0.4,0.22857142857142856
321,stage>order>unit,unit+order+stage,Egg incubation period,9,0,3,6,16,FALSE,0.6666666666666666,1,0.8571428571428571,0.8571428571428571,0.8571428571428571,0.75
321,stage>order>unit,unit+order+stage,Egg-hatching success,13,0,4,8,7,FALSE,0.6153846153846154,1,0.6666666666666666,0.6666666666666666,0.6666666666666666,0.64
321,stage>order>unit,unit+order+stage,Fecundity,72,22,8,21,28,FALSE,0.2916666666666667,0.6944444444444444,1,1,1,0.45161290322580644
321,stage>order>unit,unit+order+stage,Linear morphometrics,15,4,2,6,4,FALSE,0.4,0.7333333333333333,1,1,1,0.5714285714285715
321,stage>order>unit,unit+order+stage,Longevity / lifespan,34,4,13,7,36,FALSE,0.20588235294117646,0.8823529411764706,0.4666666666666667,0.4666666666666667,0.4666666666666667,0.28571428571428564
321,stage>order>unit,unit+order+stage,Pre-oviposition interval,21,1,9,4,17;21,TRUE,0.19047619047619047,0.9523809523809523,0.26666666666666666,0.33333333333333337,0.4,0.24242424242424246
321,stage>order>unit,unit+order+stage,Survival proportion,24,4,8,6,11,FALSE,0.25,0.8333333333333334,0.75,0.75,0.75,0.375
322,stage>unit>order,unit+order+stage,Body mass / weight,41,2,8,9,28,FALSE,0.21951219512195122,0.9512195121951219,0.6923076923076923,0.6923076923076923,0.6923076923076923,0.3333333333333333
322,stage>unit>order,unit+order+stage,Development rate,13,5,6,2,18;34,TRUE,0.15384615384615385,0.6153846153846154,0.16666666666666666,0.17424242424242425,0.18181818181818182,0.16341030195381884
322,stage>unit>order,unit+order+stage,Development time,25,9,9,5,34,FALSE,0.2,0.64,0.4166666666666667,0.4166666666666667,0.4166666666666667,0.2702702702702703
322,stage>unit>order,unit+order+stage,Egg incubation period,9,0,2,8,5,FALSE,0.8888888888888888,1,0.6153846153846154,0.6153846153846154,0.6153846153846154,0.7272727272727274
322,stage>unit>order,unit+order+stage,Egg-hatching success,13,0,4,8,3,FALSE,0.6153846153846154,1,0.6666666666666666,0.6666666666666666,0.6666666666666666,0.64
322,stage>unit>order,unit+order+stage,Fecundity,72,28,11,10,21,FALSE,0.1388888888888889,0.6111111111111112,0.7142857142857143,0.7142857142857143,0.7142857142857143,0.23255813953488372
322,stage>unit>order,unit+order+stage,Linear morphometrics,15,2,4,5,0,FALSE,0.3333333333333333,0.8666666666666667,1,1,1,0.5
322,stage>unit>order,unit+order+stage,Longevity / lifespan,34,5,14,4,31;36,TRUE,0.11764705882352941,0.8529411764705882,0.36363636363636365,0.36363636363636365,0.36363636363636365,0.17777777777777776
322,stage>unit>order,unit+order+stage,Pre-oviposition interval,21,1,9,4,8;10,TRUE,0.19047619047619047,0.9523809523809523,0.21052631578947367,0.32748538011695905,0.4444444444444444,0.24086021505376345
322,stage>unit>order,unit+order+stage,Survival proportion,24,5,7,7,17,FALSE,0.2916666666666667,0.7916666666666666,0.4375,0.4375,0.4375,0.35000000000000003
323,unit>order>stage,unit+order+stage,Body mass / weight,41,2,7,9,30,FALSE,0.21951219512195122,0.9512195121951219,0.6428571428571429,0.6428571428571429,0.6428571428571429,0.32727272727272727
323,unit>order>stage,unit+order+stage,Development rate,13,7,5,2,7,FALSE,0.15384615384615385,0.46153846153846156,0.18181818181818182,0.18181818181818182,0.18181818181818182,0.16666666666666669
323,unit>order>stage,unit+order+stage,Development time,25,9,8,5,32,FALSE,0.2,0.64,0.5,0.5,0.5,0.28571428571428575
323,unit>order>stage,unit+order+stage,Egg incubation period,9,0,2,8,13,FALSE,0.8888888888888888,1,0.5333333333333333,0.5333333333333333,0.5333333333333333,0.6666666666666667
323,unit>order>stage,unit+order+stage,Egg-hatching success,13,0,4,8,8,FALSE,0.6153846153846154,1,0.6666666666666666,0.6666666666666666,0.6666666666666666,0.64
323,unit>order>stage,unit+order+stage,Fecundity,72,16,11,12,19,FALSE,0.16666666666666666,0.7777777777777778,1,1,1,0.2857142857142857
323,unit>order>stage,unit+order+stage,Linear morphometrics,15,3,2,10,3,FALSE,0.6666666666666666,0.8,0.9090909090909091,0.9090909090909091,0.9090909090909091,0.7692307692307692
323,unit>order>stage,unit+order+stage,Longevity / lifespan,34,2,14,5,36,FALSE,0.14705882352941177,0.9411764705882353,0.5555555555555556,0.5555555555555556,0.5555555555555556,0.23255813953488372
323,unit>order>stage,unit+order+stage,Pre-oviposition interval,21,1,8,5,22;23,TRUE,0.23809523809523808,0.9523809523809523,0.21739130434782608,0.358695652173913,0.5,0.2862098872506505
323,unit>order>stage,unit+order+stage,Survival proportion,24,4,7,7,9,FALSE,0.2916666666666667,0.8333333333333334,0.4375,0.4375,0.4375,0.35000000000000003
324,unit>stage>order,unit+order+stage,Body mass / weight,41,1,6,13,9,FALSE,0.3170731707317073,0.975609756097561,0.5652173913043478,0.5652173913043478,0.5652173913043478,0.40625
324,unit>stage>order,unit+order+stage,Development rate,13,10,2,2,10,FALSE,0.15384615384615385,0.23076923076923078,0.18181818181818182,0.18181818181818182,0.18181818181818182,0.16666666666666669
324,unit>stage>order,unit+order+stage,Development time,25,9,9,4,33,FALSE,0.16,0.64,0.4444444444444444,0.4444444444444444,0.4444444444444444,0.23529411764705882
324,unit>stage>order,unit+order+stage,Egg incubation period,9,0,2,8,17,FALSE,0.8888888888888888,1,0.6666666666666666,0.6666666666666666,0.6666666666666666,0.761904761904762
324,unit>stage>order,unit+order+stage,Egg-hatching success,13,0,4,8,7,FALSE,0.6153846153846154,1,0.7272727272727273,0.7272727272727273,0.7272727272727273,0.6666666666666667
324,unit>stage>order,unit+order+stage,Fecundity,72,19,10,12,29,FALSE,0.16666666666666666,0.7361111111111112,1,1,1,0.2857142857142857
324,unit>stage>order,unit+order+stage,Linear morphometrics,15,0,3,6,1,FALSE,0.4,1,1,1,1,0.5714285714285715
324,unit>stage>order,unit+order+stage,Longevity / lifespan,34,2,11,7,34,FALSE,0.20588235294117646,0.9411764705882353,0.4666666666666667,0.4666666666666667,0.4666666666666667,0.28571428571428564
324,unit>stage>order,unit+order+stage,Pre-oviposition interval,21,1,9,6,20,FALSE,0.2857142857142857,0.9523809523809523,0.2857142857142857,0.2857142857142857,0.2857142857142857,0.2857142857142857
324,unit>stage>order,unit+order+stage,Survival proportion,24,4,7,7,8,FALSE,0.2916666666666667,0.8333333333333334,0.4375,0.4375,0.4375,0.35000000000000003
325,class>stage>unit,unit+stage+class,Body mass / weight,41,5,6,11,1,FALSE,0.2682926829268293,0.8780487804878049,0.5789473684210527,0.5789473684210527,0.5789473684210527,0.36666666666666664
325,class>stage>unit,unit+stage+class,Development rate,13,7,4,2,7;32,TRUE,0.15384615384615385,0.46153846153846156,0.18181818181818182,0.20202020202020202,0.2222222222222222,0.17467248908296945
325,class>stage>unit,unit+stage+class,Development time,25,6,10,5,12;32,TRUE,0.2,0.76,0.5555555555555556,0.6944444444444444,0.8333333333333334,0.31055900621118016
325,class>stage>unit,unit+stage+class,Egg incubation period,9,0,3,4,26;27,TRUE,0.4444444444444444,1,0.5714285714285714,0.6857142857142857,0.8,0.5393258426966292
325,class>stage>unit,unit+stage+class,Egg-hatching success,13,0,4,8,15,FALSE,0.6153846153846154,1,0.6666666666666666,0.6666666666666666,0.6666666666666666,0.64
325,class>stage>unit,unit+stage+class,Fecundity,72,22,8,16,6,FALSE,0.2222222222222222,0.6944444444444444,0.8421052631578947,0.8421052631578947,0.8421052631578947,0.3516483516483516
325,class>stage>unit,unit+stage+class,Linear morphometrics,15,3,2,10,2,FALSE,0.6666666666666666,0.8,1,1,1,0.8
325,class>stage>unit,unit+stage+class,Longevity / lifespan,34,4,11,6,35,FALSE,0.17647058823529413,0.8823529411764706,0.2608695652173913,0.2608695652173913,0.2608695652173913,0.2105263157894737
325,class>stage>unit,unit+stage+class,Pre-oviposition interval,21,0,7,7,25,FALSE,0.3333333333333333,1,0.35,0.35,0.35,0.3414634146341463
325,class>stage>unit,unit+stage+class,Survival proportion,24,5,7,5,28,FALSE,0.20833333333333334,0.7916666666666666,0.5555555555555556,0.5555555555555556,0.5555555555555556,0.30303030303030304
326,class>unit>stage,unit+stage+class,Body mass / weight,41,5,6,11,0,FALSE,0.2682926829268293,0.8780487804878049,0.55,0.55,0.55,0.36065573770491804
326,class>unit>stage,unit+stage+class,Development rate,13,6,3,4,24,FALSE,0.3076923076923077,0.5384615384615384,0.23529411764705882,0.23529411764705882,0.23529411764705882,0.26666666666666666
326,class>unit>stage,unit+stage+class,Development time,25,4,10,7,24,FALSE,0.28,0.84,0.4117647058823529,0.4117647058823529,0.4117647058823529,0.3333333333333333
326,class>unit>stage,unit+stage+class,Egg incubation period,9,0,3,6,12,FALSE,0.6666666666666666,1,0.8571428571428571,0.8571428571428571,0.8571428571428571,0.75
326,class>unit>stage,unit+stage+class,Egg-hatching success,13,0,5,5,4,FALSE,0.38461538461538464,1,0.8333333333333334,0.8333333333333334,0.8333333333333334,0.5263157894736842
326,class>unit>stage,unit+stage+class,Fecundity,72,27,9,12,27,FALSE,0.16666666666666666,0.625,0.8,0.8,0.8,0.27586206896551724
326,class>unit>stage,unit+stage+class,Linear morphometrics,15,3,2,10,2,FALSE,0.6666666666666666,0.8,1,1,1,0.8
326,class>unit>stage,unit+stage+class,Longevity / lifespan,34,4,13,5,36,FALSE,0.14705882352941177,0.8823529411764706,0.3125,0.3125,0.3125,0.2
326,class>unit>stage,unit+stage+class,Pre-oviposition interval,21,1,7,7,26,FALSE,0.3333333333333333,0.9523809523809523,0.2916666666666667,0.2916666666666667,0.2916666666666667,0.3111111111111111
326,class>unit>stage,unit+stage+class,Survival proportion,24,6,7,7,8,FALSE,0.2916666666666667,0.75,0.4375,0.4375,0.4375,0.35000000000000003
327,stage>class>unit,unit+stage+class,Body mass / weight,41,2,6,11,2,FALSE,0.2682926829268293,0.9512195121951219,0.5789473684210527,0.5789473684210527,0.5789473684210527,0.36666666666666664
327,stage>class>unit,unit+stage+class,Development rate,13,4,5,4,30,FALSE,0.3076923076923077,0.6923076923076923,0.25,0.25,0.25,0.27586206896551724
327,stage>class>unit,unit+stage+class,Development time,25,6,8,6,30,FALSE,0.24,0.76,0.375,0.375,0.375,0.2926829268292683
327,stage>class>unit,unit+stage+class,Egg incubation period,9,0,2,8,7,FALSE,0.8888888888888888,1,0.6153846153846154,0.6153846153846154,0.6153846153846154,0.7272727272727274
327,stage>class>unit,unit+stage+class,Egg-hatching success,13,0,4,8,8,FALSE,0.6153846153846154,1,0.6666666666666666,0.6666666666666666,0.6666666666666666,0.64
327,stage>class>unit,unit+stage+class,Fecundity,72,22,10,14,20,FALSE,0.19444444444444445,0.6944444444444444,0.8235294117647058,0.8235294117647058,0.8235294117647058,0.3146067415730337
327,stage>class>unit,unit+stage+class,Linear morphometrics,15,3,2,10,1,FALSE,0.6666666666666666,0.8,1,1,1,0.8
327,stage>class>unit,unit+stage+class,Longevity / lifespan,34,5,13,5,35,FALSE,0.14705882352941177,0.8529411764705882,0.25,0.25,0.25,0.18518518518518517
327,stage>class>unit,unit+stage+class,Pre-oviposition interval,21,2,6,8,25,FALSE,0.38095238095238093,0.9047619047619048,0.34782608695652173,0.34782608695652173,0.34782608695652173,0.3636363636363636
327,stage>class>unit,unit+stage+class,Survival proportion,24,5,6,6,16,FALSE,0.25,0.7916666666666666,0.75,0.75,0.75,0.375
328,stage>unit>class,unit+stage+class,Body mass / weight,41,0,7,12,15,FALSE,0.2926829268292683,1,0.5714285714285714,0.5714285714285714,0.5714285714285714,0.3870967741935484
328,stage>unit>class,unit+stage+class,Development rate,13,3,6,4,27,FALSE,0.3076923076923077,0.7692307692307693,0.2222222222222222,0.2222222222222222,0.2222222222222222,0.2580645161290323
328,stage>unit>class,unit+stage+class,Development time,25,3,10,7,27,FALSE,0.28,0.88,0.3888888888888889,0.3888888888888889,0.3888888888888889,0.32558139534883723
328,stage>unit>class,unit+stage+class,Egg incubation period,9,0,2,8,7,FALSE,0.8888888888888888,1,0.6153846153846154,0.6153846153846154,0.6153846153846154,0.7272727272727274
328,stage>unit>class,unit+stage+class,Egg-hatching success,13,0,4,8,6,FALSE,0.6153846153846154,1,0.6666666666666666,0.6666666666666666,0.6666666666666666,0.64
328,stage>unit>class,unit+stage+class,Fecundity,72,20,9,16,17,FALSE,0.2222222222222222,0.7222222222222222,0.8421052631578947,0.8421052631578947,0.8421052631578947,0.3516483516483516
328,stage>unit>class,unit+stage+class,Linear morphometrics,15,5,2,8,3,FALSE,0.5333333333333333,0.6666666666666666,0.8888888888888888,0.8888888888888888,0.8888888888888888,0.6666666666666667
328,stage>unit>class,unit+stage+class,Longevity / lifespan,34,7,12,6,33,FALSE,0.17647058823529413,0.7941176470588235,0.2857142857142857,0.2857142857142857,0.2857142857142857,0.21818181818181817
328,stage>unit>class,unit+stage+class,Pre-oviposition interval,21,3,7,6,23,FALSE,0.2857142857142857,0.8571428571428571,0.35294117647058826,0.35294117647058826,0.35294117647058826,0.31578947368421056
328,stage>unit>class,unit+stage+class,Survival proportion,24,4,7,6,10,FALSE,0.25,0.8333333333333334,0.6666666666666666,0.6666666666666666,0.6666666666666666,0.36363636363636365
329,unit>class>stage,unit+stage+class,Body mass / weight,41,2,6,12,13,FALSE,0.2926829268292683,0.9512195121951219,0.631578947368421,0.631578947368421,0.631578947368421,0.39999999999999997
329,unit>class>stage,unit+stage+class,Development rate,13,7,5,2,16,FALSE,0.15384615384615385,0.46153846153846156,0.18181818181818182,0.18181818181818182,0.18181818181818182,0.16666666666666669
329,unit>class>stage,unit+stage+class,Development time,25,7,8,5,23;33,TRUE,0.2,0.72,0.7142857142857143,0.7738095238095238,0.8333333333333334,0.3178484107579462
329,unit>class>stage,unit+stage+class,Egg incubation period,9,0,2,8,19,FALSE,0.8888888888888888,1,0.6153846153846154,0.6153846153846154,0.6153846153846154,0.7272727272727274
329,unit>class>stage,unit+stage+class,Egg-hatching success,13,0,4,8,15,FALSE,0.6153846153846154,1,0.6666666666666666,0.6666666666666666,0.6666666666666666,0.64
329,unit>class>stage,unit+stage+class,Fecundity,72,19,10,16,7,FALSE,0.2222222222222222,0.7361111111111112,0.8421052631578947,0.8421052631578947,0.8421052631578947,0.3516483516483516
329,unit>class>stage,unit+stage+class,Linear morphometrics,15,0,2,10,1,FALSE,0.6666666666666666,1,1,1,1,0.8
329,unit>class>stage,unit+stage+class,Longevity / lifespan,34,6,12,7,37,FALSE,0.20588235294117646,0.8235294117647058,0.4117647058823529,0.4117647058823529,0.4117647058823529,0.2745098039215686
329,unit>class>stage,unit+stage+class,Pre-oviposition interval,21,2,6,6,29,FALSE,0.2857142857142857,0.9047619047619048,0.2857142857142857,0.2857142857142857,0.2857142857142857,0.2857142857142857
329,unit>class>stage,unit+stage+class,Survival proportion,24,4,7,7,20,FALSE,0.2916666666666667,0.8333333333333334,0.4375,0.4375,0.4375,0.35000000000000003
330,unit>stage>class,unit+stage+class,Body mass / weight,41,3,4,12,8,FALSE,0.2926829268292683,0.926829268292683,0.631578947368421,0.631578947368421,0.631578947368421,0.39999999999999997
330,unit>stage>class,unit+stage+class,Development rate,13,5,4,4,16,FALSE,0.3076923076923077,0.6153846153846154,0.8,0.8,0.8,0.4444444444444444
330,unit>stage>class,unit+stage+class,Development time,25,6,8,6,24,FALSE,0.24,0.76,0.46153846153846156,0.46153846153846156,0.46153846153846156,0.3157894736842105
330,unit>stage>class,unit+stage+class,Egg incubation period,9,0,2,8,25,FALSE,0.8888888888888888,1,0.6666666666666666,0.6666666666666666,0.6666666666666666,0.761904761904762
330,unit>stage>class,unit+stage+class,Egg-hatching success,13,0,4,8,17,FALSE,0.6153846153846154,1,0.7272727272727273,0.7272727272727273,0.7272727272727273,0.6666666666666667
330,unit>stage>class,unit+stage+class,Fecundity,72,21,8,16,4,FALSE,0.2222222222222222,0.7083333333333334,0.8421052631578947,0.8421052631578947,0.8421052631578947,0.3516483516483516
330,unit>stage>class,unit+stage+class,Linear morphometrics,15,0,2,10,1,FALSE,0.6666666666666666,1,0.9090909090909091,0.9090909090909091,0.9090909090909091,0.7692307692307692
330,unit>stage>class,unit+stage+class,Longevity / lifespan,34,6,13,7,26,FALSE,0.20588235294117646,0.8235294117647058,0.4117647058823529,0.4117647058823529,0.4117647058823529,0.2745098039215686
330,unit>stage>class,unit+stage+class,Pre-oviposition interval,21,2,8,3,24;32;34;36;37,TRUE,0.14285714285714285,0.9047619047619048,0.2,0.2611538461538462,0.375,0.18468652250781994
330,unit>stage>class,unit+stage+class,Survival proportion,24,4,8,6,23,FALSE,0.25,0.8333333333333334,0.6,0.6,0.6,0.35294117647058826
331,phylum>stage>unit,unit+stage+phylum,Body mass / weight,41,2,5,14,8,FALSE,0.34146341463414637,0.9512195121951219,0.7777777777777778,0.7777777777777778,0.7777777777777778,0.4745762711864407
331,phylum>stage>unit,unit+stage+phylum,Development rate,13,7,4,2,4;28,TRUE,0.15384615384615385,0.46153846153846156,0.18181818181818182,0.20202020202020202,0.2222222222222222,0.17467248908296945
331,phylum>stage>unit,unit+stage+phylum,Development time,25,8,10,5,28,FALSE,0.2,0.68,0.5555555555555556,0.5555555555555556,0.5555555555555556,0.29411764705882354
331,phylum>stage>unit,unit+stage+phylum,Egg incubation period,9,1,3,5,21,FALSE,0.5555555555555556,0.8888888888888888,0.625,0.625,0.625,0.5882352941176471
331,phylum>stage>unit,unit+stage+phylum,Egg-hatching success,13,2,4,6,24,FALSE,0.46153846153846156,0.8461538461538461,1,1,1,0.631578947368421
331,phylum>stage>unit,unit+stage+phylum,Fecundity,72,31,10,12,10,FALSE,0.16666666666666666,0.5694444444444444,0.8571428571428571,0.8571428571428571,0.8571428571428571,0.27906976744186046
331,phylum>stage>unit,unit+stage+phylum,Linear morphometrics,15,5,2,8,1,FALSE,0.5333333333333333,0.6666666666666666,1,1,1,0.6956521739130436
331,phylum>stage>unit,unit+stage+phylum,Longevity / lifespan,34,3,11,7,30,FALSE,0.20588235294117646,0.9117647058823529,0.2692307692307692,0.2692307692307692,0.2692307692307692,0.23333333333333334
331,phylum>stage>unit,unit+stage+phylum,Pre-oviposition interval,21,1,7,7,30,FALSE,0.3333333333333333,0.9523809523809523,0.2692307692307692,0.2692307692307692,0.2692307692307692,0.2978723404255319
331,phylum>stage>unit,unit+stage+phylum,Survival proportion,24,9,6,5,15,FALSE,0.20833333333333334,0.625,0.625,0.625,0.625,0.3125
332,phylum>unit>stage,unit+stage+phylum,Body mass / weight,41,10,5,11,16,FALSE,0.2682926829268293,0.7560975609756098,0.7333333333333333,0.7333333333333333,0.7333333333333333,0.3928571428571429
332,phylum>unit>stage,unit+stage+phylum,Development rate,13,6,3,4,26,FALSE,0.3076923076923077,0.5384615384615384,0.25,0.25,0.25,0.27586206896551724
332,phylum>unit>stage,unit+stage+phylum,Development time,25,8,8,6,26,FALSE,0.24,0.68,0.375,0.375,0.375,0.2926829268292683
332,phylum>unit>stage,unit+stage+phylum,Egg incubation period,9,1,3,4,23,FALSE,0.4444444444444444,0.8888888888888888,0.8,0.8,0.8,0.5714285714285714
332,phylum>unit>stage,unit+stage+phylum,Egg-hatching success,13,0,3,11,5,FALSE,0.8461538461538461,1,0.6111111111111112,0.6111111111111112,0.6111111111111112,0.7096774193548387
332,phylum>unit>stage,unit+stage+phylum,Fecundity,72,28,9,14,8,FALSE,0.19444444444444445,0.6111111111111112,0.7777777777777778,0.7777777777777778,0.7777777777777778,0.3111111111111111
332,phylum>unit>stage,unit+stage+phylum,Linear morphometrics,15,4,2,9,10,FALSE,0.6,0.7333333333333333,1,1,1,0.7499999999999999
332,phylum>unit>stage,unit+stage+phylum,Longevity / lifespan,34,3,11,5,32,FALSE,0.14705882352941177,0.9117647058823529,0.1724137931034483,0.1724137931034483,0.1724137931034483,0.15873015873015872
332,phylum>unit>stage,unit+stage+phylum,Pre-oviposition interval,21,1,6,8,32,FALSE,0.38095238095238093,0.9523809523809523,0.27586206896551724,0.27586206896551724,0.27586206896551724,0.32
332,phylum>unit>stage,unit+stage+phylum,Survival proportion,24,7,6,6,7,FALSE,0.25,0.7083333333333334,0.5454545454545454,0.5454545454545454,0.5454545454545454,0.34285714285714286
333,stage>phylum>unit,unit+stage+phylum,Body mass / weight,41,2,6,16,12,FALSE,0.3902439024390244,0.9512195121951219,0.8421052631578947,0.8421052631578947,0.8421052631578947,0.5333333333333333
333,stage>phylum>unit,unit+stage+phylum,Development rate,13,6,3,4,22,FALSE,0.3076923076923077,0.5384615384615384,0.2222222222222222,0.2222222222222222,0.2222222222222222,0.2580645161290323
333,stage>phylum>unit,unit+stage+phylum,Development time,25,8,8,7,22,FALSE,0.28,0.68,0.3888888888888889,0.3888888888888889,0.3888888888888889,0.32558139534883723
333,stage>phylum>unit,unit+stage+phylum,Egg incubation period,9,1,3,5,20,FALSE,0.5555555555555556,0.8888888888888888,0.5,0.5,0.5,0.5263157894736842
333,stage>phylum>unit,unit+stage+phylum,Egg-hatching success,13,1,4,7,13,FALSE,0.5384615384615384,0.9230769230769231,0.7777777777777778,0.7777777777777778,0.7777777777777778,0.6363636363636364
333,stage>phylum>unit,unit+stage+phylum,Fecundity,72,33,10,7,17,FALSE,0.09722222222222222,0.5416666666666666,0.875,0.875,0.875,0.17500000000000002
333,stage>phylum>unit,unit+stage+phylum,Linear morphometrics,15,4,2,9,1,FALSE,0.6,0.7333333333333333,1,1,1,0.7499999999999999
333,stage>phylum>unit,unit+stage+phylum,Longevity / lifespan,34,5,11,8,34,FALSE,0.23529411764705882,0.8529411764705882,0.2,0.2,0.2,0.2162162162162162
333,stage>phylum>unit,unit+stage+phylum,Pre-oviposition interval,21,2,6,8,34,FALSE,0.38095238095238093,0.9047619047619048,0.2,0.2,0.2,0.2622950819672132
333,stage>phylum>unit,unit+stage+phylum,Survival proportion,24,9,6,7,5,FALSE,0.2916666666666667,0.625,0.2413793103448276,0.2413793103448276,0.2413793103448276,0.26415094339622647
334,stage>unit>phylum,unit+stage+phylum,Body mass / weight,41,0,8,14,28,FALSE,0.34146341463414637,1,0.7,0.7,0.7,0.4590163934426229
334,stage>unit>phylum,unit+stage+phylum,Development rate,13,4,5,4,14,FALSE,0.3076923076923077,0.6923076923076923,0.21052631578947367,0.21052631578947367,0.21052631578947367,0.25
334,stage>unit>phylum,unit+stage+phylum,Development time,25,5,10,7,14,FALSE,0.28,0.8,0.3684210526315789,0.3684210526315789,0.3684210526315789,0.3181818181818182
334,stage>unit>phylum,unit+stage+phylum,Egg incubation period,9,1,3,4,23,FALSE,0.4444444444444444,0.8888888888888888,0.6666666666666666,0.6666666666666666,0.6666666666666666,0.5333333333333333
334,stage>unit>phylum,unit+stage+phylum,Egg-hatching success,13,0,3,11,0,FALSE,0.8461538461538461,1,0.4230769230769231,0.4230769230769231,0.4230769230769231,0.5641025641025641
334,stage>unit>phylum,unit+stage+phylum,Fecundity,72,27,11,8,18,FALSE,0.1111111111111111,0.625,1,1,1,0.19999999999999998
334,stage>unit>phylum,unit+stage+phylum,Linear morphometrics,15,2,3,8,11,FALSE,0.5333333333333333,0.8666666666666667,0.6666666666666666,0.6666666666666666,0.6666666666666666,0.5925925925925926
334,stage>unit>phylum,unit+stage+phylum,Longevity / lifespan,34,4,10,6,31;32,TRUE,0.17647058823529413,0.8823529411764706,0.15789473684210525,0.19433198380566802,0.23076923076923078,0.184971098265896
334,stage>unit>phylum,unit+stage+phylum,Pre-oviposition interval,21,2,5,8,32,FALSE,0.38095238095238093,0.9047619047619048,0.21052631578947367,0.21052631578947367,0.21052631578947367,0.2711864406779661
334,stage>unit>phylum,unit+stage+phylum,Survival proportion,24,4,6,7,0,FALSE,0.2916666666666667,0.8333333333333334,0.2692307692307692,0.2692307692307692,0.2692307692307692,0.27999999999999997
335,unit>phylum>stage,unit+stage+phylum,Body mass / weight,41,6,7,8,2;8,TRUE,0.1951219512195122,0.8536585365853658,1,1,1,0.326530612244898
335,unit>phylum>stage,unit+stage+phylum,Development rate,13,9,3,2,11,FALSE,0.15384615384615385,0.3076923076923077,0.18181818181818182,0.18181818181818182,0.18181818181818182,0.16666666666666669
335,unit>phylum>stage,unit+stage+phylum,Development time,25,8,8,7,27,FALSE,0.28,0.68,0.5,0.5,0.5,0.358974358974359
335,unit>phylum>stage,unit+stage+phylum,Egg incubation period,9,1,3,6,21,FALSE,0.6666666666666666,0.8888888888888888,0.6,0.6,0.6,0.631578947368421
335,unit>phylum>stage,unit+stage+phylum,Egg-hatching success,13,3,4,4,25;26,TRUE,0.3076923076923077,0.7692307692307693,0.5,0.65,0.8,0.4176706827309237
335,unit>phylum>stage,unit+stage+phylum,Fecundity,72,24,9,14,4,FALSE,0.19444444444444445,0.6666666666666666,0.7777777777777778,0.7777777777777778,0.7777777777777778,0.3111111111111111
335,unit>phylum>stage,unit+stage+phylum,Linear morphometrics,15,3,2,10,13,FALSE,0.6666666666666666,0.8,1,1,1,0.8
335,unit>phylum>stage,unit+stage+phylum,Longevity / lifespan,34,5,10,7,32,FALSE,0.20588235294117646,0.8529411764705882,0.22580645161290322,0.22580645161290322,0.22580645161290322,0.2153846153846154
335,unit>phylum>stage,unit+stage+phylum,Pre-oviposition interval,21,1,5,8,32,FALSE,0.38095238095238093,0.9523809523809523,0.25806451612903225,0.25806451612903225,0.25806451612903225,0.30769230769230765
335,unit>phylum>stage,unit+stage+phylum,Survival proportion,24,8,7,5,24,FALSE,0.20833333333333334,0.6666666666666666,0.625,0.625,0.625,0.3125
336,unit>stage>phylum,unit+stage+phylum,Body mass / weight,41,3,5,17,13,FALSE,0.4146341463414634,0.926829268292683,0.7391304347826086,0.7391304347826086,0.7391304347826086,0.53125
336,unit>stage>phylum,unit+stage+phylum,Development rate,13,9,3,2,15,FALSE,0.15384615384615385,0.3076923076923077,0.18181818181818182,0.18181818181818182,0.18181818181818182,0.16666666666666669
336,unit>stage>phylum,unit+stage+phylum,Development time,25,5,8,7,23;24,TRUE,0.28,0.8,0.3888888888888889,0.4444444444444444,0.5,0.34355828220858897
336,unit>stage>phylum,unit+stage+phylum,Egg incubation period,9,0,2,8,23,FALSE,0.8888888888888888,1,0.4444444444444444,0.4444444444444444,0.4444444444444444,0.5925925925925926
336,unit>stage>phylum,unit+stage+phylum,Egg-hatching success,13,0,3,11,16,FALSE,0.8461538461538461,1,0.5789473684210527,0.5789473684210527,0.5789473684210527,0.6875
336,unit>stage>phylum,unit+stage+phylum,Fecundity,72,20,9,13,10,FALSE,0.18055555555555555,0.7222222222222222,0.7647058823529411,0.7647058823529411,0.7647058823529411,0.29213483146067415
336,unit>stage>phylum,unit+stage+phylum,Linear morphometrics,15,3,2,10,3,FALSE,0.6666666666666666,0.8,1,1,1,0.8
336,unit>stage>phylum,unit+stage+phylum,Longevity / lifespan,34,3,12,5,32;33,TRUE,0.14705882352941177,0.9117647058823529,0.16129032258064516,0.18481182795698925,0.20833333333333334,0.16378796902918402
336,unit>stage>phylum,unit+stage+phylum,Pre-oviposition interval,21,1,5,9,32,FALSE,0.42857142857142855,0.9523809523809523,0.2903225806451613,0.2903225806451613,0.2903225806451613,0.34615384615384615
336,unit>stage>phylum,unit+stage+phylum,Survival proportion,24,7,7,5,22,FALSE,0.20833333333333334,0.7083333333333334,0.5,0.5,0.5,0.29411764705882354
