OriginalTraitName,OriginalTraitDef,OriginalTraitUnit,ConOrder,ConFamily,ConStage,text,version,cluster_id
Resource Consumption Rate,The number of resource consumed per number of consumers per time,individual / (1 individual * 24 hour),Diptera,Chaoboridae,instar 2,Trait: Resource Consumption Rate. Definition: The number of resource consumed per number of consumers per time. Unit: individual / (1 individual * 24 hour). Organism order: Diptera. Organism family: Chaoboridae.,v5,12
Resource Mass Consumption Rate,The mass of resource consumed by consumers per time,microgram (body mass - dry) / (1 individual * 1 minute),Perciformes,Percidae,larvae,Trait: Resource Mass Consumption Rate. Definition: The mass of resource consumed by consumers per time. Unit: microgram (body mass - dry) / (1 individual * 1 minute). Organism order: Perciformes. Organism family: Percidae.,v5,12
Mass-Specific Mass Consumption Rate,The mass of resource consumed by mass of consumers per time,milligram (body mass - wet) / (1 gram (body mass - wet) * 24 hour),Cladocera,Daphniidae,adult,Trait: Mass-Specific Mass Consumption Rate. Definition: The mass of resource consumed by mass of consumers per time. Unit: milligram (body mass - wet) / (1 gram (body mass - wet) * 24 hour). Organism order: Cladocera. Organism family: Daphniidae.,v5,12
Voluntary Body Velocity,Velocity of the whole organism with no apparent stimulus,millimeter / (1 individual * 1 second),Cladocera,Polyphemidae,adult,Trait: Voluntary Body Velocity. Definition: Velocity of the whole organism with no apparent stimulus. Unit: millimeter / (1 individual * 1 second). Organism order: Cladocera. Organism family: Polyphemidae.,v5,-1
Forward Attack Distance,Distance to a resource when a consumer initiates an attack when resource positioned directly in front of the forward body axis of the consumer,centimeter / 1 individual,Salmoniformes,Salmonidae,adult,Trait: Forward Attack Distance. Definition: Distance to a resource when a consumer initiates an attack when resource positioned directly in front of the forward body axis of the consumer. Unit: centimeter / 1 individual. Organism order: Salmoniformes. Organism family: Salmonidae.,v5,-1
Foraging Velocity,Velocity of the whole animal when foraging for food,centimeter / (1 individual * 1 second),Perciformes,Percidae,adult,Trait: Foraging Velocity. Definition: Velocity of the whole animal when foraging for food. Unit: centimeter / (1 individual * 1 second). Organism order: Perciformes. Organism family: Percidae.,v5,-1
Resource Reaction Distance,"Distance from resource to consumer when resource apparently first reacts to approaching consumer (i.e., stops and/or moves away)",centimeter / 1 individual,Perciformes,Centrarchidae,adult,"Trait: Resource Reaction Distance. Definition: Distance from resource to consumer when resource apparently first reacts to approaching consumer (i.e., stops and/or moves away). Unit: centimeter / 1 individual. Organism order: Perciformes. Organism family: Centrarchidae.",v5,-1
Mass-Specific Consumption Rate,The number of resource consumed per consumer mass per time,individual / (100 gram (body mass - wet) * 7 day),Perciformes,Centrarchidae,adult,Trait: Mass-Specific Consumption Rate. Definition: The number of resource consumed per consumer mass per time. Unit: individual / (100 gram (body mass - wet) * 7 day). Organism order: Perciformes. Organism family: Centrarchidae.,v5,12
Attack Number Rate,Number of attacks per consumer number per time,event / (3 individual * 30 minute),Perciformes,Percidae,juvenile,Trait: Attack Number Rate. Definition: Number of attacks per consumer number per time. Unit: event / (3 individual * 30 minute). Organism order: Perciformes. Organism family: Percidae.,v5,-1
Strike Rate,Rate at which a consumer strikes at resource per consumer individual per time,event / (1 individual * 1 hour),Decapoda,Portunidae,adult,Trait: Strike Rate. Definition: Rate at which a consumer strikes at resource per consumer individual per time. Unit: event / (1 individual * 1 hour). Organism order: Decapoda. Organism family: Portunidae.,v5,10
Subjugation Persistence Duration,Time consumer spends subjugating each resource until it gives up and rejects it without consumption (occurs when resource subjugation is not successful),second,Decapoda,Portunidae,adult,Trait: Subjugation Persistence Duration. Definition: Time consumer spends subjugating each resource until it gives up and rejects it without consumption (occurs when resource subjugation is not successful). Unit: second. Organism order: Decapoda. Organism family: Portunidae.,v5,12
Ingestion Duration,Time spent by a consumer ingesting each resource,second / 1 individual,Decapoda,Portunidae,adult,Trait: Ingestion Duration. Definition: Time spent by a consumer ingesting each resource. Unit: second / 1 individual. Organism order: Decapoda. Organism family: Portunidae.,v5,12
Subjugation Duration,Time taken by a consumer to subjugate its resource measured as time per resource per consumer,second / 1 individual,Decapoda,Portunidae,adult,Trait: Subjugation Duration. Definition: Time taken by a consumer to subjugate its resource measured as time per resource per consumer. Unit: second / 1 individual. Organism order: Decapoda. Organism family: Portunidae.,v5,12
Filtration Rate,"Volumetric flow rate of water through a filter feeding consumer (flow rate measured directly, not by clearance of material from the fluid)",liter / (1 individual * 1 hour),Mytiloida,Mytilidae,adult,"Trait: Filtration Rate. Definition: Volumetric flow rate of water through a filter feeding consumer (flow rate measured directly, not by clearance of material from the fluid). Unit: liter / (1 individual * 1 hour). Organism order: Mytiloida. Organism family: Mytilidae.",v5,-1
Mass-Specific Filtration Rate,"Mass-Specific volumetric flow rate of water through a filter feeding consumer (flow rate measured directly, not by clearance of material from the fluid)",liter / (1 gram (body mass - wet) * 1 hour),Myoida,Hiatellidae,adult,"Trait: Mass-Specific Filtration Rate. Definition: Mass-Specific volumetric flow rate of water through a filter feeding consumer (flow rate measured directly, not by clearance of material from the fluid). Unit: liter / (1 gram (body mass - wet) * 1 hour). Organism order: Myoida. Organism family: Hiatellidae.",v5,-1
Handling Duration,"Time taken by a consumer to pursue, subjugate and ingest resource",hour / 1 individual,Decapoda,Crangonidae,adult,"Trait: Handling Duration. Definition: Time taken by a consumer to pursue, subjugate and ingest resource. Unit: hour / 1 individual. Organism order: Decapoda. Organism family: Crangonidae.",v5,12
Subjugation-through-Consumption Duration,Time taken by a consumer to subdue each resource (expressed as time per resource individual per consumer individual),second / (1 individual * 1 individual),Decapoda,Portunidae,adult,Trait: Subjugation-through-Consumption Duration. Definition: Time taken by a consumer to subdue each resource (expressed as time per resource individual per consumer individual). Unit: second / (1 individual * 1 individual). Organism order: Decapoda. Organism family: Portunidae.,v5,12
Avoidance Body Velocity,Velocity of the body during movement of a resource in avoidance of a weak stimulus (differs from Escape Burst Body Velocity because the stimulus is not an immediate threat),micrometer / (1 individual * 1 second),NA,NA,NA,Trait: Avoidance Body Velocity. Definition: Velocity of the body during movement of a resource in avoidance of a weak stimulus (differs from Escape Burst Body Velocity because the stimulus is not an immediate threat). Unit: micrometer / (1 individual * 1 second).,v5,7
Consumption Time Per Consumer Resource,Time taken by consumer to consume each resource density,second / 1 individual,Decapoda,Portunidae,adult,Trait: Consumption Time Per Consumer Resource. Definition: Time taken by consumer to consume each resource density. Unit: second / 1 individual. Organism order: Decapoda. Organism family: Portunidae.,v5,12
Strike Distance,Distance between a consumer and resource when consumer initiates a strike per consumer,centimeter / 1 individual,Scorpaeniformes,Cottidae,adult,Trait: Strike Distance. Definition: Distance between a consumer and resource when consumer initiates a strike per consumer. Unit: centimeter / 1 individual. Organism order: Scorpaeniformes. Organism family: Cottidae.,v5,10
Host-Per-Parasitoid Parasitization Rate,Number of hosts parasitized per parasitoid per time,individual / (1 individual * 24 hour),Hymenoptera,Braconidae,adult,Trait: Host-Per-Parasitoid Parasitization Rate. Definition: Number of hosts parasitized per parasitoid per time. Unit: individual / (1 individual * 24 hour). Organism order: Hymenoptera. Organism family: Braconidae.,v5,0
Escape Body Velocity,Velocity of the whole body during escape burst movement of a resource,centimeter / (1 individual * 1 second),NA,NA,NA,Trait: Escape Body Velocity. Definition: Velocity of the whole body during escape burst movement of a resource. Unit: centimeter / (1 individual * 1 second).,v5,7
Foraging Body Undulation Rate,Rate of undulating body strokes used for feeding,event / (1 individual * 1 minute),Aciculata,Nereididae,adult,Trait: Foraging Body Undulation Rate. Definition: Rate of undulating body strokes used for feeding. Unit: event / (1 individual * 1 minute). Organism order: Aciculata. Organism family: Nereididae.,v5,-1
Predation Mortality Rate,Mortality rate of resource population to consumers normalised by resource and consumer population densities per time,event / (1 individual * 1 individual * 24 hour),Decapoda,Crangonidae,adult,Trait: Predation Mortality Rate. Definition: Mortality rate of resource population to consumers normalised by resource and consumer population densities per time. Unit: event / (1 individual * 1 individual * 24 hour). Organism order: Decapoda. Organism family: Crangonidae.,v5,-1
Consumer Search Rate,The area an individual consumer searches when foraging per time (calculated as the number of attacks standardized by resource density and the size of the arena),square meter / (1 individual * 1 hour),Decapoda,Crangonidae,adult,Trait: Consumer Search Rate. Definition: The area an individual consumer searches when foraging per time (calculated as the number of attacks standardized by resource density and the size of the arena). Unit: square meter / (1 individual * 1 hour). Organism order: Decapoda. Organism family: Crangonidae.,v5,-1
Successful Attack Probability,The number of attacks that resulted in consumption of resource in proportion to the total number of attacks attempted,proportion / 1 individual,Perciformes,Percidae,juvenile,Trait: Successful Attack Probability. Definition: The number of attacks that resulted in consumption of resource in proportion to the total number of attacks attempted. Unit: proportion / 1 individual. Organism order: Perciformes. Organism family: Percidae.,v5,12
Faecal Excretion Rate,Mass of faeces excreted by a consumer individual per time,milligram (body mass - dry) / (1 individual * 24 hour),Ephemeroptera,Ephemeridae,nymph,Trait: Faecal Excretion Rate. Definition: Mass of faeces excreted by a consumer individual per time. Unit: milligram (body mass - dry) / (1 individual * 24 hour). Organism order: Ephemeroptera. Organism family: Ephemeridae.,v5,-1
Voluntary Tail Beat Rate,Rate of tail-beat cycles of an organism during voluntary locomotion,event / (1 individual * 1 second),Diptera,Ceratopogonidae,instar 4,Trait: Voluntary Tail Beat Rate. Definition: Rate of tail-beat cycles of an organism during voluntary locomotion. Unit: event / (1 individual * 1 second). Organism order: Diptera. Organism family: Ceratopogonidae.,v5,10
'Submerged' Attack Probability,Proportion of times a consumer attacked resource when the consumer was submerged to the total number of attacks (consumer also attacked from the water surface),percent / 1 individual,Hemiptera,Notonectidae,adult,Trait: 'Submerged' Attack Probability. Definition: Proportion of times a consumer attacked resource when the consumer was submerged to the total number of attacks (consumer also attacked from the water surface). Unit: percent / 1 individual. Organism order: Hemiptera. Organism family: Notonectidae.,v5,-1
Resource Habitat Encounter Rate,Total number of times a consumer encounters its resource habitat within the larger landscape per consumer per time,event / (1 individual * 66 minute),Coleoptera,Carabidae,adult,Trait: Resource Habitat Encounter Rate. Definition: Total number of times a consumer encounters its resource habitat within the larger landscape per consumer per time. Unit: event / (1 individual * 66 minute). Organism order: Coleoptera. Organism family: Carabidae.,v5,11
Unsuccessful Attack Rate,Rate of attacks that did not result in consumption of the resource per consumer (or group of consumers) when foraging,event / (1 individual * 5 minute),Squamata,Lacertidae,adult,Trait: Unsuccessful Attack Rate. Definition: Rate of attacks that did not result in consumption of the resource per consumer (or group of consumers) when foraging. Unit: event / (1 individual * 5 minute). Organism order: Squamata. Organism family: Lacertidae.,v5,12
Foraging Probability,Proportion of time an animal spends foraging,proportion,Coleoptera,Carabidae,adult,Trait: Foraging Probability. Definition: Proportion of time an animal spends foraging. Unit: proportion. Organism order: Coleoptera. Organism family: Carabidae.,v5,6
Resource Consumption Probability,Amount of resource eaten by a consumer as a proportion to the total amount available,proportion,Decapoda,Portunidae,adult,Trait: Resource Consumption Probability. Definition: Amount of resource eaten by a consumer as a proportion to the total amount available. Unit: proportion. Organism order: Decapoda. Organism family: Portunidae.,v5,12
Escape Apparent Visual Looming Threshold,Threshold at which the rate of change of the visual angle subtended by an attacking consumers frontal profile onto the resource's eye triggers an escape response by the resource,radian / (1 individual * 1 second),Clupeiformes,Clupeidae,juvenile,Trait: Escape Apparent Visual Looming Threshold. Definition: Threshold at which the rate of change of the visual angle subtended by an attacking consumers frontal profile onto the resource's eye triggers an escape response by the resource. Unit: radian / (1 individual * 1 second). Organism order: Clupeiformes. Organism family: Clupeidae.,v5,-1
Mass-Specific Ammonia Excretion Rate,Rate of ammonia (NH3) mass excretion per consumer mass per time,milligram (body mass - dry) / (1 gram (body mass - wet) * 1 day),Cladocera,Daphniidae,adult,Trait: Mass-Specific Ammonia Excretion Rate. Definition: Rate of ammonia (NH3) mass excretion per consumer mass per time. Unit: milligram (body mass - dry) / (1 gram (body mass - wet) * 1 day). Organism order: Cladocera. Organism family: Daphniidae.,v5,-1
Flee Distance,"Distance moved by a resource when fleeing a predator before stopping (includes escape burst component and other slower movement, if present)",centimeter / 1 individual,Primates,Hominidae,adult,"Trait: Flee Distance. Definition: Distance moved by a resource when fleeing a predator before stopping (includes escape burst component and other slower movement, if present). Unit: centimeter / 1 individual. Organism order: Primates. Organism family: Hominidae.",v5,12
Escape Tail Beat Rate,Rate of tail beats of a resource individual during locomotion for escape,event / (1 individual * 1 second),NA,NA,NA,Trait: Escape Tail Beat Rate. Definition: Rate of tail beats of a resource individual during locomotion for escape. Unit: event / (1 individual * 1 second).,v5,10
Escape Stroke Length,Distance covered by a resource in a single locomotory stroke during escape,millimeter / 1 individual,NA,NA,NA,Trait: Escape Stroke Length. Definition: Distance covered by a resource in a single locomotory stroke during escape. Unit: millimeter / 1 individual.,v5,10
Voluntary Stroke Length,Distance covered by an organism in a single locomotory stroke during voluntary locomotion,centimeter / 1 individual,Pleurogona,Styelidae,larvae,Trait: Voluntary Stroke Length. Definition: Distance covered by an organism in a single locomotory stroke during voluntary locomotion. Unit: centimeter / 1 individual. Organism order: Pleurogona. Organism family: Styelidae.,v5,10
Filtration Metabolic Efficiency Volume,Mass-specific metabolic efficiency of the filtration process expressed as water volume per oxygen volume per consumer individual,milliliter / (1 microliter * 1 individual),Veneroida,Cardiidae,adult,Trait: Filtration Metabolic Efficiency Volume. Definition: Mass-specific metabolic efficiency of the filtration process expressed as water volume per oxygen volume per consumer individual. Unit: milliliter / (1 microliter * 1 individual). Organism order: Veneroida. Organism family: Cardiidae.,v5,-1
Refuge Distance,"Distance to refuge for a resource when initially spotted by a consumer (e.g., bush, rock, clump of grass)",meter / 1 individual,Primates,Hominidae,adult,"Trait: Refuge Distance. Definition: Distance to refuge for a resource when initially spotted by a consumer (e.g., bush, rock, clump of grass). Unit: meter / 1 individual. Organism order: Primates. Organism family: Hominidae.",v5,-1
Resource Mobility Selection,Proportion of replicate consumer-resource trials in which the first resource consumed by the consumer was winged (initially an equal number of winged and wingless resources were in the arena available for consumption),percent / 1 individual,Squamata,Lacertidae,adult,Trait: Resource Mobility Selection. Definition: Proportion of replicate consumer-resource trials in which the first resource consumed by the consumer was winged (initially an equal number of winged and wingless resources were in the arena available for consumption). Unit: percent / 1 individual. Organism order: Squamata. Organism family: Lacertidae.,v5,-1
Grid-Point Encounter Rate,Encounter rate of individuals in a population with a 1cm square box marked on the substrate over a given time period,event / 5 minute,Mesostigmata,Phytoseiidae,adult,Trait: Grid-Point Encounter Rate. Definition: Encounter rate of individuals in a population with a 1cm square box marked on the substrate over a given time period. Unit: event / 5 minute. Organism order: Mesostigmata. Organism family: Phytoseiidae.,v5,11
Attack Body Velocity,Body velocity of an individual consumer during an attack,millimeter / (1 individual * 1 second),Clupeiformes,Clupeidae,juvenile,Trait: Attack Body Velocity. Definition: Body velocity of an individual consumer during an attack. Unit: millimeter / (1 individual * 1 second). Organism order: Clupeiformes. Organism family: Clupeidae.,v5,7
Gut Passage Time,Time for food to move through an animal from ingestion to initial evacuation in faeces,minute / 1 individual,Cheilostomata,Membraniporidae,adult,Trait: Gut Passage Time. Definition: Time for food to move through an animal from ingestion to initial evacuation in faeces. Unit: minute / 1 individual. Organism order: Cheilostomata. Organism family: Membraniporidae.,v5,-1
Unsuccessful Attack Probability,The number of attacks that did not result in consumption of resource in proportion to the total number of attacks attempted,percent / 1 individual,Cypriniformes,Cyprinidae,adult,Trait: Unsuccessful Attack Probability. Definition: The number of attacks that did not result in consumption of resource in proportion to the total number of attacks attempted. Unit: percent / 1 individual. Organism order: Cypriniformes. Organism family: Cyprinidae.,v5,12
Resource Size Selection,Choice of body length of consumed resource by consumers,centimeter / 1 individual,Decapoda,Portunidae,adult,Trait: Resource Size Selection. Definition: Choice of body length of consumed resource by consumers. Unit: centimeter / 1 individual. Organism order: Decapoda. Organism family: Portunidae.,v5,-1
Food Mass Conversion Efficiency,Efficiency of converting food mass to body mass (expressed as growth in tissue mass in proportion to total mass of resource consumed),proportion / 1 individual,Forcipulatida,Asteriidae,adult,Trait: Food Mass Conversion Efficiency. Definition: Efficiency of converting food mass to body mass (expressed as growth in tissue mass in proportion to total mass of resource consumed). Unit: proportion / 1 individual. Organism order: Forcipulatida. Organism family: Asteriidae.,v5,-1
Fixed-point Activity Rate,Encounter rate of individuals in a population moving past a fixed point,event / 5 minute,Cladocera,Daphniidae,adult,Trait: Fixed-point Activity Rate. Definition: Encounter rate of individuals in a population moving past a fixed point. Unit: event / 5 minute. Organism order: Cladocera. Organism family: Daphniidae.,v5,-1
Population Voluntary Exposure Probability,"Proportion of individuals in a population that are exposed (i.e., above substrate surface and active) at time of observation",proportion,Amphipoda,Crangonyctidae,adult,"Trait: Population Voluntary Exposure Probability. Definition: Proportion of individuals in a population that are exposed (i.e., above substrate surface and active) at time of observation. Unit: proportion. Organism order: Amphipoda. Organism family: Crangonyctidae.",v5,4
Population Voluntary Movement Probability of Exposed Individuals,Proportion of exposed individuals in a population that are physically moving through space at time of observation,proportion,Amphipoda,Crangonyctidae,adult,Trait: Population Voluntary Movement Probability of Exposed Individuals. Definition: Proportion of exposed individuals in a population that are physically moving through space at time of observation. Unit: proportion. Organism order: Amphipoda. Organism family: Crangonyctidae.,v5,4
Gut Loading Time,Time taken to physically fill the gut of an individual consumer with food,hour / 1 individual,Ephemeroptera,Ephemeridae,nymph,Trait: Gut Loading Time. Definition: Time taken to physically fill the gut of an individual consumer with food. Unit: hour / 1 individual. Organism order: Ephemeroptera. Organism family: Ephemeridae.,v5,2
Mass-Specific Mass Clearance Rate,Mass-specific rate of removal of suspended particles from the environment per mass of filter feeder per time,milligram (body mass - dry) / (1 milligram (body mass - dry) * 1 hour),Veneroida,Dreissenidae,adult,Trait: Mass-Specific Mass Clearance Rate. Definition: Mass-specific rate of removal of suspended particles from the environment per mass of filter feeder per time. Unit: milligram (body mass - dry) / (1 milligram (body mass - dry) * 1 hour). Organism order: Veneroida. Organism family: Dreissenidae.,v5,-1
Endurance Time,Time maintained on a single-speed treadmill or flow chamber until exhaustion when escaping a consumer (or other non-biotic negative stimulus),minute / 1 individual,Primates,Hominidae,adult,Trait: Endurance Time. Definition: Time maintained on a single-speed treadmill or flow chamber until exhaustion when escaping a consumer (or other non-biotic negative stimulus). Unit: minute / 1 individual. Organism order: Primates. Organism family: Hominidae.,v5,-1
Critical Travel Velocity,Velocity at which an individual fails to maintain itself within a moving terrain that incrementally increases in speed (measured using a multi-speed flow chamber or treadmill),centimeter / (1 individual * 1 second),NA,NA,NA,Trait: Critical Travel Velocity. Definition: Velocity at which an individual fails to maintain itself within a moving terrain that incrementally increases in speed (measured using a multi-speed flow chamber or treadmill). Unit: centimeter / (1 individual * 1 second).,v5,-1
Escape Body Response Time,Time interval between the first physical displacement of the body of the resource by a stimulus and the first body movement in response,millisecond / 1 individual,NA,NA,NA,Trait: Escape Body Response Time. Definition: Time interval between the first physical displacement of the body of the resource by a stimulus and the first body movement in response. Unit: millisecond / 1 individual.,v5,-1
Escape Body Contraction Time,Time for animal to contract its body during escape movement,millisecond / 1 individual,NA,NA,NA,Trait: Escape Body Contraction Time. Definition: Time for animal to contract its body during escape movement. Unit: millisecond / 1 individual.,v5,5
Escape Tail Beat Amplitude,Amplitude of the tail of a resource during escape locomotion,millimeter / 1 individual,NA,NA,NA,Trait: Escape Tail Beat Amplitude. Definition: Amplitude of the tail of a resource during escape locomotion. Unit: millimeter / 1 individual.,v5,10
Escape Stroke Duration,Duration of a single stroke (or stride or kick) of a resource during escape burst movement,second / 1 individual,Primates,Hominidae,adult,Trait: Escape Stroke Duration. Definition: Duration of a single stroke (or stride or kick) of a resource during escape burst movement. Unit: second / 1 individual. Organism order: Primates. Organism family: Hominidae.,v5,-1
Mass-Specific Escape Body Power Production,Mass-specific power production during burst movements by a resource during escape,watt / 1 kilogram (body mass - wet),Primates,Hominidae,adult,Trait: Mass-Specific Escape Body Power Production. Definition: Mass-specific power production during burst movements by a resource during escape. Unit: watt / 1 kilogram (body mass - wet). Organism order: Primates. Organism family: Hominidae.,v5,10
Radular Scrape Rate,"The number of radular scrapes per consumer number per time (a radular is used by many molluscs to graze and scrape diatoms and other microscopic algae off benthic surfaces, and is analogous to bites in other animals)",event / (1 individual * 1 minute),Patellogastropoda,Nacellidae,adult,"Trait: Radular Scrape Rate. Definition: The number of radular scrapes per consumer number per time (a radular is used by many molluscs to graze and scrape diatoms and other microscopic algae off benthic surfaces, and is analogous to bites in other animals). Unit: event / (1 individual * 1 minute). Organism order: Patellogastropoda. Organism family: Nacellidae.",v5,-1
Digestion Time 50%,Time taken for 50 percent of the mass of a meal to be digested by a consumer,hour / 1 individual,Salmoniformes,Salmonidae,juvenile,Trait: Digestion Time 50%. Definition: Time taken for 50 percent of the mass of a meal to be digested by a consumer. Unit: hour / 1 individual. Organism order: Salmoniformes. Organism family: Salmonidae.,v5,9
Population Foraging Probability,Proportion of a consumer population that are foraging at time of observation,percent,Lepidoptera,Sphingidae,instar 4-5,Trait: Population Foraging Probability. Definition: Proportion of a consumer population that are foraging at time of observation. Unit: percent. Organism order: Lepidoptera. Organism family: Sphingidae.,v5,6
Bite Rate,The number of bites per consumer number per time,event / (1 individual * 1 second),Lepidoptera,Sphingidae,instar 4-5,Trait: Bite Rate. Definition: The number of bites per consumer number per time. Unit: event / (1 individual * 1 second). Organism order: Lepidoptera. Organism family: Sphingidae.,v5,-1
Rattle Rate,Rate of a rattle snake's rattle,event / (1 individual * 1 minute),Primates,Hominidae,adult,Trait: Rattle Rate. Definition: Rate of a rattle snake's rattle. Unit: event / (1 individual * 1 minute). Organism order: Primates. Organism family: Hominidae.,v5,-1
Critical Travel Velocity 50%,Velocity at which half the individuals fail to maintain themselves within a moving terrain that incrementally increases in speed (measured using a multi-speed flow chamber or treadmill),centimeter / (1 individual * 1 second),NA,NA,NA,Trait: Critical Travel Velocity 50%. Definition: Velocity at which half the individuals fail to maintain themselves within a moving terrain that incrementally increases in speed (measured using a multi-speed flow chamber or treadmill). Unit: centimeter / (1 individual * 1 second).,v5,-1
Voluntary Body Contraction Rate,Rate of body contractions for locomotion in an organism with no apparent stimulus,event / (1 individual * 1 minute),Semaeostomeae,Ulmaridae,ephyrae,Trait: Voluntary Body Contraction Rate. Definition: Rate of body contractions for locomotion in an organism with no apparent stimulus. Unit: event / (1 individual * 1 minute). Organism order: Semaeostomeae. Organism family: Ulmaridae.,v5,-1
Escape Gait Change Velocity,Velocity at which resource changes gait during escape expressed per resource number,kilometer / (1 individual * 1 hour),NA,NA,NA,Trait: Escape Gait Change Velocity. Definition: Velocity at which resource changes gait during escape expressed per resource number. Unit: kilometer / (1 individual * 1 hour).,v5,-1
Ground Foraging Duration,Duration of ground foraging bouts for a consumer that sits in perch looking for resource and then comes to the ground to forage (consumer forages in other ways so each time does not represent an entire foraging bout),second / 1 individual,Passeriformes,Muscicapidae,adult (female),Trait: Ground Foraging Duration. Definition: Duration of ground foraging bouts for a consumer that sits in perch looking for resource and then comes to the ground to forage (consumer forages in other ways so each time does not represent an entire foraging bout). Unit: second / 1 individual. Organism order: Passeriformes. Organism family: Muscicapidae.,v5,6
Foraging Perch Time,Time consumer spends on each perch when foraging (consumer searches for resource from a perch from where it moves to the ground to attack and strike),second / 1 individual,Passeriformes,Muscicapidae,adult (female),Trait: Foraging Perch Time. Definition: Time consumer spends on each perch when foraging (consumer searches for resource from a perch from where it moves to the ground to attack and strike). Unit: second / 1 individual. Organism order: Passeriformes. Organism family: Muscicapidae.,v5,6
Attack Interval Time,Time elapsed from the completion of one attack to the start of the next attack per consumer number,second / 1 individual,Passeriformes,Muscicapidae,adult (female),Trait: Attack Interval Time. Definition: Time elapsed from the completion of one attack to the start of the next attack per consumer number. Unit: second / 1 individual. Organism order: Passeriformes. Organism family: Muscicapidae.,v5,-1
'Ground-Foraging' Probability,"Proportion of observed foraging time (a fraction of actual foraging time) a consumer spends 'ground foraging' (i.e., stays on the ground and actively searches for resource)",proportion / 1 individual,Passeriformes,Muscicapidae,adult (female),"Trait: 'Ground-Foraging' Probability. Definition: Proportion of observed foraging time (a fraction of actual foraging time) a consumer spends 'ground foraging' (i.e., stays on the ground and actively searches for resource). Unit: proportion / 1 individual. Organism order: Passeriformes. Organism family: Muscicapidae.",v5,6
Gut Clearance Time,Time taken for ingested resource to be fully evacuated from consumer (often measured by x-ray or killing of animal),hour / 1 individual,Pleuronectiformes,Pleuronectidae,adult,Trait: Gut Clearance Time. Definition: Time taken for ingested resource to be fully evacuated from consumer (often measured by x-ray or killing of animal). Unit: hour / 1 individual. Organism order: Pleuronectiformes. Organism family: Pleuronectidae.,v5,2
Undigested Mass,Total mass of resource remaining in a consumer's gut since ingestion,milligram (body mass - dry),Salmoniformes,Salmonidae,adult,Trait: Undigested Mass. Definition: Total mass of resource remaining in a consumer's gut since ingestion. Unit: milligram (body mass - dry). Organism order: Salmoniformes. Organism family: Salmonidae.,v5,-1
Escape Body Acceleration,Acceleration of the whole body during burst escape movements,meter / (1 second * 1 second),NA,NA,NA,Trait: Escape Body Acceleration. Definition: Acceleration of the whole body during burst escape movements. Unit: meter / (1 second * 1 second).,v5,7
Voluntary Moving Probability,Proportion of time organism spends physically moving through space or is otherwise visibly active over total observation time,second / 1 minute,Perciformes,Sparidae,larvae,Trait: Voluntary Moving Probability. Definition: Proportion of time organism spends physically moving through space or is otherwise visibly active over total observation time. Unit: second / 1 minute. Organism order: Perciformes. Organism family: Sparidae.,v5,4
Population Filter-Feeding Probability,"Proportion of consumer population that are filter feeding (i.e., 'foraging') at time of observation",percent,Trichoptera,Brachycentridae,instar 5,"Trait: Population Filter-Feeding Probability. Definition: Proportion of consumer population that are filter feeding (i.e., 'foraging') at time of observation. Unit: percent. Organism order: Trichoptera. Organism family: Brachycentridae.",v5,6
Critical Holding Velocity,Velocity at which animal failed to hold position on the substrate when placed in a multi-speed flow chamber for a set time at sequentially increasing speeds,centimeter / (1 individual * 1 second),NA,NA,NA,Trait: Critical Holding Velocity. Definition: Velocity at which animal failed to hold position on the substrate when placed in a multi-speed flow chamber for a set time at sequentially increasing speeds. Unit: centimeter / (1 individual * 1 second).,v5,-1
In Vitro Gill Particle Transport Velocity,Velocity of particles in grooves of gill fragments excised from an organism,millimeter / 1 second,Mytiloida,Mytilidae,adult,Trait: In Vitro Gill Particle Transport Velocity. Definition: Velocity of particles in grooves of gill fragments excised from an organism. Unit: millimeter / 1 second. Organism order: Mytiloida. Organism family: Mytilidae.,v5,-1
Strike Velocity,Velocity of a consumers strike (averaged over strike distance),centimeter / (1 individual * 1 second),Squamata,Colubridae,adult,Trait: Strike Velocity. Definition: Velocity of a consumers strike (averaged over strike distance). Unit: centimeter / (1 individual * 1 second). Organism order: Squamata. Organism family: Colubridae.,v5,-1
Successful Strike Probability,The number of strikes that resulted in consumption of resource in proportion to the total number of strikes attempted by a consumer,proportion,Squamata,Colubridae,adult,Trait: Successful Strike Probability. Definition: The number of strikes that resulted in consumption of resource in proportion to the total number of strikes attempted by a consumer. Unit: proportion. Organism order: Squamata. Organism family: Colubridae.,v5,-1
Consumption Probability,"Probability that an active consumer (i.e., awake, not sleeping) would consume food that was offered to it",percent / 1 individual,Squamata,Colubridae,adult,"Trait: Consumption Probability. Definition: Probability that an active consumer (i.e., awake, not sleeping) would consume food that was offered to it. Unit: percent / 1 individual. Organism order: Squamata. Organism family: Colubridae.",v5,-1
Critical Upright Time,Time taken for animal to become completely exhausted from repeated up-righting of body,minute / 1 individual,Primates,Hominidae,adult,Trait: Critical Upright Time. Definition: Time taken for animal to become completely exhausted from repeated up-righting of body. Unit: minute / 1 individual. Organism order: Primates. Organism family: Hominidae.,v5,-1
Escape Jump Contact Time,Time that a resource exerts force on substrate during an escape jump,second / 1 individual,NA,NA,NA,Trait: Escape Jump Contact Time. Definition: Time that a resource exerts force on substrate during an escape jump. Unit: second / 1 individual.,v5,-1
Escape Jump Distance,Distance animal travels in a single jump for escape,centimeter / 1 individual,Primates,Hominidae,adult,Trait: Escape Jump Distance. Definition: Distance animal travels in a single jump for escape. Unit: centimeter / 1 individual. Organism order: Primates. Organism family: Hominidae.,v5,-1
Square Root-Linear Gut Clearance Rate,The slope of the regression of square root gut content mass versus time,event / (1 individual * 1 hour),Pleuronectiformes,Pleuronectidae,juvenile,Trait: Square Root-Linear Gut Clearance Rate. Definition: The slope of the regression of square root gut content mass versus time. Unit: event / (1 individual * 1 hour). Organism order: Pleuronectiformes. Organism family: Pleuronectidae.,v5,2
Foraging Gill Beat Rate,Rate of beating cilia on gill within live consumer (measured by direct examination of cilia),event / (1 individual * 1 second),Veneroida,Semelidae,juvenile,Trait: Foraging Gill Beat Rate. Definition: Rate of beating cilia on gill within live consumer (measured by direct examination of cilia). Unit: event / (1 individual * 1 second). Organism order: Veneroida. Organism family: Semelidae.,v5,-1
Surface Area-Specific Foraging Gill Filtration Rate,"Area-specific volumetric flow rate of water across the gills of a filter feeding organism (flow rate measured directly, or by the clearance method where flow rate is estimated by the volume of water cleared of material per time)",milliliter / (1 square centimeter * 1 minute),Mytiloida,Mytilidae,adult,"Trait: Surface Area-Specific Foraging Gill Filtration Rate. Definition: Area-specific volumetric flow rate of water across the gills of a filter feeding organism (flow rate measured directly, or by the clearance method where flow rate is estimated by the volume of water cleared of material per time). Unit: milliliter / (1 square centimeter * 1 minute). Organism order: Mytiloida. Organism family: Mytilidae.",v5,-1
Linear-Linear Gut Clearance Rate,The slope of the regression of gut content mass per consumer individual per time,event / (1 individual * 1 minute),Calanoida,Centropagidae,adult,Trait: Linear-Linear Gut Clearance Rate. Definition: The slope of the regression of gut content mass per consumer individual per time. Unit: event / (1 individual * 1 minute). Organism order: Calanoida. Organism family: Centropagidae.,v5,2
Grazing Rate,The area grazed per consumer individual per time,square millimeter / (1 individual * 24 hour),Trichoptera,Glossosomatidae,larvae,Trait: Grazing Rate. Definition: The area grazed per consumer individual per time. Unit: square millimeter / (1 individual * 24 hour). Organism order: Trichoptera. Organism family: Glossosomatidae.,v5,-1
Chlorophyll-a-Specific Carbon Production Rate,"Production rate of carbon by a primary producer, measured as mass of carbon produced per mass of chlorophyll-a per time",milligram (body mass - dry) / (1 milligram (body mass - dry) * 1 hour),NA,NA,NA,"Trait: Chlorophyll-a-Specific Carbon Production Rate. Definition: Production rate of carbon by a primary producer, measured as mass of carbon produced per mass of chlorophyll-a per time. Unit: milligram (body mass - dry) / (1 milligram (body mass - dry) * 1 hour).",v5,-1
In Vitro Gill Beat Rate,Rate of cilia beating cilia on gill fragments removed from the organism (measured by direct examination of cilia),event / 1 second,Veneroida,Dreissenidae,adult,Trait: In Vitro Gill Beat Rate. Definition: Rate of cilia beating cilia on gill fragments removed from the organism (measured by direct examination of cilia). Unit: event / 1 second. Organism order: Veneroida. Organism family: Dreissenidae.,v5,-1
Escape Stroke Peak Force,Force attained on the substrate by the resource during a locomotory stroke for escape,micronewton / 1 individual,NA,NA,NA,Trait: Escape Stroke Peak Force. Definition: Force attained on the substrate by the resource during a locomotory stroke for escape. Unit: micronewton / 1 individual.,v5,10
Escape Stroke Peak Force Rate,The ratio of the magnitude of the first clear peak in force divided by the rise time during a stroke by a resource during escape,micronewton / (1 individual * 1 millisecond),NA,NA,NA,Trait: Escape Stroke Peak Force Rate. Definition: The ratio of the magnitude of the first clear peak in force divided by the rise time during a stroke by a resource during escape. Unit: micronewton / (1 individual * 1 millisecond).,v5,-1
Escape Stroke Rate,Rate of locomotory strokes of a resource individual during escape,event / (1 individual * 1 second),NA,NA,NA,Trait: Escape Stroke Rate. Definition: Rate of locomotory strokes of a resource individual during escape. Unit: event / (1 individual * 1 second).,v5,10
Voluntary Eye Saccade Angular Velocity,"Angular velocity of fast eye movements, or saccade velocity, of an individual organism during voluntary activity",degree / (1 individual * 1 second),Perciformes,Kyphosidae,adult,"Trait: Voluntary Eye Saccade Angular Velocity. Definition: Angular velocity of fast eye movements, or saccade velocity, of an individual organism during voluntary activity. Unit: degree / (1 individual * 1 second). Organism order: Perciformes. Organism family: Kyphosidae.",v5,-1
Voluntary Wing Beat Rate,Rate of wing beating in a flying organism with no apparent stimulus,event / (1 individual * 1 second),Coleoptera,Coccinellidae,adult,Trait: Voluntary Wing Beat Rate. Definition: Rate of wing beating in a flying organism with no apparent stimulus. Unit: event / (1 individual * 1 second). Organism order: Coleoptera. Organism family: Coccinellidae.,v5,-1
Point-Encounter Rate,Number of crossings across an artificial line by an organism per time,event / (1 individual * 1 hour),Decapoda,Nephropidae,adult,Trait: Point-Encounter Rate. Definition: Number of crossings across an artificial line by an organism per time. Unit: event / (1 individual * 1 hour). Organism order: Decapoda. Organism family: Nephropidae.,v5,11
'Consumer-Disorientation' Defence Probability,"Probability that each resource from a population will exhibit 'consumer disorienting' behaviour when attacked (i.e., consists of the resource stopping suddenly and reversing its direction so it faces the direction from which it was being attacked)",percent / 1 individual,Primates,Hominidae,adult,"Trait: 'Consumer-Disorientation' Defence Probability. Definition: Probability that each resource from a population will exhibit 'consumer disorienting' behaviour when attacked (i.e., consists of the resource stopping suddenly and reversing its direction so it faces the direction from which it was being attacked). Unit: percent / 1 individual. Organism order: Primates. Organism family: Hominidae.",v5,12
In Vitro Muscle Power Output,Power output of muscle measured in muscle removed from animal,watt / 1 kilogram (muscle mass - wet),Lepidoptera,Sphingidae,adult,Trait: In Vitro Muscle Power Output. Definition: Power output of muscle measured in muscle removed from animal. Unit: watt / 1 kilogram (muscle mass - wet). Organism order: Lepidoptera. Organism family: Sphingidae.,v5,5
In Vitro Muscle Optimal Rate,Optimal rate corresponding to the maximum power output of the muscle,event / 1 second,Lepidoptera,Sphingidae,adult,Trait: In Vitro Muscle Optimal Rate. Definition: Optimal rate corresponding to the maximum power output of the muscle. Unit: event / 1 second. Organism order: Lepidoptera. Organism family: Sphingidae.,v5,5
In Vitro Muscle Work Per Cycle,Muscle work per cycle at optimal frequency measured in excised muscle,joule / 1 kilogram (muscle mass - wet),Lepidoptera,Sphingidae,adult,Trait: In Vitro Muscle Work Per Cycle. Definition: Muscle work per cycle at optimal frequency measured in excised muscle. Unit: joule / 1 kilogram (muscle mass - wet). Organism order: Lepidoptera. Organism family: Sphingidae.,v5,-1
In Vitro Muscle Optimal Strain,Strain at which the power output of the muscle is maximum,percent,Lepidoptera,Sphingidae,adult,Trait: In Vitro Muscle Optimal Strain. Definition: Strain at which the power output of the muscle is maximum. Unit: percent. Organism order: Lepidoptera. Organism family: Sphingidae.,v5,5
In Vitro Muscle Optimal Phase,Phase at which the power output of the muscle is maximum in muscle removed from organism,percent,Lepidoptera,Sphingidae,adult,Trait: In Vitro Muscle Optimal Phase. Definition: Phase at which the power output of the muscle is maximum in muscle removed from organism. Unit: percent. Organism order: Lepidoptera. Organism family: Sphingidae.,v5,5
Voluntary Tongue Flick Strike Duration Rate,Rate of up-and-down motions or cycles of the tongue per flick in an organism with no obvious stimulus,event / (1 individual * 1 second),Squamata,Colubridae,adult,Trait: Voluntary Tongue Flick Strike Duration Rate. Definition: Rate of up-and-down motions or cycles of the tongue per flick in an organism with no obvious stimulus. Unit: event / (1 individual * 1 second). Organism order: Squamata. Organism family: Colubridae.,v5,-1
Digestion Rate,Rate of digestion of ingested material expressed as resource number per consumer number per time,individual / 1 day,Squamata,Colubridae,adult,Trait: Digestion Rate. Definition: Rate of digestion of ingested material expressed as resource number per consumer number per time. Unit: individual / 1 day. Organism order: Squamata. Organism family: Colubridae.,v5,9
Nest Provisioning Rate,Number of resource bought back to the nest for consumption (for itself or its young) by a consumer per time,individual / (1 individual * 1 day),Accipitriformes,Accipitridae,adult,Trait: Nest Provisioning Rate. Definition: Number of resource bought back to the nest for consumption (for itself or its young) by a consumer per time. Unit: individual / (1 individual * 1 day). Organism order: Accipitriformes. Organism family: Accipitridae.,v5,-1
Resource Size Capture Intent Acceptance Probability,Proportion of times that a 6 mg resource item was accepted when presented to a consumer after a captured 32 mg resource was taken from it,proportion / 1 individual,Hymenoptera,Formicidae,adult (worker),Trait: Resource Size Capture Intent Acceptance Probability. Definition: Proportion of times that a 6 mg resource item was accepted when presented to a consumer after a captured 32 mg resource was taken from it. Unit: proportion / 1 individual. Organism order: Hymenoptera. Organism family: Formicidae.,v5,-1
Voluntary Tail Beat Velocity,Tail velocity in the traverse plane (perpendicular to the anteriorÐposterior axis of the organism) during voluntary movement,millimeter / (1 individual * 1 second),Clupeiformes,Clupeidae,larvae,Trait: Voluntary Tail Beat Velocity. Definition: Tail velocity in the traverse plane (perpendicular to the anteriorÐposterior axis of the organism) during voluntary movement. Unit: millimeter / (1 individual * 1 second). Organism order: Clupeiformes. Organism family: Clupeidae.,v5,10
Foraging Submergence Duration,Mean duration of periods when consumer swims underwater while foraging,minute / 1 individual,Hemiptera,Notonectidae,adult,Trait: Foraging Submergence Duration. Definition: Mean duration of periods when consumer swims underwater while foraging. Unit: minute / 1 individual. Organism order: Hemiptera. Organism family: Notonectidae.,v5,6
Foraging Submergence Time,Time spent submerged in water from total observation time (can include multiple foraging bouts or a part of a single bout),minute / 1 individual,Hemiptera,Notonectidae,adult,Trait: Foraging Submergence Time. Definition: Time spent submerged in water from total observation time (can include multiple foraging bouts or a part of a single bout). Unit: minute / 1 individual. Organism order: Hemiptera. Organism family: Notonectidae.,v5,6
Voluntary Stroke Rate,Stroke rate of an organism during voluntary locomotion,event / (1 individual * 5 minute),Hemiptera,Notonectidae,adult,Trait: Voluntary Stroke Rate. Definition: Stroke rate of an organism during voluntary locomotion. Unit: event / (1 individual * 5 minute). Organism order: Hemiptera. Organism family: Notonectidae.,v5,10
Attack-Field Encounter Rate,Rate of encounter of resource with its consumer's known attack field per resource per time,event / (1 individual * 60 minute),NA,NA,NA,Trait: Attack-Field Encounter Rate. Definition: Rate of encounter of resource with its consumer's known attack field per resource per time. Unit: event / (1 individual * 60 minute).,v5,-1
Strike-Field Encounter Rate,Rate of encounter of a resource with consumers known strike field,event / (1 individual * 60 minute),NA,NA,NA,Trait: Strike-Field Encounter Rate. Definition: Rate of encounter of a resource with consumers known strike field. Unit: event / (1 individual * 60 minute).,v5,11
Subjugation-through-Consumption Time,Total amount of time a consumer spends subduing and eating resource (within a fraction of a single foraging bout or over several foraging bouts),hour / 1 individual,Sorbeoconcha,Muricidae,adult,Trait: Subjugation-through-Consumption Time. Definition: Total amount of time a consumer spends subduing and eating resource (within a fraction of a single foraging bout or over several foraging bouts). Unit: hour / 1 individual. Organism order: Sorbeoconcha. Organism family: Muricidae.,v5,12
Post-Feeding Time,"Time animal spends in between meals (includes all other activities, including non-feeding activities)",day / 1 individual,Sorbeoconcha,Muricidae,adult,"Trait: Post-Feeding Time. Definition: Time animal spends in between meals (includes all other activities, including non-feeding activities). Unit: day / 1 individual. Organism order: Sorbeoconcha. Organism family: Muricidae.",v5,-1
Intraspecific Confrontation Probability,Proportion of time organism spends in intraspecific confrontations out of total observation time,proportion / 1 individual,Coleoptera,Carabidae,adult,Trait: Intraspecific Confrontation Probability. Definition: Proportion of time organism spends in intraspecific confrontations out of total observation time. Unit: proportion / 1 individual. Organism order: Coleoptera. Organism family: Carabidae.,v5,-1
Attack-Field Encounter Density Rate,Rate of encounter of a resource individual with its consumer's known attack field (measured experimentally or estimated from the literature),event / (1 individual * 30 minute),Hemiptera,Naucoridae,adult,Trait: Attack-Field Encounter Density Rate. Definition: Rate of encounter of a resource individual with its consumer's known attack field (measured experimentally or estimated from the literature). Unit: event / (1 individual * 30 minute). Organism order: Hemiptera. Organism family: Naucoridae.,v5,11
Attack-Field Reaction Probability,"Proportion of times a consumer reacts (i.e., orients or moves toward) to a resource entering its attack field",proportion,Hemiptera,Naucoridae,adult,"Trait: Attack-Field Reaction Probability. Definition: Proportion of times a consumer reacts (i.e., orients or moves toward) to a resource entering its attack field. Unit: proportion. Organism order: Hemiptera. Organism family: Naucoridae.",v5,-1
Population Catchability,Number of resources caught in baited fishing traps per number of traps set per time,event / (1 individual * 2400 hour),Decapoda,Nephropidae,adult,Trait: Population Catchability. Definition: Number of resources caught in baited fishing traps per number of traps set per time. Unit: event / (1 individual * 2400 hour). Organism order: Decapoda. Organism family: Nephropidae.,v5,-1
Cilia Flow Velocity,Velocity of the water flow in filter feeders that results from the beating of cilia measured in a live animal,micrometer / (1 individual * 1 second),Clypeasteroida,Dendrasteridae,juvenile,Trait: Cilia Flow Velocity. Definition: Velocity of the water flow in filter feeders that results from the beating of cilia measured in a live animal. Unit: micrometer / (1 individual * 1 second). Organism order: Clypeasteroida. Organism family: Dendrasteridae.,v5,-1
Food Assimilation Efficiency,Efficiency of a consumer of digesting ingested energy (expressed as the amount of energy that is digested in proportion to that which is ingested),percent / 1 individual,Squamata,Phrynosomatidae,adult,Trait: Food Assimilation Efficiency. Definition: Efficiency of a consumer of digesting ingested energy (expressed as the amount of energy that is digested in proportion to that which is ingested). Unit: percent / 1 individual. Organism order: Squamata. Organism family: Phrynosomatidae.,v5,-1
Consumption Probability of Trial,Proportion of experimental trials in which resource was consumed to total number of trials (each trial consisted of multiple opportunities of a single consumer to attack multiple resources so probably represents real limits to resource consumption),proportion / 1 individual,Hemiptera,Notonectidae,adult,Trait: Consumption Probability of Trial. Definition: Proportion of experimental trials in which resource was consumed to total number of trials (each trial consisted of multiple opportunities of a single consumer to attack multiple resources so probably represents real limits to resource consumption). Unit: proportion / 1 individual. Organism order: Hemiptera. Organism family: Notonectidae.,v5,12
In Vitro Muscle Isometric Tension,Isometric tension of muscle measured in muscle removed from live animal,kilonewton / 1 square meter,Scorpaeniformes,Cottidae,adult,Trait: In Vitro Muscle Isometric Tension. Definition: Isometric tension of muscle measured in muscle removed from live animal. Unit: kilonewton / 1 square meter. Organism order: Scorpaeniformes. Organism family: Cottidae.,v5,-1
In Vitro Muscle Shortening Velocity,Velocity of muscle shortening measured in muscle removed from animal,muscle length / 1 second,Scorpaeniformes,Cottidae,adult,Trait: In Vitro Muscle Shortening Velocity. Definition: Velocity of muscle shortening measured in muscle removed from animal. Unit: muscle length / 1 second. Organism order: Scorpaeniformes. Organism family: Cottidae.,v5,-1
Eggs-Per-Parasitoid Parasitization Rate,Number of eggs laid per parasitoid on a population of hosts per time,event / (20 individual * 24 hour),Hymenoptera,Eulophidae,adult,Trait: Eggs-Per-Parasitoid Parasitization Rate. Definition: Number of eggs laid per parasitoid on a population of hosts per time. Unit: event / (20 individual * 24 hour). Organism order: Hymenoptera. Organism family: Eulophidae.,v5,0
Egg-Per-Host Parasitization Rate,Number of eggs laid per host by parasitoid's per time,event / (1 individual * 1 individual * 24 hour),Hymenoptera,Eulophidae,adult,Trait: Egg-Per-Host Parasitization Rate. Definition: Number of eggs laid per host by parasitoid's per time. Unit: event / (1 individual * 1 individual * 24 hour). Organism order: Hymenoptera. Organism family: Eulophidae.,v5,0
Escape Body Velocity Probability,Velocity of the whole body during escape burst movement (expressed as the ratio of sprint velocity of an individual to the maximum velocity of that individual in all trials at all temperatures),percent / 1 individual,NA,NA,NA,Trait: Escape Body Velocity Probability. Definition: Velocity of the whole body during escape burst movement (expressed as the ratio of sprint velocity of an individual to the maximum velocity of that individual in all trials at all temperatures). Unit: percent / 1 individual.,v5,7
Line -Encounter Rate,Encounter rate of individuals in a population moving past an arbitrary line per time,event / 2 minute,Hymenoptera,Formicidae,adult (worker),Trait: Line -Encounter Rate. Definition: Encounter rate of individuals in a population moving past an arbitrary line per time. Unit: event / 2 minute. Organism order: Hymenoptera. Organism family: Formicidae.,v5,11
Log-Linear Gut Clearance Rate,The slope of the regression of log gut content mass per consumer individual per time,event / (1 individual * 1 minute),Calanoida,Temoridae,adult,Trait: Log-Linear Gut Clearance Rate. Definition: The slope of the regression of log gut content mass per consumer individual per time. Unit: event / (1 individual * 1 minute). Organism order: Calanoida. Organism family: Temoridae.,v5,2
Mass-Specific Oxygen Mass Scope For Activity,Amount of oxygen available for use for activity by an organism measured as mass of oxygen per organism mass per time,milligram / (1 kilogram (body mass - wet) * 1 hour),Salmoniformes,Salmonidae,adult,Trait: Mass-Specific Oxygen Mass Scope For Activity. Definition: Amount of oxygen available for use for activity by an organism measured as mass of oxygen per organism mass per time. Unit: milligram / (1 kilogram (body mass - wet) * 1 hour). Organism order: Salmoniformes. Organism family: Salmonidae.,v5,-1
Feeding Heart Beat Rate,Mean number of times heart beats per time while a consumer individual is filter feeding,event / (1 individual * 1 minute),Ostreoida,Ostreidae,adult,Trait: Feeding Heart Beat Rate. Definition: Mean number of times heart beats per time while a consumer individual is filter feeding. Unit: event / (1 individual * 1 minute). Organism order: Ostreoida. Organism family: Ostreidae.,v5,-1
Voluntary Moving Time,Total time organism spends physically moving through space measured over observation time,second / 1 individual,Perciformes,Sciaenidae,juvenile,Trait: Voluntary Moving Time. Definition: Total time organism spends physically moving through space measured over observation time. Unit: second / 1 individual. Organism order: Perciformes. Organism family: Sciaenidae.,v5,4
Foraging Pause Rate,Rate of pauses during a fraction of a single foraging bout per consumer individual (assumed to be important to saltatory consumers in which movement is interspersed with periods of brief pauses during which searching occurs),event / (1 individual * 300 second),Perciformes,Sciaenidae,juvenile,Trait: Foraging Pause Rate. Definition: Rate of pauses during a fraction of a single foraging bout per consumer individual (assumed to be important to saltatory consumers in which movement is interspersed with periods of brief pauses during which searching occurs). Unit: event / (1 individual * 300 second). Organism order: Perciformes. Organism family: Sciaenidae.,v5,4
Voluntary Pause Time,Duration of pauses during voluntary movement (assumed to be important to saltatory consumers in which movement is interspersed with brief pauses during which searching occurs),second / 1 individual,Perciformes,Sciaenidae,juvenile,Trait: Voluntary Pause Time. Definition: Duration of pauses during voluntary movement (assumed to be important to saltatory consumers in which movement is interspersed with brief pauses during which searching occurs). Unit: second / 1 individual. Organism order: Perciformes. Organism family: Sciaenidae.,v5,4
Sediment Mass Processing Rate,Mass of sediment ingested and processed for food by a deposit feeder per time (in general most of what is ingested in non-digestible inorganic sediment),gram (body mass - dry) / (1 individual * 1 day),Canalipalpata,Pectinariidae,adult,Trait: Sediment Mass Processing Rate. Definition: Mass of sediment ingested and processed for food by a deposit feeder per time (in general most of what is ingested in non-digestible inorganic sediment). Unit: gram (body mass - dry) / (1 individual * 1 day). Organism order: Canalipalpata. Organism family: Pectinariidae.,v5,-1
Strike Body Acceleration,Acceleration of a consumer's head during a strike at a resource,meter / (1 second * 1 second),Squamata,Colubridae,adult,Trait: Strike Body Acceleration. Definition: Acceleration of a consumer's head during a strike at a resource. Unit: meter / (1 second * 1 second). Organism order: Squamata. Organism family: Colubridae.,v5,-1
Strike Duration,Time taken for a consumer to complete a strike,second / 1 individual,Squamata,Colubridae,adult,Trait: Strike Duration. Definition: Time taken for a consumer to complete a strike. Unit: second / 1 individual. Organism order: Squamata. Organism family: Colubridae.,v5,10
Voluntary Heart Beat Rate,Heart beat rate measured in an intact organism that is voluntarily stationary,event / (1 individual * 1 minute),Anura,Ranidae,adult,Trait: Voluntary Heart Beat Rate. Definition: Heart beat rate measured in an intact organism that is voluntarily stationary. Unit: event / (1 individual * 1 minute). Organism order: Anura. Organism family: Ranidae.,v5,10
Subjugation-Consumption Body Contraction Rate,Rate of body contractions for locomotion of a consumer during subjugation and consumption of resources,event / (1 individual * 1 minute),Semaeostomeae,Ulmaridae,juvenile,Trait: Subjugation-Consumption Body Contraction Rate. Definition: Rate of body contractions for locomotion of a consumer during subjugation and consumption of resources. Unit: event / (1 individual * 1 minute). Organism order: Semaeostomeae. Organism family: Ulmaridae.,v5,12
'Mouth Gape' Defence  Probability,"Probability that each resource from a population will gape its mouth when attacked by a consumer (i.e., resource held its ground and gaped and lunged to bite if the consumer approached too closely)",proportion / 1 individual,Primates,Hominidae,adult,"Trait: 'Mouth Gape' Defence  Probability. Definition: Probability that each resource from a population will gape its mouth when attacked by a consumer (i.e., resource held its ground and gaped and lunged to bite if the consumer approached too closely). Unit: proportion / 1 individual. Organism order: Primates. Organism family: Hominidae.",v5,-1
In Vitro Muscle 50% Relaxation Time,Time interval from peak twitch until 50 percent relaxation of muscle removed from the organism,millisecond,Cypriniformes,Cyprinidae,adult,Trait: In Vitro Muscle 50% Relaxation Time. Definition: Time interval from peak twitch until 50 percent relaxation of muscle removed from the organism. Unit: millisecond. Organism order: Cypriniformes. Organism family: Cyprinidae.,v5,5
Escape Angular Rate of Body Turning,Velocity of the turning of the snout of the animal relative to the mid-point throughout movement for locomotion,degree / (1 individual * 1 millisecond),NA,NA,NA,Trait: Escape Angular Rate of Body Turning. Definition: Velocity of the turning of the snout of the animal relative to the mid-point throughout movement for locomotion. Unit: degree / (1 individual * 1 millisecond).,v5,-1
Escape Jump Rate,Jump rate of a resource during escape locomotion,event / (1 individual * 1 second),Primates,Hominidae,adult,Trait: Escape Jump Rate. Definition: Jump rate of a resource during escape locomotion. Unit: event / (1 individual * 1 second). Organism order: Primates. Organism family: Hominidae.,v5,10
'Probing-Pecking' Foraging Probability,Proportion of times a consumer 'probed' for food in the substrate relative to the total number of times it both 'probed' and 'pecked' (pecking involves searching for food only on the sediment surface),proportion / 1 individual,Charadriiformes,Scolopacidae,adult,Trait: 'Probing-Pecking' Foraging Probability. Definition: Proportion of times a consumer 'probed' for food in the substrate relative to the total number of times it both 'probed' and 'pecked' (pecking involves searching for food only on the sediment surface). Unit: proportion / 1 individual. Organism order: Charadriiformes. Organism family: Scolopacidae.,v5,6
Instantaneous Digestion Mass Rate,The instantaneous rate of reduction in the amount of resource in the consumers stomach calculated from regression between log weight of resource and time,milligram (body mass - dry) / 1 hour,Perciformes,Percidae,adult,Trait: Instantaneous Digestion Mass Rate. Definition: The instantaneous rate of reduction in the amount of resource in the consumers stomach calculated from regression between log weight of resource and time. Unit: milligram (body mass - dry) / 1 hour. Organism order: Perciformes. Organism family: Percidae.,v5,-1
'Retaliate' Defence Probability,"Probability that each resource from a population will attack, strike or bite when attacked by a consumer (often associated with prior warning signs such as hissing, teeth bearing and stout posture)",proportion / 1 individual,Primates,Hominidae,adult,"Trait: 'Retaliate' Defence Probability. Definition: Probability that each resource from a population will attack, strike or bite when attacked by a consumer (often associated with prior warning signs such as hissing, teeth bearing and stout posture). Unit: proportion / 1 individual. Organism order: Primates. Organism family: Hominidae.",v5,12
'Still' Defence Probability,"Probability that each resource from a population will remain still when attacked by a consumer (occurred when the resource remained still, without any overt reaction to the stimulus",proportion / 1 individual,Primates,Hominidae,adult,"Trait: 'Still' Defence Probability. Definition: Probability that each resource from a population will remain still when attacked by a consumer (occurred when the resource remained still, without any overt reaction to the stimulus. Unit: proportion / 1 individual. Organism order: Primates. Organism family: Hominidae.",v5,-1
Population Voluntary Movement Probability,Proportion of individuals in a population that are physically moving through space at time of observation,proportion,Architaenioglossa,Ampullariidae,adult,Trait: Population Voluntary Movement Probability. Definition: Proportion of individuals in a population that are physically moving through space at time of observation. Unit: proportion. Organism order: Architaenioglossa. Organism family: Ampullariidae.,v5,4
Survival Time,Time from when a consumer and resource were introduced into an arena until the resource is consumed,second,Salmoniformes,Salmonidae,juvenile,Trait: Survival Time. Definition: Time from when a consumer and resource were introduced into an arena until the resource is consumed. Unit: second. Organism order: Salmoniformes. Organism family: Salmonidae.,v5,-1
Escape Angle of Body Turning,The sum of the absolute angles of turning of the head relative to the body during escape movement,degree / 1 individual,NA,NA,NA,Trait: Escape Angle of Body Turning. Definition: The sum of the absolute angles of turning of the head relative to the body during escape movement. Unit: degree / 1 individual.,v5,-1
Mass-Specific Escape Inertial Hydrodynamic Power Requirement,Power required to accelerate a resource through space (estimated by the ratio of the inertial power required to accelerate the animal in its direction of travel to the total muscle power output),watt / 1 kilogram (body mass - wet),NA,NA,NA,Trait: Mass-Specific Escape Inertial Hydrodynamic Power Requirement. Definition: Power required to accelerate a resource through space (estimated by the ratio of the inertial power required to accelerate the animal in its direction of travel to the total muscle power output). Unit: watt / 1 kilogram (body mass - wet).,v5,-1
In Vitro Muscle Contraction Duration,Time for muscle to contract measured in muscle excised from organism,second,Cypriniformes,Cyprinidae,juvenile,Trait: In Vitro Muscle Contraction Duration. Definition: Time for muscle to contract measured in muscle excised from organism. Unit: second. Organism order: Cypriniformes. Organism family: Cyprinidae.,v5,-1
In Vitro Muscle Strain,Muscle strain during locomotion as change in length of muscle in proportion to resting length measured in excised muscle,proportion,Cypriniformes,Cyprinidae,juvenile,Trait: In Vitro Muscle Strain. Definition: Muscle strain during locomotion as change in length of muscle in proportion to resting length measured in excised muscle. Unit: proportion. Organism order: Cypriniformes. Organism family: Cyprinidae.,v5,-1
In Vitro Muscle Strain Rate,"Muscle strain is the change in length of muscle in proportion to resting length, and stain rate is the change in this probability over time measured in muscle excised from animal",percent / 1 second,Cypriniformes,Cyprinidae,juvenile,"Trait: In Vitro Muscle Strain Rate. Definition: Muscle strain is the change in length of muscle in proportion to resting length, and stain rate is the change in this probability over time measured in muscle excised from animal. Unit: percent / 1 second. Organism order: Cypriniformes. Organism family: Cyprinidae.",v5,5
Escape Muscle 50% Twitch Time,Time interval from the stimulation of the muscle until 50 percent of peak twitch measured in live animal during escape,millisecond / 1 individual,NA,NA,NA,Trait: Escape Muscle 50% Twitch Time. Definition: Time interval from the stimulation of the muscle until 50 percent of peak twitch measured in live animal during escape. Unit: millisecond / 1 individual.,v5,5
Escape Muscle Peak Twitch Time,Time interval from the stimulation of the muscle until peak twitch force measured in a living resource during escape,millisecond / 1 individual,NA,NA,NA,Trait: Escape Muscle Peak Twitch Time. Definition: Time interval from the stimulation of the muscle until peak twitch force measured in a living resource during escape. Unit: millisecond / 1 individual.,v5,5
Escape Muscle 50% Relaxation Time,Time interval from peak twitch until 50 percent relaxation of muscle measured in live animal during escape,millisecond / 1 individual,NA,NA,NA,Trait: Escape Muscle 50% Relaxation Time. Definition: Time interval from peak twitch until 50 percent relaxation of muscle measured in live animal during escape. Unit: millisecond / 1 individual.,v5,5
Critical Travel Distance,Estimated distance travelled to stay at a fixed position within a moving terrain that incrementally increases in speed (measured using a multi-speed flow chamber or treadmill),meter / 1 individual,NA,NA,NA,Trait: Critical Travel Distance. Definition: Estimated distance travelled to stay at a fixed position within a moving terrain that incrementally increases in speed (measured using a multi-speed flow chamber or treadmill). Unit: meter / 1 individual.,v5,-1
In Vitro Muscle Peak Twitch Force,Peak twitch force of muscle measured in excised muscle,kilonewton / 1 square meter,Caudata,Ambystomatidae,adult,Trait: In Vitro Muscle Peak Twitch Force. Definition: Peak twitch force of muscle measured in excised muscle. Unit: kilonewton / 1 square meter. Organism order: Caudata. Organism family: Ambystomatidae.,v5,5
In Vitro Muscle Pressure Rate,Rate of pressure change for in vitro muscle in response to stimulation in muscle removed from the organism,kilonewton / (1 square meter * 1 millisecond),Caudata,Ambystomatidae,adult,Trait: In Vitro Muscle Pressure Rate. Definition: Rate of pressure change for in vitro muscle in response to stimulation in muscle removed from the organism. Unit: kilonewton / (1 square meter * 1 millisecond). Organism order: Caudata. Organism family: Ambystomatidae.,v5,5
In Vitro Muscle Peak Twitch Time,Time interval from the stimulation of the muscle until peak twitch force measured in vitro in muscles removed from live organism,millisecond,Caudata,Ambystomatidae,adult,Trait: In Vitro Muscle Peak Twitch Time. Definition: Time interval from the stimulation of the muscle until peak twitch force measured in vitro in muscles removed from live organism. Unit: millisecond. Organism order: Caudata. Organism family: Ambystomatidae.,v5,5
Unsuccessful Attack Probability of Trial,Probability of a consumer-resource experimental trial including attacks that did not result in consumption of the resource (each trial consisted of multiple attacks),percent / 1 individual,Cypriniformes,Cyprinidae,adult,Trait: Unsuccessful Attack Probability of Trial. Definition: Probability of a consumer-resource experimental trial including attacks that did not result in consumption of the resource (each trial consisted of multiple attacks). Unit: percent / 1 individual. Organism order: Cypriniformes. Organism family: Cyprinidae.,v5,12
Voluntary Walk/Run Probability,"Proportion of time organism spends walking or running (i.e., fast directed movement with little turning) over actual observation time",proportion / 1 individual,Coleoptera,Carabidae,adult,"Trait: Voluntary Walk/Run Probability. Definition: Proportion of time organism spends walking or running (i.e., fast directed movement with little turning) over actual observation time. Unit: proportion / 1 individual. Organism order: Coleoptera. Organism family: Carabidae.",v5,4
Capture Rate,Per-capita rate of captures in encounters between consumer and resource number,event / (1 individual * 1 individual * 8 hour),Decapoda,Crangonidae,adult,Trait: Capture Rate. Definition: Per-capita rate of captures in encounters between consumer and resource number. Unit: event / (1 individual * 1 individual * 8 hour). Organism order: Decapoda. Organism family: Crangonidae.,v5,-1
Random Resource Encounter Rate,The number of unintentional physical contacts  of a consumer with a resource that resulted in a noticeable reaction from the consumer and/or resource per consumer per time,event / (1 individual * 1 individual * 8 hour),Decapoda,Crangonidae,adult,Trait: Random Resource Encounter Rate. Definition: The number of unintentional physical contacts  of a consumer with a resource that resulted in a noticeable reaction from the consumer and/or resource per consumer per time. Unit: event / (1 individual * 1 individual * 8 hour). Organism order: Decapoda. Organism family: Crangonidae.,v5,11
Resource Encounter Rate,The total number of resources a consumer physically encounters per time,event / (1 individual * 8 hour),Decapoda,Crangonidae,adult,Trait: Resource Encounter Rate. Definition: The total number of resources a consumer physically encounters per time. Unit: event / (1 individual * 8 hour). Organism order: Decapoda. Organism family: Crangonidae.,v5,11
Digestion Time 75%,Time taken for 75 percent of the mass of a meal to be digested by a consumer,hour / 1 individual,Salmoniformes,Salmonidae,juvenile,Trait: Digestion Time 75%. Definition: Time taken for 75 percent of the mass of a meal to be digested by a consumer. Unit: hour / 1 individual. Organism order: Salmoniformes. Organism family: Salmonidae.,v5,9
Digestion Time 90%,Time taken for 90 percent of the mass of a meal to be digested by a consumer,hour / 1 individual,Salmoniformes,Salmonidae,juvenile,Trait: Digestion Time 90%. Definition: Time taken for 90 percent of the mass of a meal to be digested by a consumer. Unit: hour / 1 individual. Organism order: Salmoniformes. Organism family: Salmonidae.,v5,9
Digestion Time 99%,Time taken for 99 percent of the mass of a meal to be digested by a consumer,hour / 1 individual,Salmoniformes,Salmonidae,juvenile,Trait: Digestion Time 99%. Definition: Time taken for 99 percent of the mass of a meal to be digested by a consumer. Unit: hour / 1 individual. Organism order: Salmoniformes. Organism family: Salmonidae.,v5,9
Escape Body Deceleration,Deceleration of the whole body of a resource during burst escape movements,meter / (1 second * 1 second),Primates,Hominidae,adult,Trait: Escape Body Deceleration. Definition: Deceleration of the whole body of a resource during burst escape movements. Unit: meter / (1 second * 1 second). Organism order: Primates. Organism family: Hominidae.,v5,-1
Voluntary Tongue Flick Cycle Number,Number of up-and-down motions or cycles of the tongue per flick in an organism with no obvious stimulus,event / (1 individual * 1 event),Squamata,Colubridae,adult,Trait: Voluntary Tongue Flick Cycle Number. Definition: Number of up-and-down motions or cycles of the tongue per flick in an organism with no obvious stimulus. Unit: event / (1 individual * 1 event). Organism order: Squamata. Organism family: Colubridae.,v5,-1
Voluntary Tongue Flick Non-Cycle Time,Time tongue is outside mouth and not moving in an organism with no obvious stimulus,second / 1 individual,Squamata,Colubridae,adult,Trait: Voluntary Tongue Flick Non-Cycle Time. Definition: Time tongue is outside mouth and not moving in an organism with no obvious stimulus. Unit: second / 1 individual. Organism order: Squamata. Organism family: Colubridae.,v5,-1
Foraging Duration,Length of a single foraging bout for a consumer,minute / 1 individual,Aciculata,Nereididae,adult,Trait: Foraging Duration. Definition: Length of a single foraging bout for a consumer. Unit: minute / 1 individual. Organism order: Aciculata. Organism family: Nereididae.,v5,6
Voluntary Exposure Probability,"Probability that an organism is exposed at time of observation (i.e., body above substrate surface and active)",proportion / 1 individual,Squamata,Phrynosomatidae,adult,"Trait: Voluntary Exposure Probability. Definition: Probability that an organism is exposed at time of observation (i.e., body above substrate surface and active). Unit: proportion / 1 individual. Organism order: Squamata. Organism family: Phrynosomatidae.",v5,4
Voluntary Tail Beat Amplitude,Amplitude of tail beats of an organism during voluntary locomotion,millimeter / 1 individual,Clupeiformes,Clupeidae,larvae,Trait: Voluntary Tail Beat Amplitude. Definition: Amplitude of tail beats of an organism during voluntary locomotion. Unit: millimeter / 1 individual. Organism order: Clupeiformes. Organism family: Clupeidae.,v5,10
Consumer Evasion Response Time,"Time taken for a resource to respond (i.e., first body movement) to an attacking predator (times calibrated to quickest response of all resources tested)",second / 1 individual,Clupeiformes,Clupeidae,juvenile,"Trait: Consumer Evasion Response Time. Definition: Time taken for a resource to respond (i.e., first body movement) to an attacking predator (times calibrated to quickest response of all resources tested). Unit: second / 1 individual. Organism order: Clupeiformes. Organism family: Clupeidae.",v5,-1
Flee Time,"Duration of flight of a resource when fleeing a predator before stopping (i.e., over Flee Distance)",second / 1 individual,Clupeiformes,Clupeidae,juvenile,"Trait: Flee Time. Definition: Duration of flight of a resource when fleeing a predator before stopping (i.e., over Flee Distance). Unit: second / 1 individual. Organism order: Clupeiformes. Organism family: Clupeidae.",v5,-1
Resource Escape Response Probability,"Proportion of attacks in which resource initiate's an escape response (i.e., tries to evade attacking predator)",percent / 1 individual,Clupeiformes,Clupeidae,juvenile,"Trait: Resource Escape Response Probability. Definition: Proportion of attacks in which resource initiate's an escape response (i.e., tries to evade attacking predator). Unit: percent / 1 individual. Organism order: Clupeiformes. Organism family: Clupeidae.",v5,-1
Consumer Attack Error Probability,The proportion of attacks in which resource failed to respond (a 'no-response attack') relative to the total number of unsuccessful attacks (resources play no active role in this measure so it is a measure of the consumers performance),percent / 1 second,Clupeiformes,Clupeidae,juvenile,Trait: Consumer Attack Error Probability. Definition: The proportion of attacks in which resource failed to respond (a 'no-response attack') relative to the total number of unsuccessful attacks (resources play no active role in this measure so it is a measure of the consumers performance). Unit: percent / 1 second. Organism order: Clupeiformes. Organism family: Clupeidae.,v5,12
'Stand Upright' Defence Probability,"Probability that each resource will stand upright when attacked by a consumer (occurred when the resource mouth-gaped, and when provoked further stood upright with its legs held rigid, body inflated, jaws opened widely and tongue protruding)",proportion / 1 individual,Primates,Hominidae,adult,"Trait: 'Stand Upright' Defence Probability. Definition: Probability that each resource will stand upright when attacked by a consumer (occurred when the resource mouth-gaped, and when provoked further stood upright with its legs held rigid, body inflated, jaws opened widely and tongue protruding). Unit: proportion / 1 individual. Organism order: Primates. Organism family: Hominidae.",v5,12
'Flee' Defence Probability,"Probability that each resource from a population will 'flee' when attacked by a consumer (i.e., resource fled immediately upon approach by the consumer)",proportion / 1 individual,Primates,Hominidae,adult,"Trait: 'Flee' Defence Probability. Definition: Probability that each resource from a population will 'flee' when attacked by a consumer (i.e., resource fled immediately upon approach by the consumer). Unit: proportion / 1 individual. Organism order: Primates. Organism family: Hominidae.",v5,12
Mass-Specific Escape Jump Force,Mass-specific force exerted on the substrate by a resource during an escape jump,newton / 1 kilogram (body mass - wet),NA,NA,NA,Trait: Mass-Specific Escape Jump Force. Definition: Mass-specific force exerted on the substrate by a resource during an escape jump. Unit: newton / 1 kilogram (body mass - wet).,v5,10
Mass-Specific Escape Body Jump Power Production,Mass-specific power production during a jump by a resource during escape,watt / 1 kilogram (body mass - wet),NA,NA,NA,Trait: Mass-Specific Escape Body Jump Power Production. Definition: Mass-specific power production during a jump by a resource during escape. Unit: watt / 1 kilogram (body mass - wet).,v5,10
Nest Provisioning Probability,The proportion of individuals returning from foraging that are carrying a resource (for itself or its young),proportion,Hymenoptera,Formicidae,adult (worker),Trait: Nest Provisioning Probability. Definition: The proportion of individuals returning from foraging that are carrying a resource (for itself or its young). Unit: proportion. Organism order: Hymenoptera. Organism family: Formicidae.,v5,-1
'Perch-and-Drop' Foraging Probability,"Proportion of observed foraging time (a fraction of actual foraging time) a consumer spends 'perch-and-dropping' (i.e., consumer drops from a perch to catch resource and then immediately returns to the perch without moving around whilst on the ground)",proportion / 1 individual,Passeriformes,Muscicapidae,adult (female),"Trait: 'Perch-and-Drop' Foraging Probability. Definition: Proportion of observed foraging time (a fraction of actual foraging time) a consumer spends 'perch-and-dropping' (i.e., consumer drops from a perch to catch resource and then immediately returns to the perch without moving around whilst on the ground). Unit: proportion / 1 individual. Organism order: Passeriformes. Organism family: Muscicapidae.",v5,6
'Leaf-Gleaning' Foraging Probability,"Proportion of observed foraging time (a fraction of actual foraging time) a consumer spends 'leaf-gleaning' (i.e., actively searching leaves for resource)",proportion / 1 individual,Passeriformes,Muscicapidae,adult (female),"Trait: 'Leaf-Gleaning' Foraging Probability. Definition: Proportion of observed foraging time (a fraction of actual foraging time) a consumer spends 'leaf-gleaning' (i.e., actively searching leaves for resource). Unit: proportion / 1 individual. Organism order: Passeriformes. Organism family: Muscicapidae.",v5,6
'Bark-Pecking' Foraging Probability,"Proportion of observed foraging time (a fraction of actual foraging time) a consumer spends 'bark-pecking' (i.e., actively searching for food in the bark of vegetation)",proportion / 1 individual,Passeriformes,Muscicapidae,adult (female),"Trait: 'Bark-Pecking' Foraging Probability. Definition: Proportion of observed foraging time (a fraction of actual foraging time) a consumer spends 'bark-pecking' (i.e., actively searching for food in the bark of vegetation). Unit: proportion / 1 individual. Organism order: Passeriformes. Organism family: Muscicapidae.",v5,6
'Fly-Catching' Foraging Probability,"Proportion of observed foraging time (a fraction of actual foraging time) a consumer spends 'fly catching' (i.e., actively searching for resource on the wing)",proportion / 1 individual,Passeriformes,Muscicapidae,adult (female),"Trait: 'Fly-Catching' Foraging Probability. Definition: Proportion of observed foraging time (a fraction of actual foraging time) a consumer spends 'fly catching' (i.e., actively searching for resource on the wing). Unit: proportion / 1 individual. Organism order: Passeriformes. Organism family: Muscicapidae.",v5,6
Attack Probability,Probability of a consumer attacking a resource that comes within its attack field (field size is measured experimentally or estimated from the literature),proportion / 1 individual,Hemiptera,Naucoridae,adult,Trait: Attack Probability. Definition: Probability of a consumer attacking a resource that comes within its attack field (field size is measured experimentally or estimated from the literature). Unit: proportion / 1 individual. Organism order: Hemiptera. Organism family: Naucoridae.,v5,12
'Refuge-Seek' Defence Probability,Probability that each resource from a population will seek refuge when attacked by a consumer ('Refuge-Seek' behaviour consisted of actively probing the walls of the arena trying to find a way out),percent / 1 individual,Primates,Hominidae,adult,Trait: 'Refuge-Seek' Defence Probability. Definition: Probability that each resource from a population will seek refuge when attacked by a consumer ('Refuge-Seek' behaviour consisted of actively probing the walls of the arena trying to find a way out). Unit: percent / 1 individual. Organism order: Primates. Organism family: Hominidae.,v5,12
'Swim Underwater' Defence Probability,Probability that each resource from a population swam underwater when attacked (occurred when the resource fled while submerged),percent / 1 individual,Primates,Hominidae,adult,Trait: 'Swim Underwater' Defence Probability. Definition: Probability that each resource from a population swam underwater when attacked (occurred when the resource fled while submerged). Unit: percent / 1 individual. Organism order: Primates. Organism family: Hominidae.,v5,-1
Strike Stroke Length,Distance covered by the consumer in the last complete stroke of a strike,centimeter / 1 individual,Scorpaeniformes,Cottidae,adult,Trait: Strike Stroke Length. Definition: Distance covered by the consumer in the last complete stroke of a strike. Unit: centimeter / 1 individual. Organism order: Scorpaeniformes. Organism family: Cottidae.,v5,10
Attack Tail Beat Amplitude,Maximum amplitude of tail motion for locomotion of a consumer during an attack,centimeter / 1 individual,Scorpaeniformes,Cottidae,adult,Trait: Attack Tail Beat Amplitude. Definition: Maximum amplitude of tail motion for locomotion of a consumer during an attack. Unit: centimeter / 1 individual. Organism order: Scorpaeniformes. Organism family: Cottidae.,v5,10
Attack Body Acceleration,Body acceleration of a consumer during an attack,meter / (1 second * 1 second),Scorpaeniformes,Cottidae,adult,Trait: Attack Body Acceleration. Definition: Body acceleration of a consumer during an attack. Unit: meter / (1 second * 1 second). Organism order: Scorpaeniformes. Organism family: Cottidae.,v5,7
Strike Tail Beat Duration,Duration of a tail beat cycle of a consumer during a strike,millisecond / 1 individual,Scorpaeniformes,Cottidae,adult,Trait: Strike Tail Beat Duration. Definition: Duration of a tail beat cycle of a consumer during a strike. Unit: millisecond / 1 individual. Organism order: Scorpaeniformes. Organism family: Cottidae.,v5,10
Attack Tail Beat Duration,Duration of a tail beat cycle of a consumer during an attack,millisecond / 1 individual,Scorpaeniformes,Cottidae,adult,Trait: Attack Tail Beat Duration. Definition: Duration of a tail beat cycle of a consumer during an attack. Unit: millisecond / 1 individual. Organism order: Scorpaeniformes. Organism family: Cottidae.,v5,-1
'Flatten' Defence Probability,Probability that each resource from a population will 'flatten' when attacked by a consumer ('Flatten' occurs when the animal dorsoventrally compresses its body and is often followed by a strike),proportion / 1 individual,Primates,Hominidae,adult,Trait: 'Flatten' Defence Probability. Definition: Probability that each resource from a population will 'flatten' when attacked by a consumer ('Flatten' occurs when the animal dorsoventrally compresses its body and is often followed by a strike). Unit: proportion / 1 individual. Organism order: Primates. Organism family: Hominidae.,v5,-1
Population Growth Rate,Intrinsic rate of population growth measured as individuals per individuals per time,event / (1 individual * 24 hour),Ochromonadales,Scarabaeoidea,NA,Trait: Population Growth Rate. Definition: Intrinsic rate of population growth measured as individuals per individuals per time. Unit: event / (1 individual * 24 hour). Organism order: Ochromonadales. Organism family: Scarabaeoidea.,v5,-1
In Vitro Heart Beat Rate,Heart beat rate measured in a heart removed from the organism,event / 1 minute,Procellariiformes,Hydrobatidae,embryo,Trait: In Vitro Heart Beat Rate. Definition: Heart beat rate measured in a heart removed from the organism. Unit: event / 1 minute. Organism order: Procellariiformes. Organism family: Hydrobatidae.,v5,-1
Development Time,Time taken by an individual to complete a particular period or life stage,day / 1 individual,Hemiptera,Pseudococcidae,nymph (female),Trait: Development Time. Definition: Time taken by an individual to complete a particular period or life stage. Unit: day / 1 individual. Organism order: Hemiptera. Organism family: Pseudococcidae.,v5,-1
Longevity,Length of adult life,day / 1 individual,Hemiptera,Pseudococcidae,adult (female),Trait: Longevity. Definition: Length of adult life. Unit: day / 1 individual. Organism order: Hemiptera. Organism family: Pseudococcidae.,v5,-1
Generation Time,Average interval between the birth of an individual and the birth of its offspring,day / 1 individual,Hemiptera,Pseudococcidae,adult,Trait: Generation Time. Definition: Average interval between the birth of an individual and the birth of its offspring. Unit: day / 1 individual. Organism order: Hemiptera. Organism family: Pseudococcidae.,v5,-1
Population Size,Number of individuals in the population,individual,Calanoida,Acartiidae,adult,Trait: Population Size. Definition: Number of individuals in the population. Unit: individual. Organism order: Calanoida. Organism family: Acartiidae.,v5,-1
48-hr Hatching Probability,Probability of an egg having hatched at 48 hrs,proportion,Calanoida,Acartiidae,adult,Trait: 48-hr Hatching Probability. Definition: Probability of an egg having hatched at 48 hrs. Unit: proportion. Organism order: Calanoida. Organism family: Acartiidae.,v5,-1
Mortality Rate,"Number of deaths scaled by population size, per unit time",event / (1 individual * 24 hour),Hemiptera,Aphididae,juvenile,"Trait: Mortality Rate. Definition: Number of deaths scaled by population size, per unit time. Unit: event / (1 individual * 24 hour). Organism order: Hemiptera. Organism family: Aphididae.",v5,-1
Fecundity Rate,Number of offspring produced by a female per time,event / (1 individual * 24 hour),Hemiptera,Pemphigidae,adult (female),Trait: Fecundity Rate. Definition: Number of offspring produced by a female per time. Unit: event / (1 individual * 24 hour). Organism order: Hemiptera. Organism family: Pemphigidae.,v5,-1
Asexual Reproduction Rate,Number of individuals produced asexually per individual per unit time,event / (1 individual * 24 hour),Hydroida,Moerisiidae,adult,Trait: Asexual Reproduction Rate. Definition: Number of individuals produced asexually per individual per unit time. Unit: event / (1 individual * 24 hour). Organism order: Hydroida. Organism family: Moerisiidae.,v5,-1
Surface Area-Specific Maximum Photosynthesis Rate,Surface area-specific maximum light-saturated photosynthesis rate measured by flux of carbon dioxide mass,gram / (1 square centimeter * 1 second),Fagales,Fagaceae,adult,Trait: Surface Area-Specific Maximum Photosynthesis Rate. Definition: Surface area-specific maximum light-saturated photosynthesis rate measured by flux of carbon dioxide mass. Unit: gram / (1 square centimeter * 1 second). Organism order: Fagales. Organism family: Fagaceae.,v5,13
Individual Mass Growth Rate,Rate of increase in mass of an individual over time,milligram (body mass - wet) / (1 individual * 24 hour),Bryopsidales,Caulerpaceae,adult,Trait: Individual Mass Growth Rate. Definition: Rate of increase in mass of an individual over time. Unit: milligram (body mass - wet) / (1 individual * 24 hour). Organism order: Bryopsidales. Organism family: Caulerpaceae.,v5,-1
photosynthetic co2 assimilation,NA,micromol m^-2 s^-1,Fabales,Fabaceae,2 weeks past full extension,Trait: photosynthetic co2 assimilation. Unit: micromol m^-2 s^-1. Organism order: Fabales. Organism family: Fabaceae.,v5,13
photosynthetic rate,NA,micromol m^-2 s^-1,Sapindales,Rutaceae,NA,Trait: photosynthetic rate. Unit: micromol m^-2 s^-1. Organism order: Sapindales. Organism family: Rutaceae.,v5,13
co2 assimilation,NA,micromol m^-2 s^-1,Malvales,Malvaceae,NA,Trait: co2 assimilation. Unit: micromol m^-2 s^-1. Organism order: Malvales. Organism family: Malvaceae.,v5,13
change in o2 (photosynthesis),NA,mg o2 (10 minutes^-1),Scleractinia,Pocilloporidae,NA,Trait: change in o2 (photosynthesis). Unit: mg o2 (10 minutes^-1). Organism order: Scleractinia. Organism family: Pocilloporidae.,v5,13
net photosynthetic rate,NA,mg co2 dm^-2 h^-1,Poales,Poaceae,youngest fully expanded,Trait: net photosynthetic rate. Unit: mg co2 dm^-2 h^-1. Organism order: Poales. Organism family: Poaceae.,v5,13
maximum net photosynthesis,NA,micromol o2 dm^-2 min^-1,Alismatales,Zosteraceae,NA,Trait: maximum net photosynthesis. Unit: micromol o2 dm^-2 min^-1. Organism order: Alismatales. Organism family: Zosteraceae.,v5,13
"net photosynthesis, co2 exchange",NA,micromol m^-2 s^-1,Peltigerales,Collemataceae,NA,"Trait: net photosynthesis, co2 exchange. Unit: micromol m^-2 s^-1. Organism order: Peltigerales. Organism family: Collemataceae.",v5,13
Development Rate,Rate at which an individual completes development of one or more life stages,event / (1 individual * 24 hour),Hymenoptera,Braconidae,juvenile,Trait: Development Rate. Definition: Rate at which an individual completes development of one or more life stages. Unit: event / (1 individual * 24 hour). Organism order: Hymenoptera. Organism family: Braconidae.,v5,-1
Molting Frequency,Number of times an individual moults per unit time,event / (1 individual * 24 hour),Decapoda,Parastacidae,juvenile,Trait: Molting Frequency. Definition: Number of times an individual moults per unit time. Unit: event / (1 individual * 24 hour). Organism order: Decapoda. Organism family: Parastacidae.,v5,-1
Individual Length Growth Rate,Rate of increase in length of an individual over time,millimeter / (1 individual * 1 day),Cladocera,Moinidae,juvenile (female),Trait: Individual Length Growth Rate. Definition: Rate of increase in length of an individual over time. Unit: millimeter / (1 individual * 1 day). Organism order: Cladocera. Organism family: Moinidae.,v5,-1
Radial Growth Rate,Increase in diameter of a circular colony growing on a 2 dimensional surface,millimeter / (1 individual * 1 day),Hypocreales,Clavicipitaceae,adult,Trait: Radial Growth Rate. Definition: Increase in diameter of a circular colony growing on a 2 dimensional surface. Unit: millimeter / (1 individual * 1 day). Organism order: Hypocreales. Organism family: Clavicipitaceae.,v5,-1
grazing rate,NA,cells eaten/individual/hr,Oligotrichida,Ptychocylididae,NA,Trait: grazing rate. Unit: cells eaten/individual/hr. Organism order: Oligotrichida. Organism family: Ptychocylididae.,v5,-1
herbivory rate,NA,diatom cells consumed/day,Calanoida,Acartiidae,NA,Trait: herbivory rate. Unit: diatom cells consumed/day. Organism order: Calanoida. Organism family: Acartiidae.,v5,-1
herbivory/grazing rate,NA,mean leaf consumption area (cm2)/larvae/24 h,Coleoptera,Chrysomelidae,2nd instar larvae,Trait: herbivory/grazing rate. Unit: mean leaf consumption area (cm2)/larvae/24 h. Organism order: Coleoptera. Organism family: Chrysomelidae.,v5,-1
consumption rate,NA,mg dry leaves/g live larvae/day,Lepidoptera,Nymphalidae,5th instar larvae,Trait: consumption rate. Unit: mg dry leaves/g live larvae/day. Organism order: Lepidoptera. Organism family: Nymphalidae.,v5,-1
predation rate,NA,slugs killed & eaten/25 predator-prey pairs/24 h,Coleoptera,Carabidae,NA,Trait: predation rate. Unit: slugs killed & eaten/25 predator-prey pairs/24 h. Organism order: Coleoptera. Organism family: Carabidae.,v5,-1
predation time,NA,"mean time to capture, subdue, & handle prey",Squamata,Scincidae,NA,"Trait: predation time. Unit: mean time to capture, subdue, & handle prey. Organism order: Squamata. Organism family: Scincidae.",v5,-1
predation intensity,NA,mean # prey eaten/initial prey density of 175/predator/24h,Calanoida,Tortanidae,NA,Trait: predation intensity. Unit: mean # prey eaten/initial prey density of 175/predator/24h. Organism order: Calanoida. Organism family: Tortanidae.,v5,-1
time to death of hosts,NA,LT50 (days for 50% of hosts to die after exposure to parasitoids),Rhabditida,Steinernematidae,NA,Trait: time to death of hosts. Unit: LT50 (days for 50% of hosts to die after exposure to parasitoids). Organism order: Rhabditida. Organism family: Steinernematidae.,v5,0
parasitoid infection rate,NA,mean # nematodes penetrating a host/72 hr exposure of 20 hosts to 200 nematodes,Rhabditida,Steinernematidae,NA,Trait: parasitoid infection rate. Unit: mean # nematodes penetrating a host/72 hr exposure of 20 hosts to 200 nematodes. Organism order: Rhabditida. Organism family: Steinernematidae.,v5,0
parasitism rate,NA,mean proportion of 25 hosts parasitized/24 h exposure to parasitoid,Hymenoptera,Aphelinidae,NA,Trait: parasitism rate. Unit: mean proportion of 25 hosts parasitized/24 h exposure to parasitoid. Organism order: Hymenoptera. Organism family: Aphelinidae.,v5,0
daily parasitism,NA,# host eggs killed/female,Hymenoptera,Trichogrammatidae,NA,Trait: daily parasitism. Unit: # host eggs killed/female. Organism order: Hymenoptera. Organism family: Trichogrammatidae.,v5,0
parasitism infection rate,NA,% penetration of larvae by nematodes/4 days,Rhabditida,Steinernematidae,NA,Trait: parasitism infection rate. Unit: % penetration of larvae by nematodes/4 days. Organism order: Rhabditida. Organism family: Steinernematidae.,v5,0
parasitism death rate,NA,mean # pupae killed/100 pupae exposed/parasitoid/24h,Hymenoptera,Pteromalidae,NA,Trait: parasitism death rate. Unit: mean # pupae killed/100 pupae exposed/parasitoid/24h. Organism order: Hymenoptera. Organism family: Pteromalidae.,v5,0
parasitization rate,NA,mean % parasitization,Rhabditida,Heterorhabditidae,NA,Trait: parasitization rate. Unit: mean % parasitization. Organism order: Rhabditida. Organism family: Heterorhabditidae.,v5,0
mummification rate,NA,% of 100 aphids mummified/5 female parasitoids/5 hrs,Hymenoptera,Braconidae,NA,Trait: mummification rate. Unit: % of 100 aphids mummified/5 female parasitoids/5 hrs. Organism order: Hymenoptera. Organism family: Braconidae.,v5,0
mean instantaneou attack rate + mean inverse handling time,NA,% hosts parasitized (mean # hosts parasitized/30 available)/24 hrs,Hymenoptera,Braconidae,NA,Trait: mean instantaneou attack rate + mean inverse handling time. Unit: % hosts parasitized (mean # hosts parasitized/30 available)/24 hrs. Organism order: Hymenoptera. Organism family: Braconidae.,v5,0
infection rate,NA,% of 50 2nd instar thrip larvae infected / 4 infected adult female thrips exposed / 48 hour,Tylenchida,Allantonematidae,NA,Trait: infection rate. Unit: % of 50 2nd instar thrip larvae infected / 4 infected adult female thrips exposed / 48 hour. Organism order: Tylenchida. Organism family: Allantonematidae.,v5,0
time for attachment to host egg,NA,1/time to attachment to host egg,Trombidiformes,Acarophenacidae,NA,Trait: time for attachment to host egg. Unit: 1/time to attachment to host egg. Organism order: Trombidiformes. Organism family: Acarophenacidae.,v5,-1
NA,NA,"mean % host mortality/5 d exposure/20,000 parasite application",Rhabditida,Heterorhabditidae,NA,"Trait: NA. Unit: mean % host mortality/5 d exposure/20,000 parasite application. Organism order: Rhabditida. Organism family: Heterorhabditidae.",v5,0
feeding time,NA,minutes on cattle/5.5 hour exposure,Diptera,Muscidae,NA,Trait: feeding time. Unit: minutes on cattle/5.5 hour exposure. Organism order: Diptera. Organism family: Muscidae.,v5,-1
successful attack rate,NA,no. successful attacks by parasite/min,Arguloida,Argulidae,NA,Trait: successful attack rate. Unit: no. successful attacks by parasite/min. Organism order: Arguloida. Organism family: Argulidae.,v5,0
parasitism rate (infection success),NA,% of 15 exposed cockles infected/24 hr,Plagiorchiida,Renicolidae,NA,Trait: parasitism rate (infection success). Unit: % of 15 exposed cockles infected/24 hr. Organism order: Plagiorchiida. Organism family: Renicolidae.,v5,0
interaction rate,NA,agonistic flights/minute,Odonata,Libellulidae,NA,Trait: interaction rate. Unit: agonistic flights/minute. Organism order: Odonata. Organism family: Libellulidae.,v5,-1
competitive exclusion time,NA,"extinction time, in days, of A. parth in compet with A. tunisia",Anostraca,Artemiidae,NA,"Trait: competitive exclusion time. Unit: extinction time, in days, of A. parth in compet with A. tunisia. Organism order: Anostraca. Organism family: Artemiidae.",v5,-1
time to dominance hierarchy,NA,1/mean days to est of dominance hierarchy,Salmoniformes,Salmonidae,NA,Trait: time to dominance hierarchy. Unit: 1/mean days to est of dominance hierarchy. Organism order: Salmoniformes. Organism family: Salmonidae.,v5,-1
time to compet exclusion,NA,1/days,Diplostraca,Daphniidae,NA,Trait: time to compet exclusion. Unit: 1/days. Organism order: Diplostraca. Organism family: Daphniidae.,v5,-1
aggression rate,NA,mean # aggressive interactions initiated/4 min observation period,Salmoniformes,Salmonidae,NA,Trait: aggression rate. Unit: mean # aggressive interactions initiated/4 min observation period. Organism order: Salmoniformes. Organism family: Salmonidae.,v5,-1
Stream position (O.mykiss),NA,Ints/15 min/fish,Cypriniformes,Cyprinidae,NA,Trait: Stream position (O.mykiss). Unit: Ints/15 min/fish. Organism order: Cypriniformes. Organism family: Cyprinidae.,v5,-1
"interaction rate (nips in warm water, evictions in cool water)",NA,interactions/fish observation/5 min period,Cypriniformes,Cyprinidae,NA,"Trait: interaction rate (nips in warm water, evictions in cool water). Unit: interactions/fish observation/5 min period. Organism order: Cypriniformes. Organism family: Cyprinidae.",v5,-1
stream position,NA,"agonistic acts (mean, interspecific )/15 minutes",Salmoniformes,Salmonidae,NA,"Trait: stream position. Unit: agonistic acts (mean, interspecific )/15 minutes. Organism order: Salmoniformes. Organism family: Salmonidae.",v5,-1
competitive exclusion rate,NA,days to compet exclusion,Ploima,Synchaetidae,NA,Trait: competitive exclusion rate. Unit: days to compet exclusion. Organism order: Ploima. Organism family: Synchaetidae.,v5,-1
aggressive acts/10 mins,NA,mean total # aggressive acts (orientations + nips + chases)/10 mins,NA,NA,NA,Trait: aggressive acts/10 mins. Unit: mean total # aggressive acts (orientations + nips + chases)/10 mins.,v5,-1
growth rate,NA,day^-1,Coscinodiscales,Hemidiscaceae,NA,Trait: growth rate. Unit: day^-1. Organism order: Coscinodiscales. Organism family: Hemidiscaceae.,v5,-1
Relative Growth Rate,mm increase in head width per day at 20% of adult head width,mm/day,Odonata,Coenagrionida,larva,Trait: Relative Growth Rate. Definition: mm increase in head width per day at 20% of adult head width. Unit: mm/day. Organism order: Odonata. Organism family: Coenagrionida.,v5,-1
net photosynthesis,NA,micromol m^-2 s^-1,Poales,Poaceae,NA,Trait: net photosynthesis. Unit: micromol m^-2 s^-1. Organism order: Poales. Organism family: Poaceae.,v5,13
rate of photosynthenthetic co2 fixation,NA,micromol co2 mg(Chl)^-1 h^-1,Caryophyllales,Amaranthaceae,NA,Trait: rate of photosynthenthetic co2 fixation. Unit: micromol co2 mg(Chl)^-1 h^-1. Organism order: Caryophyllales. Organism family: Amaranthaceae.,v5,13
gross photosynthesis / specific growth rate,NA,micro (day^-1),Cladophorales,Cladophoraceae,inocolum,Trait: gross photosynthesis / specific growth rate. Unit: micro (day^-1). Organism order: Cladophorales. Organism family: Cladophoraceae.,v5,13
net photosynthesis specific growth rate,NA,micro (day^-1),Cladophorales,Cladophoraceae,inocolum,Trait: net photosynthesis specific growth rate. Unit: micro (day^-1). Organism order: Cladophorales. Organism family: Cladophoraceae.,v5,13
net co2 assimilation rate,NA,micromol m^-2 s^-1,Fagales,Fagaceae,NA,Trait: net co2 assimilation rate. Unit: micromol m^-2 s^-1. Organism order: Fagales. Organism family: Fagaceae.,v5,13
apparent co2 assimilation rate,NA,mg co2 g(FW)^-1 h^-1,Poales,Poaceae,10-14 days old,Trait: apparent co2 assimilation rate. Unit: mg co2 g(FW)^-1 h^-1. Organism order: Poales. Organism family: Poaceae.,v5,13
area-based light-saturated rate of net photosythesis,NA,micromol m^-2 s^-1,Malpighiales,Salicaceae,NA,Trait: area-based light-saturated rate of net photosythesis. Unit: micromol m^-2 s^-1. Organism order: Malpighiales. Organism family: Salicaceae.,v5,13
mass-based light-saturated rate of net photosynthesis,NA,nmol g^-1 s^-1,Malpighiales,Salicaceae,NA,Trait: mass-based light-saturated rate of net photosynthesis. Unit: nmol g^-1 s^-1. Organism order: Malpighiales. Organism family: Salicaceae.,v5,13
co2 and light saturated rates of gross photosynthesis,NA,micromol m^-2 s^-1,Fabales,Fabaceae,22 days,Trait: co2 and light saturated rates of gross photosynthesis. Unit: micromol m^-2 s^-1. Organism order: Fabales. Organism family: Fabaceae.,v5,13
maximum rate of net photosynthesis,NA,micromol m^-2 s^-1,Fagales,Fagaceae,mature current year,Trait: maximum rate of net photosynthesis. Unit: micromol m^-2 s^-1. Organism order: Fagales. Organism family: Fagaceae.,v5,13
photosynthesis,NA,micromol m^-2 s^-1,Asterales,Asteraceae,NA,Trait: photosynthesis. Unit: micromol m^-2 s^-1. Organism order: Asterales. Organism family: Asteraceae.,v5,13
co2 exchange (photosynthesis),NA,nmol co2 cm^-2 s^-1,Zygophyllales,Zygophyllaceae,1-2 years old,Trait: co2 exchange (photosynthesis). Unit: nmol co2 cm^-2 s^-1. Organism order: Zygophyllales. Organism family: Zygophyllaceae.,v5,13
"net photosynthesis, oxygen evolved",NA,micromol m^-2 s^-1,Bangiales,Bangiaceae,NA,"Trait: net photosynthesis, oxygen evolved. Unit: micromol m^-2 s^-1. Organism order: Bangiales. Organism family: Bangiaceae.",v5,13
gross photosynthesis,NA,micromol o2 mg(Chl)^-1 h^-1,Klebsormidiales,Klebsormidiaceae,NA,Trait: gross photosynthesis. Unit: micromol o2 mg(Chl)^-1 h^-1. Organism order: Klebsormidiales. Organism family: Klebsormidiaceae.,v5,13
log gross photosynthesis activity,NA,micromol o2 mg(Chl)^-1 h^-1,Chlorellales,Chlorellaceae,NA,Trait: log gross photosynthesis activity. Unit: micromol o2 mg(Chl)^-1 h^-1. Organism order: Chlorellales. Organism family: Chlorellaceae.,v5,13
net co2 assimilation,NA,micromol m^-2 s^-1,Solanales,Convolvulaceae,most recent fully expanded,Trait: net co2 assimilation. Unit: micromol m^-2 s^-1. Organism order: Solanales. Organism family: Convolvulaceae.,v5,13
net photosynthesis (Am),NA,micromol m^-2 s^-1,Poales,Poaceae,fully expanded young,Trait: net photosynthesis (Am). Unit: micromol m^-2 s^-1. Organism order: Poales. Organism family: Poaceae.,v5,13
apparent photosynthesis,NA,micromol o2 g(DW)^-1 min^-1,Gigartinales,Gigartinaceae,NA,Trait: apparent photosynthesis. Unit: micromol o2 g(DW)^-1 min^-1. Organism order: Gigartinales. Organism family: Gigartinaceae.,v5,13
net co2 exchange rate,NA,microl co2 m^-2 s^-1,Poales,Poaceae,fully expanded,Trait: net co2 exchange rate. Unit: microl co2 m^-2 s^-1. Organism order: Poales. Organism family: Poaceae.,v5,13
gross photosynthetic rate,NA,micromol m^-2 s^-1,Fagales,Fagaceae,NA,Trait: gross photosynthetic rate. Unit: micromol m^-2 s^-1. Organism order: Fagales. Organism family: Fagaceae.,v5,13
photosynthetic activity,NA,micromol o2 mg(Chl)^-1 h^-1,Synechococcales,Merismopediaceae,NA,Trait: photosynthetic activity. Unit: micromol o2 mg(Chl)^-1 h^-1. Organism order: Synechococcales. Organism family: Merismopediaceae.,v5,13
photosynthetic capacity,NA,mmol e^- [mg chl a]^-1 h^-1,Thalassiosirales,Thalassiosiraceae,NA,Trait: photosynthetic capacity. Unit: mmol e^- [mg chl a]^-1 h^-1. Organism order: Thalassiosirales. Organism family: Thalassiosiraceae.,v5,13
apparent photosynthetic 02 evolution,NA,microg o2 mg(Chl)^-1 min^-1,Alismatales,Hydrocharitaceae,NA,Trait: apparent photosynthetic 02 evolution. Unit: microg o2 mg(Chl)^-1 min^-1. Organism order: Alismatales. Organism family: Hydrocharitaceae.,v5,13
rate of gross photosynthesis,NA,microg C cm^-2 h^-1,Alismatales,Cymodoceaceae,NA,Trait: rate of gross photosynthesis. Unit: microg C cm^-2 h^-1. Organism order: Alismatales. Organism family: Cymodoceaceae.,v5,13
net CO2 uptake rate,NA,nmol co2 cm^-2 s^-1,Caryophyllales,Amaranthaceae,NA,Trait: net CO2 uptake rate. Unit: nmol co2 cm^-2 s^-1. Organism order: Caryophyllales. Organism family: Amaranthaceae.,v5,13
net CO2 fixation rate,NA,micromol m^-2 s^-1,Poales,Poaceae,NA,Trait: net CO2 fixation rate. Unit: micromol m^-2 s^-1. Organism order: Poales. Organism family: Poaceae.,v5,13
net photosynthesis rate,NA,nmol CO2 cm^-2 s^-1,Asterales,Asteraceae,NA,Trait: net photosynthesis rate. Unit: nmol CO2 cm^-2 s^-1. Organism order: Asterales. Organism family: Asteraceae.,v5,13
net CO2 assimilation rate,NA,micromol co2 m^-2 s^-1,Malvales,Malvaceae,NA,Trait: net CO2 assimilation rate. Unit: micromol co2 m^-2 s^-1. Organism order: Malvales. Organism family: Malvaceae.,v5,13
co2 uptake,NA,micromol co2 g(FW)^-1 h^-1,Alismatales,Araceae,NA,Trait: co2 uptake. Unit: micromol co2 g(FW)^-1 h^-1. Organism order: Alismatales. Organism family: Araceae.,v5,13
relative net photosynthesis,NA,?,Saxifragales,Haloragaceae,NA,Trait: relative net photosynthesis. Unit: ?. Organism order: Saxifragales. Organism family: Haloragaceae.,v5,13
maximum photosynthetic capacity,NA,micromol o2 mg(Chl a)^-1 h^-1,Bacillariales,Bacillariaceae,NA,Trait: maximum photosynthetic capacity. Unit: micromol o2 mg(Chl a)^-1 h^-1. Organism order: Bacillariales. Organism family: Bacillariaceae.,v5,13
observed co2 uptake rates,NA,micromol m^-2 s^-1,Alismatales,Zosteraceae,NA,Trait: observed co2 uptake rates. Unit: micromol m^-2 s^-1. Organism order: Alismatales. Organism family: Zosteraceae.,v5,13
light-saturated net photosynthesis,NA,micromol co2 g^-1 min^-1,Gigartinales,Phyllophoraceae,NA,Trait: light-saturated net photosynthesis. Unit: micromol co2 g^-1 min^-1. Organism order: Gigartinales. Organism family: Phyllophoraceae.,v5,13
apparent net photosynthesis,NA,microg C cm^-2 h^-1,Desmarestiales,Desmarestiaceae,NA,Trait: apparent net photosynthesis. Unit: microg C cm^-2 h^-1. Organism order: Desmarestiales. Organism family: Desmarestiaceae.,v5,13
rate of photosynthesis,NA,mm^3 o2 cm^-2 h^-1,Chlorellales,Chlorellaceae,NA,Trait: rate of photosynthesis. Unit: mm^3 o2 cm^-2 h^-1. Organism order: Chlorellales. Organism family: Chlorellaceae.,v5,13
CO2 uptake rate,NA,mg co2 h^-1 g^-1,Poales,Cyperaceae,NA,Trait: CO2 uptake rate. Unit: mg co2 h^-1 g^-1. Organism order: Poales. Organism family: Cyperaceae.,v5,13
cell-specific photosynthesis rate,NA,fmol C cell^-1 min^-1,Naviculales,Phaeodactylaceae,NA,Trait: cell-specific photosynthesis rate. Unit: fmol C cell^-1 min^-1. Organism order: Naviculales. Organism family: Phaeodactylaceae.,v5,13
net co2 flux density,NA,micromol m^-2 s^-1,Fagales,Betulaceae,mature,Trait: net co2 flux density. Unit: micromol m^-2 s^-1. Organism order: Fagales. Organism family: Betulaceae.,v5,13
net assimilation,NA,micromol m^-2 s^-1,Fagales,Fagaceae,mature,Trait: net assimilation. Unit: micromol m^-2 s^-1. Organism order: Fagales. Organism family: Fagaceae.,v5,13
photosynthesis rate,NA,micromol co2 m^-2 s^-1,Poales,Poaceae,35-days old leaves,Trait: photosynthesis rate. Unit: micromol co2 m^-2 s^-1. Organism order: Poales. Organism family: Poaceae.,v5,13
relative net phtotsynthesis,NA,nanomol co2 g^-1 s^-1,Fagales,Nothofagaceae,3-year old leaves,Trait: relative net phtotsynthesis. Unit: nanomol co2 g^-1 s^-1. Organism order: Fagales. Organism family: Nothofagaceae.,v5,13
net co2 echange,NA,micromol m^-2 s^-1,Myrtales,Onagraceae,mature,Trait: net co2 echange. Unit: micromol m^-2 s^-1. Organism order: Myrtales. Organism family: Onagraceae.,v5,13
photosynthetic o2 evolution,NA,micromol m^-2 s^-1,Poales,Poaceae,NA,Trait: photosynthetic o2 evolution. Unit: micromol m^-2 s^-1. Organism order: Poales. Organism family: Poaceae.,v5,13
co2 exchange,NA,mg co2 hr^-1 g dry wt^-1,Poales,Poaceae,2.5 weeks after anthesis,Trait: co2 exchange. Unit: mg co2 hr^-1 g dry wt^-1. Organism order: Poales. Organism family: Poaceae.,v5,13
Amax,light-saturated net rate of CO2 assimilation,micromol CO2 m^-2 s^-1,Fagales,Fagaceae,sapling,Trait: Amax. Definition: light-saturated net rate of CO2 assimilation. Unit: micromol CO2 m^-2 s^-1. Organism order: Fagales. Organism family: Fagaceae.,v5,-1
Net assimilation rate,light-saturated photosynthesis,micromol m^-2 s^-1,Malpighiales,Salicaceae,2.5 month-old,Trait: Net assimilation rate. Definition: light-saturated photosynthesis. Unit: micromol m^-2 s^-1. Organism order: Malpighiales. Organism family: Salicaceae.,v5,13
Anet,net rate of CO2 assimilation,micromol CO2 m^-2 s^-1,Caryophyllales,Amaranthaceae,2-month-old,Trait: Anet. Definition: net rate of CO2 assimilation. Unit: micromol CO2 m^-2 s^-1. Organism order: Caryophyllales. Organism family: Amaranthaceae.,v5,13
Pn,photosynthetic rate,micromol CO2 m^-2 s^-1,Poales,Poaceae,NA,Trait: Pn. Definition: photosynthetic rate. Unit: micromol CO2 m^-2 s^-1. Organism order: Poales. Organism family: Poaceae.,v5,13
An272,net photosynthetic rate at common ambient [CO2],micromol m^-2 s^-1,Sapindales,Meliaceae,NA,Trait: An272. Definition: net photosynthetic rate at common ambient [CO2]. Unit: micromol m^-2 s^-1. Organism order: Sapindales. Organism family: Meliaceae.,v5,13
An408,net photosynthetic rate at common elevated [CO2],micromol m^-2 s^-1,Sapindales,Meliaceae,NA,Trait: An408. Definition: net photosynthetic rate at common elevated [CO2]. Unit: micromol m^-2 s^-1. Organism order: Sapindales. Organism family: Meliaceae.,v5,13
AnT,net photosynthetic rate in ambient [CO2],micromol m^-2 s^-1,Sapindales,Meliaceae,NA,Trait: AnT. Definition: net photosynthetic rate in ambient [CO2]. Unit: micromol m^-2 s^-1. Organism order: Sapindales. Organism family: Meliaceae.,v5,13
AnT,net photosynthetic rate in elevated [CO2],micromol m^-2 s^-1,Sapindales,Meliaceae,NA,Trait: AnT. Definition: net photosynthetic rate in elevated [CO2]. Unit: micromol m^-2 s^-1. Organism order: Sapindales. Organism family: Meliaceae.,v5,13
Net A,net CO2 assimilation rate,micromol m^-2 s^-1,Solanales,Solanaceae,NA,Trait: Net A. Definition: net CO2 assimilation rate. Unit: micromol m^-2 s^-1. Organism order: Solanales. Organism family: Solanaceae.,v5,13
A,net CO2 assimilation rate,micromol m^-2 s^-1,Fabales,Fabaceae,NA,Trait: A. Definition: net CO2 assimilation rate. Unit: micromol m^-2 s^-1. Organism order: Fabales. Organism family: Fabaceae.,v5,13
Net assimilation rate,net CO2 ssimilation rate,micromol CO2 m^-2 s^-1,Fabales,Fabaceae,NA,Trait: Net assimilation rate. Definition: net CO2 ssimilation rate. Unit: micromol CO2 m^-2 s^-1. Organism order: Fabales. Organism family: Fabaceae.,v5,13
photosynthetic O2 evolution rate,NA,micromol o2 m^-2 s^-1,Caryophyllales,Amaranthaceae,NA,Trait: photosynthetic O2 evolution rate. Unit: micromol o2 m^-2 s^-1. Organism order: Caryophyllales. Organism family: Amaranthaceae.,v5,13
maximum photosynthesis rate,NA,micromol o2 m^-2 s^-1,Saxifragales,Saxifragaceae,NA,Trait: maximum photosynthesis rate. Unit: micromol o2 m^-2 s^-1. Organism order: Saxifragales. Organism family: Saxifragaceae.,v5,13
oxygen evolution rate,NA,micromol o2 mg(Chl)^-1 h^-1,Synechococcales,Merismopediaceae,NA,Trait: oxygen evolution rate. Unit: micromol o2 mg(Chl)^-1 h^-1. Organism order: Synechococcales. Organism family: Merismopediaceae.,v5,13
maximum net photosynthesis rate,NA,mg o2 g(DW)^-1 h^-1,Bonnemaisoniales,Bonnemaisoniaceae,NA,Trait: maximum net photosynthesis rate. Unit: mg o2 g(DW)^-1 h^-1. Organism order: Bonnemaisoniales. Organism family: Bonnemaisoniaceae.,v5,13
Chl a-normalised gross photosynthesis rate,NA,g C g(Chl a)^-1 h^-1,Sphaeropleales,Scenedesmaceae,NA,Trait: Chl a-normalised gross photosynthesis rate. Unit: g C g(Chl a)^-1 h^-1. Organism order: Sphaeropleales. Organism family: Scenedesmaceae.,v5,13
log gross photosynthetic activity,NA,micromol o2 mg^-1 chl h-1,Klebsormidiales,Klebsormidiaceae,NA,Trait: log gross photosynthetic activity. Unit: micromol o2 mg^-1 chl h-1. Organism order: Klebsormidiales. Organism family: Klebsormidiaceae.,v5,13
net maximum primary production,NA,mg o2 g leaf^-1 h^-1,Alismatales,Posidoniaceae,NA,Trait: net maximum primary production. Unit: mg o2 g leaf^-1 h^-1. Organism order: Alismatales. Organism family: Posidoniaceae.,v5,13
o2 evolution,NA,micromol (mg chl)^-1 h^-1,Oscillatoriales,NA,NA,Trait: o2 evolution. Unit: micromol (mg chl)^-1 h^-1. Organism order: Oscillatoriales.,v5,13
Mass-Specific Photosynthetic Oxygen Production Rate,Organic biomass-specific oxygen mass production rate through photosynthesis,milligram / (1 gram (body mass - dry) * 1 hour),Bryopsidales,Caulerpaceae,adult,Trait: Mass-Specific Photosynthetic Oxygen Production Rate. Definition: Organic biomass-specific oxygen mass production rate through photosynthesis. Unit: milligram / (1 gram (body mass - dry) * 1 hour). Organism order: Bryopsidales. Organism family: Caulerpaceae.,v5,13
Surface Area-Specific Photosynthetic Oxygen Production Rate,Surface area-specific oxygen production rate through photosynthesis,gram / (1 square meter * 1 second),Proteales,Proteaceae,adult,Trait: Surface Area-Specific Photosynthetic Oxygen Production Rate. Definition: Surface area-specific oxygen production rate through photosynthesis. Unit: gram / (1 square meter * 1 second). Organism order: Proteales. Organism family: Proteaceae.,v5,13
POC Photosynthetic Oxygen Production Rate,Carbon-specific (POC) oxygen production rate through photosynthesis measured as mass of oxygen per mass of POC per time,gram / (1 milligram * 1 hour),Prorocentrales,Prorocentraceae,NA,Trait: POC Photosynthetic Oxygen Production Rate. Definition: Carbon-specific (POC) oxygen production rate through photosynthesis measured as mass of oxygen per mass of POC per time. Unit: gram / (1 milligram * 1 hour). Organism order: Prorocentrales. Organism family: Prorocentraceae.,v5,-1
Mass-Specific Respiration Rate,Organic mass-specific oxygen mass consumption rate during respiration,gram / (1 gram (body mass - dry) * 1 hour),Corallinales,Corallinaceae,NA,Trait: Mass-Specific Respiration Rate. Definition: Organic mass-specific oxygen mass consumption rate during respiration. Unit: gram / (1 gram (body mass - dry) * 1 hour). Organism order: Corallinales. Organism family: Corallinaceae.,v5,12
change in o2 (respiration),NA,mg o2 (10 minutes^-1),Scleractinia,Pocilloporidae,NA,Trait: change in o2 (respiration). Unit: mg o2 (10 minutes^-1). Organism order: Scleractinia. Organism family: Pocilloporidae.,v5,-1
dark respiration,NA,micromol o2 dm^-2 min^-1,Alismatales,Zosteraceae,NA,Trait: dark respiration. Unit: micromol o2 dm^-2 min^-1. Organism order: Alismatales. Organism family: Zosteraceae.,v5,13
respiration / specific growth rate,NA,micro (day^-1),Cladophorales,Cladophoraceae,inocolum,Trait: respiration / specific growth rate. Unit: micro (day^-1). Organism order: Cladophorales. Organism family: Cladophoraceae.,v5,13
respiration,NA,micromol o2 mg(Chl)^-1 h^-1,Klebsormidiales,Klebsormidiaceae,NA,Trait: respiration. Unit: micromol o2 mg(Chl)^-1 h^-1. Organism order: Klebsormidiales. Organism family: Klebsormidiaceae.,v5,13
respiratory activity,NA,micromol o2 mg(Chl)^-1 h^-1,NA,NA,NA,Trait: respiratory activity. Unit: micromol o2 mg(Chl)^-1 h^-1.,v5,13
o2 uptake in the dark,NA,microg o2 mg(Chl)^-1 min^-1,Alismatales,Hydrocharitaceae,NA,Trait: o2 uptake in the dark. Unit: microg o2 mg(Chl)^-1 min^-1. Organism order: Alismatales. Organism family: Hydrocharitaceae.,v5,13
dark respiration rate,NA,mmol kg^-1 h^-1,Caryophyllales,Droseraceae,NA,Trait: dark respiration rate. Unit: mmol kg^-1 h^-1. Organism order: Caryophyllales. Organism family: Droseraceae.,v5,13
respiration rate,NA,microl o2 g(DW)^-1 h^-1,Ceramiales,Rhodomelaceae,NA,Trait: respiration rate. Unit: microl o2 g(DW)^-1 h^-1. Organism order: Ceramiales. Organism family: Rhodomelaceae.,v5,13
night respiration,NA,%,Asterales,Asteraceae,NA,Trait: night respiration. Unit: %. Organism order: Asterales. Organism family: Asteraceae.,v5,-1
normalised co2 flux,NA,?,Pinales,Pinaceae,NA,Trait: normalised co2 flux. Unit: ?. Organism order: Pinales. Organism family: Pinaceae.,v5,-1
Surface Area-Specific Dark Respiration Rate,Surface area-specific carbon dioxide produced during dark respiration,gram / (1 square centimeter * 1 second),Fagales,Fagaceae,adult,Trait: Surface Area-Specific Dark Respiration Rate. Definition: Surface area-specific carbon dioxide produced during dark respiration. Unit: gram / (1 square centimeter * 1 second). Organism order: Fagales. Organism family: Fagaceae.,v5,13
Surface Area-Specific Mitochondrial Respiration Rate,Surface-area specific respiration rate in leaf mitochondria during photosynthesis,gram / (1 square centimeter * 1 second),Myrtales,Myrtaceae,juvenile,Trait: Surface Area-Specific Mitochondrial Respiration Rate. Definition: Surface-area specific respiration rate in leaf mitochondria during photosynthesis. Unit: gram / (1 square centimeter * 1 second). Organism order: Myrtales. Organism family: Myrtaceae.,v5,13
root respiration rate,NA,micromol co2 kg^-1 s^-1,Asparagales,Asparagaceae,2 years old,Trait: root respiration rate. Unit: micromol co2 kg^-1 s^-1. Organism order: Asparagales. Organism family: Asparagaceae.,v5,13
leaf respiration,NA,micromol co2 m^-2 s^-1,Myrtales,Myrtaceae,NA,Trait: leaf respiration. Unit: micromol co2 m^-2 s^-1. Organism order: Myrtales. Organism family: Myrtaceae.,v5,13
co2 exchange (respiration),NA,nmol co2 cm^-2 s^-1,Zygophyllales,Zygophyllaceae,NA,Trait: co2 exchange (respiration). Unit: nmol co2 cm^-2 s^-1. Organism order: Zygophyllales. Organism family: Zygophyllaceae.,v5,13
dark co2 efflux,NA,micromol m^-2 s^-1,Poales,Poaceae,"mature wheat, 30 days old",Trait: dark co2 efflux. Unit: micromol m^-2 s^-1. Organism order: Poales. Organism family: Poaceae.,v5,13
day respiration rate,NA,micromol m^-2 s^-1,Pinales,Pinaceae,1 year old,Trait: day respiration rate. Unit: micromol m^-2 s^-1. Organism order: Pinales. Organism family: Pinaceae.,v5,13
respiration after photosynthesis,NA,micromol co2 mg(Chl)^-1 h^-1,Caryophyllales,Amaranthaceae,"old plants, 4-6 week",Trait: respiration after photosynthesis. Unit: micromol co2 mg(Chl)^-1 h^-1. Organism order: Caryophyllales. Organism family: Amaranthaceae.,v5,13
respiration after dark period,NA,micromol co2 mg(Chl)^-1 h^-1,Caryophyllales,Amaranthaceae,"old plants, 4-6 week",Trait: respiration after dark period. Unit: micromol co2 mg(Chl)^-1 h^-1. Organism order: Caryophyllales. Organism family: Amaranthaceae.,v5,13
respiration before photosynthesis,NA,micromol o2 mg(Chl)^-1 h^-1,Caryophyllales,Amaranthaceae,"old plants, 4-6 week",Trait: respiration before photosynthesis. Unit: micromol o2 mg(Chl)^-1 h^-1. Organism order: Caryophyllales. Organism family: Amaranthaceae.,v5,13
root respiration,NA,micromol co2 kg^-1 s^-1,Caryophyllales,Cactaceae,NA,Trait: root respiration. Unit: micromol co2 kg^-1 s^-1. Organism order: Caryophyllales. Organism family: Cactaceae.,v5,13
Area-based respiration rate,NA,micromol m^-2 s^-1,Sapindales,Aceraceae,NA,Trait: Area-based respiration rate. Unit: micromol m^-2 s^-1. Organism order: Sapindales. Organism family: Aceraceae.,v5,13
Mass-based respiration rate,NA,nmol g^-1 s^-1,Sapindales,Aceraceae,NA,Trait: Mass-based respiration rate. Unit: nmol g^-1 s^-1. Organism order: Sapindales. Organism family: Aceraceae.,v5,13
total co2 produced,NA,mg c g(DW)^-1,Fabales,Fabaceae,4-7 weeks old,Trait: total co2 produced. Unit: mg c g(DW)^-1. Organism order: Fabales. Organism family: Fabaceae.,v5,13
co2 production rate,NA,microW mg^-1,Solanales,Solanaceae,NA,Trait: co2 production rate. Unit: microW mg^-1. Organism order: Solanales. Organism family: Solanaceae.,v5,-1
oxygen evolution rate in thylakoid membranes,NA,micromol o2 mg(Chl)^-1 h^-1,Synechococcales,Merismopediaceae,NA,Trait: oxygen evolution rate in thylakoid membranes. Unit: micromol o2 mg(Chl)^-1 h^-1. Organism order: Synechococcales. Organism family: Merismopediaceae.,v5,13
dark capacity respiration rate,NA,micromol O2 g^-1 h^-1,Alismatales,Zosteraceae,NA,Trait: dark capacity respiration rate. Unit: micromol O2 g^-1 h^-1. Organism order: Alismatales. Organism family: Zosteraceae.,v5,13
o2 consumption,NA,micromol g^-1 h^-1,Poales,Poaceae,NA,Trait: o2 consumption. Unit: micromol g^-1 h^-1. Organism order: Poales. Organism family: Poaceae.,v5,13
o2 uptake,NA,micromol (mg chl)^-1 h^-1,Oscillatoriales,NA,NA,Trait: o2 uptake. Unit: micromol (mg chl)^-1 h^-1. Organism order: Oscillatoriales.,v5,13
oxygen consumption,NA,micromol g^-1 s^-1,Alismatales,Araceae,NA,Trait: oxygen consumption. Unit: micromol g^-1 s^-1. Organism order: Alismatales. Organism family: Araceae.,v5,13
Vcmax,light-saturated in vivo Rubisco carboxylation rate,micromol CO2 m^-2 s^-1,Fagales,Fagaceae,sapling,Trait: Vcmax. Definition: light-saturated in vivo Rubisco carboxylation rate. Unit: micromol CO2 m^-2 s^-1. Organism order: Fagales. Organism family: Fagaceae.,v5,8
Agross,light-saturated gross rate CO2 assimilation,micromol CO2 m^-2 s^-1,Fagales,Fagaceae,sapling,Trait: Agross. Definition: light-saturated gross rate CO2 assimilation. Unit: micromol CO2 m^-2 s^-1. Organism order: Fagales. Organism family: Fagaceae.,v5,-1
RL,photorespiration rate at saturating irradiance,micromol CO2 m^-2 s^-1,Fagales,Fagaceae,sapling,Trait: RL. Definition: photorespiration rate at saturating irradiance. Unit: micromol CO2 m^-2 s^-1. Organism order: Fagales. Organism family: Fagaceae.,v5,13
Leaf Respiration rate,CO2 respiratory release,micromol CO2 m^-2 s^-1,Myrtales,Myrtaceae,3-year-old,Trait: Leaf Respiration rate. Definition: CO2 respiratory release. Unit: micromol CO2 m^-2 s^-1. Organism order: Myrtales. Organism family: Myrtaceae.,v5,13
Germination rate,reciprocal of time to reach cumulative germination percentage to 50% of total germinated seeds,1/h,Ranunculales,Papaveraceae,NA,Trait: Germination rate. Definition: reciprocal of time to reach cumulative germination percentage to 50% of total germinated seeds. Unit: 1/h. Organism order: Ranunculales. Organism family: Papaveraceae.,v5,3
Jmax,maximum electron transport rate,micromol m^-2 s^-1,Sapindales,Meliaceae,NA,Trait: Jmax. Definition: maximum electron transport rate. Unit: micromol m^-2 s^-1. Organism order: Sapindales. Organism family: Meliaceae.,v5,8
Vcmax,maximum rate of Rubisco carboxylation,micromol m^-2 s^-1,Sapindales,Meliaceae,NA,Trait: Vcmax. Definition: maximum rate of Rubisco carboxylation. Unit: micromol m^-2 s^-1. Organism order: Sapindales. Organism family: Meliaceae.,v5,8
Rds,rate of respiration in the dark,micromol m^-2 s^-1,Malpighiales,Salicaceae,2.5 month-old,Trait: Rds. Definition: rate of respiration in the dark. Unit: micromol m^-2 s^-1. Organism order: Malpighiales. Organism family: Salicaceae.,v5,13
Rn,respiration rate in the dark,micromol m^-2 s^-1,Caryophyllales,Amaranthaceae,2-month-old,Trait: Rn. Definition: respiration rate in the dark. Unit: micromol m^-2 s^-1. Organism order: Caryophyllales. Organism family: Amaranthaceae.,v5,13
Flowering rate,reciprocal of the time taken for a given fraction of the seed population to flower,1/d,Asterales,Asteraceae,NA,Trait: Flowering rate. Definition: reciprocal of the time taken for a given fraction of the seed population to flower. Unit: 1/d. Organism order: Asterales. Organism family: Asteraceae.,v5,3
Shoot respiration,rate of shoot respiration in the dark,nanomol CO2 g^-1 s^-1,Fagales,Betulaceae,shoot,Trait: Shoot respiration. Definition: rate of shoot respiration in the dark. Unit: nanomol CO2 g^-1 s^-1. Organism order: Fagales. Organism family: Betulaceae.,v5,13
Germination rate,inverse of time span for 50% germination,NA,Apiales,Apiaceae,NA,Trait: Germination rate. Definition: inverse of time span for 50% germination. Organism order: Apiales. Organism family: Apiaceae.,v5,3
R,respiration rate in the dark,micromol CO2 m^-2 s^-1,Poales,Poaceae,NA,Trait: R. Definition: respiration rate in the dark. Unit: micromol CO2 m^-2 s^-1. Organism order: Poales. Organism family: Poaceae.,v5,13
J,in vivo electron transport rate,micromol m^-2 s^-1,Solanales,Solanaceae,NA,Trait: J. Definition: in vivo electron transport rate. Unit: micromol m^-2 s^-1. Organism order: Solanales. Organism family: Solanaceae.,v5,-1
Maximum cumulative germination,% of seeds germinated,%,Fabales,Fabaceae,NA,Trait: Maximum cumulative germination. Definition: % of seeds germinated. Unit: %. Organism order: Fabales. Organism family: Fabaceae.,v5,3
Germination rate,days after sowing to 75% of final germination,DAS75^-1,Poales,Poaceae,NA,Trait: Germination rate. Definition: days after sowing to 75% of final germination. Unit: DAS75^-1. Organism order: Poales. Organism family: Poaceae.,v5,3
Germination rate,inverse of the number of days to 50% germination,1/day,Apiales,Apiaceae,NA,Trait: Germination rate. Definition: inverse of the number of days to 50% germination. Unit: 1/day. Organism order: Apiales. Organism family: Apiaceae.,v5,3
Germination rate,final cumulative germination percentage,%,Fabales,Fabaceae,NA,Trait: Germination rate. Definition: final cumulative germination percentage. Unit: %. Organism order: Fabales. Organism family: Fabaceae.,v5,3
Emergence rate,inverse of days from sowing date,1/day,Poales,Poaceae,NA,Trait: Emergence rate. Definition: inverse of days from sowing date. Unit: 1/day. Organism order: Poales. Organism family: Poaceae.,v5,3
Rd,day respiration rate in illuminated leaf,micromol m^-2 s^-1,Fabales,Fabaceae,NA,Trait: Rd. Definition: day respiration rate in illuminated leaf. Unit: micromol m^-2 s^-1. Organism order: Fabales. Organism family: Fabaceae.,v5,13
Vcmax,maximum carboxylation rate,micromol m^-2 s^-1,Fabales,Fabaceae,NA,Trait: Vcmax. Definition: maximum carboxylation rate. Unit: micromol m^-2 s^-1. Organism order: Fabales. Organism family: Fabaceae.,v5,8
Vomax,maximum rate of oxygenation of Rubisco,micromol m^-2 s^-1,Fabales,Fabaceae,NA,Trait: Vomax. Definition: maximum rate of oxygenation of Rubisco. Unit: micromol m^-2 s^-1. Organism order: Fabales. Organism family: Fabaceae.,v5,8
Jmax,maximum rate of electron transport in thylakoids,micromol m^-2 s^-1,Fabales,Fabaceae,NA,Trait: Jmax. Definition: maximum rate of electron transport in thylakoids. Unit: micromol m^-2 s^-1. Organism order: Fabales. Organism family: Fabaceae.,v5,8
gs,temperature response of stomatal conductance,micromol m^-2 s^-1,Fabales,Fabaceae,NA,Trait: gs. Definition: temperature response of stomatal conductance. Unit: micromol m^-2 s^-1. Organism order: Fabales. Organism family: Fabaceae.,v5,-1
gm,temperature response of mesophyll conductance,micromol m^-2 s^-1,Fabales,Fabaceae,NA,Trait: gm. Definition: temperature response of mesophyll conductance. Unit: micromol m^-2 s^-1. Organism order: Fabales. Organism family: Fabaceae.,v5,-1
Elongation rate,inverse of hours to reach 5 cm length,cm/h,Fabales,Fabaceae,NA,Trait: Elongation rate. Definition: inverse of hours to reach 5 cm length. Unit: cm/h. Organism order: Fabales. Organism family: Fabaceae.,v5,-1
Germination rate,reciprocal of germination time,%,Poales,Poaceae,NA,Trait: Germination rate. Definition: reciprocal of germination time. Unit: %. Organism order: Poales. Organism family: Poaceae.,v5,3
Parasitization rate,ratio of mummies to the total number of P. solenopsis adults or nymphs present,%,Hymenoptera,Encyrtidae,adult,Trait: Parasitization rate. Definition: ratio of mummies to the total number of P. solenopsis adults or nymphs present. Unit: %. Organism order: Hymenoptera. Organism family: Encyrtidae.,v5,0
Growth rate,rate of change of larval weight across time,mg/day,Lepidoptera,Tortricidae,mid-instar,Trait: Growth rate. Definition: rate of change of larval weight across time. Unit: mg/day. Organism order: Lepidoptera. Organism family: Tortricidae.,v5,-1
Germination rate,inverse of time to reach 75% germination,1/t75,Fabales,Fabaceae,NA,Trait: Germination rate. Definition: inverse of time to reach 75% germination. Unit: 1/t75. Organism order: Fabales. Organism family: Fabaceae.,v5,3
Germination rate,time to reach 50% germination,1/day,Asterales,Asteraceae,NA,Trait: Germination rate. Definition: time to reach 50% germination. Unit: 1/day. Organism order: Asterales. Organism family: Asteraceae.,v5,3
Emergence rate,inverse of timespan to 50% emergence,1/t50,Asparagales,Amaryllidaceae,NA,Trait: Emergence rate. Definition: inverse of timespan to 50% emergence. Unit: 1/t50. Organism order: Asparagales. Organism family: Amaryllidaceae.,v5,3
Germination rate,number of seeds germinated per day,1/day,Poales,Poaceae,NA,Trait: Germination rate. Definition: number of seeds germinated per day. Unit: 1/day. Organism order: Poales. Organism family: Poaceae.,v5,3
CO2 compensation point,compensation point in absenceof day respiration,Pa,Brassicales,Brassicaceae,31-40 days old,Trait: CO2 compensation point. Definition: compensation point in absenceof day respiration. Unit: Pa. Organism order: Brassicales. Organism family: Brassicaceae.,v5,-1
Kc,Michaelis-Menten constant of Rubisco for CO2,Pa,Brassicales,Brassicaceae,31-40 days old,Trait: Kc. Definition: Michaelis-Menten constant of Rubisco for CO2. Unit: Pa. Organism order: Brassicales. Organism family: Brassicaceae.,v5,-1
Ko,Michaelis-Menten constant of Rubisco for O2,Pa,Brassicales,Brassicaceae,31-40 days old,Trait: Ko. Definition: Michaelis-Menten constant of Rubisco for O2. Unit: Pa. Organism order: Brassicales. Organism family: Brassicaceae.,v5,-1
F0,minimum fluorescence yields in dark-adapted leaves,NA,Malpighiales,Salicaceae,4 years old,Trait: F0. Definition: minimum fluorescence yields in dark-adapted leaves. Organism order: Malpighiales. Organism family: Salicaceae.,v5,1
Respiration rate,rate of leaf respiration in the dark,micromol m^-2 s^-1,Malpighiales,Salicaceae,4 years old,Trait: Respiration rate. Definition: rate of leaf respiration in the dark. Unit: micromol m^-2 s^-1. Organism order: Malpighiales. Organism family: Salicaceae.,v5,13
Fm,maximum fluorescence yields,NA,Fabales,Fabaceae,NA,Trait: Fm. Definition: maximum fluorescence yields. Organism order: Fabales. Organism family: Fabaceae.,v5,1
Fs,light-adaptede steady-state fluorescence yields,NA,Fabales,Fabaceae,NA,Trait: Fs. Definition: light-adaptede steady-state fluorescence yields. Organism order: Fabales. Organism family: Fabaceae.,v5,1
F0,minimum fluorescence yields in the dark,NA,Fabales,Fabaceae,NA,Trait: F0. Definition: minimum fluorescence yields in the dark. Organism order: Fabales. Organism family: Fabaceae.,v5,1
Fm,maximum fluorescence yields in the dark,NA,Fabales,Fabaceae,NA,Trait: Fm. Definition: maximum fluorescence yields in the dark. Organism order: Fabales. Organism family: Fabaceae.,v5,1
Rd,dark respiration rate,micromol m^-2 s^-1,Fabales,Fabaceae,NA,Trait: Rd. Definition: dark respiration rate. Unit: micromol m^-2 s^-1. Organism order: Fabales. Organism family: Fabaceae.,v5,13
F0,dark-adapted minimum fluorescence yield,NA,Fabales,Fabaceae,NA,Trait: F0. Definition: dark-adapted minimum fluorescence yield. Organism order: Fabales. Organism family: Fabaceae.,v5,1
Rdark,leaf respiration rate in the dark,micromol CO2 m^-2 s^-1,Myrtales,Myrtaceae,1 year old,Trait: Rdark. Definition: leaf respiration rate in the dark. Unit: micromol CO2 m^-2 s^-1. Organism order: Myrtales. Organism family: Myrtaceae.,v5,13
Rlight,leaf respiration rate in the light,micromol CO2 m^-2 s^-1,Myrtales,Myrtaceae,1 year old,Trait: Rlight. Definition: leaf respiration rate in the light. Unit: micromol CO2 m^-2 s^-1. Organism order: Myrtales. Organism family: Myrtaceae.,v5,13
Respiration rate,foliar dark respiration of seedlings,nanomol g^-1 s^-1,Fagales,Betulaceae,97 days old,Trait: Respiration rate. Definition: foliar dark respiration of seedlings. Unit: nanomol g^-1 s^-1. Organism order: Fagales. Organism family: Betulaceae.,v5,13
Rdark,leaf dark respiration rate,micromol CO2 m^-2 s^-1,Myrtales,Myrtaceae,7 weeks old,Trait: Rdark. Definition: leaf dark respiration rate. Unit: micromol CO2 m^-2 s^-1. Organism order: Myrtales. Organism family: Myrtaceae.,v5,13
