Id,DatasetID,IndividualID,OriginalID,OriginalTraitName,OriginalTraitDef,StandardisedTraitName,StandardisedTraitDef,OriginalTraitValue,OriginalTraitUnit,OriginalErrorPos,OriginalErrorNeg,OriginalErrorUnit,StandardisedTraitValue,StandardisedTraitUnit,Replicates,Habitat,LabField,AmbientTemp,AmbientTempMethod,AmbientTempUnit,SecondStressor,SecondStressorDef,SecondStressorValue,SecondStressorUnit,TimeStart,TimeEnd,TotalObsTimeValue,TotalObsTimeUnit,TotalObsTimeNotes,Location,LocationType,LocationDate,LocationDatePrecision,CoordinateType,Latitude,Longitude,Interactor1,Interactor1Common,Interactor1Wholepart,Interactor1Number,Interactor1Kingdom,Interactor1Phylum,Interactor1Class,Interactor1Order,Interactor1Family,Interactor1Genus,Interactor1Species,Interactor1Stage,Interactor1Sex,Interactor1Temp,Interactor1TempUnit,Interactor1TempMethod,Interactor1GrowthTemp,Interactor1GrowthTempUnit,Interactor1GrowthDur,Interactor1GrowthdDurUnit,Interactor1GrowthType,Interactor1Acc,Interactor1AccTemp,Interactor1AccTime,Interactor1AccTimeUnit,Interactor1OrigTempNotes,Interactor1OrigTime,Interactor1OrigTimeUnit,Interactor1Size,Interactor1SizeUnit,Interactor1SizeType,Interactor1SizeSI,Interactor1SizeUnitSI,Interactor1DenValue,Interactor1DenUnit,Interactor2Common,Interactor2Kingdom,Interactor2Phylum,Interactor2Class,Interactor2Order,Interactor2Family,Interactor2Genus,Interactor2Species,Interactor2Stage,Interactor2Temp,Interactor2TempUnit,Interactor2GrowthTemp,Interactor2GrowthTempUnit,FigureTable,Citation,DOI,CuratedByCitation,CuratedByDOI,SubmittedBy,ContributorEmail,Notes,DefaultChartXaxis,DefaultChartCategory,EmbargoReleaseDate,cluster_id,version
81518,1,,PHX801,development time,mean duration of life stage,,,21.3,days,0.31,0.31,se,,,,terrestrial,laboratory,,,,,,,,,,,,,Nonsan-si Republic of Korea,field,01/01/2009,1,decimal,36.5,126.75,Acyrthosiphon pisum,Pea aphid,,39.0,Animalia,Arthropoda,Insecta,Hemiptera,Aphididae,Acyrthosiphon,pisum,juvenile,,10.0,Celsius,,,,,,,,,,,,,,,,,,,,,,,,,,,,,,,,,,table 1,Ahn et al. 2020. Thermal effects on the population parameters and growth of Acyrthosiphon pisum (Harris) (Hemiptera: Aphididae). Insects 11:8,10.3390/insects11080481,"Pawar, S., Huxley, P.J., Smallwood, T.R.C. et al. Variation in temperature of peak trait performance constrains adaptation of arthropod populations to climatic warming. Nat Ecol Evol 8, 500–510 (2024).",10.1038/s41559-023-02301-8,Paul Huxley,phuxly@gmail.com,reared on faba bean leaves,Interactor1Temp,Location,01/01/2020,6,v1
81523,2,,PHX802,fecundity,mean lifetime offspring,,,51.5,offspring individual-1,3.93,3.93,se,,,,terrestrial,laboratory,,,,,,,,,,,,,Nonsan-si Republic of Korea,field,01/01/2009,1,decimal,36.5,126.75,Acyrthosiphon pisum,Pea aphid,,50.0,Animalia,Arthropoda,Insecta,Hemiptera,Aphididae,Acyrthosiphon,pisum,adult,female,10.0,Celsius,,,,,,,,,,,,,,,,,,,,,,,,,,,,,,,,,,table 1,Ahn et al. 2020. Thermal effects on the population parameters and growth of Acyrthosiphon pisum (Harris) (Hemiptera: Aphididae). Insects 11:8,10.3390/insects11080481,"Pawar, S., Huxley, P.J., Smallwood, T.R.C. et al. Variation in temperature of peak trait performance constrains adaptation of arthropod populations to climatic warming. Nat Ecol Evol 8, 500–510 (2024).",10.1038/s41559-023-02301-8,Paul Huxley,phuxly@gmail.com,reared on faba bean leaves,Interactor1Temp,Location,01/01/2020,28,v1
81528,3,,PHX803,longevity,mean duration of life stage,z,adult mortality rate,37.7,days,2.63,2.63,se,,,,terrestrial,laboratory,,,,,,,,,,,,,Nonsan-si Republic of Korea,field,01/01/2009,1,decimal,36.5,126.75,Acyrthosiphon pisum,Pea aphid,,39.0,Animalia,Arthropoda,Insecta,Hemiptera,Aphididae,Acyrthosiphon,pisum,adult,female,10.0,Celsius,,,,,,,,,,,,,,,,,,,,,,,,,,,,,,,,,,table 1,Ahn et al. 2020. Thermal effects on the population parameters and growth of Acyrthosiphon pisum (Harris) (Hemiptera: Aphididae). Insects 11:8,10.3390/insects11080481,"Pawar, S., Huxley, P.J., Smallwood, T.R.C. et al. Variation in temperature of peak trait performance constrains adaptation of arthropod populations to climatic warming. Nat Ecol Evol 8, 500–510 (2024).",10.1038/s41559-023-02301-8,Paul Huxley,phuxly@gmail.com,reared on faba bean leaves,Interactor1Temp,Location,01/01/2020,8,v1
81533,4,,PHX804,reproductive period,mean duration of life stage,,,22.1,days,1.65,1.65,se,,,,terrestrial,laboratory,,,,,,,,,,,,,Nonsan-si Republic of Korea,field,01/01/2009,1,decimal,36.5,126.75,Acyrthosiphon pisum,Pea aphid,,39.0,Animalia,Arthropoda,Insecta,Hemiptera,Aphididae,Acyrthosiphon,pisum,adult,female,10.0,Celsius,,,,,,,,,,,,,,,,,,,,,,,,,,,,,,,,,,table 1,Ahn et al. 2020. Thermal effects on the population parameters and growth of Acyrthosiphon pisum (Harris) (Hemiptera: Aphididae). Insects 11:8,10.3390/insects11080481,"Pawar, S., Huxley, P.J., Smallwood, T.R.C. et al. Variation in temperature of peak trait performance constrains adaptation of arthropod populations to climatic warming. Nat Ecol Evol 8, 500–510 (2024).",10.1038/s41559-023-02301-8,Paul Huxley,phuxly@gmail.com,reared on faba bean leaves,Interactor1Temp,Location,01/01/2020,25,v1
81538,5,,PHX805,survival,proportion surviving life stage,zj,juvenile mortality rate,0.78,proportion,0.05,0.05,se,,,,terrestrial,laboratory,,,,,,,,,,,,,Nonsan-si Republic of Korea,field,01/01/2009,1,decimal,36.5,126.75,Acyrthosiphon pisum,Pea aphid,,50.0,Animalia,Arthropoda,Insecta,Hemiptera,Aphididae,Acyrthosiphon,pisum,juvenile (not inc egg stage),,10.0,Celsius,,,,,,,,,,,,,,,,,,,,,,,,,,,,,,,,,,table 1,Ahn et al. 2020. Thermal effects on the population parameters and growth of Acyrthosiphon pisum (Harris) (Hemiptera: Aphididae). Insects 11:8,10.3390/insects11080481,"Pawar, S., Huxley, P.J., Smallwood, T.R.C. et al. Variation in temperature of peak trait performance constrains adaptation of arthropod populations to climatic warming. Nat Ecol Evol 8, 500–510 (2024).",10.1038/s41559-023-02301-8,Paul Huxley,phuxly@gmail.com,reared on faba bean leaves,Interactor1Temp,Location,01/01/2020,12,v1
81543,6,,PHX4,mortality rate,per capita daily mortality,,,0.01,individual-1 day-1,0.0011,0.0011,se,,,3.0,terrestrial,laboratory,,,,,,,,,,,,,East St Louis Illinois,field,,0,decimal,38.625,-90.1575,Aedes albopictus,Tiger mosquito,,,Animalia,Arthropoda,Insecta,Diptera,Culicidae,Aedes,albopictus,adult,,22.0,Celsius,,,Celsius (see notes),,,,,,,,,,,,,,,,,,,,,,,,,,,,,,,table 2,Alto and Juliano 2001. Temperature effects on the dynamics of Aedes albopictus (Diptera: Culicidae) populations in the laboratory. J. Med. Entomol. 38: 4,10.1603/0022-2585-38.4.548,"Da Re, D., Andreo, V., San Miguel, T.V. et al. AedesTraits: A global dataset of temperature–dependent trait responses in Aedes mosquitoes. Sci Data 12, 2033 (2025).",10.1038/s41597-025-06461-z,Paul Huxley,phuxly@gmail.com,interactor1growthtemp ranged between 22 and 27 degrees Celsius,Interactor1Temp,LocationText,01/01/2001,14,v1
81572,10,,PHX134,ovipositional period,mean duration of life stage,,,19.6,days,1.0,1.1,se,,,,terrestrial,laboratory,,,,,,,,,,,,,Homestead Florida,field,01/01/2008,2,decimal,25.468722,-80.477557,Paracoccus marginatus,Papaya mealybug,,,Animalia,Arthropoda,Insecta,Hemiptera,Pseudococcidae,Paracoccus,marginatus,adult,female,18.0,Celsius,,25.0,Celsius,,,,,,,,,,,,,,,,,,,,,,,,,,,,,,,table 3,Amarasekare et al. 2008. Effect of Temperature on the Life History of the Mealybug Paracoccus marginatus (Hemiptera: Pseudococcidae). J. Econ. Entomol. 101,10.1603/0022-0493-101.6.1798,"Pawar, S., Huxley, P.J., Smallwood, T.R.C. et al. Variation in temperature of peak trait performance constrains adaptation of arthropod populations to climatic warming. Nat Ecol Evol 8, 500–510 (2024).",10.1038/s41559-023-02301-8,Paul Huxley,phuxly@gmail.com,,Interactor1Temp,LocationText,01/01/2008,27,v1
81576,11,,PHX135,survival,percent surviving life stage,,,0.0,percent,,,se,,,,terrestrial,laboratory,,,,,,,,,,,,,Homestead Florida,field,01/01/2008,2,decimal,25.468722,-80.477557,Paracoccus marginatus,Papaya mealybug,,,Animalia,Arthropoda,Insecta,Hemiptera,Pseudococcidae,Paracoccus,marginatus,juvenile (inc egg stage),,15.0,Celsius,,25.0,Celsius,,,,,,,,,,,,,,,,,,,,,,,,,,,,,,,table 2,Amarasekare et al. 2008. Effect of Temperature on the Life History of the Mealybug Paracoccus marginatus (Hemiptera: Pseudococcidae). J. Econ. Entomol. 101,10.1603/0022-0493-101.6.1798,"Pawar, S., Huxley, P.J., Smallwood, T.R.C. et al. Variation in temperature of peak trait performance constrains adaptation of arthropod populations to climatic warming. Nat Ecol Evol 8, 500–510 (2024).",10.1038/s41559-023-02301-8,Paul Huxley,phuxly@gmail.com,,Interactor1Temp,LocationText,01/01/2008,12,v1
81601,15,,PHX112,development time,median duration of life stage ,,,59.29,days,1.32,1.32,95% CI,,,,terrestrial,laboratory,,,,,,,,,,,,,Dar es Salaam Tanzania,colony,,0,decimal,-6.8,39.283333,Bemisia tabaci,Silverleaf whitefly,,45.0,Animalia,Arthropoda,Insecta,Hemiptera,Aleyrodidae,Bemisia,tabaci,juvenile,,16.0,Celsius,,,,,,,,,,,,,,,,,,,,,,,,,,,,,,,,,,SM1,Aregbesola et al. 2020. Life history and temperature dependence of cassava colonising populations of Bemisia tabaci. J. Pest. Sci 93: 4,10.1007/s10340-020-01249-z,"Pawar, S., Huxley, P.J., Smallwood, T.R.C. et al. Variation in temperature of peak trait performance constrains adaptation of arthropod populations to climatic warming. Nat Ecol Evol 8, 500–510 (2024).",10.1038/s41559-023-02301-8,Paul Huxley,phuxly@gmail.com,,Interactor1Temp,LocationText,01/01/2020,6,v1
81607,16,,PHX113,longevity,median duration of life stage ,,,15.7,days,1.52,1.52,95% CI,,,,terrestrial,laboratory,,,,,,,,,,,,,Dar es Salaam Tanzania,colony,,0,decimal,-6.8,39.283333,Bemisia tabaci,Silverleaf whitefly,,41.0,Animalia,Arthropoda,Insecta,Hemiptera,Aleyrodidae,Bemisia,tabaci,adult,female,16.0,Celsius,,,,,,,,,,,,,,,,,,,,,,,,,,,,,,,,,,table 4,Aregbesola et al. 2020. Life history and temperature dependence of cassava colonising populations of Bemisia tabaci. J. Pest. Sci 93: 4,10.1007/s10340-020-01249-z,"Pawar, S., Huxley, P.J., Smallwood, T.R.C. et al. Variation in temperature of peak trait performance constrains adaptation of arthropod populations to climatic warming. Nat Ecol Evol 8, 500–510 (2024).",10.1038/s41559-023-02301-8,Paul Huxley,phuxly@gmail.com,,Interactor1Temp,LocationText,01/01/2020,8,v1
81685,24,,LC1121,fecundity rate,mean number of nymphs produced individual-1 during a period equivalent to the prereporoductive time,,,25.3,nymphs unit time-1,0.99,0.99,se,,,,terrestrial,laboratory,,,,low-content DIMBOA,,,,,,,,,Lleida Spain,field,,0,decimal,41.62064,0.61993,Rhopalosiphum padi,Bird cherry-oat aphid,,148.0,Animalia,Arthropoda,Insecta,Homoptera,Aphididae,Rhopalosiphum,padi,adult,,18.0,Celsius,,,,,,,,,,,,,,,,,,,,,,,,,,,,,,,,,,table 3,Asin and Pons 2001. Effect of high temperature on the growth and reproduction of Corn Aphids (Homoptera: Aphididae) and implications for their population dynamics on the northeastern Iberian peninsula. Environ. Entomol. 30,10.1603/0046-225X-30.6.1127,,,Lauren Chapman,phuxly@gmail.com,,Interactor1Temp,LocationText,01/01/2001,29,v1
81697,27,,LC113,mortality,percent not surviving life stage,zj,juvenile mortality rate,25.5,percent,3.82,3.82,se,,,,terrestrial,laboratory,,,,low-content DIMBOA,,,,,,,,,Lleida Spain,field,,0,decimal,41.62064,0.61993,Rhopalosiphum padi,Bird cherry-oat aphid,,80.0,Animalia,Arthropoda,Insecta,Homoptera,Aphididae,Rhopalosiphum,padi,juvenile,,18.0,Celsius,,,,,,,,,,,,,,,,,,,,,,,,,,,,,,,,,,table 1,Asin and Pons 2001. Effect of high temperature on the growth and reproduction of Corn Aphids (Homoptera: Aphididae) and implications for their population dynamics on the northeastern Iberian peninsula. Environ. Entomol. 30,10.1603/0046-225X-30.6.1127,,,Lauren Chapman,phuxly@gmail.com,,Interactor1Temp,Location,01/01/2001,13,v1
81723,33,,LC1123,pre-oviposition period,mean duration from adult emergence to onset of reproduction,,,9.3,days,0.23,0.23,se,,,,terrestrial,laboratory,,,,low-content DIMBOA,,,,,,,,,Lleida Spain,field,,0,decimal,41.62064,0.61993,Rhopalosiphum padi,Bird cherry-oat aphid,,71.0,Animalia,Arthropoda,Insecta,Homoptera,Aphididae,Rhopalosiphum,padi,adult,,18.0,Celsius,,,,,,,,,,,,,,,,,,,,,,,,,,,,,,,,,,table 2,Asin and Pons 2001. Effect of high temperature on the growth and reproduction of Corn Aphids (Homoptera: Aphididae) and implications for their population dynamics on the northeastern Iberian peninsula. Environ. Entomol. 30,10.1603/0046-225X-30.6.1127,,,Lauren Chapman,phuxly@gmail.com,,Interactor1Temp,Location,01/01/2001,26,v1
81747,39,,LC1125,fecundity,mean lifetime nymphs individual-1  ,bmax,fecundity rate,39.5,nymphs individual-1,2.06,2.06,se,,,,terrestrial,laboratory,,,,low-content DIMBOA,,,,,,,,,Lleida Spain,field,,0,decimal,41.62064,0.61993,Rhopalosiphum padi,Bird cherry-oat aphid,,148.0,Animalia,Arthropoda,Insecta,Homoptera,Aphididae,Rhopalosiphum,padi,adult,,18.0,Celsius,,,,,,,,,,,,,,,,,,,,,,,,,,,,,,,,,,table 3,Asin and Pons 2001. Effect of high temperature on the growth and reproduction of Corn Aphids (Homoptera: Aphididae) and implications for their population dynamics on the northeastern Iberian peninsula. Environ. Entomol. 30,10.1603/0046-225X-30.6.1127,,,Lauren Chapman,phuxly@gmail.com,,Interactor1Temp,LocationText,01/01/2001,28,v1
81848,50,,PHX261,fecundity rate,mean eggs individual-1 day-1,,,3.0,eggs individual-1 day-1,51.7,51.7,coefficient of variance,,,,terrestrial,laboratory,,,,,,,,,,,,,Dryden New York,,06/01/1974,3,decimal,42.489167,-76.359722,Sepedon fuscipennis,Marsh fly,,17.0,Animalia,Arthropoda,Insecta,Diptera,Sciomyzidae,Sepedon,fuscipennis,adult,female,15.0,Celsius,,,,,,,,,,,,,,,,,,,,,,,,,,,,,,,,,,table 1,Barnes 1976. Effect of temperature on development survival oviposition and diapause in laboratory populations of Sepedon fuscipennis (Diptera: Sciomyzidae). Environ. Entomol. 5: 1089-1098,10.1093/ee/5.6.1089,,,Paul Huxley,phuxly@gmail.com,,Interactor1Temp,LocationText,01/01/1976,29,v1
82043,64,,PHX3615,fecundity rate,mean offspring per day,,,5.4,eggs individual-1 day-1,1.3,1.3,sd,,,,terrestrial,laboratory,,,,,,,,,,,,,Brazzaville Congo,field,,0,decimal,-1.44,15.556,Tetranychus evansi,Red tomato spider mite,,30.0,Animalia,Arthropoda,Insecta,Acari,Tetranychidae,Tetranychus,evansi,adult,female,21.0,Celsius,,28.0,Celsius,,,,,,,,,,,,,,,,,,,,,,,,,,,,,,,table 2,Bonato 1999. The effect of temperature on life history parameters of Tetranychus evansi (Acari: Tetranychidae). Exp. Appl. Acarol. 23:1,10.1023/A:1006144610009,"Pawar, S., Huxley, P.J., Smallwood, T.R.C. et al. Variation in temperature of peak trait performance constrains adaptation of arthropod populations to climatic warming. Nat Ecol Evol 8, 500–510 (2024).",10.1038/s41559-023-02301-8,Paul Huxley,phuxly@gmail.com,,Interactor1Temp,LocationText,01/01/1999,29,v1
82087,70,,PHX601,blood feeding frequency,mean lifetime blood meals individual-1,,,1.66,blood meals,0.81,0.81,sd,,,,terrestrial,laboratory,,,,,,,,,,,,,Registro Brazil,field,03/01/1999,4,decimal,24.4875,-47.843611,Aedes albopictus,Tiger mosquito,,6.0,Animalia,Arthropoda,Insecta,Diptera,Culicidae,Aedes,albopictus,adult,female,15.0,Celsius,,25.0,Celsius,,,,,,,,,,,,,,,,,,,,,,,,,,,,,,,table 2,Calado and Navarro-Silva. 2002. Influencia da temperatura sobre a longevidade fecundidade eatividade hematofagica de Aedes (Stegomyia) albopictus Skuse 1894 (Diptera: Culicidae) sob condicoes de laboratorio. Revista Brasileira de Entomologia 46: 93-98.,10.1590/S0085-56262002000100011,"Da Re, D., Andreo, V., San Miguel, T.V. et al. AedesTraits: A global dataset of temperature–dependent trait responses in Aedes mosquitoes. Sci Data 12, 2033 (2025).",10.1038/s41597-025-06461-z,Paul Huxley,phuxly@gmail.com,,Interactor1Temp,LocationText,01/01/2002,-1,v1
82202,80,,PHX62,body size,mean wet mass,,,0.5,mg,,,,,,,terrestrial,laboratory,,,,CO2 concentration,,450.0,ppm,,,,,,Langfang Cit,field,,0,decimal,39.5383,116.6835,Rhopalosiphum maidis,Corn leaf aphid,,,Animalia,Arthropoda,Insecta,Hemiptera,Aphididae,Rhopalosiphum,maidis,adult,,23.0,Celsius,,,,,,,,,,,,,,,,,,,,,,,,,,,,,,,,,,table 3,Chen et al. 2019. Reduction of plant suitability for Corn Leaf aphid (Hemiptera: Aphididae) under elevated carbon dioxide condition. Environ. Entomol. 48:4,10.1093/ee/nvz045,"Pawar, S., Huxley, P.J., Smallwood, T.R.C. et al. Variation in temperature of peak trait performance constrains adaptation of arthropod populations to climatic warming. Nat Ecol Evol 8, 500–510 (2024).",10.1038/s41559-023-02301-8,Paul Huxley,phuxly@gmail.com,mean fresh body weight of 7 day-old adults exposed to ambient CO2,SecondStressorValue,LocationText,01/01/2019,18,v1
82204,81,,PHX621,development time,mean duration period from aphid birth to its first reproduction,,,7.0,days,,,,,,,terrestrial,laboratory,,,,CO2 concentration,,450.0,ppm,,,,,,Langfang Cit,field,,0,decimal,39.5383,116.6835,Rhopalosiphum maidis,Corn leaf aphid,,,Animalia,Arthropoda,Insecta,Hemiptera,Aphididae,Rhopalosiphum,maidis,juvenile,,23.0,Celsius,,,,,,,,,,,,,,,,,,,,,,,,,,,,,,,,,,table 3,Chen et al. 2019. Reduction of plant suitability for Corn Leaf aphid (Hemiptera: Aphididae) under elevated carbon dioxide condition. Environ. Entomol. 48:4,10.1093/ee/nvz045,"Pawar, S., Huxley, P.J., Smallwood, T.R.C. et al. Variation in temperature of peak trait performance constrains adaptation of arthropod populations to climatic warming. Nat Ecol Evol 8, 500–510 (2024).",10.1038/s41559-023-02301-8,Paul Huxley,phuxly@gmail.com,exposed to ambient CO2,SecondStressorValue,Location,01/01/2019,6,v1
82206,82,,PHX622,fecundity,mean number of progeny in a reproductive period equal to development time,,,4.7,progeny indidividual-1,,,,,,,terrestrial,laboratory,,,,CO2 concentration,,450.0,ppm,,,,,,Langfang Cit,field,,0,decimal,39.5383,116.6835,Rhopalosiphum maidis,Corn leaf aphid,,,Animalia,Arthropoda,Insecta,Hemiptera,Aphididae,Rhopalosiphum,maidis,adult,,23.0,Celsius,,,,,,,,,,,,,,,,,,,,,,,,,,,,,,,,,,table 3,Chen et al. 2019. Reduction of plant suitability for Corn Leaf aphid (Hemiptera: Aphididae) under elevated carbon dioxide condition. Environ. Entomol. 48:4,10.1093/ee/nvz045,"Pawar, S., Huxley, P.J., Smallwood, T.R.C. et al. Variation in temperature of peak trait performance constrains adaptation of arthropod populations to climatic warming. Nat Ecol Evol 8, 500–510 (2024).",10.1038/s41559-023-02301-8,Paul Huxley,phuxly@gmail.com,exposed to ambient CO2,SecondStressorValue,Location,01/01/2019,28,v1
82208,83,,CLIV1115,body size,mean wing length (mm),,,3.41,mm,0.23,0.23,se,,,,terrestrial,laboratory,,,,,,,,,,,,,Pennsylvania,colony,01/01/2004,2,decimal,40.8781,-77.7996,Culex pipiens,House mosquito,,,Animalia,Arthropoda,Insecta,Diptera,Culicidae,Culex,pipiens,adult,,16.0,Celsius,,27.0,Celsius,,,,,,,,,,,,,,,,,,,,,,,,,,,,,,,figure 3B,Ciota et al 2014. The effect of temperature on life history traits of Culex mosquitoes. J Med Entomol 51,10.1603/ME13003,"Pawar, S., Huxley, P.J., Smallwood, T.R.C. et al. Variation in temperature of peak trait performance constrains adaptation of arthropod populations to climatic warming. Nat Ecol Evol 8, 500–510 (2024).",10.1038/s41559-023-02301-8,Connor Lachance,phuxly@gmail.com,error bounds were clustered so accuracy may vary,Interactor1Temp,LocationText,01/01/2015,18,v1
82228,85,,CLIV1114,longevity,median adult lifespan,,,72.81,days,,,,,,,terrestrial,laboratory,,,,,,,,,,,,,Pennsylvania,colony,01/01/2004,2,decimal,40.8781,-77.7996,Culex pipiens,House mosquito,,,Animalia,Arthropoda,Insecta,Diptera,Culicidae,Culex,pipiens,adult,,16.0,Celsius,,27.0,Celsius,,,,,,,,,,,,,,,,,,,,,,,,,,,,,,,figure 4,Ciota et al 2014. The effect of temperature on life history traits of Culex mosquitoes. J Med Entomol 51,10.1603/ME13003,"Pawar, S., Huxley, P.J., Smallwood, T.R.C. et al. Variation in temperature of peak trait performance constrains adaptation of arthropod populations to climatic warming. Nat Ecol Evol 8, 500–510 (2024).",10.1038/s41559-023-02301-8,Connor Lachance,phuxly@gmail.com,,Interactor1Temp,LocationText,01/01/2015,8,v1
82268,90,,CLIV1116,ovipositioning,proportion of blood fed mosquitoes laying egg rafts,,,0.28,proportion,,,,,,,terrestrial,laboratory,,,,,,,,,,,,,Pennsylvania,colony,01/01/2004,2,decimal,40.8781,-77.7996,Culex pipiens,House mosquito,,,Animalia,Arthropoda,Insecta,Diptera,Culicidae,Culex,pipiens,adult,,16.0,Celsius,,27.0,Celsius,,,,,,,,,,,,,,,,,,,,,,,,,,,,,,,figure 5b,Ciota et al 2014. The effect of temperature on life history traits of Culex mosquitoes. J Med Entomol 51,10.1603/ME13003,"Pawar, S., Huxley, P.J., Smallwood, T.R.C. et al. Variation in temperature of peak trait performance constrains adaptation of arthropod populations to climatic warming. Nat Ecol Evol 8, 500–510 (2024).",10.1038/s41559-023-02301-8,Connor Lachance,phuxly@gmail.com,,Interactor1Temp,LocationText,01/01/2015,-1,v1
82337,99,,ZG2,development rate,mean rate of life stage completion,,,0.015,days-1,,,,,,,terrestrial,laboratory,,,,,,,,,,,,,various,,,0,,,,Tecia solanivora,Potato tuber moth,,,Animalia,Arthropoda,Insecta,Lepidoptera,Gelechiidae,Tesia,solanivora,larval,,9.88,Celsius,,,,,,,,,,,,,,,,,,,,,,,,,,,,,,,,,,figure S3,Crespo-Perez et al. 2011. Modeling invasive species spread in complex landscapes: the case of potato moth in Ecuador. Landsc. Ecol. 26,10.1007/s10980-011-9649-4,,,Zach Gajewski,phuxly@gmail.com,data comes from various papers but was extracted and all in this one paper. moths from various location in Northern Andes. error bounds not provided,Interactor1Temp,LocationText,01/01/2011,7,v1
82410,101,,ZG2151,fecundity,mean lifetime eggs individual-1  ,,,0.0,eggs individual-1,,,,,,,terrestrial,laboratory,,,,,,,,,,,,,various,,,0,,,,Tecia solanivora,Potato tuber moth,,,Animalia,Arthropoda,Insecta,Lepidoptera,Gelechiidae,Tesia,solanivora,adult,,7.95,Celsius,,,,,,,,,,,,,,,,,,,,,,,,,,,,,,,,,,figure S6,Crespo-Perez et al. 2011. Modeling invasive species spread in complex landscapes: the case of potato moth in Ecuador. Landsc. Ecol. 26,10.1007/s10980-011-9649-4,,,Paul Huxley,phuxly@gmail.com,data comes from various papers but was extracted and all in this one paper. moths from various location in Northern Andes. error bounds not provided,Interactor1Temp,LocationText,01/01/2011,28,v1
82426,103,,PHX721,egg viability,mean percentage of viable eggs produced per female,,,82.69,eggs individual-1,6.41,6.41,se,,,,terrestrial,laboratory,,,,lufenuron,ingestion of lufenuron,0.0,ml,,,,,,UFRPE Recife Brazil,colony ,,0,decimal,-8.01,-34.95,Anthonomus grandis,Boll weevil,,,Animalia,Arthropoda,Insecta,Coleoptera,Curculionidae,Anthonomus,grandis,adult,female,25.0,Celsius,,25.0,Celsius,,,,,,,,,,,,,,,,,,,,,,,,,,,,,,,figure 3b,Cruz et al. 2021. Lufenuron indirectly downregulates Vitellogenin in the boll weevil females reducing egg viability. Physiological Entomology 46:1,10.1111/phen.12337,"Pawar, S., Huxley, P.J., Smallwood, T.R.C. et al. Variation in temperature of peak trait performance constrains adaptation of arthropod populations to climatic warming. Nat Ecol Evol 8, 500–510 (2024).",10.1038/s41559-023-02301-8,Paul Huxley,phuxly@gmail.com,,SecondStressorValue,LocationText,01/01/2021,20,v1
82428,104,,PHX7211,fecundity,mean eggs produced per plant,,,1.19,eggs plant-1,0.2,0.2,se,,,,terrestrial,laboratory,,,,lufenuron,ingestion of lufenuron,0.0,ml,,,,,,UFRPE Recife Brazil,colony ,,0,decimal,-8.01,-34.95,Anthonomus grandis,Boll weevil,,,Animalia,Arthropoda,Insecta,Coleoptera,Curculionidae,Anthonomus,grandis,adult,female,25.0,Celsius,,25.0,Celsius,,,,,,,,,,,,,,,,,,,,,,,,,,,,,,,figure 3a,Cruz et al. 2021. Lufenuron indirectly downregulates Vitellogenin in the boll weevil females reducing egg viability. Physiological Entomology 46:1,10.1111/phen.12337,"Pawar, S., Huxley, P.J., Smallwood, T.R.C. et al. Variation in temperature of peak trait performance constrains adaptation of arthropod populations to climatic warming. Nat Ecol Evol 8, 500–510 (2024).",10.1038/s41559-023-02301-8,Paul Huxley,phuxly@gmail.com,,SecondStressorValue,LocationText,01/01/2021,28,v1
82430,105,,PHX72111,fat content,mean lipid content per individual,,,1.76,ug mg-1 individual-1,0.16,0.16,se,,,,terrestrial,laboratory,,,,lufenuron,ingestion of lufenuron,0.0,ml,,,,,,UFRPE Recife Brazil,colony ,,0,decimal,-8.01,-34.95,Anthonomus grandis,Boll weevil,,,Animalia,Arthropoda,Insecta,Coleoptera,Curculionidae,Anthonomus,grandis,adult,female,25.0,Celsius,,25.0,Celsius,,,,,,,,,,,,,,,,,,,,,,,,,,,,,,,figure 2b,Cruz et al. 2021. Lufenuron indirectly downregulates Vitellogenin in the boll weevil females reducing egg viability. Physiological Entomology 46:1,10.1111/phen.12337,"Pawar, S., Huxley, P.J., Smallwood, T.R.C. et al. Variation in temperature of peak trait performance constrains adaptation of arthropod populations to climatic warming. Nat Ecol Evol 8, 500–510 (2024).",10.1038/s41559-023-02301-8,Paul Huxley,phuxly@gmail.com,,SecondStressorValue,LocationText,01/01/2021,1,v1
82432,106,,LC7,development rate,rate of life stage completion,,,0.035,days-1,,,,,,,terrestrial,laboratory,,,,constant temperature,,,Celsius,,,,,,University of Minnesota Outreach Research and Education Park,field,01/01/2002,4,decimal,44.73347,-93.0845,Myzus persicae,Green peach aphid,,,Animalia,Arthropoda,Insecta,Hemiptera,Aphididae,Myzus,persicae,juvenile,,5.9,Celsius,,,,,,,,,,,,,,,,,,,,,,,,,,,,,,,,,,figure 4,Davis et al. 2006. Effects of high and fluctuating temperatures on Myzus persicae (Hemiptera: Aphididae). Environ Entomol 35:6,10.1093/ee/35.6.1461,,,Lauren Chapman,phuxly@gmail.com,The experiment was held at a constant temperature. This development rate was dependent on the constant temperature. The value of the temp that was held constant ranged between 5 and 35 degrees Celsius. Fed Chinese cabbage,Interactor1Temp,Location,01/01/2006,7,v1
82460,110,,PHX213,pre-blood meal period,average duration from emergence to first blood meal,,,15.0,days,1.94,1.94,se,,,,terrestrial,laboratory,,,,,,,,,,,,,Saint-Pierre Reunion Island,field,,0,decimal,-21.3419,55.4778,Aedes albopictus,tiger mosquito,,,Animalia,Arthropoda,Insecta,Diptera,Culicidae,Aedes,albopictus,adult,female,15.0,Celsius,,27.5,Celsius,,,,,,,,,,,,,,,,,,,,,,,,,,,,,,,table 4,Delatte et al. 2009. Influence of temperature on immature development survival longevity fecundity and gonotrophic cycles of Aedes albopictus vector of chikungunya and dengue in the Indian Ocean. J Med Entomol. 46: 33-41.,10.1603/033.046.0105,"Pawar, S., Huxley, P.J., Smallwood, T.R.C. et al. Variation in temperature of peak trait performance constrains adaptation of arthropod populations to climatic warming. Nat Ecol Evol 8, 500–510 (2024).",10.1038/s41559-023-02301-8,Paul Huxley,phuxly@gmail.com,,Interactor1Temp,LocationText,01/01/2009,-1,v1
82465,111,,PHX214,fecundity,mean number of eggs per cycle,,,50.8,eggs individual-1 cycle-1,6.76,6.76,se,,,,terrestrial,laboratory,,,,,,,,,,,,,Saint-Pierre Reunion Island,field,,0,decimal,-21.3419,55.4778,Aedes albopictus,tiger mosquito,,,Animalia,Arthropoda,Insecta,Diptera,Culicidae,Aedes,albopictus,adult,female,20.0,Celsius,,27.5,Celsius,,,,,,,,,,,,,,,,,,,,,,,,,,,,,,,table 6,Delatte et al. 2009. Influence of temperature on immature development survival longevity fecundity and gonotrophic cycles of Aedes albopictus vector of chikungunya and dengue in the Indian Ocean. J Med Entomol. 46: 33-41.,10.1603/033.046.0105,"Pawar, S., Huxley, P.J., Smallwood, T.R.C. et al. Variation in temperature of peak trait performance constrains adaptation of arthropod populations to climatic warming. Nat Ecol Evol 8, 500–510 (2024).",10.1038/s41559-023-02301-8,Paul Huxley,phuxly@gmail.com,,Interactor1Temp,LocationText,01/01/2009,28,v1
82469,112,,PHX215,gonotrophic cycle,mean number of gonotrophic cycles completed in individuals lifetime,,,8.1,days,,,,,,,terrestrial,laboratory,,,,,,,,,,,,,Saint-Pierre Reunion Island,field,,0,decimal,-21.3419,55.4778,Aedes albopictus,tiger mosquito,,,Animalia,Arthropoda,Insecta,Diptera,Culicidae,Aedes,albopictus,adult,female,20.0,Celsius,,27.5,Celsius,,,,,,,,,,,,,,,,,,,,,,,,,,,,,,,table 5,Delatte et al. 2009. Influence of temperature on immature development survival longevity fecundity and gonotrophic cycles of Aedes albopictus vector of chikungunya and dengue in the Indian Ocean. J Med Entomol. 46: 33-41.,10.1603/033.046.0105,"Pawar, S., Huxley, P.J., Smallwood, T.R.C. et al. Variation in temperature of peak trait performance constrains adaptation of arthropod populations to climatic warming. Nat Ecol Evol 8, 500–510 (2024).",10.1038/s41559-023-02301-8,Paul Huxley,phuxly@gmail.com,,Interactor1Temp,LocationText,01/01/2009,2,v1
82784,123,,ZG162,resource consumption rate,mean daily resource consumption rate,,,0.9,cm2 day-1,0.3,0.3,se,,,,terrestrial,laboratory,,,,,,,,,,,,,Sunderland Massachusetts,field,09/01/1981,3,decimal,42.466667,-72.579167,Leptinotarsa decemlineata,Colorado potato beetle,,18.0,Animalia,Arthropoda,Insecta,Coleoptera,Chrysomelidae,Leptinotarsa,decemlineata,L1,,12.0,Celsius,,25.0,Celsius,,,,,,,,,,,,,,,,,,,,,,,,,,,,,,,table 3,Ferro et al. 1985. Colorado potato beetle (Coleoptera: Chrysomelidae) temperature-dependent growth and feeding rates. Environ. Entomol. 14,10.1093/ee/14.3.343,"Pawar, S., Huxley, P.J., Smallwood, T.R.C. et al. Variation in temperature of peak trait performance constrains adaptation of arthropod populations to climatic warming. Nat Ecol Evol 8, 500–510 (2024).",10.1038/s41559-023-02301-8,Zach Gajewski,phuxly@gmail.com,,Interactor1Temp,LocationText,01/01/1985,-1,v1
82829,125,,PHX57236,blood feeding,percent taking one bloodmeal,,,60.0,percent,,,,,,,terrestrial,laboratory,,,,,,,,,,,,,Guadeloupe French West Indies,field,02/01/2012,4,decimal,16.25,-61.583333,Aedes aegypti,Yellow fever mosquito,,,Animalia,Arthropoda,Insecta,Diptera,Culicidae,Aedes,aegypti,adult,female,24.0,Celsius,,,,,,,,,,,,,,,,,,,,,,,,,,,,,,,,,,supplementary data,Goindin et al. 2015. Parity and longevity of Aedes aegypti according to temperatures in controlled conditions and consequences on dengue transmission risks. PLoS ONE 10(8): e0135489.,10.1371/journal.pone.0135489,"Da Re, D., Andreo, V., San Miguel, T.V. et al. AedesTraits: A global dataset of temperature–dependent trait responses in Aedes mosquitoes. Sci Data 12, 2033 (2025).",10.1038/s41597-025-06461-z,Paul Huxley,phuxly@gmail.com,,Interactor1Temp,LocationText,01/01/2015,-1,v1
82835,126,,PHX57237,transmission potential,percent of individuals with transmission potential,,,28.0,percent,,,,,,,terrestrial,laboratory,,,,,,,,,,,,,Guadeloupe French West Indies,field,02/01/2012,4,decimal,16.25,-61.583333,Aedes aegypti,Yellow fever mosquito,,,Animalia,Arthropoda,Insecta,Diptera,Culicidae,Aedes,aegypti,adult,female,24.0,Celsius,,,,,,,,,,,,,,,,,,,,,,,,,,,,,,,,,,supplementary data,Goindin et al. 2015. Parity and longevity of Aedes aegypti according to temperatures in controlled conditions and consequences on dengue transmission risks. PLoS ONE 10(8): e0135489.,10.1371/journal.pone.0135489,"Da Re, D., Andreo, V., San Miguel, T.V. et al. AedesTraits: A global dataset of temperature–dependent trait responses in Aedes mosquitoes. Sci Data 12, 2033 (2025).",10.1038/s41597-025-06461-z,Paul Huxley,phuxly@gmail.com,,Interactor1Temp,LocationText,01/01/2015,-1,v1
82887,130,,PHX1515,post-oviposition period,mean duration of life stage,,,4.19,days,0.37,0.37,se,,,,terrestrial,laboratory,,,,,,,,,,,,,Mahallat Iran,greenhouse,03/01/2006,3,decimal,33.911111,50.453056,Planococcus citri,Citrus mealybug,,,Animalia,Arthropoda,Insecta,Homoptera,Pseudococcidae,Planococcus,citri,adult,female,18.0,Celsius,,24.0,Celsius,,,,,,,,,,,,,,,,,,,,,,,,,,,,,,,table 2,Goldasteh et al. 2009. Effect of temperature on life history and population growth parameters of Planococcus citri (Homoptera: Pseudococcidae) on Coleus (Solenostemon scutellarioides (L.) Codd.). Arch. Biol. Sci. 61: 329-336,10.2298/abs0902329g,"Pawar, S., Huxley, P.J., Smallwood, T.R.C. et al. Variation in temperature of peak trait performance constrains adaptation of arthropod populations to climatic warming. Nat Ecol Evol 8, 500–510 (2024).",10.1038/s41559-023-02301-8,Paul Huxley,phuxly@gmail.com,reared on coleus,Interactor1Temp,LocationText,01/01/2009,-1,v1
83086,138,,PHX8,fecundity,mean lifetime egg punctures,,,0.0,egg punctures individual-1,,,se,,,,terrestrial,laboratory,,,,,,,,,,,,,Lower Rio Grande Valley Texas,field,06/01/2002,3,decimal,26.22,-98.12,Anthonomus grandis,Boll weevil,,,Animalia,Arthropoda,Insecta,Coleoptera,Curculionidae,Anthonomus,grandis,adult,female,12.0,Celsius,,27.0,Celsius,,,,,,,,,,,,,,,,,,,,,,,,,,,,,,,table 6,Greenberg et al. 2005. Temperature dependent development and reproduction of the boll weevil (Coleoptera: Curculionidae). Insect Science 12,10.1111/j.1744-7917.2005.00057.x,"Pawar, S., Huxley, P.J., Smallwood, T.R.C. et al. Variation in temperature of peak trait performance constrains adaptation of arthropod populations to climatic warming. Nat Ecol Evol 8, 500–510 (2024).",10.1038/s41559-023-02301-8,Paul Huxley,phuxly@gmail.com,,Interactor1Temp,LocationText,01/01/2005,28,v1
83157,144,,PHX6611,lipid content,mean lipid content per individual,,,154.69,ug,31.25,31.25,sd,,,,terrestrial,laboratory,,,,,,,,,,,,,Unversity of Georgia USA,colony,,0,,,,Aedes aegypti,Yellow fever mosquito,,30.0,Animalia,Arthropoda,Insecta,Diptera,Culicidae,Aedes,aegypti,adult,female,27.0,Celsius,,,,,,,,,,,,,,,,,,,,,,,,,,,,,,,,,,figure 1b,Gulia-Nuss et al. 2015. Multiple factors contribute to anautogenous reproduction by the mosquito Aedes aegypti. J Insect Physiol. 82,10.1016/j.jinsphys.2015.08.001,"Pawar, S., Huxley, P.J., Smallwood, T.R.C. et al. Variation in temperature of peak trait performance constrains adaptation of arthropod populations to climatic warming. Nat Ecol Evol 8, 500–510 (2024).",10.1038/s41559-023-02301-8,Paul Huxley,phuxly@gmail.com,,Unplottable,,01/01/2015,1,v1
83159,146,,PHX66111,protein content,mean protein content per individual,,,86.48,ug,7.86,7.86,sd,,,,terrestrial,laboratory,,,,,,,,,,,,,Unversity of Georgia USA,colony,,0,,,,Aedes aegypti,Yellow fever mosquito,,30.0,Animalia,Arthropoda,Insecta,Diptera,Culicidae,Aedes,aegypti,adult,female,27.0,Celsius,,,,,,,,,,,,,,,,,,,,,,,,,,,,,,,,,,figure 1c,Gulia-Nuss et al. 2015. Multiple factors contribute to anautogenous reproduction by the mosquito Aedes aegypti. J Insect Physiol. 82,10.1016/j.jinsphys.2015.08.001,"Pawar, S., Huxley, P.J., Smallwood, T.R.C. et al. Variation in temperature of peak trait performance constrains adaptation of arthropod populations to climatic warming. Nat Ecol Evol 8, 500–510 (2024).",10.1038/s41559-023-02301-8,Paul Huxley,phuxly@gmail.com,,Unplottable,,01/01/2015,1,v1
83161,148,,PHX661111,glycogen content,mean glycogen content per individual,,,30.0,ug,7.5,7.5,sd,,,,terrestrial,laboratory,,,,,,,,,,,,,Unversity of Georgia USA,colony,,0,,,,Aedes aegypti,Yellow fever mosquito,,30.0,Animalia,Arthropoda,Insecta,Diptera,Culicidae,Aedes,aegypti,adult,female,27.0,Celsius,,,,,,,,,,,,,,,,,,,,,,,,,,,,,,,,,,figure 1d,Gulia-Nuss et al. 2015. Multiple factors contribute to anautogenous reproduction by the mosquito Aedes aegypti. J Insect Physiol. 82,10.1016/j.jinsphys.2015.08.001,"Pawar, S., Huxley, P.J., Smallwood, T.R.C. et al. Variation in temperature of peak trait performance constrains adaptation of arthropod populations to climatic warming. Nat Ecol Evol 8, 500–510 (2024).",10.1038/s41559-023-02301-8,Paul Huxley,phuxly@gmail.com,,Unplottable,,01/01/2015,1,v1
83163,150,,PHX95,body size,mean wet mass (waxless and gravid),,,1.92,mg,,,,,,,terrestrial,laboratory,,,,,,,,,,,,,Chatha India,colony,01/01/2016,1,decimal,32.44,74.54,Planococcus citri,Citrus mealybug,,,Animalia,Arthropoda,Insecta,Homoptera,Pseudococcidae,Planococcus,citri,adult,female,37.0,Celsius,,37.0,Celsius,,,,,,,,,,,,,,,,,,,,,,,,,,,,,,,figure 3,Gupta et al. 2022. Potential of wax degrading bacteria for management of the citrus mealybug Planococcus citri. BioControl 67:1,10.1007/s10526-021-10120-8,"Pawar, S., Huxley, P.J., Smallwood, T.R.C. et al. Variation in temperature of peak trait performance constrains adaptation of arthropod populations to climatic warming. Nat Ecol Evol 8, 500–510 (2024).",10.1038/s41559-023-02301-8,Paul Huxley,phuxly@gmail.com,,Unplottable,,01/01/2022,18,v1
83166,151,,PHX54,fecundity rate,mean eggs per unit time ,,,0.101,eggs individual-1 day-1,,,,,,,terrestrial,laboratory,,,,,,,,,,,,,North Carolina USA,colony,,0,decimal,35.5557,-79.3877,Tribolium castaneum,Red flour beetle,,20.0,Animalia,Arthropoda,Insecta,Coleoptera,Tenebrionidae,Tribolium,castaneum,adult,female,15.0,Celsius,,25.0,Celsius,,,,,,,,,,,,,,,,,,,,,,,,,,,,,,,figure 2,Halliday et al. 2015. High temperature intensifies negative density dependence of fitness in red flour beetles. Ecol. Evol. 5: 5.,10.1002/ece3.1402,,,Paul Huxley,phuxly@gmail.com,trait was the total number of eggs laid by 20 individuals over 4 days. this trait value is the product of ((egg number)/20)/4,Interactor1Temp,LocationText,01/01/2015,29,v1
83505,164,,PHX811,fecundity rate,mean offspring per unit time,,,1.2,offspring individual-1 day-1,0.13,0.13,sd,,,,terrestrial,laboratory,,,,,,,,,,,,,not stated,colony,,0,,,,Acyrthosiphon pisum,Pea aphid,,30.0,Animalia,Arthropoda,Insecta,Hemiptera,Aphididae,Acyrthosiphon,pisum,adult (wingless),female,10.0,Celsius,,10.0,Celsius,,,,,,,,,,,,,,,,,,,,,,,,,,,,,,,table 1,Hubhachen et al. 2018. Influence of rearing temperature on triacylglycerol storage in the pea aphid Acyrthosiphon pisum. Archives of Insect Biochemistry and Physiology 99:2,10.1002/arch.21495,"Pawar, S., Huxley, P.J., Smallwood, T.R.C. et al. Variation in temperature of peak trait performance constrains adaptation of arthropod populations to climatic warming. Nat Ecol Evol 8, 500–510 (2024).",10.1038/s41559-023-02301-8,Paul Huxley,phuxly@gmail.com,,Interactor1Temp,Location,01/01/2018,29,v1
83509,166,,PHX813,ovariole number,mean number of ovarioles per individual,,,11.4,ovarioles individual-1,1.43,1.43,sd,,,,terrestrial,laboratory,,,,,,,,,,,,,not stated,colony,,0,,,,Acyrthosiphon pisum,Pea aphid,,30.0,Animalia,Arthropoda,Insecta,Hemiptera,Aphididae,Acyrthosiphon,pisum,adult (wingless),female,10.0,Celsius,,10.0,Celsius,,,,,,,,,,,,,,,,,,,,,,,,,,,,,,,table 1,Hubhachen et al. 2018. Influence of rearing temperature on triacylglycerol storage in the pea aphid Acyrthosiphon pisum. Archives of Insect Biochemistry and Physiology 99:2,10.1002/arch.21495,"Pawar, S., Huxley, P.J., Smallwood, T.R.C. et al. Variation in temperature of peak trait performance constrains adaptation of arthropod populations to climatic warming. Nat Ecol Evol 8, 500–510 (2024)",10.1038/s41559-023-02301-8,Paul Huxley,phuxly@gmail.com,,Interactor1Temp,Location,01/01/2018,-1,v1
83511,167,,PHX814,reproductive capacity,mean lifetime nymphs (30 days),,,60.52,nymphs individual-1,6.33,6.33,sd,,,,terrestrial,laboratory,,,,,,,,,,,,,not stated,colony,,0,,,,Acyrthosiphon pisum,Pea aphid,,30.0,Animalia,Arthropoda,Insecta,Hemiptera,Aphididae,Acyrthosiphon,pisum,adult (wingless),female,10.0,Celsius,,10.0,Celsius,,,,,,,,,,,,,,,,,,,,,,,,,,,,,,,table 1,Hubhachen et al. 2018. Influence of rearing temperature on triacylglycerol storage in the pea aphid Acyrthosiphon pisum. Archives of Insect Biochemistry and Physiology 99:2,10.1002/arch.21495,"Pawar, S., Huxley, P.J., Smallwood, T.R.C. et al. Variation in temperature of peak trait performance constrains adaptation of arthropod populations to climatic warming. Nat Ecol Evol 8, 500–510 (2024).",10.1038/s41559-023-02301-8,Paul Huxley,phuxly@gmail.com,,Interactor1Temp,Location,01/01/2018,-1,v1
83517,169,,PHX384,fecundity rate,mean eggs per unit time,,,1.77,eggs individual-1 day-1,0.06,0.06,sem,,,,terrestrial,laboratory,,,,resource depletion,quantity of resource made available during life stage,0.183,mg ml-1,,,,,,Fort Myers Florida,field,,0,decimal,26.616667,-81.833333,Aedes aegypti,Yellow fever mosquito,,20.0,Animalia,Arthropoda,Insecta,Diptera,Culicidae,Aedes,aegypti,adult,female,22.0,Celsius,,26.0,Celsius,,,,,,,,,,,,,,,,,,,,,,,,,,,,,,,table 2,Huxley et al. 2022. Competition and resource depletion shape the thermal response of population fitness in Aedes aegypti. Commun. Biol. 5: 66.,10.1038/s42003-022-03030-7,"Da Re, D., Andreo, V., San Miguel, T.V. et al. AedesTraits: A global dataset of temperature–dependent trait responses in Aedes mosquitoes. Sci Data 12, 2033 (2025).",10.1038/s41597-025-06461-z,Paul Huxley,phuxly@gmail.com,trait values are model predictions size-scaling the relationship between dry mass and fecundity,Interactor1Temp,SecondStressorValue,01/01/2022,29,v1
83533,170,,PHX386,mortality rate,mean per capita rate of mortality during life stage,,,0.05,individual-1 day-1,0.01,0.01,sem,,,,terrestrial,laboratory,,,,resource depletion,quantity of resource made available during life stage,0.183,mg ml-1,,,,,,Fort Myers Florida,field,,0,decimal,26.616667,-81.833333,Aedes aegypti,Yellow fever mosquito,,75.0,Animalia,Arthropoda,Insecta,Diptera,Culicidae,Aedes,aegypti,juvenile (not inc egg stage),,22.0,Celsius,,26.0,Celsius,,,,,,,,,,,,,,,,,,,,,,,,,,,,,,,table 2,Huxley et al. 2022. Competition and resource depletion shape the thermal response of population fitness in Aedes aegypti. Commun. Biol. 5: 66.,10.1038/s42003-022-03030-7,"Da Re, D., Andreo, V., San Miguel, T.V. et al. AedesTraits: A global dataset of temperature–dependent trait responses in Aedes mosquitoes. Sci Data 12, 2033 (2025).",10.1038/s41597-025-06461-z,Paul Huxley,phuxly@gmail.com,,Interactor1Temp,SecondStressorValue,01/01/2022,14,v1
83679,175,,PHX307,pre-reproductive period,mean duration of life stage,,,5.7,days,0.3,0.3,se,,,,terrestrial,laboratory,,,,,,,,,,,,,South Kisii Kenya,field,07/01/2005,4,decimal,0.233333,34.266667,Hypothenemus hampei,Coffee berry borer,,,Animalia,Arthropoda,Insecta,Coleoptera,Curculionidae,Hypothenemus,hampei,adult,female,20.0,Celsius,,25.0,Celsius,,,,,,,,,,,,,,,,,,,,,,,,,,,,,,,table 5,Jaramillo et al. 2009. Thermal tolerance of the coffee berry borer Hypothenemus hampei: Predictions of climate change impact on a tropical insect pest. PLoS ONE 4(8): e6487,10.1371/journal.pone.0006487,,,Paul Huxley,phuxly@gmail.com,,Interactor1Temp,LocationText,01/01/2009,24,v1
83703,179,,PHX511,fecundity,mean lifetime eggs per 10 individuals,,,0.0,eggs 10 individuals-1,0.0,0.15,se,,,,terrestrial,laboratory,,,,,,,,,,,,,Maharashtra India,field,,0,decimal,18.97,72.82,Aedes krombeini,,,,Animalia,Arthropoda,Insecta,Diptera,Culicidae,Aedes,krombeini,adult,female,14.0,Celsius,,25.0,Celsius,,,,,,,,,,,,,,,,,,,,,,,,,,,,,,,table 1,Joshi 1996. Effect of fluctuating and constant temperatures on development adult longevity and fecundity in the mosquito Aedes krombeini. J. Therm. Biol. 3: 151-154.,10.1016/0306-4565(95)00035-12,"Pawar, S., Huxley, P.J., Smallwood, T.R.C. et al. Variation in temperature of peak trait performance constrains adaptation of arthropod populations to climatic warming. Nat Ecol Evol 8, 500–510 (2024).",10.1038/s41559-023-02301-8,Paul Huxley,phuxly@gmail.com,larval mortality was 100% so larvae were hatched and maintained at 26 C and then transferred to this temperature as L2s.,Interactor1Temp,LocationText,01/01/1996,28,v1
83829,190,,PHX9411,hatching rate,percent surviving life stage,,,85.9,percent,,,,,,,terrestrial,laboratory,,,,,,,,,,,,,Mersin Turkey,field,,0,decimal,36.8,34.633333,Planococcus citri,citrus mealybug,,104.0,Animalia,Arthropoda,Insecta,Homoptera,Pseudococcidae,Planococcus,citri,egg,,15.0,Celsius,,26.0,Celsius,,,,,,,,,,,,,,,,,,,,,,,,,,,,,,,table 4,Karacaoglu and Satar 2017. Bioecological characteristics of Planococcus citri Risso 1813 (Hemiptera: Pseudococcidae) under constant and alternating temperatures. Turkish Journal of Entomology 41:2,10.16970/ted.88994,"Pawar, S., Huxley, P.J., Smallwood, T.R.C. et al. Variation in temperature of peak trait performance constrains adaptation of arthropod populations to climatic warming. Nat Ecol Evol 8, 500–510 (2024).",10.1038/s41559-023-02301-8,Paul Huxley,phuxly@gmail.com,,Interactor1Temp,LocationText,01/01/2017,20,v1
83884,197,,PHX9411,hatching rate,mean duration of life stage,,,100.0,percent,,,,,,,terrestrial,laboratory,,,,alternating temperatures,temperaures alternated between 25 and 30 degrees Celcius,,Celsius,,,,,,Mersin Turkey,field,,0,decimal,36.8,34.633333,Planococcus citri,citrus mealybug,,30.0,Animalia,Arthropoda,Insecta,Homoptera,Pseudococcidae,Planococcus,citri,egg,female,,,,26.0,Celsius,,,,,,,,,,,,,,,,,,,,,,,,,,,,,,,table 4,Karacaoglu and Satar 2017. Bioecological characteristics of Planococcus citri Risso 1813 (Hemiptera: Pseudococcidae) under constant and alternating temperatures. Turkish Journal of Entomology 41:2,10.16970/ted.88994,"Pawar, S., Huxley, P.J., Smallwood, T.R.C. et al. Variation in temperature of peak trait performance constrains adaptation of arthropod populations to climatic warming. Nat Ecol Evol 8, 500–510 (2024).",10.1038/s41559-023-02301-8,Paul Huxley,phuxly@gmail.com,,Unplottable,,01/01/2017,20,v1
83885,198,,PHX941111,mortality,mean duration of life stage,,,0.0,days,,,,,,,terrestrial,laboratory,,,,alternating temperatures,temperaures alternated between 25 and 30 degrees Celcius,,Celsius,,,,,,Mersin Turkey,field,,0,decimal,36.8,34.633333,Planococcus citri,citrus mealybug,,30.0,Animalia,Arthropoda,Insecta,Homoptera,Pseudococcidae,Planococcus,citri,N1,female,,,,26.0,Celsius,,,,,,,,,,,,,,,,,,,,,,,,,,,,,,,table 4,Karacaoglu and Satar 2017. Bioecological characteristics of Planococcus citri Risso 1813 (Hemiptera: Pseudococcidae) under constant and alternating temperatures. Turkish Journal of Entomology 41:2,10.16970/ted.88994,"Pawar, S., Huxley, P.J., Smallwood, T.R.C. et al. Variation in temperature of peak trait performance constrains adaptation of arthropod populations to climatic warming. Nat Ecol Evol 8, 500–510 (2024).",10.1038/s41559-023-02301-8,Paul Huxley,phuxly@gmail.com,,Unplottable,,01/01/2017,13,v1
83891,199,,ZG25,body size,mean length,,,4.0,mm,0.2,0.2,se,,,,terrestrial,laboratory,,,,,,,,,,,,,Karditsa Greece,field,,0,decimal,39.366667,21.916667,Hippodamia convergens,Convergent lady beetle,,12.0,Animalia,Arthropoda,Insecta,Coleoptera,Coccinellidae,Coccinella,septempunctata,adult,,14.0,Celsius,,23.0,Celsius,,,,,,,,,,,,,,,,,,,,,,,,,,,,,,,table 4,Katsarou et al. 2005. Effect of temperature on development growth and feeding of Coccinella septempunctata and Hippodamia convergens reared on the tobacco aphid Myzus persicae nicotianae. BioControl 50:565-588,10.1007/s10526-004-2838-1,,,Zach Gajewski,phuxly@gmail.com,,Interactor1Temp,LocationText,01/01/2005,18,v1
83895,200,,ZG25,body size,mean width,,,6.0,mm,0.1,0.1,se,,,,terrestrial,laboratory,,,,,,,,,,,,,Karditsa Greece,field,,0,decimal,39.366667,21.916667,Coccinella septempunctata,Seven-spotted lady beetle,,7.0,Animalia,Arthropoda,Insecta,Coleoptera,Coccinellidae,Coccinella,septempunctata,adult,,14.0,Celsius,,23.0,Celsius,,,,,,,,,,,,,,,,,,,,,,,,,,,,,,,table 4,Katsarou et al. 2005. Effect of temperature on development growth and feeding of Coccinella septempunctata and Hippodamia convergens reared on the tobacco aphid Myzus persicae nicotianae. BioControl 50:565-588,10.1007/s10526-004-2838-1,,,Zach Gajewski,phuxly@gmail.com,,Interactor1Temp,LocationText,01/01/2005,18,v1
84003,205,,ZG25111,resource consumption rate,mean lifetime prey consumed,,,2.1,individual prey individual-1,0.5,0.5,se,,,,terrestrial,laboratory,,,,,,,,,,,,,Karditsa Greece,field,,0,decimal,39.366667,21.916667,Hippodamia convergens,Convergent lady beetle,,12.0,Animalia,Arthropoda,Insecta,Coleoptera,Coccinellidae,Coccinella,septempunctata,L1,,14.0,Celsius,,23.0,Celsius,,,,,,,,,,,,,,,,,,,,,,,,,,,,,,,table 7,Katsarou et al. 2005. Effect of temperature on development growth and feeding of Coccinella septempunctata and Hippodamia convergens reared on the tobacco aphid Myzus persicae nicotianae. BioControl 50:565-588,10.1007/s10526-004-2838-1,,,Zach Gajewski,phuxly@gmail.com,Prey was adult Myzus persicae nicotianae ,Interactor1Temp,LocationText,01/01/2005,-1,v1
84129,212,,LC51,age specific fecundity,mean number of female offspring individual-1 at specific age,,,0.001,females individual-1,,,,,,,terrestrial,laboratory,,,,apple tree leaves,,,,,,40.0,days,,Hamedan Iran,field,,0,decimal,34.899,48.49401,Bryobia rubrioculus,Brown apple mite,,,Animalia,Arthropoda,Insecta,Acari,Tetranychidae,Bryobia,rubrioculus,adult,,20.0,Celsius,,25.0,Celsius,,,,,,,,,,,,,,,,,,,,,,,,,,,,,,,figure 2,Khederi and Khanjani 2014. Modeling demographic response to constant temperature in Bryobia rubrioculus (Acari: Tetranychidae). Ecol Mont 1,10.37828/em.2014.1.5,,,Lauren Chapman,phuxly@gmail.com,,Interactor1Temp,LocationText,01/01/2014,-1,v1
84243,213,,LC511,fecundity,mean number of female offspring individual-1,,,1.032,females individual-1,,,,,,,terrestrial,laboratory,,,,apple tree leaves,,,,,,,,,Hamedan Iran,field,,0,decimal,34.899,48.49401,Bryobia rubrioculus,Brown apple mite,,,Animalia,Arthropoda,Insecta,Acari,Tetranychidae,Bryobia,rubrioculus,adult,,20.0,Celsius,,25.0,Celsius,,,,,,,,,,,,,,,,,,,,,,,,,,,,,,,figure 2,Khederi and Khanjani 2014. Modeling demographic response to constant temperature in Bryobia rubrioculus (Acari: Tetranychidae). Ecol Mont 1,10.37828/em.2014.1.5,,,Paul Huxley,phuxly@gmail.com,This value was derived by dividing the sum of age-specific fecundity by the duration of the reproductive period.,Interactor1Temp,LocationText,01/01/2014,28,v1
84249,215,,LC3,development time,mean duration of life cycle (egg-to-egg),,,0.0,days,,,,,,,terrestrial,laboratory,,,,,,,,,,,,,Preveza Greece,field,01/01/1997,2,decimal,38.95,20.733333,Nephus includens,,,,Animalia,Arthropoda,Insecta,Coleoptera,Coccinellidae,Nephus,includens,entire lifecycle,,10.0,Celsius,,,,,,,,,,,,,,,,,,,,,Citrus mealybug,Animalia,Arthropod,Insecta,Hemiptera,Pseudococcidae,Planococcus,citri,,,,25.0,Celsius,table 1,Kontodimas et al 2004. Comparative temperature-dependent development of Nephus includens (Kirsch) and Nephus bisignatus (Boheman) (Coleoptera: Coccinellidae) preying on Planococcus citri (Risso) (Homoptera: Pseudococcidae): Evaluation of a linear and various nonlinear models using specific criteria. Environ Entomol 33: 1-11.,10.1603/0046-225X-33.1.1,,,Paul Huxley,phuxly@gmail.com,trait value set to zero because juvenile mortality was complete at this temperature. species fed on interactor 2 (mealybug),Interactor1Temp,LocationText,01/01/2014,6,v1
84535,225,,LC811,fecundity,mean lifetime eggs per individual (across all humdity levels),,,8.4,eggs individual-1,,,,,,,terrestrial,laboratory,,,,,,,,,,,,,Nigerian sudan savanna,colony,,0,decimal,10.883333,13.783333,Callosobruchus maculatus,Cowpee weevil,,,Animalia,Arthropoda,Insecta,Coleoptera,Chrysomelidae,Callosobruchus,maculatus,adult,,25.0,Celsius,,30.0,Celsius,,,,,,,,,,,,,,,,,,,,,,,,,,,,,,,table 1,Lale and Vidal 2003. Effect of constant temperature and humidity on oviposition and development of Callosobruchus maculatus (F.) and Callosobruchus subinnotatus (Pic) on bambara groundnut Vigna subterranea (L.) Verdcourt. J Stored Prod Res 39,10.1016/S0022-474X(01)00028-5,,,Lauren Chapman,phuxly@gmail.com,intraspecific competition treatment. fed bambara groundnut (V. subterranea (L.) Verdcourt),Interactor1Temp,LocationText,01/01/2003,28,v1
84539,226,,LC811,fecundity,mean lifetime eggs per individual,,,7.9,eggs individual-1,,,,,,,terrestrial,laboratory,,,,RH,relative humidity,30.0,%,,,,,,Nigerian sudan savanna,colony,,0,decimal,10.883333,13.783333,Callosobruchus maculatus,Cowpee weevil,,,Animalia,Arthropoda,Insecta,Coleoptera,Chrysomelidae,Callosobruchus,maculatus,adult,,25.0,Celsius,,30.0,Celsius,,,,,,,,,,,,,,,,,,,,,,,,,,,,,,,table 1,Lale and Vidal 2003. Effect of constant temperature and humidity on oviposition and development of Callosobruchus maculatus (F.) and Callosobruchus subinnotatus (Pic) on bambara groundnut Vigna subterranea (L.) Verdcourt. J Stored Prod Res 39,10.1016/S0022-474X(01)00028-5,,,Lauren Chapman,phuxly@gmail.com,intraspecific competition treatment. fed bambara groundnut (V. subterranea (L.) Verdcourt),Interactor1Temp,SecondStressorValue,01/01/2003,28,v1
84567,229,,LC81,survival,percent surviving life stage (across all humidity levels),,,39.2,percent,,,,,,,terrestrial,laboratory,,,,,,,,,,,,,Nigerian sudan savanna,colony,,0,decimal,10.883333,13.783333,Callosobruchus maculatus,Cowpee weevil,,,Animalia,Arthropoda,Insecta,Coleoptera,Chrysomelidae,Callosobruchus,maculatus,egg-to-adult,,25.0,Celsius,,30.0,Celsius,,,,,,,,,,,,,,,,,,,,,,,,,,,,,,,table 3,Lale and Vidal 2003. Effect of constant temperature and humidity on oviposition and development of Callosobruchus maculatus (F.) and Callosobruchus subinnotatus (Pic) on bambara groundnut Vigna subterranea (L.) Verdcourt. J Stored Prod Res 39,10.1016/S0022-474X(01)00028-5,,,Lauren Chapman,phuxly@gmail.com,The value at each humiditiy was averaged out to get this value. These data were collected with a pure population. fed bambara groundnut,Interactor1Temp,LocationText,01/01/2003,12,v1
84591,233,,LC8,development time,mean duration of life stage (across all humidity levels),,,41.4,days,,,,,,,terrestrial,laboratory,,,,,,,,,,,,,Nigerian sudan savanna,colony,,0,decimal,10.883333,13.783333,Callosobruchus maculatus,Cowpee weevil,,,Animalia,Arthropoda,Insecta,Coleoptera,Chrysomelidae,Callosobruchus,maculatus,juvenile (inc egg stage),,25.0,Celsius,,30.0,Celsius,,,,,,,,,,,,,,,,,,,,,,,,,,,,,,,table 5,Lale and Vidal 2003. Effect of constant temperature and humidity on oviposition and development of Callosobruchus maculatus (F.) and Callosobruchus subinnotatus (Pic) on bambara groundnut Vigna subterranea (L.) Verdcourt. J Stored Prod Res 39,10.1016/S0022-474X(01)00028-5,,,Lauren Chapman,phuxly@gmail.com,intraspecific competition treatment. fed bambara groundnut (V. subterranea (L.) Verdcourt),Interactor1Temp,LocationText,01/01/2003,6,v1
84663,237,,ZG4,mortality,cummulative mortality percentage across immature stages,,,0.0,percent,,,,,,,terrestrial,laboratory,,,,,,,,,,,,,Western Oregon,field,11/01/1993,4,decimal,44.2,-123.3,Harmonia axyridis,Multi-coloured Asian lady beetle,,102.0,Animalia,Arthropoda,Insecta,Coleoptera,Coccinellidae,Harmonia,axyridis,L1,,14.0,Celsius,,22.0,Celsius,,,,,,,,,,,,,,,,,,pea aphid,Animalia,Arthropoda,Insecta,Homoptera,Aphididae,Acyrthosiphon, pisum,,,,,,table 1,Lamana and Miller. 1998. Temperature-dependent development in an Oregon population of Harmonia axyridis (Coleoptera: Coccinellidae). Environ. Entomol. 27: 1001-1005.,10.1093/ee/27.4.1001,"Pawar, S., Huxley, P.J., Smallwood, T.R.C. et al. Variation in temperature of peak trait performance constrains adaptation of arthropod populations to climatic warming. Nat Ecol Evol 8, 500–510 (2024).",10.1038/s41559-023-02301-8,Zach Gajewski,phuxly@gmail.com,percent mortality started with L1. interactor1number is the number of individuals beginning each life stage. The species fed on interactor 2 (pea aphid),Interactor1Temp,LocationText,01/01/1998,13,v1
84806,242,,ZG131,hatch time,mean duration of life stage,,,480.9,hours,132.5,132.5,sd,,,,terrestrial,laboratory,,,,,,,,,,,,,Winnipeg Manitoba Canada,colony,01/01/1979,2,decimal,49.895077,-97.138451,Entomoscelis americana,Red-turnip beetle,,400.0,Animalia,Arthropoda,Insecta,Coleoptera,Chrysomelidae,Entomoscelis,americana,egg,,5.0,Celsius,,,,,,,,,,,,,,,,,,,,,,,,,,,,,,,,,,table 1,Lamb et al. 1984. Comparison of developmental rate curves applied to egg hatching data of Entomoscelis americana Brown (Coleoptera: Chrysomelidae). Environ.Entomol. 13: 868-872.,10.1093/ee/13.3.868,,,Paul Huxley,phuxly@gmail.com,Data from an earlier study. These data are the observed times before adjustments were made for development during cold storage,Interactor1Temp,LocationText,01/01/1984,20,v1
84924,251,,ZG10,development time,mean duration for 50 percent of eggs to hatch,,,72.0,days,,,,,,3.0,terrestrial,laboratory,,,,,,,,,,,,,Champaign Illinois,colony,08/01/1986,4,decimal,40.116421,88.243385,Diabrotica virgifera virgifera,Western corn rootworm,,50.0,Animalia,Arthropoda,Insecta,Coleoptera,Chrysomelidae,Diabrotica,virgifera virgifera,egg,,15.6,Celsius,,24.0,Celsius,,,,,,,,,,,,,,,,,,,,,,,,,,,,,,,text,Levine et al. 1992. Thermal requirements hatching patterns and prolonged diapause in Western corn rootworm (Coleoptera: Chrysomelidae) eggs. J. Econ. Entomol. 85: 2425-2432,10.1093/jee/85.6.2425,,,Zach Gajewski,phuxly@gmail.com,50 eggs per replicate,Interactor1Temp,LocationText,01/01/1992,6,v1
85368,277,,PHX194,fecundity rate,maximum progengy individual-1 day-1,,,3.4,progeny individual-1 day-1,,,,,,,terrestrial,laboratory,,,,,,,,,,,,,Lincoln Nebraska,colony,,0,decimal,40.808889,-96.678889,Muscidifurax raptorellus,Parasitoid wasp,,,Animalia,Arthropoda,Insecta,Hymenoptera,Pteromalidae,Muscidifurax,raptorellus,adult,female,15.0,Celsius,,25.0,Celsius,,,,,,,,,,,,,,,,,,,,,,,,,,,,,,,table 1,Lysyk 2001. Relationships between temperature and life history parameters of Muscidifurax raptorellus (Hymenoptera: Pteromalidae). Environ. Entomol. 30,10.1603/0046-225X-30.5.982,"Pawar, S., Huxley, P.J., Smallwood, T.R.C. et al. Variation in temperature of peak trait performance constrains adaptation of arthropod populations to climatic warming. Nat Ecol Evol 8, 500–510 (2024).",10.1038/s41559-023-02301-8,Paul Huxley,phuxly@gmail.com,,Interactor1Temp,LocationText,01/01/2017,29,v1
85662,292,,LC41111,gonotrophic cycle,mean duration of gonotrophic cycle (7th),,,4.2,days,0.1,0.1,se,,,,terrestrial,laboratory,,,,,,,,,,,,,Trento Italy,field,01/01/2018,2,decimal,46.074879,11.1194085,Aedes albopictus,Tiger mosquito,,20.0,Animalia,Arthropoda,Insecta,Diptera,Culicidae,Aedes,albopictus,adult,female,25.0,Celsius,,25.0,Celsius,,,,,,,,,,,,,,,,,,,,,,,,,,,,,,,table 4,Marini et al. 2020. Influence of temperature on the life-cycle dynamics of Aedes albopictus population established at temperate latitudes: A laboratory experiment. Insects. 11: 1-17.,10.3390/insects11110808,"Pawar, S., Huxley, P.J., Smallwood, T.R.C. et al. Variation in temperature of peak trait performance constrains adaptation of arthropod populations to climatic warming. Nat Ecol Evol 8, 500–510 (2024).",10.1038/s41559-023-02301-8,Lauren Chapman,phuxly@gmail.com,cow blood was offered twice a week to each female via Hemotek,Interactor1Temp,LocationText,01/01/2020,2,v1
85678,293,,LC4117,fecundity,mean number of eggs per cycle (1st),,,31.7,eggs individual-1 cycle-1,2.0,2.0,se,,,,terrestrial,laboratory,,,,,,,,,,,,,Trento Italy,field,01/01/2018,2,decimal,46.074879,11.1194085,Aedes albopictus,Tiger mosquito,,20.0,Animalia,Arthropoda,Insecta,Diptera,Culicidae,Aedes,albopictus,adult,female,25.0,Celsius,,25.0,Celsius,,,,,,,,,,,,,,,,,,,,,,,,,,,,,,,table 4,Marini et al. 2020. Influence of temperature on the life-cycle dynamics of Aedes albopictus population established at temperate latitudes: A laboratory experiment. Insects. 11: 1-17.,10.3390/insects11110808,"Pawar, S., Huxley, P.J., Smallwood, T.R.C. et al. Variation in temperature of peak trait performance constrains adaptation of arthropod populations to climatic warming. Nat Ecol Evol 8, 500–510 (2024).",10.1038/s41559-023-02301-8,Lauren Chapman,phuxly@gmail.com,cow blood was offered twice a week to each female via Hemotek,Interactor1Temp,LocationText,01/01/2020,28,v1
85768,297,,PHX823,mortality,proportion not surviving life stage,,,0.4,proportion,0.09,0.09,se,,,,terrestrial,laboratory,,,,,,,,,,,,,not stated,colony,,0,,,,Acyrthosiphon pisum,Pea aphid,,30.0,Animalia,Arthropoda,Insecta,Hemiptera,Aphididae,Acyrthosiphon,pisum,juvenile,,27.0,Celsius,,25.0,Celsius,,,,,,,,,,,,,,,,,,,,,,,,,,,,,,,table 2,Mastoi et al. 2020. Effect of heat stress on life history of pea aphid Acyrthosiphon pisum (Harris) (Hemiptera: Aphididae) based on life-table technique. Pakistan Journal of Agricultual Sciences 57:1,10.21162/PAKJAS/20.9682,,,Paul Huxley,phuxly@gmail.com,reared on broad bean leaves,Interactor1Temp,LocationText,01/01/2020,13,v1
85773,298,,LC2,development time,median duration for egg development ,,,37.58,days,,,,,,,terrestrial,laboratory,,,,,,,,,,,,,Goiania Brazil,field,,0,decimal,-14.17925,-49.4228,Erythrodiplax fusca,Red-faced dragonlet,,,Animalia,Arthropoda,Insecta,Odonata,Libellulidae,Erythrodiplax,fusca,egg,,15.0,Celsius,,,,,,,,,,,,,,,,,,,,,,,,,,,,,,,,,,figure 1,Mendonca et al. 2018. Temperature effect on the development of tropical dragonfly eggs. Neotrop. Entomol. 47,10.1007/s13744-017-0546-7,,,Lauren Chapman,phuxly@gmail.com,The maximum number of samples for each temperature was 12. However due to the variation in the number of eggs per clutch it was not possible to obtain this number in for all treatments. ,Interactor1Temp,LocationText,01/01/2018,6,v1
85777,299,,LC2,development time,mean duration for egg development ,,,55.23,days,,,,,,,terrestrial,laboratory,,,,,,,,,,,,,Goiania Brazil,field,,0,decimal,-14.17925,-49.4228,Micrathyria hesperis,,,,Animalia,Arthropoda,Insecta,Odonata,Libellulidae,Micrathyria,hesperis,egg,,15.0,Celsius,,,,,,,,,,,,,,,,,,,,,,,,,,,,,,,,,,figure 1,Mendonca et al. 2018. Temperature effect on the development of tropical dragonfly eggs. Neotrop. Entomol. 47,10.1007/s13744-017-0546-7,,,Lauren Chapman,phuxly@gmail.com,The maximum number of samples for each temperature was 12. However due to the variation in the number of eggs per clutch it was not possible to obtain this number in for all treatments. ,Interactor1Temp,LocationText,01/01/2018,6,v1
85789,302,,LC2,hatching range,range of the number of days all eggs hatched from when the first egg hatching started,,,7.15,days,11.25,4.25,se,,,,terrestrial,laboratory,,,,,,,,,,,,,Goiania Brazil,field,,0,decimal,-14.17925,-49.4228,Erythrodiplax fusca,Red-faced dragonlet,,,Animalia,Arthropoda,Insecta,Odonata,Libellulidae,Erythrodiplax,fusca,egg,,15.0,Celsius,,,,,,,,,,,,,,,,,,,,,,,,,,,,,,,,,,figure 2,Mendonca et al. 2018. Temperature effect on the development of tropical dragonfly eggs. Neotrop. Entomol. 47,10.1007/s13744-017-0546-7,,,Lauren Chapman,phuxly@gmail.com,The maximum number of samples for each temperature was 12. However due to the variation in the number of eggs per clutch it was not possible to obtain this number in for all treatments. ,Interactor1Temp,LocationText,01/01/2018,20,v1
86096,320,,PHX795,fecundity rate,mean lifetime offspring,,,4.0,offspring individual-1 day-1,0.2,0.2,se,,,,terrestrial,laboratory,,,,,,,,,,,,,Eastern England,field,,0,decimal,52.24,0.41,Acyrthosiphon pisum,Pea aphid,,15.0,Animalia,Arthropoda,Insecta,Hemiptera,Aphididae,Acyrthosiphon,pisum,adult,female,11.9,Celsius,,,,,,,,,,,,,,,,,,,,,,,,,,,,,,,,,,table 3,Morgan et al. 2001. Effect of temperature and cultivar on pea aphid Acyrthosiphon pisum (Hemiptera: Aphididae) life history. Bull. Entomol. Res. 91:1,10.1079/BER200062,,,Paul Huxley,phuxly@gmail.com,cv. Sancho clone,Interactor1Temp,Location,01/01/2001,29,v1
86106,321,,PHX7911,pre-reproductive period,mean duration from adult emergence to onset of reproduction,,,3.1,days,0.31,0.31,se,,,,terrestrial,laboratory,,,,,,,,,,,,,Eastern England,field,,0,decimal,52.24,0.41,Acyrthosiphon pisum,Pea aphid,,16.0,Animalia,Arthropoda,Insecta,Hemiptera,Aphididae,Acyrthosiphon,pisum,adult,,11.9,Celsius,,,,,,,,,,,,,,,,,,,,,,,,,,,,,,,,,,table 1,Morgan et al. 2001. Effect of temperature and cultivar on pea aphid Acyrthosiphon pisum (Hemiptera: Aphididae) life history. Bull. Entomol. Res. 91:1,10.1079/BER200062,,,Paul Huxley,phuxly@gmail.com,cv. Sancho clone,Interactor1Temp,Location,01/01/2001,24,v1
86405,336,,PHX221,age at first reproduction,mean age at first reproduction,,,29.69,days,0.33,0.33,sem,,,,terrestrial,laboratory,,,,,,,,,,,,,,,,0,,,,Aphis gossypii,Cotton aphid,,19.0,Animalia,Arthropoda,Insecta,Homoptera,Aphididae,Aphis,gossypii,adult,female,10.0,Celsius,,,,,,,,,,,,,,,,,,,,,,,,,,,,,,,,,,table 3,Parajulee 2007. Influence of constant temperatures on life history parameters of the Cotton aphid Aphis gossypii infesting cotton. Environ. Entomol. 36,10.1093/ee/36.4.666,,,Paul Huxley,phuxly@gmail.com,,Interactor1Temp,LocationText,01/01/2007,-1,v1
86497,346,,PHX651,body size,mean dry mass,,,1.89,mg,0.18,0.18,sd,,,,terrestrial,laboratory,,,,,,,,,,,,,not stated,colony,,0,,,,Aedes aegypti,Yellow fever mosquito,,,Animalia,Arthropoda,Insecta,Diptera,Culicidae,Aedes,aegypti,adult,,27.0,Celsius,,,,,,,,,,,,,,,,,,,,,,,,,,,,,,,,,,table 1,Price et al. 2015. Small mosquitoes large implications: crowding and starvation affects gene expression and nutrient accumulation in Aedes aegypti. Parasites and Vectors 8: 252,10.1186/s13071-015-0863-9,"Pawar, S., Huxley, P.J., Smallwood, T.R.C. et al. Variation in temperature of peak trait performance constrains adaptation of arthropod populations to climatic warming. Nat Ecol Evol 8, 500–510 (2024).",10.1038/s41559-023-02301-8,Paul Huxley,phuxly@gmail.com,reared under benign conditions,Unplottable,,01/01/2015,18,v1
86747,358,,PHX3217,body size,mean head width,,,0.33,mm,,,,,,,terrestrial,laboratory,,,,,,,,,,,,,Raleigh North Carolina,field,,0,decimal,35.766667,-78.633333,Culex quinquefasciatus,Southern house mosquito,,,Animalia,Arthropoda,Insecta,Diptera,Culicidae,Culex,quinquefasciatus,L1,,15.0,Celsius,,,,,,,,,,,,,,,,,,,,,,,,,,,,,,,,,,table 4,Rueda et al. 1990. Temperature-dependent development and survival rates of Culex quinquefasciatus and Aedes aegypti (Diptera: Culicidae). J. Med. Entomol. 27: 892-898,10.1093/jmedent/27.5.892,"Pawar, S., Huxley, P.J., Smallwood, T.R.C. et al. Variation in temperature of peak trait performance constrains adaptation of arthropod populations to climatic warming. Nat Ecol Evol 8, 500–510 (2024).",10.1038/s41559-023-02301-8,Paul Huxley,phuxly@gmail.com,,Interactor1Temp,LocationText,01/01/1990,18,v1
86989,364,,OV2111,fecundity,mean offspring per reproduction day,,,3.1,offspring individual-1 day-1,0.14,0.14,se,,,,terrestrial,laboratory,,,,,,,,,,,,,Adana Turkey,greenhouse,,0,decimal,37.0,35.321333,Aphis gossypii,Cotton aphid,,49.0,Animalia,Arthropoda,Insecta,Homoptera,Aphididae,Aphis,gossypii,adult,,15.0,Celsius,,26.0,Celsius,,,,,,,,,,,,,,,,,,,,,,,,,,,,,,,table 1,Satar et al. 2005. Effect of temperature on development and fecundity of Aphis gossypii Glover (Homoptera: Aphididae) on cucumber. J Pest Sci. 78:133-137.,10.1007/s10340-005-0082-9,,,Oswaldo Villena,phuxly@gmail.com,,Interactor1Temp,LocationText,01/01/2005,28,v1
86997,365,,LC6111,chill-coma recovery time,mean duration for individuals to regain full movement after being cold shocked as function of growth temperature,,,6.03,minutes,0.32,0.28,se,,,,terrestrial,laboratory,,,,,,,,,,,,,Research Institute of the Israeli Ministry of Agriculture,colony,,0,decimal,31.992904,34.817208,Tribolium castaneum,red flour beetle,,,Animalia,Arthropoda,Insecta,Coleoptera,Tenebrionidae,Tribolium,castaneum,adult,,26.0,Celsius,,,,,,,,,,,,,,,,,,,,,,,,,,,,,,,,,,figure 2A,Scharf et 2014. Disentangling the consequences of growth temperature and adult acclimation temperature on starvation and thermal tolerance in the Red flour beetle. Evol Biol 42: 54-62.,10.1007/s11692-014-9298-z,,,Lauren Chapman,phuxly@gmail.com,,Interactor1Temp,LocationText,01/01/2014,-1,v1
86999,366,,LC6111,chill-coma recovery time,mean duration for individuals to regain full movement after being cold shocked as function of adult temperature,,,10.31,minutes,0.82,0.82,se,,,,terrestrial,laboratory,,,,temp range (see notes),,,,,,,,,Research Institute of the Israeli Ministry of Agriculture,colony,,0,decimal,31.992904,34.817208,Tribolium castaneum,red flour beetle,,,Animalia,Arthropoda,Insecta,Coleoptera,Tenebrionidae,Tribolium,castaneum,adult,,28.0,Celsius,,26.0,Celsius,2.0,hours,lab,,,,,,,,,,,,,,,,,,,,,,,,,,,,figure 2B,Scharf et 2014. Disentangling the consequences of growth temperature and adult acclimation temperature on starvation and thermal tolerance in the Red flour beetle. Evol Biol 42: 54-62.,10.1007/s11692-014-9298-z,,,Lauren Chapman,phuxly@gmail.com,room temperature range (27.9-28.5 degrees Celsius) was provided due to uncertainty in its constancy.,Unplottable,,01/01/2014,-1,v1
87001,367,,LC61,heat knockdown time,mean duration individuals can tolerate heat exposure before movement ceases as a function of adult temperature,,,9.57,minutes,0.76,0.85,se,,,,terrestrial,laboratory,,,,,,,,,,,,,Research Institute of the Israeli Ministry of Agriculture,colony,,0,decimal,31.992904,34.817208,Tribolium castaneum,red flour beetle,,,Animalia,Arthropoda,Insecta,Coleoptera,Tenebrionidae,Tribolium,castaneum,adult,,26.0,Celsius,,,,,,,,,,,,,,,,,,,,,,,,,,,,,,,,,,figure 3A,Scharf et 2014. Disentangling the consequences of growth temperature and adult acclimation temperature on starvation and thermal tolerance in the Red flour beetle. Evol Biol 42: 54-62.,10.1007/s11692-014-9298-z,,,Lauren Chapman,phuxly@gmail.com,,Interactor1Temp,LocationText,01/01/2014,-1,v1
87003,368,,LC61,heat knockdown time,mean duration individuals can tolerate heat exposure before movement ceases as a function of sex and growth temperature,,,10.07,minutes,0.76,0.81,se,,,,terrestrial,laboratory,,,,temp range: see notes for details,,,,,,,,,Research Institute of the Israeli Ministry of Agriculture,colony,,0,decimal,31.992904,34.817208,Tribolium castaneum,red flour beetle,,,Animalia,Arthropoda,Insecta,Coleoptera,Tenebrionidae,Tribolium,castaneum,adult,,43.5,Celsius,,26.0,Celsius,,,,,,,,,,,,,,,,,,,,,,,,,,,,,,,figure 3B,Scharf et 2014. Disentangling the consequences of growth temperature and adult acclimation temperature on starvation and thermal tolerance in the Red flour beetle. Evol Biol 42: 54-62.,10.1007/s11692-014-9298-z,,,Lauren Chapman,phuxly@gmail.com,secondstressor: temperature range was 43 to 45 degrees Celsius,Unplottable,,01/01/2014,-1,v1
87009,369,,PHX51,fecundity,mean lifetime offspring as a function of size and adult and growth temperature,,,21.0555556,offspring individual-1,12.79,12.79,sd,,,,terrestrial,laboratory,,,,,,,,,,,,,Ministry of Agriculture Israel,colony,,0,decimal,31.990278,34.817456,Tribolium castaneum,red flour beetle,,18.0,Animalia,Arthropoda,Insecta,Coleoptera,Tenebrionidae,Tribolium,castaneum,adult,female,34.0,Celsius,,34.0,Celsius,,,,,,,,,,,0.001869,g,mass,,,,,,,,,,,,,,,,,,supplementary data,Scharf et al. 2015. The effects of temperature and diet during development adulthood and mating on reproduction in the red flour beetle. PLosOne 10:9.,10.1371/journal.pone.0136,,,Paul Huxley,phuxly@gmail.com,fecundity is the product of two days of mating,Interactor1Temp,LocationText,01/01/2015,28,v1
87027,372,,PHX411,fecundity,mean lifetime eggs individual-1,,,16.2,eggs individual-1,4.47,4.47,sem,,,,terrestrial,laboratory,,,,,,,,,,,,,Pelotas Brazil,field,01/01/2016,4,decimal,-31.771944,-52.3425,Drosophila suzukii,Spotted wing drosophila,,17.0,Animalia,Arthropoda,Insecta,Diptera,Drosophilidae,Drosophila,suzukii,adult,female,13.0,Celsius,,23.0,Celsius,,,,,,,,,,,,,,,,,,,,,,,,,,,,,,,table 1,Schlesener et al. 2020. Effect of temperature on reproduction development and phenotypic plasticity of Drosophila suzukii in Brazil. Entomol. Exp. Appl. 168: 817-826.,10.1111/eea.12954,,,Paul Huxley,phuxly@gmail.com,,Interactor1Temp,LocationText,01/01/2020,28,v1
87038,374,,PHX4117,body size,mean thorax length,,,1.9,mm,0.015,0.015,sem,,,,terrestrial,laboratory,,,,,,,,,,,,,Pelotas Brazil,field,01/01/2016,4,decimal,-31.771944,-52.3425,Drosophila suzukii,Spotted wing drosophila,,17.0,Animalia,Arthropoda,Insecta,Diptera,Drosophilidae,Drosophila,suzukii,adult,male,13.0,Celsius,,23.0,Celsius,,,,,,,,,,,,,,,,,,,,,,,,,,,,,,,table 4,Schlesener et al. 2020. Effect of temperature on reproduction development and phenotypic plasticity of Drosophila suzukii in Brazil. Entomol. Exp. Appl. 168: 817-826.,10.1111/eea.12954,,,Paul Huxley,phuxly@gmail.com,,Interactor1Temp,LocationText,01/01/2020,18,v1
87146,385,,PHX711,development time,duration of life stage,,,21.1,days,0.51,0.51,sem,,,,terrestrial,laboratory,,,,rearing food type (see notes),the type of food that individuals were reared on,,,,,,,,UFRPE Recife Brazil,colony ,,0,decimal,-8.01,-34.95,Anthonomus grandis,Boll weevil,,,Animalia,Arthropoda,Insecta,Coleoptera,Curculionidae,Anthonomus,grandis,adult,,25.0,Celsius,,,,,,,,,,,,,,,,,,,,,,,,,,,,,,,,,,table 1,Silva et al. 2015. Interaction of Anthonomus grandis and cotton genotypes: biological and behavioral responses. Entomologia Experimentalis et Applicata 156:3,10.1111/eea.12326,,,Paul Huxley,phuxly@gmail.com,reared on cotton genotype BRS Rubi,Unplottable,,01/01/2015,6,v1
87150,386,,ZG12,development rate,mean duration of life stage,,,0.0,days,,,,,,,terrestrial,laboratory,,,,,,,,,,,,,Queenswood South Africa,colony,,0,decimal,-25.72969,28.25323,Longitarsus bethae,Root-feeding flea beetle,,,Animalia,Arthropoda,Insecta,Coleoptera,Chrysomelidae,Longitarsus,bethae,juvenile (inc egg stage),,12.0,Celsius,,,,,,,,,,,,,,,,,,,,,,,,,,,,,,,,,,figure 1,Simelane 2007. Influence of temperature photoperiod and humidity on oviposition and egghatch of the root-feeding flea beetle Longitarsus bethae (Chrysomelidae: Alticinae): A natural enemy of the weedLantana camara (Verbenaceae). Bull Entomol. Res. 97: 111-116,10.1017/S0007485307004713,,,Zach Gajewski,phuxly@gmail.com,trait value set to zero because complete mortality occurred at this temperature,Interactor1Temp,LocationText,01/01/2007,7,v1
87261,391,,ZG19,body size,mean wet mass ,,,18.9,mg,0.6,0.6,se,,,61.0,terrestrial,laboratory,,,,,,,,,,,,,University of the Azores Portugal,colony,,0,decimal,37.745833,-25.663611,Harmonia axyridis,Multi-coloured Asian lady beetle,,61.0,Animalia,Arthropoda,Insecta,Coleoptera,Coccinellidae,Harmonia,axyridis,larval,,10.0,Celsius,,22.0,Celsius,,,,,,,,,,,,,,,,,,,,,,,,,,,,,,,table 1,Soares et al. 2003. Effect of temperature and intraspecific allometry on predation by two phenotypes of Harmonia axyridis Pallas (Coleoptera: Coccinellidae). Environ. Entomol. 32: 939-944,10.1603/0046-225X-32.5.939,"Pawar, S., Huxley, P.J., Smallwood, T.R.C. et al. Variation in temperature of peak trait performance constrains adaptation of arthropod populations to climatic warming. Nat Ecol Evol 8, 500–510 (2024).",10.1038/s41559-023-02301-8,Zach Gajewski,phuxly@gmail.com,aulica phenotype. Coccinellids were fed on a mixed diet of the aphids Aphis fabae Scopoli and Myzus persicae Sulzer and eggs of Ephestia kuehniella Zelle,Interactor1Temp,LocationText,01/01/2003,18,v1
87281,392,,ZG19,consumption rate,mean relative consumption rate,,,10.5,mg of aphids,0.6,0.6,se,,,61.0,terrestrial,laboratory,,,,,,,,,,,,,University of the Azores Portugal,colony,,0,decimal,37.745833,-25.663611,Harmonia axyridis,Multi-coloured Asian lady beetle,,61.0,Animalia,Arthropoda,Insecta,Coleoptera,Coccinellidae,Harmonia,axyridis,larval,,10.0,Celsius,,22.0,Celsius,,,,,,,,,,,,,,,,,,,,,,,,,,,,,,,table 2,Soares et al. 2003. Effect of temperature and intraspecific allometry on predation by two phenotypes of Harmonia axyridis Pallas (Coleoptera: Coccinellidae). Environ. Entomol. 32: 939-944,10.1603/0046-225X-32.5.939,"Pawar, S., Huxley, P.J., Smallwood, T.R.C. et al. Variation in temperature of peak trait performance constrains adaptation of arthropod populations to climatic warming. Nat Ecol Evol 8, 500–510 (2024).",10.1038/s41559-023-02301-8,Zach Gajewski,phuxly@gmail.com,aulica phenotype. Coccinellids were fed on a mixed diet of the aphids Aphis fabae Scopoli and Myzus persicae Sulzer and eggs of Ephestia kuehniella Zelle,Interactor1Temp,LocationText,01/01/2003,-1,v1
87557,410,,ZG211,growth rate,mean daily growth rate (the product of ln pupal weight divided by larval development time),,,0.103,ln(mg day-1),0.001,0.001,se,,,,terrestrial,laboratory,,,,,,,,,,,,,Haerbin City China,field,03/01/2014,3,decimal,45.7576,126.6409,Colaphellus bowringi,Cabbage beetle,,42.0,Animalia,Arthropoda,Insecta,Coleoptera,Chrysomelidae,Colaphellus,bowringi,pupal,female,16.0,Celsius,,23.0,Celsius,,,,,,,,,,,,,,,,,,,,,,,,,,,,,,,table S1,Tang et al. 2017. Latitudinal cogradient variation of development time and growth rate and a negative latitudinal body weight cline in a widely distributed cabbage beetle. PLoSONE 12: 1-15.,10.1371/journal.pone.0181030,,,Zach Gajewski,phuxly@gmail.com,,Interactor1Temp,LocationText,01/01/2017,7,v1
87569,411,,ZG2111,body size,mean body weight ,,,12.39,mg,0.14,0.14,se,,,,terrestrial,laboratory,,,,,,,,,,,,,Haerbin City China,field,03/01/2014,3,decimal,45.7576,126.6409,Colaphellus bowringi,Cabbage beetle,,42.0,Animalia,Arthropoda,Insecta,Coleoptera,Chrysomelidae,Colaphellus,bowringi,adult,female,16.0,Celsius,,23.0,Celsius,,,,,,,,,,,,,,,,,,,,,,,,,,,,,,,table S1,Tang et al. 2017. Latitudinal cogradient variation of development time and growth rate and a negative latitudinal body weight cline in a widely distributed cabbage beetle. PLoSONE 12: 1-15.,10.1371/journal.pone.0181030,,,Zach Gajewski,phuxly@gmail.com,,Interactor1Temp,LocationText,01/01/2017,18,v1
87593,412,,ZG21111,weight loss,proportionate weight loss in relation to temperature and population,,,5.72,proportion,0.41,0.41,se,,,,terrestrial,laboratory,,,,,,,,,,,,,Haerbin City China,field,03/01/2014,3,decimal,45.7576,126.6409,Colaphellus bowringi,Cabbage beetle,,42.0,Animalia,Arthropoda,Insecta,Coleoptera,Chrysomelidae,Colaphellus,bowringi,adult,female,16.0,Celsius,,23.0,Celsius,,,,,,,,,,,,,,,,,,,,,,,,,,,,,,,table S1,Tang et al. 2017. Latitudinal cogradient variation of development time and growth rate and a negative latitudinal body weight cline in a widely distributed cabbage beetle. PLoSONE 12: 1-15.,10.1371/journal.pone.0181030,,,Zach Gajewski,phuxly@gmail.com,,Interactor1Temp,LocationText,01/01/2017,5,v1
87965,413,,PHX16,mortality,time to 50% mortality,,,32.5,days,,,,,,,terrestrial,laboratory,,,,,,,,,,,,,Wenatchee Washington,field,06/01/1973,3,decimal,47.423333,-120.325278,Tetranychus mcdanieli,McDaniel spider mite,,60.0,Animalia,Arthropoda,Insecta,Acari,Tetranychidae,Tetranychus,mcdanieli,adult,female,18.0,Celsius,,,,,,,,,,,,,,,,,,,,,,,,,,,,,,,,,,table 1,Tanigoshi et al. 1975. Influence of temperature on population increase of Tetranychus mcdanieli (Acarina: Tetranychidae). Ann. Entomol. Soc. Am. 68,10.1093/aesa/68.6.972,"Pawar, S., Huxley, P.J., Smallwood, T.R.C. et al. Variation in temperature of peak trait performance constrains adaptation of arthropod populations to climatic warming. Nat Ecol Evol 8, 500–510 (2024).",10.1038/s41559-023-02301-8,Paul Huxley,phuxly@gmail.com,40-65% RH and 16-h photoperiod,Interactor1Temp,LocationText,01/01/1975,13,v1
87986,416,,PHX16111,development time,mean duration of life cycle,,,61.96,days,,,,,,,terrestrial,laboratory,,,,,,,,,,,,,Wenatchee Washington,field,06/01/1973,3,decimal,47.423333,-120.325278,Tetranychus mcdanieli,McDaniel spider mite,,60.0,Animalia,Arthropoda,Insecta,Acari,Tetranychidae,Tetranychus,mcdanieli,egg-to-egg,,10.0,Celsius,,,,,,,,,,,,,,,,,,,,,,,,,,,,,,,,,,table 1,Tanigoshi et al. 1975. Influence of temperature on population increase of Tetranychus mcdanieli (Acarina: Tetranychidae). Ann. Entomol. Soc. Am. 68,10.1093/aesa/68.6.972,"Pawar, S., Huxley, P.J., Smallwood, T.R.C. et al. Variation in temperature of peak trait performance constrains adaptation of arthropod populations to climatic warming. Nat Ecol Evol 8, 500–510 (2024).",10.1038/s41559-023-02301-8,Paul Huxley,phuxly@gmail.com,40-65% RH and 16-h photoperiod,Interactor1Temp,LocationText,01/01/1975,6,v1
88030,422,,PHX181111,feeding rate,mean lifetime feeding punctures,,,2.06,feeding punctures individual-1,0.09,0.09,sem,,,,terrestrial,laboratory,,,,,,,,,,,,,Manatee and Collier Florida,,01/01/1999,2,decimal,27.48,-82.36,Anthonomus eugenii,Pepper weevil,,16.0,Animalia,Arthropoda,Insecta,Coleoptera,Curculionidae,Anthonomus,eugenii,adult,,33.0,Celsius,,22.0,Celsius,,,,,,,,,,,,,,,,,,,,,,,,,,,,,,,table 5,Toapanta et al. 2005. Development and life history of Anthonomus eugenii (Coleoptera: Curculionidae) at constant temperatures. Environ. Entomol. 34,10.1093/ee/34.5.999,,,Paul Huxley,phuxly@gmail.com,reared on Jalapeno peppers. sample population was made up 8 females and 8 males,Unplottable,,01/01/2005,-1,v1
88301,433,,ZG171,body size,mean head width ,,,0.76,mm,0.008,0.008,sd,,,,terrestrial,laboratory,,,,,,,,,,,,,Mie University Central Japan,field,,0,decimal,34.746328,136.522678,Carpophilus marginellus,Sap-feeding beetle,,44.0,Animalia,Arthropoda,Insecta,Coleoptera,Nitidulidae,Carpophilus,marginellus,adult,male,18.0,Celsius,,25.0,Celsius,,,,,,,,,,,,,,,,,,,,,,,,,,,,,,,table 3,Tsukada et al. 2008. Thermal requirement for development of Carpophilus marginellus (Coleoptera: Nitidulidae): a potential pollinator of cherimoya andatemoya trees (Magnoliales: Annonaceae). Appl. Entomol. Zool. 43: 281-285,10.1303/aez.2008.281,,,Zach Gajewski,phuxly@gmail.com,,Interactor1Temp,LocationText,01/01/2008,18,v1
88353,436,,CL2,EIP (extrinsic incubation period),day sporozoites first detected in salivary glands,,,0.0,days,,,,,,3.0,terrestrial,laboratory,,,,temperature variation,realistic diurnal temperature fluctuation,0.0,Celsius,,,,,,Walter Reed Army Institute of Research Maryland,colony,,0,decimal,39.005,-77.054028,Anopheles stephensi,,,92.0,Animalia,Arthropoda,Insecta,Diptera,Culicidae,Anopheles,stephensi,adult,female,16.0,Celsius,,27.0,Celsius,,,,,,,,,,,,,,,,,,,Alveolata,Apicomplexa,Aconoidasida,Haemospororida,Plasmodiidae,Plasmodium,falciparum,spz,,,,,table 1,Waite et al 2019. Exploring the lower thermal limits for development of the human malaria parasite Plasmodium falciparum. Biol. Lett. 15: 20190275.,10.1098/rsbl.2019.0275,,,Connor Lachance,phuxly@gmail.com,interactor2 was from Plasmodium falciparum (NF54) parasite cultures were either provided by the Johns Hopkins Malaria Institute Core Facility or from the Centre for Infectious Disease Research,Interactor1Temp,SecondStressorValue,01/01/2019,4,v1
88363,438,,CL21,oocyst prevalence,not stated,,,20.45,percent,,,,,,,terrestrial,laboratory,,,,temperature variation,realistic diurnal temperature fluctuation,0.0,Celsius,,,,,,Walter Reed Army Institute of Research Maryland,colony,,0,decimal,39.005,-77.054028,Anopheles stephensi,,,44.0,Animalia,Arthropoda,Insecta,Diptera,Culicidae,Anopheles,stephensi,adult,female,18.0,Celsius,,27.0,Celsius,,,,,,,,,,,,,,,,,,,Alveolata,Apicomplexa,Aconoidasida,Haemospororida,Plasmodiidae,Plasmodium,falciparum,oocyst,,,,,table S1,Waite et al 2019. Exploring the lower thermal limits for development of the human malaria parasite Plasmodium falciparum. Biol. Lett. 15: 20190275.,10.1098/rsbl.2019.0275,,,Connor Lachance,phuxly@gmail.com,interactor2 was from Plasmodium falciparum (NF54) parasite cultures were either provided by the Johns Hopkins Malaria Institute Core Facility or from the Centre for Infectious Disease Research.,Interactor1Temp,SecondStressorValue,01/01/2019,-1,v1
88425,439,,CL21111,oocyst intensity,not stated,,,3.33,not stated,,,,,,,terrestrial,laboratory,,,,temperature variation,realistic diurnal temperature fluctuation,0.0,Celsius,,,,,,Walter Reed Army Institute of Research Maryland,colony,,0,decimal,39.005,-77.054028,Anopheles stephensi,,,44.0,Animalia,Arthropoda,Insecta,Diptera,Culicidae,Anopheles,stephensi,adult,female,18.0,Celsius,,27.0,Celsius,,,,,,,,,,,,,,,,,,,Alveolata,Apicomplexa,Aconoidasida,Haemospororida,Plasmodiidae,Plasmodium,falciparum,oocyst,,,,,table S1,Waite et al 2019. Exploring the lower thermal limits for development of the human malaria parasite Plasmodium falciparum. Biol. Lett. 15: 20190275.,10.1098/rsbl.2019.0275,,,Connor Lachance,phuxly@gmail.com,interactor2 was from Plasmodium falciparum (NF54) parasite cultures were either provided by the Johns Hopkins Malaria Institute Core Facility or from the Centre for Infectious Disease Research.,Interactor1Temp,SecondStressorValue,01/01/2019,-1,v1
88487,440,,CL2111,sporozoite prevalence,not stated,,,0.0,percent,,,,,,,terrestrial,laboratory,,,,temperature variation,realistic diurnal temperature fluctuation,0.0,Celsius,,,,,,Walter Reed Army Institute of Research Maryland,colony,,0,decimal,39.005,-77.054028,Anopheles stephensi,,,20.0,Animalia,Arthropoda,Insecta,Diptera,Culicidae,Anopheles,stephensi,adult,female,18.0,Celsius,,27.0,Celsius,,,,,,,,,,,,,,,,,,,Alveolata,Apicomplexa,Aconoidasida,Haemospororida,Plasmodiidae,Plasmodium,falciparum,oocyst and spz,,,,,table S1,Waite et al 2019. Exploring the lower thermal limits for development of the human malaria parasite Plasmodium falciparum. Biol. Lett. 15: 20190275.,10.1098/rsbl.2019.0275,,,Connor Lachance,phuxly@gmail.com,interactor2 was from Plasmodium falciparum (NF54) parasite cultures were either provided by the Johns Hopkins Malaria Institute Core Facility or from the Centre for Infectious Disease Research.,Interactor1Temp,SecondStressorValue,01/01/2019,-1,v1
88820,449,,ZG23,copulation duration,mean copulation duration,,,5.8,hours individual-1 lifetime-1,0.2,0.2,se,,,,terrestrial,laboratory,,,,,,,,,,,,,Wuhan City Hubei province China,field,01/01/2011,3,decimal,30.5934,114.3046,Cheilomenes sexmaculata,Six-spotted zigzag ladybird,,,Animalia,Arthropoda,Insecta,Coleoptera,Coccinellidae,Cheilomenes,sexmaculata,adult,,15.0,Celsius,,25.0,Celsius,,,,,,,,,,,,,,,,,,,,,,,,,,,,,,,table 3,Wang et al. 2013. Effect of temperature and photoperiod on the development reproduction and predation of the predatory ladybird Cheilomenes sexmaculata (Coleoptera: Coccinellidae). J. Econ. Entomol. 106: 2621-2629,10.1603/EC13095,,,Zach Gajewski,phuxly@gmail.com,reared using the aphid Megoura japonica (Matsumura) as prey,Interactor1Temp,LocationText,01/01/2013,-1,v1
88870,452,,ZG23111,hatchability,mean percentage of eggs hatching ,,,61.2,percent,2.0,2.0,se,,,,terrestrial,laboratory,,,,,,,,,,,,,Wuhan City Hubei province China,field,01/01/2011,3,decimal,30.5934,114.3046,Cheilomenes sexmaculata,Six-spotted zigzag ladybird,,,Animalia,Arthropoda,Insecta,Coleoptera,Coccinellidae,Cheilomenes,sexmaculata,egg,,15.0,Celsius,,25.0,Celsius,,,,,,,,,,,,,,,,,,,,,,,,,,,,,,,table 3,Wang et al. 2013. Effect of temperature and photoperiod on the development reproduction and predation of the predatory ladybird Cheilomenes sexmaculata (Coleoptera: Coccinellidae). J. Econ. Entomol. 106: 2621-2629,10.1603/EC13095,,,Zach Gajewski,phuxly@gmail.com,reared using the aphid Megoura japonica (Matsumura) as prey,Interactor1Temp,LocationText,01/01/2013,20,v1
88900,456,,ZG231118,prey consumption,mean number of prey consumed,,,58.13953488,number of individual prey individual-1,3.720930233,3.720930233,se,,,,terrestrial,laboratory,,,,,,,,,,,,,Wuhan City Hubei province China,field,01/01/2011,3,decimal,30.5934,114.3046,Cheilomenes sexmaculata,Six-spotted zigzag ladybird,,,Animalia,Arthropoda,Insecta,Coleoptera,Coccinellidae,Cheilomenes,sexmaculata,L4,,15.0,Celsius,,25.0,Celsius,,,,,,,,,,,,,,,,,,,,,,,,,,,,,,,figure 4a,Wang et al. 2013. Effect of temperature and photoperiod on the development reproduction and predation of the predatory ladybird Cheilomenes sexmaculata (Coleoptera: Coccinellidae). J. Econ. Entomol. 106: 2621-2629,10.1603/EC13095,,,Zach Gajewski,phuxly@gmail.com,reared using the aphid Megoura japonica (Matsumura) as prey,Interactor1Temp,LocationText,01/01/2013,-1,v1
89013,468,,ZG2611,fecundity rate,mean number of eggs individual-1 day-1,,,0.0,eggs individual-1 day-1,,,se,,,,terrestrial,laboratory,,,,,,,,,,,,,Anyang Henan Province China,field,05/01/1993,4,decimal,36.099,114.392,Coccinella septempunctata,Seven-spotted lady beetle,,,Animalia,Arthropoda,Insecta,Coleoptera,Coccinellidae,Coccinella,septempunctata,adult,,15.0,Celsius,,25.0,Celsius,,,,,,,,,,,,,,,,,,,,,,,,,,,,,,,table 2,Xia et al. 1999. Temperature and prey density on bionomics of Coccinella septempunctata (Coleoptera: Coccinellidae) feeding on Aphis gossypii (Homoptera: Aphididae) on cotton. Environ. Entomol. 28: 307-314.,10.1093/ee/28.2.307,,,Zach Gajewski,phuxly@gmail.com,prey was adult A. gossypii feeding on cotton ,Interactor1Temp,LocationText,01/01/1999,29,v1
89116,476,,PHX11111,mortality rate,mean death rate during life stage,,,0.16,individual-1 day-1,0.01287,0.01287,se,,,,terrestrial,laboratory,,,,,,,,,,,,,Marilia Brazil,field,,0,decimal,-22.213889,-49.945833,Aedes aegypti,Yellow fever mosquito,,,Animalia,Arthropoda,Insecta,Diptera,Culicidae,Aedes,aegypti,juvenile,,10.0,Celsius,,,,,,,,,,,,,,,,,,,,,,,,,,,,,,,,,,table 8,Yang et al. 2009. Assessing the effects of temperature on the population of Aedes aegypti the vector of dengue. Epidemiology & Infection 137,10.1017/S0950268809002040,"Pawar, S., Huxley, P.J., Smallwood, T.R.C. et al. Variation in temperature of peak trait performance constrains adaptation of arthropod populations to climatic warming. Nat Ecol Evol 8, 500–510 (2024).",10.1038/s41559-023-02301-8,Paul Huxley,phuxly@gmail.com,,Interactor1Temp,LocationText,01/01/2009,14,v1
89515,488,,PHX77,metabolic rate,mean CO2 production (VCO2) (RMR: resting metabolic rate),,,13.93,uL h-1,0.86,0.86,se,,,,terrestrial,laboratory,,,,,,,,,,,,,International Atomic Energy Agency Vienna Austria,colony,,0,decimal,48.233889,16.416111,Glossina morsitans centralis,,,14.0,Animalia,Arthropoda,Insecta,Diptera,Glossinidae,Glossina,morsitans centralis,adult,male,20.0,Celsius,,24.0,Celsius,,,,,,,,,,,29.58,mg,mean wet mass,1.66,se,,,,,,,,,,,,,,,,table 1,Terblanche and Chown 2007. The effects of temperature body mass and feeding on metabolic rate in the tsetse fly Glossina morsitans centralis,10.1111/j.1365-3032.2006.00549.x,,,Paul Huxley,phuxly@gmail.com,metabolic rates were sampled at 1 Hz using flow-through respirometry in a darkened temperature-controlled chamber. wet mass was measured at 20 degrees Celcius only. individuals were fed prior to rate measurement,Interactor1Temp,LocationText,01/01/2007,3,v1
89531,489,,PHX333,parasite maturation time,mean duration time from infective feed to mature infection,,,18.0,days,2.09,2.09,se,,,,terrestrial,laboratory,,,,,,,,,,,,,,colony,,0,decimal,,,Glossina morsitans morsitans,,,,Animalia,Arthropoda,Insecta,Diptera,Glossinidae,Glossina,morsitans morsitans,adult,,25.0,Celsius,,25.0,Celsius,,,,,,,,,,,,,,,,,,,Eukaryota,Euglenozoa,Kinetoplastea,Trypanosomatida,Trypanosomatidae,Trypanosoma,brucei rhodesiens,,,,,,table 1,Dale et al. 1995. The kinetics of maturation of trypanosome infections in tsetse. Parasitology 111:2,10.1017/S0031182000064933,,,Paul Huxley,phuxly@gmail.com,infected with Trypanosome stock (EATRO 2340) - see interactor2 for more detail,Unplottable,,01/01/1995,-1,v1
89601,498,,PHX551,interlarval period,mean frequency of larval production,,,8.65,days,,,,,,,terrestrial,laboratory,,,,,,,,,,,,,Redcliffe Zimbabwe,field,,0,decimal,-19.033333,29.783333,Glossina pallidipes,,,,Animalia,Arthropoda,Insecta,Diptera,Glossinidae,Glossina,pallidipes,adult,,21.65,Celsius,,,,,,,,,,,,,,,,,,,,,,,,,,,,,,,,,,figure 8,Hargrove 1994. Reproductive rates of tsetse flies in the field in Zimbabwe,10.1111/j.1365-3032.1994.tb01057.x,,,Paul Huxley,phuxly@gmail.com,,Interactor1Temp,LocationText,01/01/1994,-1,v1
89604,501,,PHX3991,fecundity rate,mean number of offspring per reproductive cycle,,,0.32,offspring individual-1 cycle-1,,,,,,,terrestrial,laboratory,,,,,,,,,,,,,Kampala Uganda,field,01/01/1974,1,decimal,0.313611,32.581111,Glossina pallidipes,,,31.0,Animalia,Arthropoda,Insecta,Diptera,Glossinidae,Glossina,pallidipes,adult,female,22.0,Celsius,,25.0,Celsius,,,,,,,,,,,,,,,,,,,,,,,,,,,,,,,table 3,Linden 1984. Effect of temperature on the reproduction of Glossina pallidipes with reference to G. m. morsitans. Entomologia Experimentalis et Applicata 36:1,10.1111/j.1570-7458.1984.tb03410.x,,,Paul Huxley,phuxly@gmail.com,,Interactor1Temp,LocationText,01/01/1984,29,v1
89616,505,,PHX341,survival,probability of survival after exposure to extreme temperatures,,,1.0,probability,,,,,,,terrestrial,laboratory,,,,,,,,,,,,,Mfuwe Zambia,field,01/01/2006,1,decimal,-13.03,31.45,Glossina pallidipes,,,,Animalia,Arthropoda,Insecta,Diptera,Glossinidae,Glossina,pallidipes,adult,,31.99588477,Celsius,,,,,,,,,,,,,,,,,,,,,,,,,,,,,,,,,,figure 2,Terblanche et al. 2008. Thermal tolerance in a south-east African population of the tsetse fly Glossina pallidipes (Diptera Glossinidae): Implications for forecasting climate change impacts. Journal of Insect Physiology 54:1,10.1016/j.jinsphys.2007.08.007,,,Paul Huxley,phuxly@gmail.com,probability after 1hr exposure time to interactor1temp,Interactor1Temp,LocationText,01/01/2008,12,v1
89780,506,,PHX3441,metabolic rate,mean CO2 production rate as a function of exposure temperature and acclimation temperature (secondstressor),,,0.019796966,ml CO2 h-1,,,,,,,terrestrial,laboratory,,,,acclimation temperature,temperature individuals were exposed to before exposure to interactor1temp,19.0,Celsius,,,,,,International Atomic Energy Agency Vienna Austria,colony,,0,decimal,12.0,3.0,Glossina morsitans morsitans,,,,Animalia,Arthropoda,Insecta,Diptera,Glossinidae,Glossina,morsitans morsitans,adult,male,20.0,Celsius,,24.0,Celsius,,,,,,,,,,,,,,,,,,,,,,,,,,,,,,,figure 3,Terblanche et al. 2005. Temperature-dependence of metabolic rate in Glossina morsitans morsitans (Diptera Glossinidae) does not vary with gender age feeding pregnancy or acclimation. J Insect Physiol. 51:8,10.1016/j.jinsphys.2005.03.017,,,Paul Huxley,phuxly@gmail.com,original trait values were on log10 scale - this value is the exponent (i.e. log10 value to the 10th power),Interactor1Temp,SecondStressorValue,01/01/2005,3,v1
89804,507,,PHX3441,metabolic rate,mean CO2 production rate,,,10.37,ul CO2 h-1,0.93,0.93,se,,,,terrestrial,laboratory,,,,,,,,,,,,,International Atomic Energy Agency Vienna Austria,colony,,0,decimal,12.0,3.0,Glossina morsitans morsitans,,,7.0,Animalia,Arthropoda,Insecta,Diptera,Glossinidae,Glossina,morsitans morsitans,adult,male,20.0,Celsius,,24.0,Celsius,,,,,,,,,,,18.09,mg,mean wet mass,1.71,se,,,,,,,,,,,,,,,,table 1,Terblanche et al. 2005. Temperature-dependence of metabolic rate in Glossina morsitans morsitans (Diptera Glossinidae) does not vary with gender age feeding pregnancy or acclimation. J Insect Physiol. 51:8,10.1016/j.jinsphys.2005.03.017,,,Paul Huxley,phuxly@gmail.com,interactor1temp is the temperature at which trait value was measured using flow-through respirometry. fasted,Unplottable,,01/01/2005,3,v1
89844,510,,PHX6141,fat consumption rate,mean daily rate of fat consumption,,,0.0233,mg day-1,,,,,,,terrestrial,laboratory,,,,,,,,,,,,,,colony,,0,decimal,,,Glossina morsitans morsitans,,,25.0,Animalia,Arthropoda,Insecta,Diptera,Glossinidae,Glossina,morsitans morsitans,adult,male,16.0,Celsius,,25.0,Celsius,,,,,,,,,,,,,,,,,,,,,,,,,,,,,,,table 1,Phelps 1973. The effect of temperature on fat consumption during the puparial stages of Glossina morsitans morsitans Westw. (Dipt. Glossinidae) under laboratory conditions and its implication in the field. Bull. Entomol. Res. 62:3,10.1017/S0007485300003953,,,Paul Huxley,phuxly@gmail.com,individuals were from a long-standing lab colony that was occasionally replenished with field-collected individuals,Interactor1Temp,LocationText,01/01/1973,-1,v1
90110,518,,PHX5511,pre-reproductive period,mean duration to production of first larva,,,17.01,days,,,,,,,terrestrial,laboratory,,,,,,,,,,,,,Kariba Zimbabwe,field,,0,decimal,-16.13369,29.40072,Glossina pallidipes,,,,Animalia,Arthropoda,Insecta,Diptera,Glossinidae,Glossina,pallidipes,adult,female,22.0,Celsius,,,,,,,,,,,,,,,,,,,,,,,,,,,,,,,,,,figure 8,Hargrove 1994. Reproductive rates of tsetse flies in the field in Zimbabwe,10.1111/j.1365-3032.1994.tb01057.x,,,Paul Huxley,phuxly@gmail.com,,Interactor1Temp,LocationText,01/01/1994,24,v1
90530,528,,PHX61b,fecundity,mean lifetime eggs,,,73.5,eggs individual-1,,,,,,,terrestrial,laboratory,,,,,,,,,,,,,Chiang Mai Thailand,,,0,decimal,18.795278,98.998611,Aedes albopictus,,,,Animalia,Arthropoda,Insecta,Diptera,Culicidae,Aedes,albopictus,adult,female,27.0,Celsius,,,,,,,,,,,,,,,,,,,,,,,,,,,,,,,,,,table 3,Tsuda et al. 1994. A comparative study on life table characteristics of two strains of Aedes albopictus from Japan and Thailand. Trop. Med. 36: 1,,,,Paul Huxley,phuxly@gmail.com,,Unplottable,,01/01/1994,28,v1
90549,530,,PHX61e,blood feeding,mean lifetime blood feeds ,,,2.6,blood meals individual-1,,,,,,,terrestrial,laboratory,,,,,,,,,,,,,Chiang Mai Thailand,,,0,decimal,18.795278,98.998611,Aedes albopictus,,,,Animalia,Arthropoda,Insecta,Diptera,Culicidae,Aedes,albopictus,adult,female,27.0,Celsius,,,,,,,,,,,,,,,,,,,,,,,,,,,,,,,,,,table 3,Tsuda et al. 1994. A comparative study on life table characteristics of two strains of Aedes albopictus from Japan and Thailand. Trop. Med. 36: 1,,,,Paul Huxley,phuxly@gmail.com,,Unplottable,,01/01/1994,-1,v1
90674,537,,PRL284,metabolic rate (active),mean active metabolic rate (AMR),,,0.006,ml CO2 h-1,0.007,0.007,1 sd,,,,terrestrial,laboratory,,,,,,,,,,,,,Unniversity of Queensland Australia,colony,,0,decimal,-27.497222,153.013056,Nauphoeta cinerea,,,11.0,Animalia,Arthropoda,Insecta,Blattodea,Blaberidae,Nauphoeta,cinerea,,,15.0,Celsius,,25.0,Celsius,,,,,,,,,,,,,,,,,,,,,,,,,,,,,,,table 1,Halsey et al. 2015. The interactions between temperature and activity levels in driving metabolic rate: theory with empirical validation from contrasting ectotherms,10.1007/s00442-014-3190-5,,,Kate Griffin,phuxly@gmail.com,,Interactor1Temp,LocationText,01/01/2015,3,v1
90686,538,,PRL284b,relative activity,amount of activity as a percentage of maximum recorded activity,,,7.9,percent,4.7,4.7,1 sd,,,,terrestrial,laboratory,,,,,,,,,,,,,Unniversity of Queensland Australia,colony,,0,decimal,-27.497222,153.013056,Nauphoeta cinerea,,,11.0,Animalia,Arthropoda,Insecta,Blattodea,Blaberidae,Nauphoeta,cinerea,,,15.0,Celsius,,25.0,Celsius,,,,,,,,,,,,,,,,,,,,,,,,,,,,,,,table 1,Halsey et al. 2015. The interactions between temperature and activity levels in driving metabolic rate: theory with empirical validation from contrasting ectotherms,10.1007/s00442-014-3190-5,,,Kate Griffin,phuxly@gmail.com,,Interactor1Temp,LocationText,01/01/2015,-1,v1
90699,539,,BKL561,metabolic rate,mean respiratory CO2 rate (RCO2),,,15.2459,pmol mg-1 s-1,,,,,,,terrestrial,laboratory,,,,,,,,,,,,,Rincon-Vitova Insectaries (Ventura CA),field,,0,decimal,38.7,-121.283333,Hippodamia convergens,,,24.0,Animalia,Arthropoda,Insecta,Coleoptera,Coccinellidae,Hippodamia,convergens,adult,,0.0,Celsius,,3.0,Celsius,,,,,,,,,,,17.0,mg,mean wet mass,3.0,sd,,,,,,,,,,,,,,,,figure 2,Acar et al. 2001. Use of Calorespirometry to Determine Effects of Temperature on Metabolic Efficiency of an Insect. Environ. Entomol. 30:5,10.1603/0046-225X-30.5.811,,,Kate Griffin,phuxly@gmail.com,measured using CO2 analyzer. not clear whether metabolic rates were measured when individuals were active or not,Interactor1Temp,LocationText,01/01/2001,3,v1
90738,540,,BKL5611,metabolic heat rate,mean metabolic heat rate (or 455RCO2),,,0.567,uW mg-1,,,,,,,terrestrial,laboratory,,,,,,,,,,,,,Rincon-Vitova Insectaries (Ventura CA),field,,0,decimal,38.7,-121.283333,Hippodamia convergens,,,24.0,Animalia,Arthropoda,Insecta,Coleoptera,Coccinellidae,Hippodamia,convergens,adult,,-10.0,Celsius,,3.0,Celsius,,,,,,,,,,,17.0,mg,mean wet mass,3.0,sd,,,,,,,,,,,,,,,,figure 3,Acar et al. 2001. Use of Calorespirometry to Determine Effects of Temperature on Metabolic Efficiency of an Insect. Environ. Entomol. 30:5,10.1603/0046-225X-30.5.811,,,Kate Griffin,phuxly@gmail.com,not stated whether metabolic rates are standard (resting) or active,Interactor1Temp,LocationText,01/01/2001,3,v1
90760,541,,BKL56111,anabolic rate,mean anabolic rate,,,0.145985401,uW mg-1,5.255474453,5.255474453,sd,,,,terrestrial,laboratory,,,,,,,,,,,,,Rincon-Vitova Insectaries (Ventura CA),field,,0,decimal,38.7,-121.283333,Hippodamia convergens,,,24.0,Animalia,Arthropoda,Insecta,Coleoptera,Coccinellidae,Hippodamia,convergens,adult,,-10.0,Celsius,,3.0,Celsius,,,,,,,,,,,17.0,mg,mean wet mass,3.0,sd,,,,,,,,,,,,,,,,figure 5,Acar et al. 2001. Use of Calorespirometry to Determine Effects of Temperature on Metabolic Efficiency of an Insect. Environ. Entomol. 30:5,10.1603/0046-225X-30.5.811,,,Paul Huxley,phuxly@gmail.com,,Interactor1Temp,LocationText,01/01/2001,3,v1
90782,542,,PL89,metabolic rate (resting),mean oxygen consumption of inactive individuals that produced fewer than 0.3 spikes/sec over several minutes of observation,,,0.62972,Ml O2 g thorax-1 h-1,,,,,,,terrestrial,laboratory,,,,,,,,,,,,,San Francisco Bay Area,field,,0,decimal,37.75,-122.28333,Bombus vosnesenskii,,,,Animalia,Arthropoda,Insecta,Hymenoptera,Apidae,Bombus,vosnesenskii,adult,female,4.41381,Celsius,thoracic temperatures,,,,,,,,,,,,,0.2,g,wet thorax mass,,,,,,,,,,,,,,,,,,figure 1,Kammer and Heinrich 1974. Metabolic rates related to muscle activity in bumblebees. JEB 61:1,10.1242/jeb.61.1.219,,,Kate Griffin,phuxly@gmail.com,multiply wet thoracic mass by 2.95 for wet body mass. queen,Interactor1Temp,LocationText,01/01/1974,3,v1
90856,543,,KT907,metabolic rate,mean oxygen uptake rate,,,0.44,ml O2 g-1 h-1,0.0257,0.0257,se,,,,terrestrial,field,5.0,ambient outdoor temp,Celsius,,,,,,,,,,Marion Island South Africa,field,04/01/1993,4,decimal,-46.54,37.45,Paractora dreuxi,,,,Animalia,Arthropoda,Insecta,Diptera,Helcomyzidae,Paractora,dreuxi,adult,,,,,,,,,,,,,,,,,,,,,,,,,,,,,,,,,,,,,table 1,Chown 1997. Thermal sensitivity of oxygen uptake of Diptera from sub-Antarctic South Georgia and Marion Island. Polar Biol 17:1,10.1007/s003000050108,,,Kate Griffin,phuxly@gmail.com,not stated whether metabolic rates are standard (resting) or active,AmbientTemp,LocationText,01/01/1997,3,v1
90905,546,,PL25,metabolic rate (standard),mean CO2 production rate (VCO2),,,0.0158,ml CO2 g-1 h-1,0.0006,0.0006,se,,,,terrestrial,laboratory,,,,seasonal acclimation,summer or spring acclimated,,,,,,,,Kleinzee South Africa,field,,0,decimal,-29.677778,17.07,Scarabaeus gariepinus,,,5.0,Animalia,Arthropoda,Insecta,Coleoptera,Scarabaeidae,Scarabaeus,gariepinus,adult (flightless),,16.0,Celsius,,,,,,,,25.0,5.0,days,,,,1.14,g,mean wet mass,0.03,se,,,,,,,,,,,,,,,,tables 1 and 2,Davis et al. 2000. A comparative analysis of metabolic rate in six Scarabaeus species (Coleoptera: Scarabaeidae) from southern Africa: further caveats when inferring adaptation. Journal of Insect Physiology 46:4,10.1016/S0022-1910(99)00141-9,,,Paul Huxley,phuxly@gmail.com,,Interactor1Temp,LocationText,01/01/2000,3,v1
91116,553,PHX577777,,gonotrophic cycle 1,individual-level duration of first gonotrophic cycle,,,9.67,days,,,,,,,terrestrial,laboratory,,,,,,,,,,,,,Guadeloupe French West Indies,field,02/01/2012,4,decimal,16.25,-61.583333,Aedes aegypti,Yellow fever mosquito,,,Animalia,Arthropoda,Insecta,Diptera,Culicidae,Aedes,aegypti,adult,female,24.0,Celsius,,,,,,,,,,,,,,,,,,,,,,,,,,,,,,,,,,supplementary file 1,Goindin et al. 2015. Parity and longevity of Aedes aegypti according to temperatures in controlled conditions and consequences on dengue transmission risks. PLoS ONE 10(8): e0135489.,10.1371/journal.pone.0135489,,,Paul Huxley,phuxly@gmail.com,,Interactor1Temp,LocationText,01/01/2015,2,v1
91173,554,PHX577806,,gonotrophic cycle 2,individual-level duration of second gonotrophic cycle,,,7.0,days,,,,,,,terrestrial,laboratory,,,,,,,,,,,,,Guadeloupe French West Indies,field,02/01/2012,4,decimal,16.25,-61.583333,Aedes aegypti,Yellow fever mosquito,,,Animalia,Arthropoda,Insecta,Diptera,Culicidae,Aedes,aegypti,adult,female,24.0,Celsius,,,,,,,,,,,,,,,,,,,,,,,,,,,,,,,,,,supplementary file 1,Goindin et al. 2015. Parity and longevity of Aedes aegypti according to temperatures in controlled conditions and consequences on dengue transmission risks. PLoS ONE 10(8): e0135489.,10.1371/journal.pone.0135489,"Da Re, D., Andreo, V., San Miguel, T.V. et al. AedesTraits: A global dataset of temperature–dependent trait responses in Aedes mosquitoes. Sci Data 12, 2033 (2025).",10.1038/s41597-025-06461-z,Paul Huxley,phuxly@gmail.com,,Interactor1Temp,LocationText,01/01/2015,2,v1
91556,555,PHX57231,,fecundity,individual-level mean eggs per gonotrophic cycle,,,34.0,eggs cycle-1,,,,,,,terrestrial,laboratory,,,,,,,,,,,,,Guadeloupe French West Indies,field,02/01/2012,4,decimal,16.25,-61.583333,Aedes aegypti,Yellow fever mosquito,,,Animalia,Arthropoda,Insecta,Diptera,Culicidae,Aedes,aegypti,adult,female,24.0,Celsius,,,,,,,,,,,,,,,,,,,,,,,,,,,,,,,,,,supplementary table 3,Goindin et al. 2015. Parity and longevity of Aedes aegypti according to temperatures in controlled conditions and consequences on dengue transmission risks. PLoS ONE 10(8): e0135489.,10.1371/journal.pone.0135489,"Da Re, D., Andreo, V., San Miguel, T.V. et al. AedesTraits: A global dataset of temperature–dependent trait responses in Aedes mosquitoes. Sci Data 12, 2033 (2025).",10.1038/s41597-025-06461-z,Paul Huxley,phuxly@gmail.com,,Interactor1Temp,LocationText,01/01/2015,28,v1
91871,556,PHX57231,,gonotrophic cycle,individual-level lifetime number of cycles completed ,,,1.0,lifetime cycles,,,,,,,terrestrial,laboratory,,,,,,,,,,,,,Guadeloupe French West Indies,field,02/01/2012,4,decimal,16.25,-61.583333,Aedes aegypti,Yellow fever mosquito,,,Animalia,Arthropoda,Insecta,Diptera,Culicidae,Aedes,aegypti,adult,female,24.0,Celsius,,,,,,,,,,,,,,,,,,,,,,,,,,,,,,,,,,supplementary table 3,Goindin et al. 2015. Parity and longevity of Aedes aegypti according to temperatures in controlled conditions and consequences on dengue transmission risks. PLoS ONE 10(8): e0135489.,10.1371/journal.pone.0135489,"Da Re, D., Andreo, V., San Miguel, T.V. et al. AedesTraits: A global dataset of temperature–dependent trait responses in Aedes mosquitoes. Sci Data 12, 2033 (2025).",10.1038/s41597-025-06461-z,Paul Huxley,phuxly@gmail.com,,Interactor1Temp,LocationText,01/01/2015,2,v1
92517,557,PHX331,,development time,individual-level duration of life stage,,,31.0,days,,,,,,,terrestrial,laboratory,,,,resource supply,food quantity supplied at a constant rate ,0.1,mg individual-1 day-1,,,,,,Fort Myers Florida,field,,0,decimal,26.616667,-81.833333,Aedes aegypti,Yellow fever mosquito,,,Animalia,Arthropoda,Insecta,Diptera,Culicidae,Aedes,aegypti,juvenile (not inc egg stage),,22.0,Celsius,,26.0,Celsius,,,,,,,,,,,,,,,,,,,,,,,,,,,,,,,supplementary material,Huxley et al. 2021. The effect of resource limitation on the temperature-dependance of mosquito fitness. Proc. R. Soc. B. 288: 20203217.,10.1098/rspb.2020.3217,"Da Re, D., Andreo, V., San Miguel, T.V. et al. AedesTraits: A global dataset of temperature–dependent trait responses in Aedes mosquitoes. Sci Data 12, 2033 (2025).",10.1038/s41597-025-06461-z,Paul Huxley,phuxly@gmail.com,,Interactor1Temp,SecondStressorValue,01/01/2021,6,v1
92846,558,PHX331,,longevity,individual-level duration of life stage,,,8.0,days,,,,,,,terrestrial,laboratory,,,,resource supply,food quantity supplied at a constant rate ,0.1,mg individual-1 day-1,,,,,,Fort Myers Florida,field,,0,decimal,26.616667,-81.833333,Aedes aegypti,Yellow fever mosquito,,,Animalia,Arthropoda,Insecta,Diptera,Culicidae,Aedes,aegypti,adult (starved),female,22.0,Celsius,,26.0,Celsius,,,,,,,,,,,2.93,mm,wing length,,,,,,,,,,,,,,,,,,supplementary material,Huxley et al. 2021. The effect of resource limitation on the temperature-dependance of mosquito fitness. Proc. R. Soc. B. 288: 20203217.,10.1098/rspb.2020.3217,"Da Re, D., Andreo, V., San Miguel, T.V. et al. AedesTraits: A global dataset of temperature–dependent trait responses in Aedes mosquitoes. Sci Data 12, 2033 (2025).",10.1038/s41597-025-06461-z,Paul Huxley,phuxly@gmail.com,,Interactor1Temp,SecondStressorValue,01/01/2021,8,v1
93211,559,LC5,,development rate,individual-level rate of life stage completion,,,0.03,days-1,,,,,,,terrestrial,laboratory,,,,,,,,,,,,,Hamedan Iran,field,05/01/2010,4,decimal,34.899,48.49401,Bryobia rubrioculus,Brown apple mite,,,Animalia,Arthropoda,Insecta,Acari,Tetranychidae,Bryobia,rubrioculus,juvenile (inc egg stage),,20.0,Celsius,,25.0,Celsius,,,,,,,,,,,,,,,,,,,,,,,,,,,,,,,figure 1,Khederi and Khanjani 2014. Modeling demographic response to constant temperature in Bryobia rubrioculus (Acari: Tetranychidae). Ecol Mont 1,10.37828/em.2014.1.5,,,Paul Huxley,phuxly@gmail.com,fed apple tree leaves,Interactor1Temp,LocationText,01/01/2014,7,v1
97506,562,ZG230000,,body size,individual-level mass,,,13.29,mg,,,,,,,terrestrial,laboratory,,,,photoperiod,hours exposure to light day-1,12.0,hours day-1,,,,,,Bryansk Russia,field,05/01/2017,4,decimal,53.233333,34.366667,Cassida stigmatica,Tortoise beetle,,,Animalia,Arthropoda,Insecta,Coleoptera,Chrysomelidae,Cassida,stigmatica,adult,male,15.871,Celsius,,23.0,Celsius,,,,,,,,,,,,,,,,,,,,,,,,,,,,,,,supplementary data,Kutcherov et al. 2018. Effects of temperature and photoperiod on the immature development in Cassida rubiginosa Mull. and C. stigmatica Sffr. (Coleoptera: Chrysomelidae). Sci. Rep. 9: 10047,10.1038/s41598-019-46421-3,,,Paul Huxley,phuxly@gmail.com,,Interactor1Temp,SecondStressorValue,01/01/2018,18,v1
101093,564,PHX671,,body size,individual-level wet mass,,,0.969101124,mg,,,,,,,terrestrial,laboratory,,,,larval diet concentration,,0.004,%,,,,,,Liverpool strain,colony,,0,,,,Aedes aegypti,Yellow fever mosquito,,,Animalia,Arthropoda,Insecta,Diptera,Culicidae,Aedes,aegypti,adult,female,28.0,Celsius,,28.0,Celsius,,,,,,,,,,,,,,,,,,,,,,,,,,,,,,,figure 3a,Rocha-Santos et al. 2021. Effect of larval food availability on adult Aedes aegypti (Diptera: Culicidae) fitness and susceptibility to Zika infection. J Med. Entomol. 58:2,10.1093/jme/tjaa249,"Pawar, S., Huxley, P.J., Smallwood, T.R.C. et al. Variation in temperature of peak trait performance constrains adaptation of arthropod populations to climatic warming. Nat Ecol Evol 8, 500–510 (2024).",10.1038/s41559-023-02301-8,Paul Huxley,phuxly@gmail.com,fed one of four different diet concentrations (secondstressor) of powdered dog food (Pedigree Vital Pro Filhotes) per tray until pupation: 0.04 g diet (0.004%) 0.09 g diet (0.009%) 0.20 g diet (0.020%) and 0.70 g diet (0.07%),SecondStressorValue,LocationText,11/01/2021,18,v1
101126,565,PHX704,,viral load,individual-level viral load,,,578.9473684,PFU (plaque-forming units),,,,,,,terrestrial,laboratory,,,,larval diet concentration,,0.004,%,,,,,,Liverpool strain,colony,,0,,,,Aedes aegypti,Yellow fever mosquito,,,Animalia,Arthropoda,Insecta,Diptera,Culicidae,Aedes,aegypti,adult,female,28.0,Celsius,,28.0,Celsius,,,,,,,,,,,,,,,,,,,,,,,,,,,,,,,figure 8,Rocha-Santos et al. 2021. Effect of larval food availability on adult Aedes aegypti (Diptera: Culicidae) fitness and susceptibility to Zika infection. J Med. Entomol. 58:2,10.1093/jme/tjaa249,"Pawar, S., Huxley, P.J., Smallwood, T.R.C. et al. Variation in temperature of peak trait performance constrains adaptation of arthropod populations to climatic warming. Nat Ecol Evol 8, 500–510 (2024).",10.1038/s41559-023-02301-8,Paul Huxley,phuxly@gmail.com,fed one of four different diet concentrations (secondstressor) of powdered dog food (Pedigree Vital Pro Filhotes) per tray until pupation: 0.04 g diet (0.004%) 0.09 g diet (0.009%) 0.20 g diet (0.020%) and 0.70 g diet (0.07%),SecondStressorValue,LocationText,11/01/2021,-1,v1
101178,566,LC59,,starvation tolerance,individual-level starvation tolerance as a function of temperature and body size (interactor1size),,,3.92,days,,,,,,,terrestrial,laboratory,,,,,,,,,,,,,Research Institute of the Israeli Ministry of Agriculture,colony,,0,decimal,31.992904,34.817208,Tribolium castaneum,red flour beetle,,,Animalia,Arthropoda,Insecta,Coleoptera,Tenebrionidae,Tribolium,castaneum,adult,,34.0,Celsius,,29.0,Celsius,,,,,,,,,,,2.09,mm,body size,,,,,,,,,,,,,,,,,,figure 1B,Scharf et 2014. Disentangling the consequences of growth temperature and adult acclimation temperature on starvation and thermal tolerance in the Red flour beetle. Evol Biol 42: 54-62.,10.1007/s11692-014-9298-z,,,Paul Huxley,phuxly@gmail.com,,Interactor1Temp,LocationText,01/01/2014,-1,v1
101394,568,PHX3411,,recovery time,individual-level duration to recover movement after exposure to extreme temperature,,,11.32310095,seconds,,,,,,,terrestrial,laboratory,,,,,,,,,,,,,Mfuwe Zambia,field,01/01/2006,1,decimal,-13.03,31.45,Glossina pallidipes,,,,Animalia,Arthropoda,Insecta,Diptera,Glossinidae,Glossina,pallidipes,adult,,2.0,Celsius,,,,,,,,,,,,,,,,,,,,,,,,,,,,,,,,,,figure 4,Terblanche et al. 2008. Thermal tolerance in a south-east African population of the tsetse fly Glossina pallidipes (Diptera Glossinidae): Implications for forecasting climate change impacts. Journal of Insect Physiology 54:1,10.1016/j.jinsphys.2007.08.007,,,Paul Huxley,phuxly@gmail.com,original traits values were log transformed - this value is the exponent,Interactor1Temp,LocationText,01/01/2008,-1,v1
101604,569,PHX777,,mortality rate,individual-level per capita daily rate of mortality,,,0.023587028,indivdual-1 day-1,,,,,,,terrestrial,semi-field,,,,,,,,,,,,,Antelope Island Lake Kariba Zimbabwe,field,01/01/1980,4,decimal,-16.55,28.0,Glossina pallidipes,,,,Animalia,Arthropoda,Insecta,Diptera,Glossinidae,Glossina,pallidipes,adult,female,16.39442231,Celsius,,,,,,,,,,,,,,,,,,,,,,,,,,,,,,,,,,figure 7.4d,Hargrove 2004. Tsetse population dynamics in Maudlin et al. (Eds.). The trypanosomiases,,,,Paul Huxley,phuxly@gmail.com,estimated by mark-release recapture,Interactor1Temp,LocationText,01/01/2004,14,v1
101862,571,PHX331,,survival,individual-level binomial survival,,,1.0,1 = survived life stage,,,,,,,terrestrial,laboratory,,,,resource supply,food quantity supplied at a constant rate ,0.1,mg individual-1 day-1,,,,,,Fort Myers Florida,field,,0,decimal,26.616667,-81.833333,Aedes aegypti,Yellow fever mosquito,,,Animalia,Arthropoda,Insecta,Diptera,Culicidae,Aedes,aegypti,juvenile (not inc egg stage),,22.0,Celsius,,26.0,Celsius,,,,,,,,,,,,,,,,,,,,,,,,,,,,,,,supplementary material,Huxley et al. 2021. The effect of resource limitation on the temperature-dependance of mosquito fitness. Proc. R. Soc. B. 288: 20203217.,10.1098/rspb.2020.3217,"Da Re, D., Andreo, V., San Miguel, T.V. et al. AedesTraits: A global dataset of temperature–dependent trait responses in Aedes mosquitoes. Sci Data 12, 2033 (2025).",10.1038/s41597-025-06461-z,Paul Huxley,phuxly@gmail.com,,Interactor1Temp,SecondStressorValue,01/01/2021,12,v1
102132,572,PHX331,,juvenile life span,individual-level duration from hatching to death or adult eclosion,,,31.0,days,,,,,,,terrestrial,laboratory,,,,resource supply,food quantity supplied at a constant rate ,0.1,mg individual-1 day-1,,,,,,Fort Myers Florida,field,,0,decimal,26.616667,-81.833333,Aedes aegypti,Yellow fever mosquito,,,Animalia,Arthropoda,Insecta,Diptera,Culicidae,Aedes,aegypti,juvenile (not inc egg stage),,22.0,Celsius,,26.0,Celsius,,,,,,,,,,,,,,,,,,,,,,,,,,,,,,,supplementary material,Huxley et al. 2021. The effect of resource limitation on the temperature-dependance of mosquito fitness. Proc. R. Soc. B. 288: 20203217.,10.1098/rspb.2020.3217,"Da Re, D., Andreo, V., San Miguel, T.V. et al. AedesTraits: A global dataset of temperature–dependent trait responses in Aedes mosquitoes. Sci Data 12, 2033 (2025).",10.1038/s41597-025-06461-z,Paul Huxley,phuxly@gmail.com,,Interactor1Temp,SecondStressorValue,01/01/2021,-1,v1
102402,573,PHX756,,fecundity,individual-level lifetime eggs,,,55.08083141,eggs individual-1,,,,,,,terrestrial,laboratory,,,,larval diet concentration,,0.004,%,,,,,,Liverpool strain,colony,,0,,,,Aedes aegypti,Yellow fever mosquito,,,Animalia,Arthropoda,Insecta,Diptera,Culicidae,Aedes,aegypti,adult,female,28.0,Celsius,,28.0,Celsius,,,,,,,,,,,,,,,,,,,,,,,,,,,,,,,figure 4a,Rocha-Santos et al. 2021. Effect of larval food availability on adult Aedes aegypti (Diptera: Culicidae) fitness and susceptibility to Zika infection. J Med. Entomol. 58:2,10.1093/jme/tjaa249,"Pawar, S., Huxley, P.J., Smallwood, T.R.C. et al. Variation in temperature of peak trait performance constrains adaptation of arthropod populations to climatic warming. Nat Ecol Evol 8, 500–510 (2024).",10.1038/s41559-023-02301-8,Paul Huxley,phuxly@gmail.com,fed one of four different diet concentrations (secondstressor) of powdered dog food (Pedigree Vital Pro Filhotes) per tray until pupation: 0.04 g diet (0.004%) 0.09 g diet (0.009%) 0.20 g diet (0.020%) and 0.70 g diet (0.07%),SecondStressorValue,LocationText,11/01/2021,28,v1
102519,574,PHX873,,bloodmeal weight,individual-level weight of bloodmeal,,,1.179600887,mg,,,,,,,terrestrial,laboratory,,,,larval diet concentration,,0.004,%,,,,,,Liverpool strain,colony,,0,,,,Aedes aegypti,Yellow fever mosquito,,,Animalia,Arthropoda,Insecta,Diptera,Culicidae,Aedes,aegypti,adult,female,28.0,Celsius,,28.0,Celsius,,,,,,,,,,,,,,,,,,,,,,,,,,,,,,,figure 4b,Rocha-Santos et al. 2021. Effect of larval food availability on adult Aedes aegypti (Diptera: Culicidae) fitness and susceptibility to Zika infection. J Med. Entomol. 58:2,10.1093/jme/tjaa249,"Pawar, S., Huxley, P.J., Smallwood, T.R.C. et al. Variation in temperature of peak trait performance constrains adaptation of arthropod populations to climatic warming. Nat Ecol Evol 8, 500–510 (2024).",10.1038/s41559-023-02301-8,Paul Huxley,phuxly@gmail.com,fed one of four different diet concentrations (secondstressor) of powdered dog food (Pedigree Vital Pro Filhotes) per tray until pupation: 0.04 g diet (0.004%) 0.09 g diet (0.009%) 0.20 g diet (0.020%) and 0.70 g diet (0.07%),SecondStressorValue,LocationText,11/01/2021,-1,v1
102564,575,,PHX918,longevity,median duration of life stage,,,30.0,days,1.41,1.41,SEM,,,,terrestrial,laboratory,,,,larval diet concentration,,0.004,%,,,,,,Liverpool strain,colony,,0,,,,Aedes aegypti,Yellow fever mosquito,,,Animalia,Arthropoda,Insecta,Diptera,Culicidae,Aedes,aegypti,adult,male,28.0,Celsius,,28.0,Celsius,,,,,,,,,,,,,,,,,,,,,,,,,,,,,,,figure 5a,Rocha-Santos et al. 2021. Effect of larval food availability on adult Aedes aegypti (Diptera: Culicidae) fitness and susceptibility to Zika infection. J Med. Entomol. 58:2,10.1093/jme/tjaa249,"Pawar, S., Huxley, P.J., Smallwood, T.R.C. et al. Variation in temperature of peak trait performance constrains adaptation of arthropod populations to climatic warming. Nat Ecol Evol 8, 500–510 (2024).",10.1038/s41559-023-02301-8,Paul Huxley,phuxly@gmail.com,fed one of four different diet concentrations (secondstressor) of powdered dog food (Pedigree Vital Pro Filhotes) per tray until pupation: 0.04 g diet (0.004%) 0.09 g diet (0.009%) 0.20 g diet (0.020%) and 0.70 g diet (0.07%),SecondStressorValue,LocationText,11/01/2021,8,v1
102572,576,,PHX919,knockdown time,mean time for 50% knockdown of femelaes under exposure to deltamethrin concentration (see notes),,,49.42,minutes,50.3062,48.5515,95% CI,,,,terrestrial,laboratory,,,,larval diet concentration,,0.004,%,,,,,,Liverpool strain,colony,,0,,,,Aedes aegypti,Yellow fever mosquito,,,Animalia,Arthropoda,Insecta,Diptera,Culicidae,Aedes,aegypti,adult,female,28.0,Celsius,,28.0,Celsius,,,,,,,,,,,,,,,,,,,,,,,,,,,,,,,table 1,Rocha-Santos et al. 2021. Effect of larval food availability on adult Aedes aegypti (Diptera: Culicidae) fitness and susceptibility to Zika infection. J Med. Entomol. 58:2,10.1093/jme/tjaa249,"Pawar, S., Huxley, P.J., Smallwood, T.R.C. et al. Variation in temperature of peak trait performance constrains adaptation of arthropod populations to climatic warming. Nat Ecol Evol 8, 500–510 (2024).",10.1038/s41559-023-02301-8,Paul Huxley,phuxly@gmail.com,exposed to 1 mg/m2 deltamethrin concentration. fed one of four different diet concentrations (secondstressor) of powdered dog food (Pedigree Vital Pro Filhotes) per tray until pupation: 0.04 g diet (0.004%) 0.09 g diet (0.009%) 0.20 g diet (0.020%) and 0.70 g diet (0.07%),SecondStressorValue,LocationText,11/01/2021,-1,v1
107217,582,,,incubation period,mean duration of egg incubation period (lay to hatching),,,48.0,days,1.44,1.44,se,,,,terrestrial,laboratory,,,,,,,,,,,,,Doha Quatar,colony,,0,decimal,25.286106,51.534817,Hyalomma dromedarii,camel tick,,929.0,Animalia,Arthropoda,Arachnida,Ixodida,Ixodidae,Hyalomma,dromedarii,egg,indeterminate,21.0,Celsius,,21.0,Celsius,,,,,,,,,,,,,,,,,,,,,,,,,,,,,,,table 1,Hagras and Khalil 1988. Effect of Temperature on Hyalomma (Hyalomma) dromedarii Koch (Acari: Ixodidae). J. Med. Entomol. 25:5,10.1093/jmedent/25.5.354,,,Alicia Arneson,aga98@vt.edu,interactor1number is the midpoint of the range of individuals used (i.e. 726-1132),Interactor1Temp,LocationText,01/01/1988,4,v1
107221,583,,,development time,mean duration of larval attachment developmental phase,,,14.8,days,0.78,0.78,se,,,,terrestrial,laboratory,,,,,,,,,,,,,Doha Quatar,colony,,0,decimal,25.286106,51.534817,Hyalomma dromedarii,camel tick,,313.0,Animalia,Arthropoda,Arachnida,Ixodida,Ixodidae,Hyalomma,dromedarii,larval,indeterminate,21.0,Celsius,,21.0,Celsius,,,,,,,,,,,,,,,,,,,,,,,,,,,,,,,table 1,Hagras and Khalil 1988. Effect of Temperature on Hyalomma (Hyalomma) dromedarii Koch (Acari: Ixodidae). J. Med. Entomol. 25:5,10.1093/jmedent/25.5.354,,,Alicia Arneson,aga98@vt.edu,interactor1number is the midpoint of the range of individuals used (300-327),Interactor1Temp,LocationText,01/01/1988,6,v1
107225,584,,,premolt period (nymphal),mean duration of nymphal premolting phase,,,49.7,days,1.76,1.76,se,,,,terrestrial,laboratory,,,,,,,,,,,,,Doha Quatar,colony,,0,decimal,25.286106,51.534817,Hyalomma dromedarii,camel tick,,150.0,Animalia,Arthropoda,Arachnida,Ixodida,Ixodidae,Hyalomma,dromedarii,nymphal,indeterminate,21.0,Celsius,,21.0,Celsius,,,,,,,,,,,,,,,,,,,,,,,,,,,,,,,table 1,Hagras and Khalil 1988. Effect of Temperature on Hyalomma (Hyalomma) dromedarii Koch (Acari: Ixodidae). J. Med. Entomol. 25:5,10.1093/jmedent/25.5.354,,,Alicia Arneson,aga98@vt.edu,interactor1number is the midpoint of the range of individuals used (100-200). RH was 75%,Interactor1Temp,LocationText,01/01/1988,23,v1
107229,585,,,feeding time,mean duration of adult female feeding developmental phase,,,10.2,days,0.58,0.58,se,,,,terrestrial,laboratory,,,,,,,,,,,,,Doha Quatar,colony,,0,decimal,25.286106,51.534817,Hyalomma dromedarii,camel tick,,55.0,Animalia,Arthropoda,Arachnida,Ixodida,Ixodidae,Hyalomma,dromedarii,adult,female,21.0,Celsius,,21.0,Celsius,,,,,,,,,,,,,,,,,,,,,,,,,,,,,,,table 1,Hagras and Khalil 1988. Effect of Temperature on Hyalomma (Hyalomma) dromedarii Koch (Acari: Ixodidae). J. Med. Entomol. 25:5,10.1093/jmedent/25.5.354,,,Alicia Arneson,aga98@vt.edu,interactor1number is the midpoint of the range of individuals used (50-60). RH was 75%,Interactor1Temp,LocationText,01/01/1988,21,v1
107233,586,,,preoviposition period,mean duration of prereproductive period (end of feeding until oviposition),,,30.4,days,1.31,1.31,se,,,,terrestrial,laboratory,,,,,,,,,,,,,Doha Quatar,colony,,0,decimal,25.286106,51.534817,Hyalomma dromedarii,camel tick,,55.0,Animalia,Arthropoda,Arachnida,Ixodida,Ixodidae,Hyalomma,dromedarii,adult,female,21.0,Celsius,,21.0,Celsius,,,,,,,,,,,,,,,,,,,,,,,,,,,,,,,table 1,Hagras and Khalil 1988. Effect of Temperature on Hyalomma (Hyalomma) dromedarii Koch (Acari: Ixodidae). J. Med. Entomol. 25:5,10.1093/jmedent/25.5.354,,,Alicia Arneson,aga98@vt.edu,interactor1number is the midpoint of the range of individuals used (50-60). RH was 75%,Interactor1Temp,LocationText,01/01/1988,26,v1
107237,587,,,ovipositional period,mean duration of reproductive period,,,20.5,days,2.25,2.25,se,,,,terrestrial,laboratory,,,,,,,,,,,,,Doha Quatar,colony,,0,decimal,25.286106,51.534817,Hyalomma dromedarii,camel tick,,55.0,Animalia,Arthropoda,Arachnida,Ixodida,Ixodidae,Hyalomma,dromedarii,adult,female,21.0,Celsius,,21.0,Celsius,,,,,,,,,,,,,,,,,,,,,,,,,,,,,,,table 1,Hagras and Khalil 1988. Effect of Temperature on Hyalomma (Hyalomma) dromedarii Koch (Acari: Ixodidae). J. Med. Entomol. 25:5,10.1093/jmedent/25.5.354,,,Alicia Arneson,aga98@vt.edu,interactor1number is the midpoint of the range of individuals used (50-60). RH was 75%,Interactor1Temp,LocationText,01/01/1988,27,v1
107241,588,,,body size,mean wet mass on the day feeding was completed,,,0.039,mg,0.004,0.004,se,,,,terrestrial,laboratory,,,,,,,,,,,,,Doha Quatar,colony,,0,decimal,25.286106,51.534817,Hyalomma dromedarii,camel tick,,275.0,Animalia,Arthropoda,Arachnida,Ixodida,Ixodidae,Hyalomma,dromedarii,larval,indeterminate,21.0,Celsius,,21.0,Celsius,,,,,,,,,,,,,,,,,,,,,,,,,,,,,,,table 2,Hagras and Khalil 1988. Effect of Temperature on Hyalomma (Hyalomma) dromedarii Koch (Acari: Ixodidae). J. Med. Entomol. 25:5,10.1093/jmedent/25.5.354,,,Alicia Arneson,aga98@vt.edu,interactor1number is the midpoint of the range of individuals used (250-300). RH was 75%,Interactor1Temp,LocationText,01/01/1988,18,v1
107253,589,,,weight loss,nymphal weight loss during molting stage,,,28.2,percent,,,,,,,terrestrial,laboratory,,,,,,,,,,,,,Doha Quatar,colony,,0,decimal,25.286106,51.534817,Hyalomma dromedarii,camel tick,,265.0,Animalia,Arthropoda,Arachnida,Ixodida,Ixodidae,Hyalomma,dromedarii,larval,indeterminate,21.0,Celsius,,21.0,Celsius,,,,,,,,,,,,,,,,,,,,,,,,,,,,,,,table 3,Hagras and Khalil 1988. Effect of Temperature on Hyalomma (Hyalomma) dromedarii Koch (Acari: Ixodidae). J. Med. Entomol. 25:5,10.1093/jmedent/25.5.354,,,Alicia Arneson,aga98@vt.edu,trait value was calculated as the percent difference between the mean hatch weight and the mean prefeeding weight for the sampled group. interactor1number is the midpoint of the range of invididuals used (230-300),Interactor1Temp,LocationText,01/01/1988,5,v1
107277,590,,,egg size,mean weight of egg mass produced by adult female ticks,,,622.09,mg,64.49,64.49,se,,,,terrestrial,laboratory,,,,,,,,,,,,,Doha Quatar,colony,,0,decimal,25.286106,51.534817,Hyalomma dromedarii,camel tick,,46.0,Animalia,Arthropoda,Arachnida,Ixodida,Ixodidae,Hyalomma,dromedarii,adult,female,21.0,Celsius,,21.0,Celsius,,,,,,,,,,,,,,,,,,,,,,,,,,,,,,,table 4,Hagras and Khalil 1988. Effect of Temperature on Hyalomma (Hyalomma) dromedarii Koch (Acari: Ixodidae). J. Med. Entomol. 25:5,10.1093/jmedent/25.5.354,,,Alicia Arneson,aga98@vt.edu,interactor1number is the midpoint of the range of individuals used (44-47). RH was 75%,Interactor1Temp,LocationText,01/01/1988,9,v1
107281,591,,,conversion efficiency index,percentage of adult female weight post feeding that was converted into egg mass,,,76.74,percent,0.15,0.15,se,,,,terrestrial,laboratory,,,,,,,,,,,,,Doha Quatar,colony,,0,decimal,25.286106,51.534817,Hyalomma dromedarii,camel tick,,,Animalia,Arthropoda,Arachnida,Ixodida,Ixodidae,Hyalomma,dromedarii,adult,female,21.0,Celsius,,21.0,Celsius,,,,,,,,,,,,,,,,,,,,,,,,,,,,,,,table 4,Hagras and Khalil 1988. Effect of Temperature on Hyalomma (Hyalomma) dromedarii Koch (Acari: Ixodidae). J. Med. Entomol. 25:5,10.1093/jmedent/25.5.354,,,Alicia Arneson,aga98@vt.edu,trait value was calculated as 100 multiplied by the egg mass weight divided by the female weight on the day of drop off,Interactor1Temp,LocationText,01/01/1988,0,v1
107285,592,,,premolt period (larval),mean duration of larval premolting phase,,,64.0,days,4.39,4.39,sd,,,,terrestrial,laboratory,,,,,,,,,,,,,Ponui Island NZ,field,04/01/2016,4,decimal,-36.8622,175.1842,Ixodes anatis,kiwi tick,,20.0,Animalia,Arthropoda,Arachnida,Ixodida,Ixodidae,Ixodes,anatis,larval,indeterminate,10.0,Celsius,,,,,,,,,,,,,,,,,,,,,,,,,,,,,,,,,,table 2,Bansal 2021. Aspects of the development of Ixodes anatis under diferent environmental conditions in the laboratory and in the field. Parasit Vectors. 14(85).,10.1186/s13071-021-04601-z,,,Alicia Arneson,aga98@vt.edu,ticks were collected from the field and then placed under lab conditions for observation through the specified life period so growth temp is unknown. Temperatures of 5 10 15 20 25 and 30 C and various RH levels were tested but durations were only available when mortality was less than 100 percent,Interactor1Temp,LocationText,01/01/2021,23,v1
107292,593,,,molting time,mean duration of nymphal molting phase,,,9.8,days,3.7,3.7,sd,,,,terrestrial,laboratory,,,,,,,,,,,,,Ponui Island NZ,field,04/01/2016,4,decimal,-36.8622,175.1842,Ixodes anatis,kiwi tick,,20.0,Animalia,Arthropoda,Arachnida,Ixodida,Ixodidae,Ixodes,anatis,larval,indeterminate,10.0,Celsius,,,,,,,,,,,,,,,,,,,,,,,,,,,,,,,,,,table 2,Bansal 2021. Aspects of the development of Ixodes anatis under diferent environmental conditions in the laboratory and in the field. Parasit Vectors. 14(85).,10.1186/s13071-021-04601-z,,,Alicia Arneson,aga98@vt.edu,ticks were collected from the field and then placed under lab conditions for observation through the specified life period so growth temp is unknown. Temperatures of 5 10 15 20 25 and 30 C and various RH levels were tested but durations were only available when mortality was less than 100 percent,Interactor1Temp,LocationText,01/01/2021,23,v1
107329,595,,,survival rate,percentage of ticks that survived the larval stage,,,0.0,percent,,,,,,,terrestrial,laboratory,,,,,,,,,,,,,Ponui Island NZ,field,04/01/2016,4,decimal,-36.8622,175.1842,Ixodes anatis,kiwi tick,,20.0,Animalia,Arthropoda,Arachnida,Ixodida,Ixodidae,Ixodes,anatis,larval,indeterminate,5.0,Celsius,,,,,,,,,,,,,,,,,,,,,,,,,,,,,,,,,,table 2,Bansal 2021. Aspects of the development of Ixodes anatis under diferent environmental conditions in the laboratory and in the field. Parasit Vectors. 14(85).,10.1186/s13071-021-04601-z,,,Alicia Arneson,aga98@vt.edu,ticks were collected from the field and then placed under lab conditions for observation through the specified life period so growth temp is unknown. Temperatures of 5 10 15 20 25 and 30 C and various RH levels were tested but durations were only available when mortality was less than 100 percent,Interactor1Temp,LocationText,01/01/2021,15,v1
107359,598,,,survival rate,percentage of ticks that survived the larval moult,,,0.0,percent,,,,,,,terrestrial,laboratory,,,,,,,,,,,,,Mount Mary Australia,colony,,0,decimal,-34.1,139.433333,Amblyomma limbatum,Australian reptile tick,,10.0,Animalia,Arthropoda,Arachnida,Ixodida,Ixodidae,Amblyomma,limbatum,larval,indeterminate,13.0,Celsius,,24.0,Celsius,,,,,,,,,,,,,,,,,,,,,,,,,,,,,,,table 1,Chilton 2000.Infuence of temperature and relative humidity on the moulting success of Amblyomma limbatum and Aponomma hydrosauri (Acari: Ixodidae) larvae and nymphs. Int J Parasitol. 30,10.1016/s0020-7519(00)00085-0,,,Alicia Arneson,aga98@vt.edu,ticks were reared in the lab at 85% RH,Interactor1Temp,LocationText,01/01/2000,15,v1
107487,604,,,survival time,mean survival time of fasting larvae,,,1.7,days,0.7,0.7,sd,,,,terrestrial,laboratory,,,,,,,,,,,,,Witvlei Namibia,colony,,0,decimal,-22.449259,18.969973,Rhipicephalus evertsi mimeticus,Namibian red-legged tick,,153.0,Animalia,Arthropoda,Arachnida,Ixodida,Ixodidae,Rhipicephalus,evertsi mimeticus,larval,indeterminate,-10.0,Celsius,,27.0,Celsius,,,,,,,,,,,,,,,,,,,,,,,,,,,,,,,table 1,Kalvelage et al. 1987. Wechselwirkungen von Temperatur und relativer Luftfeuchtigkeit auf wirtsungebundene praimaginale Stadien von Rhipicephalus evertsi mimeticus. Journal of Veterinary Medicine. Series B 34: 1-10,10.1111/j.1439-0450.1987.tb00417.x,,,Alicia Arneson,aga98@vt.edu,ticks were collected from off of cows and maintained at 27C and 90-95C for about 20 generations before data collection began.,Interactor1Temp,LocationText,01/01/1987,16,v1
107502,605,,,body size,mean weight of nymphs post-feeding,,,14.3,mg,3.7,3.7,sd,,,,terrestrial,laboratory,,,,,,,,,,,,,Witvlei Namibia,colony,,0,decimal,-22.449259,18.969973,Rhipicephalus evertsi mimeticus,Namibian red-legged tick,,,Animalia,Arthropoda,Arachnida,Ixodida,Ixodidae,Rhipicephalus,evertsi mimeticus,nymphal,male,20.0,Celsius,,27.0,Celsius,,,,,,,,,,,,,,,,,,,,,,,,,,,,,,,table 2,Kalvelage et al. 1987. Wechselwirkungen von Temperatur und relativer Luftfeuchtigkeit auf wirtsungebundene praimaginale Stadien von Rhipicephalus evertsi mimeticus. Journal of Veterinary Medicine. Series B 34: 1-10,10.1111/j.1439-0450.1987.tb00417.x,,,Alicia Arneson,aga98@vt.edu,ticks were collected from off of cows and maintained at 27C and 90-95C for abour 20 generations before data collection began.,Interactor1Temp,LocationText,01/01/1987,18,v1
107520,606,,,premolt period (nymphal),mean time to complete nymphal moulting,,,42.8,days,5.2,5.2,sd,,,,terrestrial,laboratory,,,,,,,,,,,,,Witvlei Namibia,colony,,0,decimal,-22.449259,18.969973,Rhipicephalus evertsi mimeticus,Namibian red-legged tick,,,Animalia,Arthropoda,Arachnida,Ixodida,Ixodidae,Rhipicephalus,evertsi mimeticus,nymphal,male,20.0,Celsius,,27.0,Celsius,,,,,,,,,,,,,,,,,,,,,,,,,,,,,,,table 2,Kalvelage et al. 1987. Wechselwirkungen von Temperatur und relativer Luftfeuchtigkeit auf wirtsungebundene praimaginale Stadien von Rhipicephalus evertsi mimeticus. Journal of Veterinary Medicine. Series B 34: 1-10,10.1111/j.1439-0450.1987.tb00417.x,,,Alicia Arneson,aga98@vt.edu,ticks were collected from off of cows and maintained at 27C and 90-95C for abour 20 generations before data collection began.,Interactor1Temp,LocationText,01/01/1987,23,v1
107538,607,,,survival rate,percentage of ticks that survived the nymphal moult,,,82.0,percent,,,,,,,terrestrial,laboratory,,,,,,,,,,,,,Witvlei Namibia,colony,,0,decimal,-22.449259,18.969973,Rhipicephalus evertsi mimeticus,Namibian red-legged tick,,,Animalia,Arthropoda,Arachnida,Ixodida,Ixodidae,Rhipicephalus,evertsi mimeticus,nymphal,indeterminate,20.0,Celsius,,27.0,Celsius,,,,,,,,,,,,,,,,,,,,,,,,,,,,,,,table 2,Kalvelage et al. 1987. Wechselwirkungen von Temperatur und relativer Luftfeuchtigkeit auf wirtsungebundene praimaginale Stadien von Rhipicephalus evertsi mimeticus. Journal of Veterinary Medicine. Series B 34: 1-10,10.1111/j.1439-0450.1987.tb00417.x,,,Alicia Arneson,aga98@vt.edu,ticks were collected from off of cows and maintained at 27C and 90-95C for abour 20 generations before data collection began.,Interactor1Temp,LocationText,01/01/1987,15,v1
107545,608,,,sex ratio,ratio of male ticks to female ticks,,,0.555555556,ratio,,,,,,,terrestrial,laboratory,,,,,,,,,,,,,Witvlei Namibia,colony,,0,decimal,-22.449259,18.969973,Rhipicephalus evertsi mimeticus,Namibian red-legged tick,,,Animalia,Arthropoda,Arachnida,Ixodida,Ixodidae,Rhipicephalus,evertsi mimeticus,nymphal,indeterminate,20.0,Celsius,,27.0,Celsius,,,,,,,,,,,,,,,,,,,,,,,,,,,,,,,table 2,Kalvelage et al. 1987. Wechselwirkungen von Temperatur und relativer Luftfeuchtigkeit auf wirtsungebundene praimaginale Stadien von Rhipicephalus evertsi mimeticus. Journal of Veterinary Medicine. Series B 34: 1-10,10.1111/j.1439-0450.1987.tb00417.x,,,Alicia Arneson,aga98@vt.edu,ticks were collected from off of cows and maintained at 27C and 90-95C for abour 20 generations before data collection began.,Interactor1Temp,LocationText,01/01/1987,-1,v1
107554,609,,,feeding time,mean duration of feeding developmental phase,,,3.8,days,1.0,1.0,se,,,,terrestrial,field,,,,,,,,,,,,,Xiaowutai National Natural Reserve Area Hebei Province China,field,03/01/2008,4,decimal,39.96666667,115.3833333,Haemaphysalis longicornis,Asian Longhorned Tick,,16.0,Animalia,Arthropoda,Arachnida,Ixodida,Ixodidae,Haemaphysalis,longicornis,nymphal,indeterminate,3.87,Celsius,,,,,,,,,,,,,,,,,,,,,,,,,,,,,,,,,,table 1,Zheng et al. 2011. Development and biological characteristics of Haemaphysalis longicornis (Acari: Ixodidae) under field conditions. Exp Appl Acarol. 53:4,10.1111/j.1439-0450.1987.tb00417.x,,,Alicia Arneson,aga98@vt.edu,this row contains data averaged over March 2008 and 2009. temperatures and humidities documented are monthly averages,Interactor1Temp,LocationText,01/01/2010,21,v1
107572,613,,,body size,mean body weight of engorged adult females ,,,169.1,mg,54.4,54.4,se,,,,terrestrial,field,,,,,,,,,,,,,Xiaowutai National Natural Reserve Area Hebei Province China,field,05/01/2008,4,decimal,39.96666667,115.3833333,Haemaphysalis longicornis,Asian Longhorned Tick,,12.0,Animalia,Arthropoda,Arachnida,Ixodida,Ixodidae,Haemaphysalis,longicornis,adult,female,16.35,Celsius,,,,,,,,,,,,,,,,,,,,,,,,,,,,,,,,,,table 3,Zheng et al. 2011. Development and biological characteristics of Haemaphysalis longicornis (Acari: Ixodidae) under field conditions. Exp Appl Acarol. 53:4,10.1111/j.1439-0450.1987.tb00417.x,,,Alicia Arneson,aga98@vt.edu, the temperatures and humidities documented are monthly averages,Interactor1Temp,LocationText,01/01/2010,18,v1
107576,614,,,fecundity,mean lifetime eggs laid per female,,,496.0,eggs individual-1,442.9,442.9,se,,,,terrestrial,field,,,,,,,,,,,,,Xiaowutai National Natural Reserve Area Hebei Province China,field,05/01/2008,4,decimal,39.96666667,115.3833333,Haemaphysalis longicornis,Asian Longhorned Tick,,12.0,Animalia,Arthropoda,Arachnida,Ixodida,Ixodidae,Haemaphysalis,longicornis,adult,female,16.35,Celsius,,,,,,,,,,,,,,,,,,,,,,,,,,,,,,,,,,table 3,Zheng et al. 2011. Development and biological characteristics of Haemaphysalis longicornis (Acari: Ixodidae) under field conditions. Exp Appl Acarol. 53:4,10.1111/j.1439-0450.1987.tb00417.x,,,Alicia Arneson,aga98@vt.edu, the temperatures and humidities documented are monthly averages,Interactor1Temp,LocationText,01/01/2010,28,v1
107580,615,,,body size,mean wet mass on the day feeding was completed (engorged),,,243.5,mg,14.2,14.2,se,,,,terrestrial,laboratory,,,,,,,,,,,,,Shijiazhuang China,field,,0,decimal,38.042805,114.514893,Haemaphysalis longicornis,Asian Longhorned Tick,,,Animalia,Arthropoda,Arachnida,Ixodida,Ixodidae,Haemaphysalis,longicornis,adult,female,23.0,Celsius,,23.0,Celsius,,,,,,,,,,,,,,,,,,,,,,,,,,,,,,,table 1,Jia et al. 2017. Effect of temperature on reproductive fitness of the engorged tick Haemaphysalis longicornis (Acari: Ixodidae). Pakistan J Zool. 50:1,10.17582/journal.pjz/2018.50.1.sc2,,,Alicia Arneson,aga98@vt.edu,,Interactor1Temp,LocationText,01/01/2018,18,v1
107597,616,,,survival rate,percentage of ticks that survived adult engorgement,,,0.0,percent,,,se,,,,terrestrial,laboratory,,,,,,,,,,,,,Shijiazhuang China,field,,0,decimal,38.042805,114.514893,Haemaphysalis longicornis,Asian Longhorned Tick,,,Animalia,Arthropoda,Arachnida,Ixodida,Ixodidae,Haemaphysalis,longicornis,adult,female,23.0,Celsius,,23.0,Celsius,,,,,,,,,,,,,,,,,,,,,,,,,,,,,,,table 1,Jia et al. 2017. Effect of temperature on reproductive fitness of the engorged tick Haemaphysalis longicornis (Acari: Ixodidae). Pakistan J Zool. 50:1,10.17582/journal.pjz/2018.50.1.sc2,,,Alicia Arneson,aga98@vt.edu,,Interactor1Temp,LocationText,01/01/2018,15,v1
107674,622,,,fecundity,mean lifetime eggs produced by an individual female,,,1371.0,eggs individual-1,,,,,,,terrestrial,laboratory,,,,,,,,,,,,,Gharb Region Morocco,colony,,0,decimal,34.543446,-5.898714,Rhipicephalus (Boophilus) annulatus,North American Cattle Tick,,,Animalia,Arthropoda,Arachnida,Ixodida,Ixodidae,Rhipicephalus,annulatus,adult,female,16.0,Celsius,,25.0,Celsius,,,,,,,,,,,,,,,,,,,,,,,,,,,,,,,table 2,Ouhelli et al. 1982.The effects of temperature humidity photoperiod and weight of the engorged female on oviposition of Boophilus annulatus (Say 1821). Veterinary Parasitology 11: 2-3,10.1016/0304-4017(82)90046-2,,,Alicia Arneson,aga98@vt.edu,,Interactor1Temp,LocationText,01/01/1982,28,v1
107695,627,,,survival rate,percentage of ticks that survived the nymphal stage,,,80.0,percent,20.0,20.0,se,,,,terrestrial,laboratory,,,,,,,,,,,,,Sao Paulo Brazil,colony,,0,decimal,-23.533773,-46.62529,Haemaphysalis leporispalustris,rabbit tick,,,Animalia,Arthropoda,Arachnida,Ixodida,Ixodidae,Haemaphysalis,leporispalustris,egg,indeterminate,27.0,Celsius,,27.0,Celsius,,,,,,,,,,,,,,,,,,European rabbit,Animalia,Chordata,Mammalia,Lagomorpha,Leporidae,Oryctolagus,cuniculus,,,,,,table 1,Labruna et al. 2000. Life cycle of the tick Haemaphysalis leporis-palustris (Acari: Ixodidae) under laboratory conditions. Experimental and Applied Acarology. 24,10.1023/a:1010768511790,,,Alicia Arneson,aga98@vt.edu,The species recorded in interactor2species is the species of rabbit each group of ticks were fed on. RH is recorded as a second stressor.,Unplottable,,01/01/2000,15,v1
107710,630,,,premolt period (larval),mean time to complete larval moulting,,,13.7,days,3.7,3.7,se,,,,terrestrial,laboratory,,,,,,,,,,,,,Sao Paulo Brazil,colony,,0,decimal,-23.533773,-46.62529,Haemaphysalis leporispalustris,rabbit tick,,503.0,Animalia,Arthropoda,Arachnida,Ixodida,Ixodidae,Haemaphysalis,leporispalustris,larval,indeterminate,27.0,Celsius,,27.0,Celsius,,,,,,,,,,,,,,,,,,European rabbit,Animalia,Chordata,Mammalia,Lagomorpha,Leporidae,Oryctolagus,cuniculus,,,,,,table 1,Labruna et al. 2000. Life cycle of the tick Haemaphysalis leporis-palustris (Acari: Ixodidae) under laboratory conditions. Experimental and Applied Acarology. 24,10.1023/a:1010768511790,,,Alicia Arneson,aga98@vt.edu,The species recorded in interactor2species is the species of rabbit each group of ticks were fed on. RH is recorded as a second stressor. Ticks allowed to feed on four infected interactor2,Unplottable,,01/01/2000,23,v1
107725,633,,,fertility,percentage of females that laid fertile eggs,,,33.3,percent,,,,,,,terrestrial,laboratory,,,,,,,,,,,,,Sao Paulo Brazil,colony,,0,decimal,-23.533773,-46.62529,Haemaphysalis leporispalustris,rabbit tick,,6.0,Animalia,Arthropoda,Arachnida,Ixodida,Ixodidae,Haemaphysalis,leporispalustris,adult,female,27.0,Celsius,,27.0,Celsius,,,,,,,,,,,,,,,,,,European rabbit,Animalia,Chordata,Mammalia,Lagomorpha,Leporidae,Oryctolagus,cuniculus,,,,,,table 1,Labruna et al. 2000. Life cycle of the tick Haemaphysalis leporis-palustris (Acari: Ixodidae) under laboratory conditions. Experimental and Applied Acarology. 24,10.1023/a:1010768511790,,,Alicia Arneson,aga98@vt.edu,The species recorded in interactor2species is the species of rabbit each group of ticks were fed on. RH is recorded as a second stressor. Interactor1number is the number of individuals that laid fertile eggs out of 18 individuals,Unplottable,,01/01/2000,-1,v1
107743,635,,,oviposition failure,mean probability of failure to oviposit,,,0.72,probability,,,,,,,terrestrial,laboratory,,,,,,,,,,,,,Alberta Canada,field,,0,decimal,49.69,-112.84,Dermacentor andersoni,,,,Animalia,Arthropoda,Arachnida,Ixodida,Ixodidae,Dermacentor,andersoni,adult,female,12.5,Celsius,,10.0,Celsius,,,,,,,,,,,,,,,,,,,,,,,,,,,,,,,figure 2b,Lysyk 2014. Influence of temperature on oviposition by Dermacentor andersoni (Acari: Ixodidae). J. Med. Entomol. 51:5,10.1603/ME14090,,,Parul Vijay Patil,phuxly@gmail.com,small - classified by weight (less than 300 mg),Interactor1Temp,LocationText,01/01/2014,-1,v1
107758,636,,,preoviposition period,mean duration of period before oviposition,,,56.1,days,5.4,5.4,se,,,,terrestrial,laboratory,,,,,,,,,,,,,Alberta Canada,field,,0,decimal,49.69,-112.84,Dermacentor andersoni,,,,Animalia,Arthropoda,Arachnida,Ixodida,Ixodidae,Dermacentor,andersoni,adult,female,12.5,Celsius,,10.0,Celsius,,,,,,,,,,,,,,,,,,,,,,,,,,,,,,,figure 2c,Lysyk 2014. Influence of temperature on oviposition by Dermacentor andersoni (Acari: Ixodidae). J. Med. Entomol. 51:5,10.1603/ME14090,,,Parul Vijay Patil,phuxly@gmail.com,small - classified by weight (less than 300 mg),Interactor1Temp,LocationText,01/01/2014,26,v1
107773,637,,,ovipositional period,mean duration of ovipositional period,,,8.8,days,4.0,4.0,se,,,,terrestrial,laboratory,,,,,,,,,,,,,Alberta Canada,field,,0,decimal,49.69,-112.84,Dermacentor andersoni,,,,Animalia,Arthropoda,Arachnida,Ixodida,Ixodidae,Dermacentor,andersoni,adult,female,12.5,Celsius,,10.0,Celsius,,,,,,,,,,,,,,,,,,,,,,,,,,,,,,,figure 2d,Lysyk 2014. Influence of temperature on oviposition by Dermacentor andersoni (Acari: Ixodidae). J. Med. Entomol. 51:5,10.1603/ME14090,,,Parul Vijay Patil,phuxly@gmail.com,small - classified by weight (less than 300 mg),Interactor1Temp,LocationText,01/01/2014,27,v1
107788,638,,,conversion efficiency index,total mg eggs produced divided by mg engorged weight,,,0.0014,proportion,,,,,,,terrestrial,laboratory,,,,,,,,,,,,,Alberta Canada,field,,0,decimal,49.69,-112.84,Dermacentor andersoni,,,,Animalia,Arthropoda,Arachnida,Ixodida,Ixodidae,Dermacentor,andersoni,adult,female,12.5,Celsius,,10.0,Celsius,,,,,,,,,,,,,,,,,,,,,,,,,,,,,,,figure 2e,Lysyk 2014. Influence of temperature on oviposition by Dermacentor andersoni (Acari: Ixodidae). J. Med. Entomol. 51:5,10.1603/ME14090,,,Parul Vijay Patil,phuxly@gmail.com,small - classified by weight (less than 300 mg),Interactor1Temp,LocationText,01/01/2014,0,v1
107803,639,,,fecundity rate,mean weight of egg mass per day,,,0.24,mg eggs day-1,0.0,0.0,se,,,,terrestrial,laboratory,,,,,,,,,,,,,Alberta Canada,field,,0,decimal,49.69,-112.84,Dermacentor andersoni,,,,Animalia,Arthropoda,Arachnida,Ixodida,Ixodidae,Dermacentor,andersoni,adult,female,12.5,Celsius,,10.0,Celsius,,,,,,,,,,,,,,,,,,,,,,,,,,,,,,,figure 2f,Lysyk 2014. Influence of temperature on oviposition by Dermacentor andersoni (Acari: Ixodidae). J. Med. Entomol. 51:5,10.1603/ME14090,,,Parul Vijay Patil,phuxly@gmail.com,small - classified by weight (less than 300 mg),Interactor1Temp,LocationText,01/01/2014,29,v1
107818,640,,,fecundity,individual-level weight of lifetime eggs per individual,,,157.8,mg eggs individual-1,122.2,122.2,se,,,,terrestrial,laboratory,,,,,,,,,,,,,Alberta Canada,field,,0,decimal,49.69,-112.84,Dermacentor andersoni,,,34.0,Animalia,Arthropoda,Arachnida,Ixodida,Ixodidae,Dermacentor,andersoni,adult,female,12.5,Celsius,,10.0,Celsius,,,,,,,,,,,,,,,,,,,,,,,,,,,,,,,text,Lysyk 2014. Influence of temperature on oviposition by Dermacentor andersoni (Acari: Ixodidae). J. Med. Entomol. 51:5,10.1603/ME14090,,,Parul Vijay Patil,phuxly@gmail.com,trait value is irrespective of weight class,Interactor1Temp,LocationText,01/01/2014,28,v1
108071,641,,,hatch rate,mean hatching rate of egg batches,,,2.3,percent,,,,,,,terrestrial,laboratory,,,,,,,,,,,,,Brisbane Australia,colony,,0,decimal,-27.49,153.01,Haemaphysalis longicornis,,,26.0,Animalia,Arthropoda,Arachnida,Ixodida,Ixodidae,Haemaphysalis,longicornis,egg,,18.0,Celsius,,,,,,,,,,,,,,,,,,,,,,,,,,,,,,,,,,table 1,Heath 1979. The Temperature and humidity preferences of Haemaphysalis longicornis Ixodes holocyclus and Rhipicephalus sanguineus (Ixodidae): Studies on eggs. International Journal for Parasitology 9:1,10.1016/0020-7519(79)90063-8,,,Parul Vijay Patil,phuxly@gmail.com,,Interactor1Temp,LocationText,01/01/1979,20,v1
108104,644,,,incubation period,median time from oviposition to hatching,,,70.0,days,,,,,,,terrestrial,laboratory,,,,,,,,,,,,,Brisbane Australia,colony,,0,decimal,-27.49,153.01,Haemaphysalis longicornis,,,13.0,Animalia,Arthropoda,Arachnida,Ixodida,Ixodidae,Haemaphysalis,longicornis,egg,,18.0,Celsius,,28.0,Celsius,,,,,,,,,,,,,,,,,,,,,,,,,,,,,,,table 2,Heath 1979. The Temperature and humidity preferences of Haemaphysalis longicornis Ixodes holocyclus and Rhipicephalus sanguineus (Ixodidae): Studies on eggs. International Journal for Parasitology 9:1,10.1016/0020-7519(79)90063-8,,,Parul Vijay Patil,phuxly@gmail.com,trait value ranged between 62 and 78 days,Interactor1Temp,LocationText,01/01/1979,4,v1
108120,647,,,weight loss,cumulative weight loss across time (see notes for time intervals),,,18.8,percent,,,,,,,terrestrial,laboratory,,,,,,,,,,,,,Brisbane Australia,colony,,0,decimal,-27.49,153.01,Haemaphysalis longicornis,,,4.0,Animalia,Arthropoda,Arachnida,Ixodida,Ixodidae,Haemaphysalis,longicornis,egg,,28.0,Celsius,,28.0,Celsius,,,,,,,,,,,,,,,,,,,,,,,,,,,,,,,table 3,Heath 1979. The Temperature and humidity preferences of Haemaphysalis longicornis Ixodes holocyclus and Rhipicephalus sanguineus (Ixodidae): Studies on eggs. International Journal for Parasitology 9:1,10.1016/0020-7519(79)90063-8,,,Parul Vijay Patil,phuxly@gmail.com,5 days at 8 mm Hg s.d. at 28 Celsius and then at 2 mm Hg s.d. at 28 Celsius,Interactor1Temp,LocationText,01/01/1979,5,v1
108214,650,,,development rate,mean development rate per day,,,17.8,percent day-1,,,,,,,terrestrial,laboratory,,,,,,,,,,,,,Brisbane Australia,colony,,0,decimal,-27.49,153.01,Haemaphysalis longicornis,,,,Animalia,Arthropoda,Arachnida,Ixodida,Ixodidae,Haemaphysalis,longicornis,egg,,20.0,Celsius,,28.0,Celsius,,,,,,,,,,,,,,,,,,,,,,,,,,,,,,,figure 2,Heath 1979. The Temperature and humidity preferences of Haemaphysalis longicornis Ixodes holocyclus and Rhipicephalus sanguineus (Ixodidae): Studies on eggs. International Journal for Parasitology 9:1,10.1016/0020-7519(79)90063-8,,,Parul Vijay Patil,phuxly@gmail.com,,Interactor1Temp,LocationText,01/01/1979,7,v1
108236,654,,,egg mass,mean egg mass weight,,,126.0,mg,,,,,,,terrestrial,laboratory,,,,,,,,,,,,,Campo Grande Brazil,field,,0,decimal,-20.48,-54.61,Rhipicephalus microplus,,,10.0,Animalia,Arthropoda,Arachnida,Ixodida,Ixodidae,Rhipicephalus,microplus,adult,female,28.0,Celsius,,4.0,Celsius,,,,,,,,,,,,,,,,,,,,,,,,,,,,,,,table 1,Oshiro et al. 2021. Efect of low temperature and relative humidity on reproduction and survival of the tick Rhipicephalus microplus. Experimental and Applied Acarology 83:1,10.1007/s10493-020-00576-1,,,Parul Vijay Patil,phuxly@gmail.com,refrigerated at 4 degrees Celsius for 0 days,Interactor1Temp,LocationText,01/01/2020,9,v1
108246,655,,,feed conversion rate,ability to produce eggs relative to the weight at detachment of each engorged female,,,41.9,percent,,,,,,,terrestrial,laboratory,,,,,,,,,,,,,Campo Grande Brazil,field,,0,decimal,-20.48,-54.61,Rhipicephalus microplus,,,10.0,Animalia,Arthropoda,Arachnida,Ixodida,Ixodidae,Rhipicephalus,microplus,adult,female,28.0,Celsius,,4.0,Celsius,,,,,,,,,,,,,,,,,,,,,,,,,,,,,,,table 1,Oshiro et al. 2021. Efect of low temperature and relative humidity on reproduction and survival of the tick Rhipicephalus microplus. Experimental and Applied Acarology 83:1,10.1007/s10493-020-00576-1,,,Parul Vijay Patil,phuxly@gmail.com,refrigerated at 4 degrees Celsius for 0 days,Interactor1Temp,LocationText,01/01/2020,-1,v1
108256,656,,,incubation period,time from start of oviposition until first eggs hatched,,,25.0,days,,,,,,,terrestrial,laboratory,,,,,,,,,,,,,Campo Grande Brazil,field,,0,decimal,-20.48,-54.61,Rhipicephalus microplus,,,10.0,Animalia,Arthropoda,Arachnida,Ixodida,Ixodidae,Rhipicephalus,microplus,adult,female,28.0,Celsius,,4.0,Celsius,,,,,,,,,,,,,,,,,,,,,,,,,,,,,,,table 1,Oshiro et al. 2021. Efect of low temperature and relative humidity on reproduction and survival of the tick Rhipicephalus microplus. Experimental and Applied Acarology 83:1,10.1007/s10493-020-00576-1,,,Parul Vijay Patil,phuxly@gmail.com,refrigerated at 4 degrees Celsius for 0 days,Interactor1Temp,LocationText,01/01/2020,4,v1
108266,657,,,larval hatch rate,percentage of unfertilized eggs that were subsequently fertilized,,,98.0,percent,,,,,,,terrestrial,laboratory,,,,,,,,,,,,,Campo Grande Brazil,field,,0,decimal,-20.48,-54.61,Rhipicephalus microplus,,,10.0,Animalia,Arthropoda,Arachnida,Ixodida,Ixodidae,Rhipicephalus,microplus,adult,female,28.0,Celsius,,4.0,Celsius,,,,,,,,,,,,,,,,,,,,,,,,,,,,,,,table 1,Oshiro et al. 2021. Efect of low temperature and relative humidity on reproduction and survival of the tick Rhipicephalus microplus. Experimental and Applied Acarology 83:1,10.1007/s10493-020-00576-1,,,Parul Vijay Patil,phuxly@gmail.com,refrigerated at 4 degrees Celsius for 0 days,Interactor1Temp,LocationText,01/01/2020,20,v1
108286,658,,,mortality,number of dead individuals per group,,,1.0,individuals,,,,,,,terrestrial,laboratory,,,,,,,,,,,,,Campo Grande Brazil,field,,0,decimal,-20.48,-54.61,Rhipicephalus microplus,,,10.0,Animalia,Arthropoda,Arachnida,Ixodida,Ixodidae,Rhipicephalus,microplus,adult,female,28.0,Celsius,,4.0,Celsius,,,,,,,,,,,,,,,,,,,,,,,,,,,,,,,table 1,Oshiro et al. 2021. Efect of low temperature and relative humidity on reproduction and survival of the tick Rhipicephalus microplus. Experimental and Applied Acarology 83:1,10.1007/s10493-020-00576-1,,,Parul Vijay Patil,phuxly@gmail.com,refrigerated at 4 degrees Celsius for 0 days,Interactor1Temp,LocationText,01/01/2020,13,v1
108296,659,,,weight loss,mean weight loss,,,0.0,mg,,,,,,,terrestrial,laboratory,,,,,,,,,,,,,Campo Grande Brazil,field,,0,decimal,-20.48,-54.61,Rhipicephalus microplus,,,10.0,Animalia,Arthropoda,Arachnida,Ixodida,Ixodidae,Rhipicephalus,microplus,adult,female,28.0,Celsius,,4.0,Celsius,,,,,,,,,,,,,,,,,,,,,,,,,,,,,,,table 1,Oshiro et al. 2021. Efect of low temperature and relative humidity on reproduction and survival of the tick Rhipicephalus microplus. Experimental and Applied Acarology 83:1,10.1007/s10493-020-00576-1,,,Parul Vijay Patil,phuxly@gmail.com,refrigerated at 4 degrees Celsius for 0 days,Interactor1Temp,LocationText,01/01/2020,5,v1
108346,660,,,hatch rate,percentage of unfertilized eggs that were subsequently fertilized,,,90.0,percent,,,,,,,terrestrial,laboratory,,,,,,,,,,,,,Campo Grande Brazil,field,,0,decimal,-20.48,-54.61,Rhipicephalus microplus,,,10.0,Animalia,Arthropoda,Arachnida,Ixodida,Ixodidae,Rhipicephalus,microplus,egg,,20.0,Celsius,,4.0,Celsius,,,,,,,,,,,,,,,,,,,,,,,,,,,,,,,table 2,Oshiro et al. 2021. Efect of low temperature and relative humidity on reproduction and survival of the tick Rhipicephalus microplus. Experimental and Applied Acarology 83:1,10.1007/s10493-020-00576-1,,,Parul Vijay Patil,phuxly@gmail.com,refrigerated at 4 degrees Celsius for 0 days,Unplottable,,01/01/2020,20,v1
108455,661,,,feeding preference,mean number of individual ticks selecting to feed on human (see notes for %),,,1.4,individuals,1.7,1.7,se,,,,terrestrial,laboratory,,,,,,,,,,,,,Oklahoma State University USA,colony,,0,decimal,36.126861,-97.058694,Rhipicephalus sanguineus,,,,Animalia,Arthropoda,Arachnida,Ixodida,Ixodidae,Rhipicephalus,sanguineus,nymphal,,23.5,Celsius,,20.0,Celsius,,,,,,,,,,,,,,,,,,,,,,,,,,,,,,,table 1,Backus et al. 2021. Effect of temperature on host preference in two lineages of the Brown Dog Tick: Rhipicephalus sanguineus. Am. J. Trop. Med. and Hyg. 104:6,10.4269/ajtmh.20-1376,,,Parul Vijay Patil,phuxly@gmail.com,humidity ranged from 10 percent to 42 percent. 3.7 percent selected to fed on dog,Interactor1Temp,LocationText,01/01/2021,-1,v1
108471,662,,,survival rate,percent surviving to oviposition,,,0.0,percent,,,,,,,terrestrial,laboratory,,,,,,,,,,,,,Long Point Ontario Canada,field,09/01/1989,3,decimal,42.54,-80.05,Ixodes scapularis,,,12.0,Animalia,Arthropoda,Arachnida,Ixodida,Ixodidae,Ixodes,scapularis,adult,female,-10.0,Celsius,,4.0,Celsius,,,,,,,,,,,,,,,,,,,,,,,,,,,,,,,table 1,Ogden et al. 2004. Investigation of relationships between temperature and developmental rates of tick Ixodes scapularis (Acari: Ixodidae) in the laboratory and field. J. Med. Entomol. 41:1,10.1603/0022-2585-41.4.622,,,Parul Vijay Patil,phuxly@gmail.com,,Interactor1Temp,LocationText,01/01/2004,15,v1
108482,663,,,preoviposition period,mean duration of life stage,,,0.0,days,,,,,,,terrestrial,laboratory,,,,,,,,,,,,,Long Point Ontario Canada,field,09/01/1989,3,decimal,42.54,-80.05,Ixodes scapularis,,,12.0,Animalia,Arthropoda,Arachnida,Ixodida,Ixodidae,Ixodes,scapularis,adult,female,-10.0,Celsius,,4.0,Celsius,,,,,,,,,,,,,,,,,,,,,,,,,,,,,,,table 1,Ogden et al. 2004. Investigation of relationships between temperature and developmental rates of tick Ixodes scapularis (Acari: Ixodidae) in the laboratory and field. J. Med. Entomol. 41:1,10.1603/0022-2585-41.4.622,,,Parul Vijay Patil,phuxly@gmail.com,all female ticks died within 4 hours at this temperature,Interactor1Temp,LocationText,01/01/2004,26,v1
108493,664,,,hatch rate,percentage of egg masses producing larvae,,,0.0,percent,,,,,,,terrestrial,laboratory,,,,,,,,,,,,,Long Point Ontario Canada,field,09/01/1989,3,decimal,42.54,-80.05,Ixodes scapularis,,,0.0,Animalia,Arthropoda,Arachnida,Ixodida,Ixodidae,Ixodes,scapularis,egg,,4.0,Celsius,,4.0,Celsius,,,,,,,,,,,,,,,,,,,,,,,,,,,,,,,table 1,Ogden et al. 2004. Investigation of relationships between temperature and developmental rates of tick Ixodes scapularis (Acari: Ixodidae) in the laboratory and field. J. Med. Entomol. 41:1,10.1603/0022-2585-41.4.622,,,Parul Vijay Patil,phuxly@gmail.com,egg masses were small possibly due to incomplete oviposition. Interactor1number was out of 3,Interactor1Temp,LocationText,01/01/2004,20,v1
108502,665,,,development time,mean duration from when eggs were deposited to hatch,,,122.03,days,1.6,1.6,se,,,,terrestrial,laboratory,,,,,,,,,,,,,Long Point Ontario Canada,field,09/01/1989,3,decimal,42.54,-80.05,Ixodes scapularis,,,20.0,Animalia,Arthropoda,Arachnida,Ixodida,Ixodidae,Ixodes,scapularis,egg,,12.0,Celsius,,4.0,Celsius,,,,,,,,,,,,,,,,,,,,,,,,,,,,,,,table 1,Ogden et al. 2004. Investigation of relationships between temperature and developmental rates of tick Ixodes scapularis (Acari: Ixodidae) in the laboratory and field. J. Med. Entomol. 41:1,10.1603/0022-2585-41.4.622,,,Parul Vijay Patil,phuxly@gmail.com,,Interactor1Temp,LocationText,01/01/2004,6,v1
108507,666,,,molt success rate (larval),percentage that molted,,,0.0,percent,,,,,,,terrestrial,laboratory,,,,,,,,,,,,,Long Point Ontario Canada,field,09/01/1989,3,decimal,42.54,-80.05,Ixodes scapularis,,,0.0,Animalia,Arthropoda,Arachnida,Ixodida,Ixodidae,Ixodes,scapularis,larval,,8.0,Celsius,,4.0,Celsius,,,,,,,,,,,,,,,,,,,,,,,,,,,,,,,table 2,Ogden et al. 2004. Investigation of relationships between temperature and developmental rates of tick Ixodes scapularis (Acari: Ixodidae) in the laboratory and field. J. Med. Entomol. 41:1,10.1603/0022-2585-41.4.622,,,Parul Vijay Patil,phuxly@gmail.com,mortality was complete at this temperature. zero out of 30 individuals molted,Interactor1Temp,LocationText,01/01/2004,22,v1
108515,667,,,premolt period (larval),mean duration of life stage,,,0.0,days,,,,,,,terrestrial,laboratory,,,,,,,,,,,,,Long Point Ontario Canada,field,09/01/1989,3,decimal,42.54,-80.05,Ixodes scapularis,,,30.0,Animalia,Arthropoda,Arachnida,Ixodida,Ixodidae,Ixodes,scapularis,larval,,8.0,Celsius,,4.0,Celsius,,,,,,,,,,,,,,,,,,,,,,,,,,,,,,,table 2,Ogden et al. 2004. Investigation of relationships between temperature and developmental rates of tick Ixodes scapularis (Acari: Ixodidae) in the laboratory and field. J. Med. Entomol. 41:1,10.1603/0022-2585-41.4.622,,,Parul Vijay Patil,phuxly@gmail.com,mortality was complete at this temperature,Interactor1Temp,LocationText,01/01/2004,23,v1
108522,668,,,molt success rate (nymphal),percentage that molted,,,0.0,percent,,,,,,,terrestrial,laboratory,,,,,,,,,,,,,Long Point Ontario Canada,field,09/01/1989,3,decimal,42.54,-80.05,Ixodes scapularis,,,0.0,Animalia,Arthropoda,Arachnida,Ixodida,Ixodidae,Ixodes,scapularis,nymphal,,8.0,Celsius,,4.0,Celsius,,,,,,,,,,,,,,,,,,,,,,,,,,,,,,,table 2,Ogden et al. 2004. Investigation of relationships between temperature and developmental rates of tick Ixodes scapularis (Acari: Ixodidae) in the laboratory and field. J. Med. Entomol. 41:1,10.1603/0022-2585-41.4.622,,,Parul Vijay Patil,phuxly@gmail.com,mortality was complete at this temperature. zero out of 30 individuals molted,Interactor1Temp,LocationText,01/01/2004,22,v1
108530,669,,,premolt period,mean duration of life stage,,,0.0,days,,,,,,,terrestrial,laboratory,,,,,,,,,,,,,Long Point Ontario Canada,field,09/01/1989,3,decimal,42.54,-80.05,Ixodes scapularis,,,0.0,Animalia,Arthropoda,Arachnida,Ixodida,Ixodidae,Ixodes,scapularis,larval,,32.0,Celsius,,4.0,Celsius,,,,,,,,,,,,,,,,,,,,,,,,,,,,,,,table 2,Ogden et al. 2004. Investigation of relationships between temperature and developmental rates of tick Ixodes scapularis (Acari: Ixodidae) in the laboratory and field. J. Med. Entomol. 41:1,10.1603/0022-2585-41.4.622,,,Parul Vijay Patil,phuxly@gmail.com,mortality was complete at this temperature. zero out of 30 individuals molted,Unplottable,,01/01/2004,23,v1
108531,670,,,premolt period (nymphal),mean duration of life stage,,,0.0,days,,,,,,,terrestrial,laboratory,,,,,,,,,,,,,Long Point Ontario Canada,field,09/01/1989,3,decimal,42.54,-80.05,Ixodes scapularis,,,30.0,Animalia,Arthropoda,Arachnida,Ixodida,Ixodidae,Ixodes,scapularis,nymphal,,8.0,Celsius,,4.0,Celsius,,,,,,,,,,,,,,,,,,,,,,,,,,,,,,,table 2,Ogden et al. 2004. Investigation of relationships between temperature and developmental rates of tick Ixodes scapularis (Acari: Ixodidae) in the laboratory and field. J. Med. Entomol. 41:1,10.1603/0022-2585-41.4.622,,,Parul Vijay Patil,phuxly@gmail.com,mortality was complete at this temperature. zero out of 30 individuals molted,Interactor1Temp,LocationText,01/01/2004,23,v1
108564,674,,,survival rate,percent surviving life stage,,,8.0,percent,,,,,,,terrestrial,laboratory,,,,,,,,,,,,,Queens County Nova Scotia Canada,field,05/06/1976,4,decimal,45.0,-62.99,Haemaphysalis leporispalustris,,,50.0,Animalia,Arthropoda,Arachnida,Ixodida,Ixodidae,Haemaphysalis,leporispalustris,egg,,35.6,Celsius,,,,,,,,,,,,,,,,,,,,,,,,,,,,,,,,,,table 3,Campbell and Glines 1979. Development survival and oviposition of the rabbit tick Haemaphysalis leporispalustris (Packard) (Acari: Ixodidae) at constant temperatures. Journal of Parasitology 65:5,10.2307/3280361,,,Parul Vijay Patil,phuxly@gmail.com,,Interactor1Temp,LocationText,01/01/1979,15,v1
108579,675,,,fecundity,total number of eggs produced,,,642.7,eggs individual-1,96.3,96.3,se,,,,terrestrial,laboratory,,,,,,,,,,,,,Queens County Nova Scotia Canada,field,05/06/1976,4,decimal,45.0,-62.99,Haemaphysalis leporispalustris,,,26.0,Animalia,Arthropoda,Arachnida,Ixodida,Ixodidae,Haemaphysalis,leporispalustris,adult,female,35.6,Celsius,,,,,,,,,,,,,,,,,,,,,,,,,,,,,,,,,,table 4,Campbell and Glines 1979. Development survival and oviposition of the rabbit tick Haemaphysalis leporispalustris (Packard) (Acari: Ixodidae) at constant temperatures. Journal of Parasitology 65:5,10.2307/3280361,,,Parul Vijay Patil,phuxly@gmail.com,,Interactor1Temp,LocationText,01/01/1979,28,v1
108584,676,,,body mass,mean weight of female,,,109.1,mg,9.6,9.6,se,,,,terrestrial,laboratory,,,,,,,,,,,,,Queens County Nova Scotia Canada,field,05/06/1976,4,decimal,45.0,-62.99,Haemaphysalis leporispalustris,,,26.0,Animalia,Arthropoda,Arachnida,Ixodida,Ixodidae,Haemaphysalis,leporispalustris,adult,female,35.6,Celsius,,,,,,,,,,,,,,,,,,,,,,,,,,,,,,,,,,table 4,Campbell and Glines 1979. Development survival and oviposition of the rabbit tick Haemaphysalis leporispalustris (Packard) (Acari: Ixodidae) at constant temperatures. Journal of Parasitology 65:5,10.2307/3280361,,,Parul Vijay Patil,phuxly@gmail.com,,Interactor1Temp,LocationText,01/01/1979,19,v1
108589,677,,,longevity,duration for 50% mortality,,,20.3,days,,,,,,,terrestrial,laboratory,,,,,,,,,,,,,Queens County Nova Scotia Canada,field,05/06/1976,4,decimal,45.0,-62.99,Haemaphysalis leporispalustris,,,,Animalia,Arthropoda,Arachnida,Ixodida,Ixodidae,Haemaphysalis,leporispalustris,adult,female,35.6,Celsius,,,,,,,,,,,,,,,,,,,,,,,,,,,,,,,,,,figure 1a,Campbell and Glines 1979. Development survival and oviposition of the rabbit tick Haemaphysalis leporispalustris (Packard) (Acari: Ixodidae) at constant temperatures. Journal of Parasitology 65:5,10.2307/3280361,,,Parul Vijay Patil,phuxly@gmail.com,,Interactor1Temp,LocationText,01/01/1979,8,v1
108609,680,,,conversion efficiency,total number of eggs produced divided by engorged weight,,,0.0,eggs individual-1 mg-1,,,,,,,terrestrial,laboratory,,,,,,,,,,,,,Oita Prefecture Japan,field,,0,decimal,33.23,131.61,Haemaphysalis longicornis,,,2.0,Animalia,Arthropoda,Arachnida,Ixodida,Ixodidae,Haemaphysalis,longicornis,adult,female,12.0,Celsius,,,,,,,,,,,,,,,,,,,,,,,,,,,,,,,,,,table 1,Yano et al. 1987. Effects of temperature on development and growth in the tick Haemaphysalis longicornis. Experimental and Applied Acarology 3:1,10.1007/BF01200415,,,Parul Vijay Patil,phuxly@gmail.com,females were at 12 degrees Celsius for 6 months until they died. trait value set to zero because individuals did not oviposit at this temperature,Interactor1Temp,LocationText,01/01/1987,0,v1
108614,681,,,incubation period,mean duration from oviposition to hatching,,,0.0,days,,,,,,,terrestrial,laboratory,,,,,,,,,,,,,Oita Prefecture Japan,field,,0,decimal,33.23,131.61,Haemaphysalis longicornis,,,800.0,Animalia,Arthropoda,Arachnida,Ixodida,Ixodidae,Haemaphysalis,longicornis,egg,,12.0,Celsius,,,,,,,,,,,,,,,,,,,,,,,,,,,,,,,,,,table 2,Yano et al. 1987. Effects of temperature on development and growth in the tick Haemaphysalis longicornis. Experimental and Applied Acarology 3:1,10.1007/BF01200415,,,Parul Vijay Patil,phuxly@gmail.com,females were at 12 degrees Celsius for 6 months until they died. trait value set to zero because individuals did not oviposit at this temperature,Interactor1Temp,LocationText,01/01/1987,4,v1
108619,682,,,hatch ratio,hatching ratio of eggs,,,0.0,percent,,,,,,,terrestrial,laboratory,,,,,,,,,,,,,Oita Prefecture Japan,field,,0,decimal,33.23,131.61,Haemaphysalis longicornis,,,800.0,Animalia,Arthropoda,Arachnida,Ixodida,Ixodidae,Haemaphysalis,longicornis,egg,,12.0,Celsius,,,,,,,,,,,,,,,,,,,,,,,,,,,,,,,,,,table 2,Yano et al. 1987. Effects of temperature on development and growth in the tick Haemaphysalis longicornis. Experimental and Applied Acarology 3:1,10.1007/BF01200415,,,Parul Vijay Patil,phuxly@gmail.com,,Interactor1Temp,LocationText,01/01/1987,20,v1
108624,683,,,molting period (larval),mean duration of life stage,,,0.0,days,,,,,,,terrestrial,laboratory,,,,,,,,,,,,,Oita Prefecture Japan,field,,0,decimal,33.23,131.61,Haemaphysalis longicornis,,,25.0,Animalia,Arthropoda,Arachnida,Ixodida,Ixodidae,Haemaphysalis,longicornis,larval,,12.0,Celsius,,,,,,,,,,,,,,,,,,,,,,,,,,,,,,,,,,table 3,Yano et al. 1987. Effects of temperature on development and growth in the tick Haemaphysalis longicornis. Experimental and Applied Acarology 3:1,10.1007/BF01200415,,,Parul Vijay Patil,phuxly@gmail.com,neither larvae nor nymph moulted at 12 degrees even after 4 months so trait value set to zero,Interactor1Temp,LocationText,01/01/1987,23,v1
108629,684,,,molting ratio (larval),percentage that molted during life stage,,,0.0,percent,,,,,,,terrestrial,laboratory,,,,,,,,,,,,,Oita Prefecture Japan,field,,0,decimal,33.23,131.61,Haemaphysalis longicornis,,,25.0,Animalia,Arthropoda,Arachnida,Ixodida,Ixodidae,Haemaphysalis,longicornis,larval,,12.0,Celsius,,,,,,,,,,,,,,,,,,,,,,,,,,,,,,,,,,table 3,Yano et al. 1987. Effects of temperature on development and growth in the tick Haemaphysalis longicornis. Experimental and Applied Acarology 3:1,10.1007/BF01200415,,,Parul Vijay Patil,phuxly@gmail.com,,Interactor1Temp,LocationText,01/01/1987,22,v1
108634,685,,,molting period (nymphal),mean duration of life stage,,,0.0,days,,,,,,,terrestrial,laboratory,,,,,,,,,,,,,Oita Prefecture Japan,field,,0,decimal,33.23,131.61,Haemaphysalis longicornis,,,5.0,Animalia,Arthropoda,Arachnida,Ixodida,Ixodidae,Haemaphysalis,longicornis,nymphal,,12.0,Celsius,,,,,,,,,,,,,,,,,,,,,,,,,,,,,,,,,,table 3,Yano et al. 1987. Effects of temperature on development and growth in the tick Haemaphysalis longicornis. Experimental and Applied Acarology 3:1,10.1007/BF01200415,,,Parul Vijay Patil,phuxly@gmail.com,neither larvae nor nymph moulted at 12 degrees even after 4 months so trait value set to zero,Interactor1Temp,LocationText,01/01/1987,23,v1
108639,686,,,molting ratio (nymphal),percentage that molted during life stage,,,0.0,percent,,,,,,,terrestrial,laboratory,,,,,,,,,,,,,Oita Prefecture Japan,field,,0,decimal,33.23,131.61,Haemaphysalis longicornis,,,5.0,Animalia,Arthropoda,Arachnida,Ixodida,Ixodidae,Haemaphysalis,longicornis,nymphal,,12.0,Celsius,,,,,,,,,,,,,,,,,,,,,,,,,,,,,,,,,,table 3,Yano et al. 1987. Effects of temperature on development and growth in the tick Haemaphysalis longicornis. Experimental and Applied Acarology 3:1,10.1007/BF01200415,,,Parul Vijay Patil,phuxly@gmail.com,,Interactor1Temp,LocationText,01/01/1987,22,v1
108646,689,,,prefeeding period (larval),mean duration of life stage,,,28.5,days,,,,,,,terrestrial,field,,,,,,,,,,,,,Shambat Sudan,colony,,0,decimal,15.66,32.53,Haemaphysalis spinulosa,,,100.0,Animalia,Arthropoda,Arachnida,Ixodida,Ixodidae,Haemaphysalis,spinulosa,larval,,27.0,Celsius,,,,,,,,,,,,,,,,,,,,,,,,,,,,,,,,,,table 1,Hussein and Mustafa 1987. Temperature and humidity effects on the life cycle of Haemaphysalis spinulosa and Rhipicephalus simus (Acari: Ixodidae). J. Med. Entomol. 24:1,10.1093/jmedent/24.1.77,,,Parul Vijay Patil,phuxly@gmail.com,interactor1temp and originaltraitvalue was stated as a range because colony ticks were reared in the filed in Nile Grass Rat burrows,Unplottable,,01/01/1987,21,v1
108647,690,,,feeding period (larval),mean duration of life stage,,,4.5,days,,,,,,,terrestrial,field,,,,,,,,,,,,,Shambat Sudan,colony,,0,decimal,15.66,32.53,Haemaphysalis spinulosa,,,100.0,Animalia,Arthropoda,Arachnida,Ixodida,Ixodidae,Haemaphysalis,spinulosa,larval,,27.0,Celsius,,,,,,,,,,,,,,,,,,,,,,,,,,,,,,,,,,table 1,Hussein and Mustafa 1987. Temperature and humidity effects on the life cycle of Haemaphysalis spinulosa and Rhipicephalus simus (Acari: Ixodidae). J. Med. Entomol. 24:1,10.1093/jmedent/24.1.77,,,Parul Vijay Patil,phuxly@gmail.com,interactor1temp and originaltraitvalue was stated as a range because colony ticks were reared in the filed in Nile Grass Rat burrows,Unplottable,,01/01/1987,21,v1
108649,692,,,prefeeding period (nymphal),mean duration of life stage,,,16.0,days,,,,,,,terrestrial,field,,,,,,,,,,,,,Shambat Sudan,colony,,0,decimal,15.66,32.53,Haemaphysalis spinulosa,,,50.0,Animalia,Arthropoda,Arachnida,Ixodida,Ixodidae,Haemaphysalis,spinulosa,nymphal,,27.0,Celsius,,,,,,,,,,,,,,,,,,,,,,,,,,,,,,,,,,table 1,Hussein and Mustafa 1987. Temperature and humidity effects on the life cycle of Haemaphysalis spinulosa and Rhipicephalus simus (Acari: Ixodidae). J. Med. Entomol. 24:1,10.1093/jmedent/24.1.77,,,Parul Vijay Patil,phuxly@gmail.com,interactor1temp and originaltraitvalue was stated as a range because colony ticks were reared in the filed in Nile Grass Rat burrows,Unplottable,,01/01/1987,21,v1
108650,693,,,feeding period (nymphal),mean duration of life stage,,,5.5,days,,,,,,,terrestrial,field,,,,,,,,,,,,,Shambat Sudan,colony,,0,decimal,15.66,32.53,Haemaphysalis spinulosa,,,50.0,Animalia,Arthropoda,Arachnida,Ixodida,Ixodidae,Haemaphysalis,spinulosa,nymphal,,27.0,Celsius,,,,,,,,,,,,,,,,,,,,,,,,,,,,,,,,,,table 1,Hussein and Mustafa 1987. Temperature and humidity effects on the life cycle of Haemaphysalis spinulosa and Rhipicephalus simus (Acari: Ixodidae). J. Med. Entomol. 24:1,10.1093/jmedent/24.1.77,,,Parul Vijay Patil,phuxly@gmail.com,interactor1temp and originaltraitvalue was stated as a range because colony ticks were reared in the filed in Nile Grass Rat burrows,Unplottable,,01/01/1987,21,v1
108652,695,,,prefeeding period (adult),mean duration of life stage,,,27.5,days,,,,,,,terrestrial,field,,,,,,,,,,,,,Shambat Sudan,colony,,0,decimal,15.66,32.53,Haemaphysalis spinulosa,,,50.0,Animalia,Arthropoda,Arachnida,Ixodida,Ixodidae,Haemaphysalis,spinulosa,adult,,27.0,Celsius,,,,,,,,,,,,,,,,,,,,,,,,,,,,,,,,,,table 1,Hussein and Mustafa 1987. Temperature and humidity effects on the life cycle of Haemaphysalis spinulosa and Rhipicephalus simus (Acari: Ixodidae). J. Med. Entomol. 24:1,10.1093/jmedent/24.1.77,,,Parul Vijay Patil,phuxly@gmail.com,interactor1temp and originaltraitvalue was stated as a range because colony ticks were reared in the filed in Nile Grass Rat burrows,Unplottable,,01/01/1987,21,v1
108653,696,,,feeding period (adult),mean duration of life stage,,,8.0,days,,,,,,,terrestrial,field,,,,,,,,,,,,,Shambat Sudan,colony,,0,decimal,15.66,32.53,Haemaphysalis spinulosa,,,50.0,Animalia,Arthropoda,Arachnida,Ixodida,Ixodidae,Haemaphysalis,spinulosa,adult,,27.0,Celsius,,,,,,,,,,,,,,,,,,,,,,,,,,,,,,,,,,table 1,Hussein and Mustafa 1987. Temperature and humidity effects on the life cycle of Haemaphysalis spinulosa and Rhipicephalus simus (Acari: Ixodidae). J. Med. Entomol. 24:1,10.1093/jmedent/24.1.77,,,Parul Vijay Patil,phuxly@gmail.com,interactor1temp and originaltraitvalue was stated as a range because colony ticks were reared in the filed in Nile Grass Rat burrows,Unplottable,,01/01/1987,21,v1
108654,697,,,lifespan,mean duration of entire life,,,186.0,days,,,,,,,terrestrial,field,,,,,,,,,,,,,Shambat Sudan,colony,,0,decimal,15.66,32.53,Haemaphysalis spinulosa,,,50.0,Animalia,Arthropoda,Arachnida,Ixodida,Ixodidae,Haemaphysalis,spinulosa,entire lifespan,,27.0,Celsius,,,,,,,,,,,,,,,,,,,,,,,,,,,,,,,,,,table 1,Hussein and Mustafa 1987. Temperature and humidity effects on the life cycle of Haemaphysalis spinulosa and Rhipicephalus simus (Acari: Ixodidae). J. Med. Entomol. 24:1,10.1093/jmedent/24.1.77,,,Parul Vijay Patil,phuxly@gmail.com,interactor1temp and originaltraitvalue was stated as a range because colony ticks were reared in the filed in Nile Grass Rat burrows,Unplottable,,01/01/1987,8,v1
108702,713,,,fecundity,mean number of lifetime eggs by a tick,,,1200.0,eggs individual-1,,,,,,,terrestrial,laboratory,,,,,,,,,,,,,Shambat Sudan,colony,,0,decimal,15.66,32.53,Haemaphysalis spinulosa,,,20.0,Animalia,Arthropoda,Arachnida,Ixodida,Ixodidae,Haemaphysalis,spinulosa,adult,female,38.0,Celsius,,,,,,,,,,,,,,,,,,,,,,,,,,,,,,,,,,table 2,Hussein and Mustafa 1987. Temperature and humidity effects on the life cycle of Haemaphysalis spinulosa and Rhipicephalus simus (Acari: Ixodidae). J. Med. Entomol. 24:1,10.1093/jmedent/24.1.77,,,Parul Vijay Patil,phuxly@gmail.com,,Interactor1Temp,LocationText,01/01/1987,28,v1
108714,715,,,molt success rate (larval),percentage that molted during life stage,,,12.4,percent,,,,,,,terrestrial,laboratory,,,,,,,,,,,,,Shambat Sudan,colony,,0,decimal,15.66,32.53,Haemaphysalis spinulosa,,,50.0,Animalia,Arthropoda,Arachnida,Ixodida,Ixodidae,Haemaphysalis,spinulosa,larval,,38.0,Celsius,,,,,,,,,,,,,,,,,,,,,,,,,,,,,,,,,,table 2,Hussein and Mustafa 1987. Temperature and humidity effects on the life cycle of Haemaphysalis spinulosa and Rhipicephalus simus (Acari: Ixodidae). J. Med. Entomol. 24:1,10.1093/jmedent/24.1.77,,,Parul Vijay Patil,phuxly@gmail.com,,Interactor1Temp,LocationText,01/01/1987,22,v1
108726,717,,,molt success rate (nymphal),percentage that molted during life stage,,,10.1,percent,,,,,,,terrestrial,laboratory,,,,,,,,,,,,,Shambat Sudan,colony,,0,decimal,15.66,32.53,Haemaphysalis spinulosa,,,100.0,Animalia,Arthropoda,Arachnida,Ixodida,Ixodidae,Haemaphysalis,spinulosa,nymphal,,38.0,Celsius,,,,,,,,,,,,,,,,,,,,,,,,,,,,,,,,,,table 2,Hussein and Mustafa 1987. Temperature and humidity effects on the life cycle of Haemaphysalis spinulosa and Rhipicephalus simus (Acari: Ixodidae). J. Med. Entomol. 24:1,10.1093/jmedent/24.1.77,,,Parul Vijay Patil,phuxly@gmail.com,,Interactor1Temp,LocationText,01/01/1987,22,v1
108744,720,,,reproductive efficiency index,mean number of eggs per mg weight of engorged female,,,0.0,eggs individual-1 mg-1,,,,,,,terrestrial,laboratory,,,,,,,,,,,,,Durikai State Forest Queensland Australia,field,,0,decimal,-28.12,151.39,Amblyomma triguttatum,,,5.0,Animalia,Arthropoda,Arachnida,Ixodida,Ixodidae,Amblyomma,triguttatum,adult,female,15.0,Celsius,,,,,,,,,,,,,,,,,,,,,,,,,,,,,,,,,,table 1,Guglielmone 1992. The effect of temperature and humidity on development and longevity of Amblyomma triguttatum triguttatum (Acarina: Ixodidae). Bulletin of Entomological Research. 82:1,10.1017/S0007485300051737,,,Parul Vijay Patil,phuxly@gmail.com,no oviposition at this temperature,Interactor1Temp,LocationText,01/01/1992,-1,v1
108750,721,,,pre-hatch period,number of days until hatching,,,0.0,days,,,,,,,terrestrial,laboratory,,,,,,,,,,,,,Durikai State Forest Queensland Australia,field,,0,decimal,-28.12,151.39,Amblyomma triguttatum,,,,Animalia,Arthropoda,Arachnida,Ixodida,Ixodidae,Amblyomma,triguttatum,egg,,15.0,Celsius,,,,,,,,,,,,,,,,,,,,,,,,,,,,,,,,,,table 2,Guglielmone 1992. The effect of temperature and humidity on development and longevity of Amblyomma triguttatum triguttatum (Acarina: Ixodidae). Bulletin of Entomological Research. 82:1,10.1017/S0007485300051737,,,Parul Vijay Patil,phuxly@gmail.com,no development at this temperature,Interactor1Temp,LocationText,01/01/1992,20,v1
108816,727,,,mortality (larval),duration for 100% mortality (unfed larvae),,,16.9,weeks,,,,,,,terrestrial,laboratory,,,,,,,,,,,,,Durikai State Forest Queensland Australia,field,,0,decimal,-28.12,151.39,Amblyomma triguttatum,,,,Animalia,Arthropoda,Arachnida,Ixodida,Ixodidae,Amblyomma,triguttatum,larval,,20.0,Celsius,,,,,,,,,,,,,,,,,,,,,,,,,,,,,,,,,,table 5,Guglielmone 1992. The effect of temperature and humidity on development and longevity of Amblyomma triguttatum triguttatum (Acarina: Ixodidae). Bulletin of Entomological Research. 82:1,10.1017/S0007485300051737,,,Parul Vijay Patil,phuxly@gmail.com,secondstressorvalue is an average (2-3 mm Hg),Interactor1Temp,LocationText,01/01/1992,-1,v1
108831,728,,,mortality (nymphal),duration for 50% mortality (unfed nymphs),,,21.0,weeks,,,,,,,terrestrial,laboratory,,,,,,,,,,,,,Durikai State Forest Queensland Australia,field,,0,decimal,-28.12,151.39,Amblyomma triguttatum,,,,Animalia,Arthropoda,Arachnida,Ixodida,Ixodidae,Amblyomma,triguttatum,nymphal,,20.0,Celsius,,,,,,,,,,,,,,,,,,,,,,,,,,,,,,,,,,table 6,Guglielmone 1992. The effect of temperature and humidity on development and longevity of Amblyomma triguttatum triguttatum (Acarina: Ixodidae). Bulletin of Entomological Research. 82:1,10.1017/S0007485300051737,,,Parul Vijay Patil,phuxly@gmail.com,secondstressorvalue is an average (2-3 mm Hg),Interactor1Temp,LocationText,01/01/1992,-1,v1
108861,729,,,mortality (adult),mean duration for 100% mortality (unfed adults),,,37.0,weeks,,,,,,,terrestrial,laboratory,,,,,,,,,,,,,Durikai State Forest Queensland Australia,field,,0,decimal,-28.12,151.39,Amblyomma triguttatum,,,,Animalia,Arthropoda,Arachnida,Ixodida,Ixodidae,Amblyomma,triguttatum,adult,,20.0,Celsius,,,,,,,,,,,,,,,,,,,,,,,,,,,,,,,,,,table 7,Guglielmone 1992. The effect of temperature and humidity on development and longevity of Amblyomma triguttatum triguttatum (Acarina: Ixodidae). Bulletin of Entomological Research. 82:1,10.1017/S0007485300051737,,,Parul Vijay Patil,phuxly@gmail.com,secondstressorvalue is an average (2-3 mm Hg),Interactor1Temp,LocationText,01/01/1992,-1,v1
108891,730,,,fecundity rate,mean eggs produced by an individual female per day,,,37.0,eggs individual-1 day-1,,,,,,,terrestrial,laboratory,,,,,,,,,,,,,Gharb Region Morocco,colony,,0,decimal,34.543446,-5.898714,Rhipicephalus (Boophilus) annulatus,North American Cattle Tick,,,Animalia,Arthropoda,Arachnida,Ixodida,Ixodidae,Rhipicephalus,annulatus,adult,female,16.0,Celsius,,25.0,Celsius,,,,,,,,,,,,,,,,,,,,,,,,,,,,,,,table 2,Ouhelli et al. 1982.The effects of temperature humidity photoperiod and weight of the engorged female on oviposition of Boophilus annulatus (Say 1821). Veterinary Parasitology 11: 2-3,10.1016/0304-4017(82)90046-2,,,Alicia Arneson,aga98@vt.edu,,Interactor1Temp,LocationText,01/01/1982,29,v1
108900,731,,,development time,mean time to complete nymphal devlopment,,,106.2,days,,,,,,,terrestrial,field,,,,,,,,,,,,,Xiaowutai National Natural Reserve Area Hebei Province China,field,03/01/2008,4,decimal,39.96666667,115.3833333,Haemaphysalis longicornis,Asian Longhorned Tick,,16.0,Animalia,Arthropoda,Arachnida,Ixodida,Ixodidae,Haemaphysalis,longicornis,nymphal,indeterminate,3.87,Celsius,,,,,,,,,,,,,,,,,,,,,,,,,,,,,,,,,,table 1,Zheng et al. 2011. Development and biological characteristics of Haemaphysalis longicornis (Acari: Ixodidae) under field conditions. Exp Appl Acarol. 53:4,10.1111/j.1439-0450.1987.tb00417.x,,,Alicia Arneson,aga98@vt.edu,this row contains data averaged over march 2008 and 2009; the temperatures and humidities documented are monthly averages,Interactor1Temp,LocationText,01/01/2010,6,v1
108953,732,,,fecundity rate,peak number of eggs per day per individual,,,67.6471263,eggs individual-1 day-1,,,,,,,terrestrial,field,,,,,,,,,,,,,Xiaowutai National Natural Reserve Area Hebei Province China,field,05/01/2008,4,decimal,39.96666667,115.3833333,Haemaphysalis longicornis,Asian Longhorned Tick,,12.0,Animalia,Arthropoda,Arachnida,Ixodida,Ixodidae,Haemaphysalis,longicornis,adult,female,16.35,Celsius,,,,,,,,,,,,,,,,,,,,,,,,,,,,,,,,,,figure 2,Zheng et al. 2011. Development and biological characteristics of Haemaphysalis longicornis (Acari: Ixodidae) under field conditions. Exp Appl Acarol. 53:4,10.1111/j.1439-0450.1987.tb00417.x,,,Paul Huxley,phuxly@gmail.com,interactor1temp is the mean temp that ticks were exposed to in the field in May. Peak fecundity occurred on day 4 after the onset of ovipositioning ,Interactor1Temp,LocationText,01/01/2010,29,v1
108957,733,,,reproductive efficiency index,ratio of lifetime eggs to engorged female weight,,,2.9,eggs individual-1 day-1,,,,,,,terrestrial,field,,,,,,,,,,,,,Xiaowutai National Natural Reserve Area Hebei Province China,field,05/01/2008,4,decimal,39.96666667,115.3833333,Haemaphysalis longicornis,Asian Longhorned Tick,,12.0,Animalia,Arthropoda,Arachnida,Ixodida,Ixodidae,Haemaphysalis,longicornis,adult,female,16.35,Celsius,,,,,,,,,,,,,,,,,,,,,,,,,,,,,,,,,,table 3,Zheng et al. 2011. Development and biological characteristics of Haemaphysalis longicornis (Acari: Ixodidae) under field conditions. Exp Appl Acarol. 53:4,10.1111/j.1439-0450.1987.tb00417.x,,,Paul Huxley,phuxly@gmail.com,interactor1temp is the mean temp that ticks were exposed to in the field in May. Peak fecundity occurred on day 4 after the onset of ovipositioning ,Interactor1Temp,LocationText,01/01/2010,-1,v1
108961,734,,,survival rate,percentage of ticks that survived the adult stage,,,0.0,percent,,,,,,,terrestrial,laboratory,,,,,,,,,,,,,Mission Texas USA,colony,,0,decimal,26.2159,-98.3253,Boophilus annulatus,cattle tick,,,Animalia,Arthropoda,Arachnida,Ixodida,Ixodidae,Boophilus,annulatus,larval,indeterminate,20.0,Celsius,,20.0,Celsius,,,,,,,,,,,,,,,,,,,,,,,,,,,,,,,table 1,Davey et al. 1991. Survival of larvae of Boophilus annulatus Boophilus microplus and Boophilus hybrids (Acari: Ixodidae) in different temperature and humidity regimes in the laboratory. Veterinary Parasitology 40,10.1016/0304-4017(91)90110-h,,,Alicia Arneson,aga98@vt.edu,,Unplottable,,01/01/1991,15,v1
108964,737,,,survival time,mean survival time of larvae post hatch,,,8.0,days,4.0,4.0,se,,,,terrestrial,laboratory,,,,,,,,,,,,,Mission Texas USA,colony,,0,decimal,26.2159,-98.3253,Boophilus annulatus,cattle tick,,,Animalia,Arthropoda,Arachnida,Ixodida,Ixodidae,Boophilus,annulatus,larval,indeterminate,25.0,Celsius,,25.0,Celsius,,,,,,,,,,,,,,,,,,,,,,,,,,,,,,,table 1,Davey et al. 1991. Survival of larvae of Boophilus annulatus Boophilus microplus and Boophilus hybrids (Acari: Ixodidae) in different temperature and humidity regimes in the laboratory. Veterinary Parasitology 40,10.1016/0304-4017(91)90110-h,,,Alicia Arneson,aga98@vt.edu,,Interactor1Temp,LocationText,01/01/1991,16,v1
109520,811,,PHX49,longevity,mean duration of life stage as a function of body size,,,149.52,days,,,,,,,terrestrial,laboratory,,,,,,,,,,,,,,colony,,0,decimal,55.953333,-3.189167,Tribolium castaneum,Red flour beetle,,126.0,Animalia,Arthropoda,Insecta,Coleoptera,Tenebrionidae,Tribolium,castaneum,adult,,33.0,Celsius,,,,,,,,,,,,,,1.8912,mg,wet mass,,,,,,,,,,,,,,,,,,figure 3,Soliman and Lints 1975. Longevity growth rate and related traits among strains of Tribolium castaneum. Gerontology 21: 2,10.1159/000212037,,,Paul Huxley,phuxly@gmail.com,fed 95 percent whole wheat and 5 percent dried yeast. RH was 70%,Unplottable,,01/01/1975,8,v1
109602,823,,SK036,body size,mean dry mass. relationship between dry mass and wing length,,,0.56,mg,0.02,0.02,SE,,,,terrestrial,laboratory,,,,,total amount of yeast made available as food,50.0,mg,2019.0,2019.0,,,,Hattiesburg USA,,,0,decimal,31.303277,-89.317865,Aedes albopictus,,,10.0,Animalia,Arthropoda,Insecta,Diptera,Culicidae,Aedes,albopictus,adult,female,27.0,Celsius,,,,,,,,,,,,,,,,,,,10.0,adult,,,,,,,,,,,,,,table 2,Ezeakacha et al 2019. The role of temperature in affecting carry-over effects and larval competition in the globally invasive mosquito Aedes albopictus. Parasites and Vectors 12:123,10.1186/s13071-019-3391-1,Brass et al. 2024. Role of vector phenotypic plasticity in disease transmission as illustrated by the spread of dengue virus by Aedes albopictus. Nat Commun 15: 7823,10.1038/s41467-024-52144-5,Sarah Kelly,s.kelly@imperial.ac.uk,,Interactor1Temp,SecondStressorValue,01/02/2019,18,v1
109619,824,,SK037,mortality,time taken for 50% of adults to die,,,28.0,days,,,,,,,terrestrial,laboratory,,,,,,,,2014.0,2014.0,,,,Hattiesburg USA,,,0,decimal,31.303277,-89.317865,Aedes albopictus,,,10.0,Animalia,Arthropoda,Insecta,Diptera,Culicidae,Aedes,albopictus,adult,female,20.0,Celsius,,,,,,,,,,,,,,,,,,,10.0,adult,,,,,,,,,,,,,,estimated from figure 7,Ezeakacha et al 2019. The role of temperature in affecting carry-over effects and larval competition in the globally invasive mosquito Aedes albopictus. Parasites and Vectors 12:123,10.1186/s13071-019-3391-1,Brass et al. 2024. Role of vector phenotypic plasticity in disease transmission as illustrated by the spread of dengue virus by Aedes albopictus. Nat Commun 15: 7823,10.1038/s41467-024-52144-5,Sarah Kelly,s.kelly@imperial.ac.uk,,Interactor1Temp,Location,01/02/2019,13,v1
109629,826,,SK042,survival,proportion of individuals surviving life stage (emergence rate),,,0.866,proportion,0.0024,0.0024,SE,,,,terrestrial,laboratory,,,,,estimate of total food (yeast) provided per larvae per day,1.0,mg,2019.0,2019.0,,,,Colonia Aurora Argentina,,,0,decimal,-27.47408,-54.521198,Aedes albopictus,,,5.0,Animalia,Arthropoda,Insecta,Diptera,Culicidae,Aedes,albopictus,juvenile (L1 to pupa),indeterminate,16.0,Celsius,,,,,,,,,,,,,,,,,,,5.0,juvenile,,,,,,,,,,,,,,table 4,Garzon et al 2021. Temperature and photoperiod effects on dormancy status and life cycle parameters in Aedes albopictus and Aedes aegypti from subtropical Argentina. Med Vet Entomol. 35:1,10.1111/mve.12474,Brass et al. 2024. Role of vector phenotypic plasticity in disease transmission as illustrated by the spread of dengue virus by Aedes albopictus. Nat Commun 15: 7823,10.1038/s41467-024-52144-5,Sarah Kelly,s.kelly@imperial.ac.uk,,Unplottable,,01/02/2019,12,v1
109736,843,,SK008,body size,dry mass,,,0.28,mg,0.01,0.01,SE,,,,terrestrial,laboratory,,,,,total amount of yeast made available as food,30.0,mg,2015.0,2015.0,,,,Vero Beach FL USA,field (F3),,0,decimal,27.645968,-80.405425,Aedes albopictus,,,100.0,Animalia,Arthropoda,Insecta,Diptera,Culicidae,Aedes,albopictus,adult,female,24.0,Celsius,,,,,,,,,,,,,,,,,,,100.0,adult,,,,,,,,,,,,,,figure 2,Alto et al. 2015. Interspecific Larval Competition Differentially Impacts Adult Survival in Dengue Vectors. Journal of Medical Entomology 52:2,10.1093/jme/tju062,Brass et al. 2024. Role of vector phenotypic plasticity in disease transmission as illustrated by the spread of dengue virus by Aedes albopictus. Nat Commun 15: 7823,10.1038/s41467-024-52144-5,Sarah Kelly,s.kelly@imperial.ac.uk,Ae. albopictus (F3) mosquitoes used in the experiment were the progeny of field-collected larvae from Vero Beach FL.,SecondStressorValue,Location,01/02/2019,18,v1
109744,847,,SK002,body size,mean wing length,,,3.12,mm,0.03,0.03,SE,,,,terrestrial,laboratory,,,,,estimate of total food (tetramin) provided per larvae per day,1.0,mg,2018.0,2018.0,,,,Kanazawa Japan,field (F2 and F3 gen),,0,decimal,36.55,136.666667,Aedes albopictus,,,39.0,Animalia,Arthropoda,Insecta,Diptera,Culicidae,Aedes,albopictus,adult,female,22.0,Celsius,,,,,,,,,,,,,,,,,,,20.0,adult,,,,,,,,,,,,,,table 2,Alam et al. 2020. A study comparing the growth rates of two related species Aedes albopictus and Aedes flavopictus (Diptera: Culicidae) at different temperature regimes. Medical Entomology and Zoology 71,10.7601/mez.71.25,Brass et al. 2024. Role of vector phenotypic plasticity in disease transmission as illustrated by the spread of dengue virus by Aedes albopictus. Nat Commun 15: 7823,10.1038/s41467-024-52144-5,Sarah Kelly,s.kelly@imperial.ac.uk,,Unplottable,,01/02/2019,18,v1
109905,870,,SK049,mortality,percentage not surviving life stage,,,4.12,percent,4.26,4.26,SE,,,,terrestrial,laboratory,,,,,estimate of total food (liver) provided per larvae per day,0.6,mg,2012.0,2012.0,,,,Penang Malaysia,field (F2),,0,decimal,5.355024358,100.2976418,Aedes albopictus,,,,Animalia,Arthropoda,Insecta,Diptera,Culicidae,Aedes,albopictus,juvenile (L1 to pupa),indeterminate,25.0,Celsius,,,,,,,,,,,,,,,,,,,,juvenile,,,,,,,,,,,,,,table 2,Jong et al 2017. The effect of inbreeding and larval feeding regime on immature development of Aedes albopictus. J Vector Ecol. 42:1,10.1111/jvec.12244,Brass et al. 2024. Role of vector phenotypic plasticity in disease transmission as illustrated by the spread of dengue virus by Aedes albopictus. Nat Commun 15: 7823,10.1038/s41467-024-52144-5,Sarah Kelly,s.kelly@imperial.ac.uk,field-strain mosquitoes were established from larvae and eggs collected from around the area of Aman Damai Universiti Sains Malaysia. The F2 generation of field-strain Ae. albopictus was used in these experiments.,SecondStressorValue,Location,01/02/2019,13,v1
110129,900,,SK066,survival,percentage of individuals surviving life stage (emergence rate),,,89.0,individuals,2.0,2.0,SE,,,,terrestrial,laboratory,,,,,estimate of total food (yeast) provided per larvae per day,0.17957351,mg,2011.0,2011.0,,,,Florida USA,field (F5),,0,decimal,28.077173,-81.580324,Aedes albopictus,,,531.0,Animalia,Arthropoda,Insecta,Diptera,Culicidae,Aedes,albopictus,juvenile (L1 to pupa),indeterminate,25.0,Celsius,,,,,,,,,,,,,,,,,,,,juvenile (L1 to pupa),,,,,,,,,,,,,,table 1,Muturi et al 2011. Can Pesticides and Larval Competition Alter Susceptibility of Aedes Mosquitoes (Diptera: Culicidae) to Arbovirus Infection? Journal of Medical Entomology 48:2,10.1603/ME10213,Brass et al. 2024. Role of vector phenotypic plasticity in disease transmission as illustrated by the spread of dengue virus by Aedes albopictus. Nat Commun 15: 7823,10.1038/s41467-024-52144-5,Sarah Kelly,s.kelly@imperial.ac.uk,,SecondStressorValue,Location,01/02/2019,12,v1
110278,926,,PJH002,reproductive capacity,proportion of individuals that laid eggs after first blood meal,,,0.731,proportion,,,,,,,terrestrial,laboratory,,,,,estimate of total food (tetramin) provided per larvae per day,1.0,mg,2018.0,2018.0,,,,Kanazawa Japan,field (F2 and F3 gen),,0,decimal,36.55,136.666667,Aedes albopictus,,,26.0,Animalia,Arthropoda,Insecta,Diptera,Culicidae,Aedes,albopictus,adult,female,22.0,Celsius,,,,,,,,,,,,,,,,,,,20.0,adult,,,,,,,,,,,,,,table 1,Alam et al. 2020. A study comparing the growth rates of two related species Aedes albopictus and Aedes flavopictus (Diptera: Culicidae) at different temperature regimes. Medical Entomology and Zoology 71,10.7601/mez.71.25,,,Paul Huxley,p.huxly@gmail.com,interactor1number is the number of indiviiduals that did not survive from n=100 at the start of the experiment,Unplottable,,01/02/2019,-1,v1
110281,927,,PJH003,fertility,mean number of hatched eggs in an individuals lifetime,,,15.8,eggs individual-1,6.8,6.8,SE,,,,terrestrial,laboratory,,,,,estimate of total food (tetramin) provided per larvae per day,1.0,mg,2018.0,2018.0,,,,Kanazawa Japan,field (F2 and F3 gen),,0,decimal,36.55,136.666667,Aedes albopictus,,,26.0,Animalia,Arthropoda,Insecta,Diptera,Culicidae,Aedes,albopictus,adult,female,22.0,Celsius,,,,,,,,,,,,,,,,,,,20.0,adult,,,,,,,,,,,,,,table 1,Alam et al. 2020. A study comparing the growth rates of two related species Aedes albopictus and Aedes flavopictus (Diptera: Culicidae) at different temperature regimes. Medical Entomology and Zoology 71,10.7601/mez.71.25,,,Paul Huxley,p.huxly@gmail.com,interactor1number is the number of indiviiduals that did not survive from n=100 at the start of the experiment,Unplottable,,01/02/2019,-1,v1
110336,930,,AGU005,survival rate,mean percentage surviving life stage,,,95.0,percent,3.45,3.45,se,,,,terrestrial,laboratory,,,,,,,,,,,,,Los Samanes Park Guayaquil Ecuador,colony (F7),01/01/2018,1,decimal,-2.10129,-79.89205,Tamarixia radiata,,,38.0,Animalia,Arthropoda,Insecta,Hymenoptera,Eulophidae,Tamarixia,radiata,juvenile (egg to adult),,20.0,Celsius,,27.0,Celsius,,,,,,,,,,,,,,,,,,,,,,,,,,,,,,,table 1,Aguila et al. 2020. Temperature-dependent demography and population projection of Tamarixia radiata (Hymenoptera: Eulophidae) reared on Diaphorina citri (Hemiptera: Liviidae). Journal of Economic Entom. 113:1.,10.1093/jee/toz247,,,Wills McGraw,willsmcgraw21@vt.ed,interactor1number is the number of individuals surviving life stage from an intitial n=40 at the start of the experiment,Interactor1Temp,Location,01/01/2020,15,v1
110348,932,,AGU007,lifespan,mean duration of entrie lifespan (from egg to adult death),,,51.58,days,3.31,3.31,se,,,,terrestrial,laboratory,,,,,,,,,,,,,Los Samanes Park Guayaquil Ecuador,colony (F7),01/01/2018,1,decimal,-2.10129,-79.89205,Tamarixia radiata,,,40.0,Animalia,Arthropoda,Insecta,Hymenoptera,Eulophidae,Tamarixia,radiata,,,20.0,Celsius,,27.0,Celsius,,,,,,,,,,,,,,,,,,,,,,,,,,,,,,,table 1,Aguila et al. 2020. Temperature-dependent demography and population projection of Tamarixia radiata (Hymenoptera: Eulophidae) reared on Diaphorina citri (Hemiptera: Liviidae). Journal of Economic Entom. 113:1.,10.1093/jee/toz247,,,Wills McGraw,willsmcgraw21@vt.ed,,Interactor1Temp,Location,01/01/2020,8,v1
110352,933,,AGU008,preoviposition period,mean duration from adult emergence to onset of reproduction,,,0.17,days,0.09,0.09,se,,,,terrestrial,laboratory,,,,,,,,,,,,,Los Samanes Park Guayaquil Ecuador,colony (F7),01/01/2018,1,decimal,-2.10129,-79.89205,Tamarixia radiata,,,18.0,Animalia,Arthropoda,Insecta,Hymenoptera,Eulophidae,Tamarixia,radiata,adult,female,20.0,Celsius,,27.0,Celsius,,,,,,,,,,,,,,,,,,,,,,,,,,,,,,,table 1,Aguila et al. 2020. Temperature-dependent demography and population projection of Tamarixia radiata (Hymenoptera: Eulophidae) reared on Diaphorina citri (Hemiptera: Liviidae). Journal of Economic Entom. 113:1.,10.1093/jee/toz247,,,Wills McGraw,willsmcgraw21@vt.ed,,Interactor1Temp,Location,01/01/2020,26,v1
110356,934,,AGU009,total preoviposition period,mean duration from egg to onset of reproduction,,,17.22,days,0.1,0.1,se,,,,terrestrial,laboratory,,,,,,,,,,,,,Los Samanes Park Guayaquil Ecuador,colony (F7),01/01/2018,1,decimal,-2.10129,-79.89205,Tamarixia radiata,,,18.0,Animalia,Arthropoda,Insecta,Hymenoptera,Eulophidae,Tamarixia,radiata,adult,female,20.0,Celsius,,27.0,Celsius,,,,,,,,,,,,,,,,,,,,,,,,,,,,,,,table 1,Aguila et al. 2020. Temperature-dependent demography and population projection of Tamarixia radiata (Hymenoptera: Eulophidae) reared on Diaphorina citri (Hemiptera: Liviidae). Journal of Economic Entom. 113:1.,10.1093/jee/toz247,,,Wills McGraw,willsmcgraw21@vt.ed,,Interactor1Temp,Location,01/01/2020,26,v1
110360,935,,AGU010,oviposition period,mean duration of life stage,,,43.89,days,1.84,1.84,se,,,,terrestrial,laboratory,,,,,,,,,,,,,Los Samanes Park Guayaquil Ecuador,colony (F7),01/01/2018,1,decimal,-2.10129,-79.89205,Tamarixia radiata,,,18.0,Animalia,Arthropoda,Insecta,Hymenoptera,Eulophidae,Tamarixia,radiata,adult,female,20.0,Celsius,,27.0,Celsius,,,,,,,,,,,,,,,,,,,,,,,,,,,,,,,table 1,Aguila et al. 2020. Temperature-dependent demography and population projection of Tamarixia radiata (Hymenoptera: Eulophidae) reared on Diaphorina citri (Hemiptera: Liviidae). Journal of Economic Entom. 113:1.,10.1093/jee/toz247,,,Wills McGraw,willsmcgraw21@vt.ed,,Interactor1Temp,Location,01/01/2020,27,v1
110364,936,,AGU011,fecundity,mean eggs individual-1,,,157.7,eggs,6.5,6.5,sem,,,,terrestrial,laboratory,,,,,,,,,,,,,Los Samanes Park Guayaquil Ecuador,colony (F7),01/01/2018,1,decimal,-2.10129,-79.89205,Tamarixia radiata,,,,Animalia,Arthropoda,Insecta,Hymenoptera,Eulophidae,Tamarixia,radiata,adult,female,20.0,Celsius,,27.0,Celsius,,,,,,,,,,,,,,,,,,,,,,,,,,,,,,,table 2,Aguila et al. 2020. Temperature-dependent demography and population projection of Tamarixia radiata (Hymenoptera: Eulophidae) reared on Diaphorina citri (Hemiptera: Liviidae). Journal of Economic Entom. 113:1.,10.1093/jee/toz247,,,Wills McGraw,willsmcgraw21@vt.ed,,Interactor1Temp,Location,01/01/2020,28,v1
110368,937,,AGU012,sex ratio,mean proportion of female adults cohort-1,,,0.45,ratio,0.079,0.079,sem,,,,terrestrial,laboratory,,,,,,,,,,,,,Los Samanes Park Guayaquil Ecuador,colony (F7),01/01/2018,1,decimal,-2.10129,-79.89205,Tamarixia radiata,,,,Animalia,Arthropoda,Insecta,Hymenoptera,Eulophidae,Tamarixia,radiata,adult,female,20.0,Celsius,,27.0,Celsius,,,,,,,,,,,,,,,,,,,,,,,,,,,,,,,table 2,Aguila et al. 2020. Temperature-dependent demography and population projection of Tamarixia radiata (Hymenoptera: Eulophidae) reared on Diaphorina citri (Hemiptera: Liviidae). Journal of Economic Entom. 113:1.,10.1093/jee/toz247,,,Wills McGraw,willsmcgraw21@vt.ed,,Interactor1Temp,Location,01/01/2020,-1,v1
110388,939,,LIU001,developmental time,mean duration of life stage,,,9.74,days,0.23,0.23,se,,,,terrestrial,laboratory,,,,,,,,,,,,,Pompano Beach Broward County Florida USA,colony,,0,decimal,26.234722,-80.125556,Diaphorina citri,,,35.0,Animalia,Arthropoda,Insecta,Hemiptera,Liviidae,Diaphorina,citri,egg,,15.0,Celsius,,28.0,Celsius,,,,,,,,,,,,,,,,,,,,,,,,,,,,,,,table 1,Liu and Tsai. 2005. Effects of temperature on biology and life table parameters of the Asian citrus psyllid Diaphorina citri Kuwayama (Homoptera: Psyllidae). Annals of Applied Biology 137:3.,10.1111/j.1744-7348.2000.tb00060.x,,,Wills McGraw,willsmcgraw21@vt.edu,interactor1number is the assumed number of individuals measured from egg to adult,Interactor1Temp,Location,01/01/2005,7,v1
110465,941,,LIU016,longevity,mean duration of life,,,88.3,days,4.31,4.31,se,,,,terrestrial,laboratory,,,,,,,,,,,,,Pompano Beach Broward County Florida USA,colony,,0,decimal,26.234722,-80.125556,Diaphorina citri,,,18.0,Animalia,Arthropoda,Insecta,Hemiptera,Liviidae,Diaphorina,citri,adult,female,15.0,Celsius,,28.0,Celsius,,,,,,,,,,,,,,,,,,,,,,,,,,,,,,,table 4,Liu and Tsai. 2005. Effects of temperature on biology and life table parameters of the Asian citrus psyllid Diaphorina citri Kuwayama (Homoptera: Psyllidae). Annals of Applied Biology 137:3.,10.1111/j.1744-7348.2000.tb00060.x,,,Wills McGraw,willsmcgraw21@vt.edu,,Interactor1Temp,Location,01/01/2005,8,v1
110471,942,,LIU017,fecundity,mean lifetime total number of nymphs,,,171.0,progeny individual-1,25.1,25.1,se,,,,terrestrial,laboratory,,,,,,,,,,,,,Pompano Beach Broward County Florida USA,colony,,0,decimal,26.234722,-80.125556,Diaphorina citri,,,18.0,Animalia,Arthropoda,Insecta,Hemiptera,Liviidae,Diaphorina,citri,adult,female,15.0,Celsius,,28.0,Celsius,,,,,,,,,,,,,,,,,,,,,,,,,,,,,,,table 4,Liu and Tsai. 2005. Effects of temperature on biology and life table parameters of the Asian citrus psyllid Diaphorina citri Kuwayama (Homoptera: Psyllidae). Annals of Applied Biology 137:3.,10.1111/j.1744-7348.2000.tb00060.x,,,Wills McGraw,willsmcgraw21@vt.edu,,Interactor1Temp,Location,01/01/2005,28,v1
110513,944,,MCM008,mortality,mean percent not surviving life stage,,,18.6,percent,,,,,,,terrestrial,laboratory,,,,,,,,,,,,,Summerland British Columbia Canada,colony,,0,decimal,49.600556,-119.677778,Cacopsylla pyricola,,,120.0,Animalia,Arthropoda,Insecta,Hemiptera,Psyllidae,Cacopsylla,pyricola,egg,,10.0,Celsius,,21.1,Celsius,,,,,,,,,,,,,,,,,,,,,,,,,,,,,,,table 2,McMullen and Jong 1977. Effect of temperature on developmental rate and fecundity of the Pear Psylla Psylla pyricola (Homoptera: Psyllidae). The Canadian Entomologist 109:2.,10.4039/Ent109165-2,,,Wills McGraw,willsmcgraw21@vt.edu,interactor1number is the number of individuals at the start of the experiment,Interactor1Temp,Location,01/01/1977,13,v1
110784,954,,NAV005,sex ratio,ratio of male psyllids to female psyllids,,,0.5,ratio,0.05,0.05,sd,,,,terrestrial,laboratory,,,,host,host plant -- 1 = Rangpur lime; 2 = Orange jessamine; 3 = Sunki mandarin,1.0,,,,,,,Luiz de Queiroz College of Agriculture University of Sao Paulo Piracicaba Brazil,colony,,0,decimal,-22.708333,-47.641667,Diaphorina citri,,,,Animalia,Arthropoda,Insecta,Hemiptera,Liviidae,Diaphorina,citri,egg,,24.0,Celsius,,25.0,Celsius,,,,,,,,,,,,,,,,,,,,,,,,,,,,,,,table 1,Nava et al. 2007. Biology of Diaphorina citri (Hem. Psyllidae) on different hosts and at different temperatures. Journal of Appl. Entomol. 131:9-10.,10.1111/j.1439-0418.2007.01230.x,,,Wills McGraw,willsmcgraw21@vt.edu,,SecondStressorValue,Location,01/01/2007,-1,v1
110787,955,,NAV006,head capsule width,mean width of head capsule,,,0.11,mm,0.008,0.008,sd,,,,terrestrial,laboratory,,,,host,host plant -- 1 = Rangpur lime; 2 = Orange jessamine; 3 = Sunki mandarin,1.0,,,,,,,Luiz de Queiroz College of Agriculture University of Sao Paulo Piracicaba Brazil,colony,,0,decimal,-22.708333,-47.641667,Diaphorina citri,,,14.0,Animalia,Arthropoda,Insecta,Hemiptera,Liviidae,Diaphorina,citri,N1,,24.0,Celsius,,25.0,Celsius,,,,,,,,,,,,,,,,,,,,,,,,,,,,,,,table 3,Nava et al. 2007. Biology of Diaphorina citri (Hem. Psyllidae) on different hosts and at different temperatures. Journal of Appl. Entomol. 131:9-10.,10.1111/j.1439-0418.2007.01230.x,,,Wills McGraw,willsmcgraw21@vt.edu,,SecondStressorValue,Location,01/01/2007,-1,v1
110865,957,,NAV022,fecundity,mean liftetime eggs,,,265.1,eggs individual-1,23.85,23.85,not stated,,,,terrestrial,laboratory,,,,host,host plant -- 1 = Rangpur lime; 2 = Orange jessamine; 3 = Sunki mandarin,1.0,,,,,,,Luiz de Queiroz College of Agriculture University of Sao Paulo Piracicaba Brazil,colony,,0,decimal,-22.708333,-47.641667,Diaphorina citri,,,20.0,Animalia,Arthropoda,Insecta,Hemiptera,Liviidae,Diaphorina,citri,juvenile,female,24.0,Celsius,,25.0,Celsius,,,,,,,,,,,,,,,,,,,,,,,,,,,,,,,figure 1,Nava et al. 2007. Biology of Diaphorina citri (Hem. Psyllidae) on different hosts and at different temperatures. Journal of Appl. Entomol. 131:9-10.,10.1111/j.1439-0418.2007.01230.x,,,Wills McGraw,willsmcgraw21@vt.edu,,SecondStressorValue,Location,01/01/2007,28,v1
111333,965,,HALL001,cold hardiness,percent of eggs hatched after being exposed to freezing temperatures for a given duration of time,eggs hatched,number of psyllid eggs that hatched after exposure to a given temperature,87.5,percent,,,,14.0,,1.0,terrestrial,laboratory,,,,,,,,,,,,,USDA-ARS U.S. Horticultural Research Laboratory Fort Pierce Florida USA,colony,,0,,,,Diaphorina citri,,,16.0,Animalia,Arthropoda,Insecta,Hemiptera,Liviidae,Diaphorina,citri,egg,,-5.36,Celsius,,,,,,,,,,,,0.0,hours,,,,,,,,,,,,,,,,,,,,,figure 2,"Hall et al. 2011. Temperature studies with the Asian citrus psyllid, Diaphorina citri: Cold hardiness and temperature thresholds for oviposition. Journal of Insect Science 11 (1): 83.",https://doi.org/10.1673/031.011.8301,,,Cat Lippi,catlippi@vt.edu,,Interactor1Temp,Location,01/01/2011,-1,v1
112267,966,5,HALL004,temperature thresholds for oviposition,number of psyllid eggs laid over a 48 hour period at temperatures at which female psyllids were held,,,0.0,number of eggs,,,,,,,terrestrial,laboratory,,,,,,,,,,,,,USDA-ARS U.S. Horticultural Research Laboratory Fort Pierce Florida USA,colony,,0,,,,Diaphorina citri,,,,Animalia,Arthropoda,Insecta,Hemiptera,Liviidae,Diaphorina,citri,adult,female,17.0,Celsius,,,,,,,,,,,,,,,,,,,,,,,,,,,,,,,,,,figure 5,"Hall et al. 2011. Temperature studies with the Asian citrus psyllid, Diaphorina citri: Cold hardiness and temperature thresholds for oviposition. Journal of Insect Science 11 (1): 83.",https://doi.org/10.1673/031.011.8301,,,Cat Lippi,catlippi@vt.edu,,Interactor1Temp,Location,01/01/2011,-1,v1
112410,970,,BRB003,mortality rate,inverse of mean longevity,z,adult mortality rate,0.796,days-1,,,,0.796,individual-1 day-1,,terrestrial,laboratory,,,,,,,,,,,,,Dschang Cameroon,field (cabbage),,0,decimal,5.267,10.0409,Brevicoryne brassicae,,,100.0,Animalia,Arthropoda,Insecta,Hemiptera,Aphididae,Brevicoryne,brassicae,adult,,2.5,Celsius,,25.0,Celsius,,,,,,,,,,,,,,,,,,,,,,,,,,,,,,,figure 4a ,Soh et al. 2018. Effect of temperature on the biological parameters of the cabbage aphid Brevicoryne brassicae. Ecol. Evol. 8:23,10.1002/ece3.4639,,,Paul Huxley,phuxly@gmail.com,,Interactor1Temp,Location,01/01/2018,14,v1
112417,971,,BRV004,fecundity,mean lifetime progeny,bmax,,41.4,progeny individual-1,3.04,3.04,se,,,,terrestrial,laboratory,,,,,,,,,,,,,Dschang Cameroon,field (cabbage),,0,decimal,5.267,10.0409,Brevicoryne brassicae,,,48.0,Animalia,Arthropoda,Insecta,Hemiptera,Aphididae,Brevicoryne,brassicae,adult,,10.0,Celsius,,25.0,Celsius,,,,,,,,,,,,,,,,,,,,,,,,,,,,,,,table 6,Soh et al. 2018. Effect of temperature on the biological parameters of the cabbage aphid Brevicoryne brassicae. Ecol. Evol. 8:23,10.1002/ece3.4639,,,Paul Huxley,phuxly@gmail.com,,Interactor1Temp,Location,01/01/2018,28,v1
112459,975,,BVB003,longevity,percent not surviving life stage,z,adult mortality rate,11.4,days,0.48,0.48,se,0.088,individual-1 day-1,,terrestrial,laboratory,,,,,,,,,,,,,Iksan South Korea,colony,,0,decimal,35.943889,126.954444,Brevicoryne brassicae,,,26.0,Animalia,Arthropoda,Insecta,Hemiptera,Aphididae,Brevicoryne,brassicae,adult,,18.0,Celsius,,24.0,Celsius,,,,,,,,,,,,,,,,,,,,,,,,,,,,,,,table 4,Kim et al. 2014. Life table analysis of the cabbage aphid Brevicoryne brassicae (Linnaeus) (Homoptera: Aphididae) on Tah Tsai Chinese cabbages. Korean Journal of Applied Entomology 53:4,10.5656/KSAE.2014.11.0.058,,,Paul Huxley,phuxly@gmail.com,,Interactor1Temp,Location,01/01/2014,8,v1
112469,977,,BVB005,fecundity rate,mean progeny per unit time,bmax,fecundity rate,2.0,progeny individual-1 day-1,0.06,0.06,se,2.0,progeny individual-1 day-1,,terrestrial,laboratory,,,,,,,,,,,,,Iksan South Korea,colony (cabbage),,0,decimal,35.943889,126.954444,Brevicoryne brassicae,,,26.0,Animalia,Arthropoda,Insecta,Hemiptera,Aphididae,Brevicoryne,brassicae,adult,female,18.0,Celsius,,24.0,Celsius,,,,,,,,,,,,,,,,,,,,,,,,,,,,,,,table 4,Kim et al. 2014. Life table analysis of the cabbage aphid Brevicoryne brassicae (Linnaeus) (Homoptera: Aphididae) on Tah Tsai Chinese cabbages. Korean Journal of Applied Entomology 53:4,10.5656/KSAE.2014.11.0.058,,,Paul Huxley,phuxly@gmail.com,,Interactor1Temp,Location,01/01/2014,29,v1
112717,986,,AII003,reproductive and post-reproductive periods,mean duration of life stage,,,26.0,days,2.9,2.9,se,,,,terrestrial,laboratory,,,,,,,,,,,,,Anyang Henan China,field (cotton),,0,decimal,36.07,114.22,Aphis gossypii,,,,Animalia,Arthropoda,Insecta,Homoptera,Aphididae,Aphis,gossypii,adult,,10.0,Celsius,,,,,,,,,,,,,,,,,,,,,,,,,,,,,,,,,,table 1,Xia et al. 1999. Influence of temperature on bionomics of cotton aphid Aphis gossypii on cotton. Entomologia Experimentalis et Applicata 90:1,10.1046/j.1570-7458.1999.00420.x,"Pawar, S., Huxley, P.J., Smallwood, T.R.C. et al. Variation in temperature of peak trait performance constrains adaptation of arthropod populations to climatic warming. Nat Ecol Evol 8, 500–510 (2024).",10.1038/s41559-023-02301-8,Paul Huxley,phuxly@gmail.com,,Interactor1Temp,Location,01/01/1999,25,v1
112729,988,,AII005,age at first reproduction,mean duration of life stage,,,25.9,days,1.1,1.1,se,,,,terrestrial,laboratory,,,,,,,,,,,,,Anyang Henan China,field (cotton),,0,decimal,36.07,114.22,Aphis gossypii,,,,Animalia,Arthropoda,Insecta,Homoptera,Aphididae,Aphis,gossypii,adult,,10.0,Celsius,,,,,,,,,,,,,,,,,,,,,,,,,,,,,,,,,,table 1,Xia et al. 1999. Influence of temperature on bionomics of cotton aphid Aphis gossypii on cotton. Entomologia Experimentalis et Applicata 90:1,10.1046/j.1570-7458.1999.00420.x,"Pawar, S., Huxley, P.J., Smallwood, T.R.C. et al. Variation in temperature of peak trait performance constrains adaptation of arthropod populations to climatic warming. Nat Ecol Evol 8, 500–510 (2024).",10.1038/s41559-023-02301-8,Paul Huxley,phuxly@gmail.com,,Interactor1Temp,Location,01/01/1999,-1,v1
112735,989,,AII006,life cycle,mean duration of entire life cycle,,,53.4,days,3.6,3.6,se,,,,terrestrial,laboratory,,,,,,,,,,,,,Anyang Henan China,field (cotton),,0,decimal,36.07,114.22,Aphis gossypii,,,,Animalia,Arthropoda,Insecta,Homoptera,Aphididae,Aphis,gossypii,adult,,10.0,Celsius,,,,,,,,,,,,,,,,,,,,,,,,,,,,,,,,,,table 1,Xia et al. 1999. Influence of temperature on bionomics of cotton aphid Aphis gossypii on cotton. Entomologia Experimentalis et Applicata 90:1,10.1046/j.1570-7458.1999.00420.x,"Pawar, S., Huxley, P.J., Smallwood, T.R.C. et al. Variation in temperature of peak trait performance constrains adaptation of arthropod populations to climatic warming. Nat Ecol Evol 8, 500–510 (2024).",10.1038/s41559-023-02301-8,Paul Huxley,phuxly@gmail.com,,Interactor1Temp,Location,01/01/1999,-1,v1
112777,996,,URV005,age at first reproduction,mean duration from birth to onset of reproduction,,,13.83,days,0.18,0.18,se,,,,terrestrial,laboratory,,,,,,,,,,,,,Yangzhou China,colony (L. sativa),01/01/2020,1,decimal,32.3944,119.4128,Uroleucon formosanum,,,,Animalia,Arthropoda,Insecta,Hemiptera,Aphididae,Uroleucon,formosanuum,juvenile and adult,,17.0,Celsius,,21.0,Celsius,,,,,,,,,,,,,,,,,,,,,,,,,,,,,,,table 1,Jing et al. 2022. Life table construction under different temperatures and insecticide susceptibility analysis of Uroleucon formosanum (Hemiptera: Aphididae). Insects 13:8,10.3390/insects13080693,,,Paul Huxley,phuxly@gmail.com,,Interactor1Temp,Location,01/01/2022,-1,v1
112811,1000,,ELG002,fecundity rate,mean maximum progeny per unit time,bmax,fecundity rate,2.1,progeny individual-1 day-1,,,,2.1,progeny individual-1 day-1,,terrestrial,laboratory,,,,,,,,,,,,,Kunming China,field (apple),,0,decimal,25.0464,102.7094,Eriosoma lanigerum,,,,Animalia,Arthropoda,Insecta,Hemiptera,Aphididae,Eriosoma,lanigerum,adult,,15.0,Celsius,,,,,,,,,,,,,,,,,,,,,,,,,,,,,,,,,,table 3,Yu et al. 1989. Effect of temperature on the development of wooly apple aphid Eriosoma lanigerum (Hausm.). Zoological Res. 10:1,,,,Paul Huxley,phuxly@gmail.com,,Interactor1Temp,Location,01/01/1989,29,v1
112816,1001,,MSRO01,development rate,replicate-level mean rate of life stage completion,1/alpha,development rate,0.074,days-1,,,,0.074,individual-1 day-1,,terrestrial,laboratory,,,,,,,,,,,,,Isfahan Iran,field (rose),,0,decimal,32.644722,51.6675,Macrosiphum rosae,,,,Animalia,Arthropoda,Insecta,Homoptera,Aphididae,Macrosiphum,rosae,juvenile (birth to adult),,15.0,Celsius,,,,,,,,,,,,,,,,,,,,,,,,,,,,,,,,,,figure 1,Mehrparvar and Hatami 2007. Effect of temperature on some biological parameters of an Iranian population of the Rose Aphid Macrosiphum rosae (Hemiptera: Aphididae). European Journal of Entomology 104:3,10.14411/eje.2007.078,,,Paul Huxley,phuxly@gmail.com,,Interactor1Temp,Location,01/01/2007,7,v1
112868,1003,,PHtoc3,development time,mean duration of juvenile stages and from adult emergence to the onset of reproduction,1/alpha,development rate,0.0,days,,,,0.0,individual-1 day-1,,terrestrial,laboratory,,,,,,,,,,,,,Okitsu Shizuoka Japan,field (citrus orchard),,0,decimal,35.0525,138.521944,Toxoptera citricida,,,,Animalia,Arthropoda,Insecta,Homoptera,Aphididae,Aphis,citricida,juvenile (birth to adult),,29.7,Celsius,,27.5,Celsius,,,,,,,,,,,,,,,,,,,,,,,,,,,,,,,table 1,Komazaki 1982. Effects Of Constant Temperatures On Population Growth Of Three Aphid Species Toxoptera Citricidus (Kirkaldy) Aphis Citricola Van Der Got and Aphis gossypii Glover (Homoptera: Aphididae) on citrus.EAppl. Entomol. Zool. 17:6,10.1303/aez.17.75,,,Paul Huxley,phuxly@gmail.com,reared on Citrus unshiu,Interactor1Temp,Location,01/01/1982,6,v1
112963,1008,,RHOP016,fecundity rate,maximum number of offspring per female per day,bmax,,3.11,nymphs individual-1 day-1,,,,,,,terrestrial,laboratory,,,,rearing food type,reared on corn = 2,2.0,,,,,,,Shahr-e Kord Iran,field (corn),,0,decimal,32.3,50.84,Rhopalosiphum padi,,,25.0,Animalia,Arthropoda,Insecta,Hemiptera,Aphididae,Rhopalosiphum,padi,adult,female,8.5,Celsius,,25.0,Celsius,,,,,,,,,,,,,,,,,,,,,,,,,,,,,,,text,Aboutalebian et al. 2020. Selected demographic data of the bird cherry-oat aphid Rhopalosiphum padi L. on corn Zea mays L. at different temperatures. J. Agr. Sci. Tech 22:1,,,,Paul Huxley,phuxly@gmail.com,reared on corn. interactor1number is the number of individuals that survived the juvenile stage from n=66 at the startof the experiment,Unplottable,,01/01/2016,29,v1
112979,1011,,ROY001,fecundity rate,mean number of nymphs per day per female,,,1.8,progeny individual-1 day-1,0.38,0.38,sd,,,,terrestrial,laboratory,,,,,,,,,,,,,Weslaco Texas USA,field,,0,decimal,26.159167,-97.9875,Pemphigus populitransversus,,,10.0,Animalia,Arthropoda,Insecta,Hemiptera,Aphididae,Pemphigus,populitransversus,adult (fundatrigenia),,10.0,Celsius,,,,,,,,,,,,,,,,,,,,,,,,,,,,,,,,,,table 1,Royer et al. 1999. Temperature Related Stage-Specific Development and Fecundity of Colonizing and Root-Feeding Morphs of Pemphigus populitransversus (Homoptera: Aphididae) on Brassica. Environ. Entomol. 28:4,10.1093/ee/28.4.572,,,Wills McGraw,willsmcgraw21@vt.edu,,Interactor1Temp,Location,01/01/1999,29,v1
113004,1014,,ROY006,development rate,inverse of the mean duration of life stage,,,0.108,days-1,,,,,,,terrestrial,laboratory,,,,,,,,,,,,,College Station Texas USA,colony,,0,decimal,30.601389,-96.314444,Pemphigus populitransversus,,,8.0,Animalia,Arthropoda,Insecta,Hemiptera,Aphididae,Pemphigus,populitransversus,N1 (alienicolae),,10.0,Celsius,,,,,,,,,,,,,,,,,,,,,,,,,,,,,,,,,,table 3,Royer et al. 1999. Temperature Related Stage-Specific Development and Fecundity of Colonizing and Root-Feeding Morphs of Pemphigus populitransversus (Homoptera: Aphididae) on Brassica. Environ. Entomol. 28:4,10.1093/ee/28.4.572,,,Wills McGraw,willsmcgraw21@vt.edu,development rate of a stage is calculated as the inverse of the development time of that stage,Interactor1Temp,Location,01/01/1999,7,v1
113293,1041,,SCM003,fecundity,mean duration of life stage,bmax,fecundity rate,18.25,progeny individual-1,0.79,0.79,se,0.305,progeny individual-1 day-1,,terrestrial,laboratory,,,,,,,,,,,,,Isfahan Iran,colony (barley),01/01/2008,2,decimal,32.644722,51.6675,Schizaphis graminum,,,54.0,Animalia,Arthropoda,Insecta,Hemiptera,Aphididae,Schizaphis,graminum,adult,,10.0,Celsius,,22.0,Celsius,,,,,,,,,,,,,,,,,,,,,,,,,,,,,,,table 1,Tofangsazi et al. 2012. Effect of different constant temperatures on biology of Schizaphis graminum (Rondani) (Hemiptera: Aphididae) on barley Hordeum vulgare l. (Poaceae) in Iran. J. Plant Pro. Res. 52:3,10.2478/v10045-012-0052-1,,,Paul Huxley,phuxly@gmail.com,reared on barley,Interactor1Temp,Location,01/01/2012,28,v1
113358,1047,,AFB003,age at first reproduction,mean age at the onset of reproduction,,,12.14,days,0.11,0.11,se,,,,terrestrial,laboratory,,,,,,,,,,,,,Samsun Turkey,field (faba bean),,0,decimal,41.290278,36.333611,Aphis fabae,,,,Animalia,Arthropoda,Insecta,Hemiptera,Aphididae,Aphis,fabae,juvenile (birth to reproductive adult),,15.0,Celsius,,25.0,Celsius,,,,,,,,,,,,,,,,,,,,,,,,,,,,,,,table 1,Akca et al. 2015. Demography and population projection of Aphis fabae (Hemiptera: Aphididae): With additional comments on life table research criteria. J Econ. Entomol. 108:4,10.1093/jee/tov187,,,Paul Huxley,phuxly@gmail.com,reared on faba bean,Interactor1Temp,Location,01/01/2015,-1,v1
113648,1073,,CFS006,post-reproductive period,mean duration of life stage,,,5.0,days,1.3,1.3,sd,,,,terrestrial,laboratory,,,,,,,,,,,,,Hohhot Inner Mongolia China,field (pine),,0,decimal,40.842,111.749,Cinara formosana,,,,Animalia,Arthropoda,Insecta,Homoptera,Aphididae,Cinara,formosana,adult,,13.0,Celsius,,,,,,,,,,,,,,,,,,,,,,,,,,,,,,,,,,table 1,Shao et al. 2015. Influences of temperature on the development and fecundity of Cinara formosana (Homoptera: Lachnidae). Chinese J. Ecol. 34:7,,,,Paul Huxley,phuxly@gmail.com,reared on pine,Interactor1Temp,Location,01/01/2015,25,v1
113820,1091,,DAC001,growth rate,mean relative growth rate (ln(adult moult weight (ug)) - ln(birth wt (ug))/development time),,,0.046,ug ug-1 day-1,,,,,,,terrestrial,laboratory,,,,,,,,,,,,,Norwich UK,field (sycamore),01/01/1978,5,decimal,52.628611,1.292778,Drepanosiphum acerinum,,,8.0,Animalia,Arthropoda,Insecta,Hemiptera,Aphididae,Drepanosiphum,acerinum,juvenile (birth to adult),,6.0,Celsius,,15.0,Celsius,,,,,,,,,,,,,,,,,,,,,,,,,,,,,,,figure 1a,Wellings 1981. The effect of temperature on the growth and reproduction of two closely related aphid species on sycamore. Ecol. Entomol. 6:2,10.1111/j.1365-2311.1981.tb00608.x,,,Paul Huxley,phuxly@gmail.com,reared on sycamore,Interactor1Temp,Location,01/01/1981,7,v1
113922,1111,,CSP003,body length,replicate-level mean body length,,,1.94,mm,,,,,,,terrestrial,laboratory,,,,,,,,,,,,,South East England,field,,0,decimal,51.3167,-0.5,Cinara sp. nov.,,,29.0,Animalia,Arthropoda,Insecta,Hemiptera,Aphididae,Cinara,sp. nov.,adult,,10.0,Celsius,,21.0,Celsius,,,,,,,,,,,,,,,,,,,,,,,,,,,,,,,figure 3a,Kairo and Murphy 1999. Temperature and plant nutrient effects on the development survival and reproduction of Cinara sp. nov. an invasive pest of cypress trees in Africa. Entomologia Experimentalis et Applicata 92:2,,,,Paul Huxley,phuxly@gmail.com,reared on cypress,Interactor1Temp,Location,01/01/1999,17,v1
113953,1116,,HPN005,fecundity rate,maximum progeny per unit time,bmax,fecundity rate,1.22,progeny individual-1 day-1,0.15,0.15,se,,,,terrestrial,laboratory,,,,,,,,,,,,,Sutter County California USA,field (prune),,3,decimal,39.04,-121.69,Hyalopterus pruni,,,45.0,Animalia,Arthropoda,Insecta,Hemiptera,Aphididae,Hyalopterus,pruni,adult,,14.0,Celsius,,,,,,,,,,,,,,,,,,,,,,,,,,,,,,,,,,figure 3,Latham and Mills 2011. Effects of temperature on the life history parameters and population growth rates of Hyalopterus pruni (Hemiptera: Aphididae). J. Econ. Entomol. 104:6,10.1603/EC11145,,,Paul Huxley,phuxly@gmail.com,reared on prune,Interactor1Temp,Location,01/01/2011,29,v1
114159,1139,,LC1121,effective fecundity,mean number of nymphs produced individual-1 during a period equivalent to the prereporoductive time,,,25.3,nymphs unit time-1,0.99,0.99,se,,,,terrestrial,laboratory,,,,low-content DIMBOA,,,,,,,,,Lleida Spain,colony (greenhouse wheat),,0,decimal,41.62064,0.61993,Rhopalosiphum padi,Bird cherry-oat aphid,,148.0,Animalia,Arthropoda,Insecta,Homoptera,Aphididae,Rhopalosiphum,padi,adult,,18.0,Celsius,,,,,,,,,,,,,,,,,,,,,,,,,,,,,,,,,,table 3,Asin and Pons 2001. Effect of high temperature on the growth and reproduction of Corn Aphids (Homoptera: Aphididae) and implications for their population dynamics on the northeastern Iberian peninsula. Environ. Entomol. 30,10.1603/0046-225X-30.6.1127,,,Lauren Chapman,phuxly@gmail.com,,Interactor1Temp,Location,01/01/2001,-1,v1
114697,1152,,PHXmp3,body size (alate),mean wet mass,,,0.73,mg,0.03,0.03,se,,,,terrestrial,laboratory,,,,,,,,,,,,,Bergian Garden Stockholm Sweden,field (greenhouse),01/01/1997,1,decimal,59.37,18.047,Macrosiphum euphorbiae,,,31.0,Animalia,Arthropoda,Insecta,Homoptera,Aphididae,Macrosiphum,euphorbia,adult,,,,,,,,,,,,,,,,,,,,,,,,,,,,,,,,,,,,,table 1,Jansson and Ekbom 2002. The effect of different plant nutrient regimes on the aphid Macrosiphum euphorbiae growing on petunia. Entomologia Experimentalis et Applicata 104:1,10.1046/j.1570-7458.2002.00997.x,"Pawar, S., Huxley, P.J., Smallwood, T.R.C. et al. Variation in temperature of peak trait performance constrains adaptation of arthropod populations to climatic warming. Nat Ecol Evol 8, 500–510 (2024).",10.1038/s41559-023-02301-8,Paul Huxley,phuxly@gmail.com,,Unplottable,,01/01/2002,-1,v1
114700,1153,,PHXmp4,body size (apterous),mean wet mass,,,0.64,mg,0.04,0.04,se,,,,terrestrial,laboratory,,,,,,,,,,,,,Bergian Garden Stockholm Sweden,field (greenhouse),01/01/1997,1,decimal,59.37,18.047,Macrosiphum euphorbiae,,,23.0,Animalia,Arthropoda,Insecta,Homoptera,Aphididae,Macrosiphum,euphorbia,adult,,,,,,,,,,,,,,,,,,,,,,,,,,,,,,,,,,,,,table 1,Jansson and Ekbom 2002. The effect of different plant nutrient regimes on the aphid Macrosiphum euphorbiae growing on petunia. Entomologia Experimentalis et Applicata 104:1,10.1046/j.1570-7458.2002.00997.x,"Pawar, S., Huxley, P.J., Smallwood, T.R.C. et al. Variation in temperature of peak trait performance constrains adaptation of arthropod populations to climatic warming. Nat Ecol Evol 8, 500–510 (2024).",10.1038/s41559-023-02301-8,Paul Huxley,phuxly@gmail.com,,Unplottable,,01/01/2002,-1,v1
114731,1159,,ROP003,maximum fecundity,mean duration from onset of reproduction to maximum reproductive output,,,71.5,days,,,,,,,terrestrial,laboratory,,,,,,,,,,,,,Hamilton New Zealand,field (lucerne),,0,decimal,-37.783333,175.283333,Acyrthosiphon kondoi,,,,Animalia,Arthropoda,Insecta,Hemiptera,Aphididae,Acyrthosiphon,kondoi,adult,,6.0,Celsius,,16.5,Celsius,,,,,,,,,,,,,,,,,,,,,,,,,,,,,,,text,Rohitha and Penman 1983. Effect of temperature on the biology of bluegreen lucerne aphid Acyrthosiphon kondoi. New Zealand Journal of Zoology 10:3,10.1080/03014223.1983.10423919,,,Paul Huxley,phuxly@gmail.com,,Interactor1Temp,Location,01/01/1983,-1,v1
114987,1190,,CRV004,fecundity rate,mean duration of life stage,bmax,fecundity rate,0.0,progeny individual-1 day-1,,,,0.0,progeny individual-1 day-1,,terrestrial,laboratory,,,,,,,,,,,,,Payne County Oklahoma USA,field (alfalfa),,0,decimal,36.08,-96.97,Aphis craccivora,,,8.0,Animalia,Arthropoda,Insecta,Homoptera,Aphididae,Aphis,craccivora,adult,female,7.2,Celsius,,22.0,Celsius,,,,,,,,,,,,,,,,,,,,,,,,,,,,,,,table 2,Berberet et al. 2009. Development reproduction and within-plant infestation patterns of Aphis craccivora (Homoptera: Aphididae) on alfalfa. Environ. Entomol. 38:9,10.1603/022.038.0630,,,Paul Huxley,phuxly@gmail.com,trait value set to zero because no juveniles attained adulthood or reproduced after 60 d observational period,Interactor1Temp,Location,01/01/2009,29,v1
114998,1192,,ACC002,pre-reproductive period,mean rate of life stage completion,,,24.0,days,0.0,0.0,sd,,,,terrestrial,laboratory,,,,,,,,,,,,,Poznan Poland,field (black locust),01/01/2015,1,decimal,52.408333,16.933611,Aphis craccivora,,,,Animalia,Arthropoda,Insecta,Hemiptera,Aphididae,Aphis,craccivora,juvenile (birth to adult),,10.0,Celsius,,,,,,,,,,,,,,,,,,,,,,,,,,,,,,,,,,table 1,Borowiak-sobkowiak 2017. Effect of temperature on the biological parameters of Aphis craccivora (Hemiptera: Aphididae) on Robinia pseudoacacia. Redia 100,10.19263/REDIA-100.17.07,,,Paul Huxley,phuxly@gmail.com,,Interactor1Temp,Location,01/01/2017,24,v1
115003,1193,,ACC003,reproductive period,mean rate of life stage completion,,,27.5,days,1.8,1.8,sd,,,,terrestrial,laboratory,,,,,,,,,,,,,Poznan Poland,field (black locust),01/01/2015,1,decimal,52.408333,16.933611,Aphis craccivora,,,20.0,Animalia,Arthropoda,Insecta,Hemiptera,Aphididae,Aphis,craccivora,juvenile (birth to adult),,10.0,Celsius,,,,,,,,,,,,,,,,,,,,,,,,,,,,,,,,,,table 1,Borowiak-sobkowiak 2017. Effect of temperature on the biological parameters of Aphis craccivora (Hemiptera: Aphididae) on Robinia pseudoacacia. Redia 100,10.19263/REDIA-100.17.07,,,Paul Huxley,phuxly@gmail.com,,Interactor1Temp,Location,01/01/2017,25,v1
115008,1194,,ACC004,post-reproductive period,mean rate of life stage completion,,,9.6,days,3.9,3.9,sd,,,,terrestrial,laboratory,,,,,,,,,,,,,Poznan Poland,field (black locust),01/01/2015,1,decimal,52.408333,16.933611,Aphis craccivora,,,,Animalia,Arthropoda,Insecta,Hemiptera,Aphididae,Aphis,craccivora,juvenile (birth to adult),,10.0,Celsius,,,,,,,,,,,,,,,,,,,,,,,,,,,,,,,,,,table 1,Borowiak-sobkowiak 2017. Effect of temperature on the biological parameters of Aphis craccivora (Hemiptera: Aphididae) on Robinia pseudoacacia. Redia 100,10.19263/REDIA-100.17.07,,,Paul Huxley,phuxly@gmail.com,,Interactor1Temp,Location,01/01/2017,25,v1
115013,1195,,ACC005,longevity,mean rate of life stage completion,z,adult mortality rate,61.1,days,3.8,3.8,sd,0.016,individual-1 day-1,,terrestrial,laboratory,,,,,,,,,,,,,Poznan Poland,field (black locust),01/01/2015,1,decimal,52.408333,16.933611,Aphis craccivora,,,20.0,Animalia,Arthropoda,Insecta,Hemiptera,Aphididae,Aphis,craccivora,adult,,10.0,Celsius,,,,,,,,,,,,,,,,,,,,,,,,,,,,,,,,,,table 1,Borowiak-sobkowiak 2017. Effect of temperature on the biological parameters of Aphis craccivora (Hemiptera: Aphididae) on Robinia pseudoacacia. Redia 100,10.19263/REDIA-100.17.07,,,Paul Huxley,phuxly@gmail.com,,Interactor1Temp,Location,01/01/2017,8,v1
118297,1245,,URM001,body size (alate nymph),mean wet mass,,,3.8,days,0.13,0.13,not stated,,,,terrestrial,laboratory,,,,,,,,,,,,,Sao Paulo Brazil,colony (lettuce),,0,decimal,-10.0,-52.0,Tuberolachnus salignus,,,40.0,Animalia,Arthropoda,Insecta,Hemiptera,Aphididae,Uroleucon,ambrosiae,N1,,15.0,Celsius,,20.0,Celsius,,,,,,,,,,,,,,,,,,,,,,,,,,,,,,,table 1,Collins and Leather 2001. Effect of temperature on fecundity and development of the Giant Willow Aphid Tuberolachnus salignus (Sternorrhyncha: Aphididae). European Journal of Entomology 98:2,10.14411/eje.2001.033,,,Paul Huxley,phuxly@gmail.com,,Interactor1Temp,Location,01/01/2001,-1,v1
118312,1246,,URM002,body size (apterous nymph),mean wet mass,,,3.9,days,0.18,0.18,not stated,,,,terrestrial,laboratory,,,,,,,,,,,,,Sao Paulo Brazil,colony (lettuce),,0,decimal,-10.0,-52.0,Tuberolachnus salignus,,,40.0,Animalia,Arthropoda,Insecta,Hemiptera,Aphididae,Uroleucon,ambrosiae,adult,female,15.0,Celsius,,20.0,Celsius,,,,,,,,,,,,,,,,,,,,,,,,,,,,,,,table 1,Collins and Leather 2001. Effect of temperature on fecundity and development of the Giant Willow Aphid Tuberolachnus salignus (Sternorrhyncha: Aphididae). European Journal of Entomology 98:2,10.14411/eje.2001.033,,,Paul Huxley,phuxly@gmail.com,,Interactor1Temp,Location,01/01/2001,-1,v1
118315,1247,,URM003,fecundity (alate),mean lifetime offspring,bmax,fecundity rate,15.57,days,1.1,1.1,not stated,,,,terrestrial,laboratory,,,,,,,,,,,,,Sao Paulo Brazil,colony (lettuce),,0,decimal,-10.0,-52.0,Tuberolachnus salignus,,,40.0,Animalia,Arthropoda,Insecta,Hemiptera,Aphididae,Uroleucon,ambrosiae,adult,female,15.0,Celsius,,20.0,Celsius,,,,,,,,,,,,,,,,,,,,,,,,,,,,,,,table 1,Collins and Leather 2001. Effect of temperature on fecundity and development of the Giant Willow Aphid Tuberolachnus salignus (Sternorrhyncha: Aphididae). European Journal of Entomology 98:2,10.14411/eje.2001.033,,,Paul Huxley,phuxly@gmail.com,,Interactor1Temp,Location,01/01/2001,-1,v1
118318,1248,,URM004,fecundity (apterous),mean lifetime offspring,bmax,fecundity rate,2.07,days,0.29,0.29,not stated,,,,terrestrial,laboratory,,,,,,,,,,,,,Sao Paulo Brazil,colony (lettuce),,0,decimal,-10.0,-52.0,Tuberolachnus salignus,,,40.0,Animalia,Arthropoda,Insecta,Hemiptera,Aphididae,Uroleucon,ambrosiae,adult,female,15.0,Celsius,,20.0,Celsius,,,,,,,,,,,,,,,,,,,,,,,,,,,,,,,table 1,Collins and Leather 2001. Effect of temperature on fecundity and development of the Giant Willow Aphid Tuberolachnus salignus (Sternorrhyncha: Aphididae). European Journal of Entomology 98:2,10.14411/eje.2001.033,,,Paul Huxley,phuxly@gmail.com,,Interactor1Temp,Location,01/01/2001,-1,v1
118535,1275,,ARU001,development time,mean duration of life stage as a function of rearing food type (secondstressor) and temperature,,,2.37,days,0.09,0.09,se,,,,terrestrial,laboratory,,,,rearing food type,type of food individuals were reared on. 1 = Rumex obtusifolius 0 = Beta vulgaris vulgaris var. cida,1.0,,,,,,,Adana Turkey,field (chard and broadleaf dock),,0,decimal,37.0,35.321333,Aphis rumicis,,,27.0,Animalia,Arthropoda,Insecta,Homoptera,Aphididae,Aphis,rumicis,N1,,17.5,Celsius,,25.0,Celsius,,,,,,,,,,,,,,,,,,,,,,,,,,,,,,,table 1,Bayhan et al. 2006. Effect of temperature on development mortality fecundity and reproduction of Aphis rumicis L. (Homoptera: Aphididae) on broadleaf dock (Rumex obtusifolius) and Swiss chard (Beta vulgaris vulgaris var. cida). Journal of Pest Science 79:1,10.1007/s10340-005-0112-7,,,Paul Huxley,phuxly@gmail.com,,Unplottable,,01/01/2006,6,v1
118615,1277,,ARU005,longevity,mean duration of life stage as a function of rearing food type (secondstressor) and temperature,z,adult mortality rate,22.72,days,1.33,1.33,se,0.044,individual-1 day-1,,terrestrial,laboratory,,,,rearing food type,type of food individuals were reared on. 1 = Rumex obtusifolius 0 = Beta vulgaris vulgaris var. cida,1.0,,,,,,,Adana Turkey,field (chard and broadleaf dock),,0,decimal,37.0,35.321333,Aphis rumicis,,,27.0,Animalia,Arthropoda,Insecta,Homoptera,Aphididae,Aphis,rumicis,adult,female,17.5,Celsius,,25.0,Celsius,,,,,,,,,,,,,,,,,,,,,,,,,,,,,,,table 3,Bayhan et al. 2006. Effect of temperature on development mortality fecundity and reproduction of Aphis rumicis L. (Homoptera: Aphididae) on broadleaf dock (Rumex obtusifolius) and Swiss chard (Beta vulgaris vulgaris var. cida). Journal of Pest Science 79:1,10.1007/s10340-005-0112-7,,,Paul Huxley,phuxly@gmail.com,,Unplottable,,01/01/2006,8,v1
118841,1298,,MED002,fecundity,mean population-level offspring (100 individuals),,,23.0,days,2.4,2.4,se,0.043,individual-1 day-1,,terrestrial,laboratory,,,,,,,,,,,,,not stated,not stated,,0,,,,Cinara tujafilina,,,,Animalia,Arthropoda,Insecta,Hemiptera,Aphididae,Metopolophium,dirhodum,adult,,10.0,Celsius,,20.0,Celsius,,,,,,,,,,,,,,,,,,,,,,,,,,,,,,,table 2,Durak and Borowiak-Sobkowiak 2013. Influence of temperature on the biological parameters of the anholocyclic species Cinara tujafilina (Hemiptera: Aphidoidea). Open Life Sciences 8:6,10.2478/s11535-013-0161-x,,,Paul Huxley,phuxly@gmail.com,,Interactor1Temp,Location,01/01/2013,28,v1
121630,1322,,DIN004,longevity,mean duration of adult lifespan as a function of temperature and the number of instars completed prior to reproductive adulthood (secondstressor),z,adult mortality rate,14.5,days,2.2,2.2,se,0.069,individual-1 day-1,,terrestrial,laboratory,,,,class,the number of juvenile instars completed prior to reproductive adulthood,4.0,,,,,,,Bushland Texas USA,field (winter wheat),,0,decimal,35.191944,-102.064722,Diuraphis noxia,,,30.0,Animalia,Arthropoda,Insecta,Homoptera,Aphididae,Diuraphis,noxia,adult (apterous),female,5.0,Celsius,,,,,,,,,,,,,,,,,,,,,,,,,,,,,,,,,,table 2,Michels and Behle 1988. Reproduction and development of Diuraphis noxia (Homoptera: Aphididae) at constant temperatures. J. Econ. Entomol. 81:4,10.1093/jee/81.4.1097,,,Paul Huxley,phuxly@gmail.com,interactor1number is the number of individuals for each temperature and class,Interactor1Temp,SecondStressorValue,01/01/1988,8,v1
122226,1327,,PHXmp5,fecundity,total population-level number of offspring produced,,,2986.0,offspring,,,,,,,terrestrial,laboratory,,,,,,,,,,,,,,colony,,0,,,,Macrosiphum euphorbiae,,,,Animalia,Arthropoda,Insecta,Hemiptera,Aphididae,Macrosiphum,euphorbiae,juvenile (N1 to adult),,5.0,Celsius,,21.0,Celsius,,,,,,,,,,,,,,,,,,,,,,,,,,,,,,,table 1,Barlow 1962. The influence of temperatures on the growth of experimental populations of Myzus persicae (Sulzer) and Macrosiphum euphorbia (Thomas) (Aphididae). Canadian Journal of Zoology 40:2,10.1139/z62-019,"Pawar, S., Huxley, P.J., Smallwood, T.R.C. et al. Variation in temperature of peak trait performance constrains adaptation of arthropod populations to climatic warming. Nat Ecol Evol 8, 500–510 (2024).",10.1038/s41559-023-02301-8,Paul Huxley,phuxly@gmail.com,reared on potato leaves,Interactor1Temp,Location,01/01/1962,28,v1
122493,1345,,PHXagy8,body size (length),mean body length,,,1.33,mm,,,,,,,terrestrial,laboratory,,,,,,,,,,,,,King Saud University Riyahd,field (pumpkin),01/01/1990,4,decimal,24.722,46.627,Aphis gossypii,,,,Animalia,Arthropoda,Insecta,Hemiptera,Aphididae,Aphis,gossypii,adult,,10.0,Celsius,,25.0,Celsius,,,,,,,,,,,,,,,,,,,,,,,,,,,,,,,table 1,Aldyhim and Khalil. 1993. Influence of temperature and daylength on population development of Aphis gossypii on Cucurbita pepo.EEntomologia Experimentalis Et ApplicataE67:2,10.1111/j.1570-7458.1993.tb01665.x,,,Paul Huxley,phuxly@gmail.com,,Interactor1Temp,Location,01/01/1993,17,v1
122542,1355,,PHXagyp4,fecundity rate,mean offspring per reproduction day,bmax,fecundity rate,1.8,offspring individual-1 day-1,0.07,0.07,sem,1.8,progeny individual-1 day-1,,terrestrial,laboratory,,,,,,,,,,,,,Adana Turkey,colony (cotton),,0,decimal,37.0,35.321333,Aphis gossypii,,,37.0,Animalia,Arthropoda,Insecta,Homoptera,Aphididae,Aphis,gossypii,adult,,15.0,Celsius,,26.0,Celsius,,,,,,,,,,,,,,,,,,,,,,,,,,,,,,,table 1,Kersting et al. 1999. Effect of temperature on development rate and fecundity of apterous Aphis gossypii Glover (Hom. Aphididae) reared on Gossypium hirsutum L.EJ. App. Entomol.E123:1,10.1046/j.1439-0418.1999.00309.x,,,Paul Huxley,phuxly@gmail.com,reared on Gossypium hirsutum L.,Interactor1Temp,Location,01/01/1999,29,v1
122601,1364,,PHapy7,fecundity,mean lifetime progeny per female,bmax,fecundity rate,35.7,progeny individual-1,,,,1.006,progeny individual-1 day-1,,terrestrial,laboratory,,,,,,,,,,,,,Plzen West Bohemia Czech Republic,greenhouses,,0,decimal,49.7475,13.3775,Aphis gossypii,cotton aphid,,68.0,Animalia,Arthropoda,Insecta,Homoptera,Aphididae,Aphis,gossypii,adult,female,10.0,Celsius,,,,,,,,,,,,,,,,,,,,,,,,,,,,,,,,,,table 2,Kocourek et al. 1994. Effect of temperature on development rate and intrinsic rate of increase of Aphis gossypii reared on greenhouse cucumbers.EEntomologia Experimentalis Et ApplicataE71:1,10.1111/j.1570-7458.1994.tb01769.x,,,Paul Huxley,phuxly@gmail.com,reared on cucumber,Interactor1Temp,Location,01/01/1994,28,v1
122853,1395,,ERI008,body size (length),mean body length (adult),,,1.733,mm,0.02,0.02,se,,,,terrestrial,laboratory,,,,,,,,,,,,,Armidale Australia,colony (apple),,0,,-30.5,151.65,Eriosoma lanigerum,,,,Animalia,Arthropoda,Insecta,Hemiptera,Aphididae,Erisoma,lanigerum,adult,,10.0,Celsius,,,,,,,,,,,,,,,,,,,,,,,,,,,,,,,,,,table 3,Asante et al. 1991. Bionomics and population growth statistics of apterous virginoparae of woolly apple aphid Eriosoma lanigerum at constant temperatures. Entomologia Experimentalis et Applicata 60:3,10.1111/j.1570-7458.1991.tb01546.x,,,Paul Huxley,phuxly@gmail.com,interactor1growthtemp was room temperature which ranged between 15 and 28 degrees Celsius,Interactor1Temp,Location,01/01/1991,17,v1
122859,1396,,ERI009,body size (mass),mean wet mass,,,0.541,mg,0.02,0.02,se,,,,terrestrial,laboratory,,,,,,,,,,,,,Armidale Australia,colony (apple),,0,,-30.5,151.65,Eriosoma lanigerum,,,,Animalia,Arthropoda,Insecta,Hemiptera,Aphididae,Erisoma,lanigerum,adult,,10.0,Celsius,,,,,,,,,,,,,,,,,,,,,,,,,,,,,,,,,,table 3,Asante et al. 1991. Bionomics and population growth statistics of apterous virginoparae of woolly apple aphid Eriosoma lanigerum at constant temperatures. Entomologia Experimentalis et Applicata 60:3,10.1111/j.1570-7458.1991.tb01546.x,,,Paul Huxley,phuxly@gmail.com,interactor1growthtemp was room temperature which ranged between 15 and 28 degrees Celsius,Interactor1Temp,Location,01/01/1991,18,v1
123134,1424,,JTRP3,fecundity rate (apterous),mean offspring per unit time,bmax,fecundity rate,0.51,offspring individual-1 day-1,0.13,0.13,sem,0.51,progeny individual-1 day-1,,terrestrial,laboratory,,,,,,,,,,,,,Paraiba Brazil,field (fennel),,0,decimal,-7.156,35.5232,Hyadaphis foeniculi,,,200.0,Animalia,Arthropoda,Insecta,Homoptera,Aphididae,Hyadaphis,foeniculi,adult,,15.0,Celsius,,25.0,Celsius,,,,,,,,,,,,,,,,,,,,,,,,,,,,,,,table 1,Ramalho et al. 2015. Temperature dependent fecundity and life table of fennel aphid Hyadaphis foeniculi (Passerini) (Hemiptera:Aphididae). PloS one 10.4,10.1371/journal.pone.0122490,,,Paul Huxley,phuxly@gmail.com,reared on fennel,Interactor1Temp,Location,01/01/2005,-1,v1
123140,1425,,JTRP3,fecundity rate (alate),mean offspring per unit time,bmax,fecundity rate,0.0,offspring individual-1 day-1,,,,0.0,progeny individual-1 day-1,,terrestrial,laboratory,,,,,,,,,,,,,Paraiba Brazil,field (fennel),,0,decimal,-7.156,35.5232,Hyadaphis foeniculi,,,,Animalia,Arthropoda,Insecta,Homoptera,Aphididae,Hyadaphis,foeniculi,adult,,15.0,Celsius,,25.0,Celsius,,,,,,,,,,,,,,,,,,,,,,,,,,,,,,,table 1,Ramalho et al. 2015. Temperature dependent fecundity and life table of fennel aphid Hyadaphis foeniculi (Passerini) (Hemiptera:Aphididae). PloS one 10.4,10.1371/journal.pone.0122490,,,Paul Huxley,phuxly@gmail.com,reared on fennel,Interactor1Temp,Location,01/01/2005,-1,v1
123145,1426,,PHXagy10,longevity (apterous),mean duration of life stage,z,adult mortality rate,8.5,days,1.38,1.38,sem,0.118,individual-1 day-1,,terrestrial,laboratory,,,,,,,,,,,,,Paraiba Brazil,field (fennel),,0,decimal,-7.156,35.5232,Hyadaphis foeniculi,,,200.0,Animalia,Arthropoda,Insecta,Homoptera,Aphididae,Hyadaphis,foeniculi,adult,,15.0,Celsius,,25.0,Celsius,,,,,,,,,,,,,,,,,,,,,,,,,,,,,,,table 1,Ramalho et al. 2015. Temperature dependent fecundity and life table of fennel aphid Hyadaphis foeniculi (Passerini) (Hemiptera:Aphididae). PloS one 10.4,10.1371/journal.pone.0122490,,,Paul Huxley,phuxly@gmail.com,reared on fennel,Interactor1Temp,Location,01/01/2005,8,v1
123151,1427,,PHXagy10,longevity (alate),mean duration of life stage,z,adult mortality rate,0.0,days,,,,0.0,individual-1 day-1,,terrestrial,laboratory,,,,,,,,,,,,,Paraiba Brazil,field (fennel),,0,decimal,-7.156,35.5232,Hyadaphis foeniculi,,,,Animalia,Arthropoda,Insecta,Homoptera,Aphididae,Hyadaphis,foeniculi,adult,,15.0,Celsius,,25.0,Celsius,,,,,,,,,,,,,,,,,,,,,,,,,,,,,,,table 1,Ramalho et al. 2015. Temperature dependent fecundity and life table of fennel aphid Hyadaphis foeniculi (Passerini) (Hemiptera:Aphididae). PloS one 10.4,10.1371/journal.pone.0122490,,,Paul Huxley,phuxly@gmail.com,reared on fennel. trait value set to zero because juvenile mortality was complete at this temperature,Interactor1Temp,Location,01/01/2005,8,v1
133643,1446,,AHN001,development duration,period at 4th instar,,,36.7,days,0.31,0.31,se,,,,terrestrial,laboratory,,,,,,,,,,,,,Republic of Korea,colony,,0,,,,Myzus persicae,,,,Animalia,Arthropoda,Insecta,Hemiptera,Aphididae,Myzus,persicae,immature,,5.0,Celsius,,20.0,Celsius,,,,,,,,,,,,,,,,,,,,,,,,,,,,,,,table 1,Ahn et al. 2025. Impact of Constant and Fluctuating Temperatures on Development and Fertility of Myzus persicae Sulzer (Hemiptera: Aphididae). Entomological Research 55(3),DOI: 10.1111/1748-5967.70033,,,Cat Lippi,catlippi@vt.edu,,Interactor1Temp,Location,03/05/2025,6,v1
133708,1447,,AHN002,fertility,number of offspring produced,,,20.8,number of offspring,1.21,1.21,se,,,,terrestrial,laboratory,,,,,,,,,,,,,Republic of Korea,colony,,0,,,,Myzus persicae,,,,Animalia,Arthropoda,Insecta,Hemiptera,Aphididae,Myzus,persicae,,,5.0,Celsius,,20.0,Celsius,,,,,,,,,,,,,,,,,,,,,,,,,,,,,,,table 2 ,Ahn et al. 2025. Impact of Constant and Fluctuating Temperatures on Development and Fertility of Myzus persicae Sulzer (Hemiptera: Aphididae). Entomological Research 55(3),DOI: 10.1111/1748-5967.70033,,,Cat Lippi,catlippi@vt.edu,,Interactor1Temp,Location,03/05/2025,-1,v1
133720,1448,,AHN003,oviposition,period of oviposition in days,,,20.9,days,0.66,0.66,se,,,,terrestrial,laboratory,,,,,,,,,,,,,Republic of Korea,colony,,0,,,,Myzus persicae,,,,Animalia,Arthropoda,Insecta,Hemiptera,Aphididae,Myzus,persicae,,,5.0,Celsius,,20.0,Celsius,,,,,,,,,,,,,,,,,,,,,,,,,,,,,,,table 2,Ahn et al. 2025. Impact of Constant and Fluctuating Temperatures on Development and Fertility of Myzus persicae Sulzer (Hemiptera: Aphididae). Entomological Research 55(3),DOI: 10.1111/1748-5967.70033,,,Cat Lippi,catlippi@vt.edu,,Interactor1Temp,Location,03/05/2025,-1,v1
133732,1449,,AHN004,adult longevity,lifespan over time,,,31.0,days,1.71,1.71,se,,,,terrestrial,laboratory,,,,,,,,,,,,,Republic of Korea,colony,,0,,,,Myzus persicae,,,,Animalia,Arthropoda,Insecta,Hemiptera,Aphididae,Myzus,persicae,,,5.0,Celsius,,20.0,Celsius,,,,,,,,,,,,,,,,,,,,,,,,,,,,,,,table 2,Ahn et al. 2025. Impact of Constant and Fluctuating Temperatures on Development and Fertility of Myzus persicae Sulzer (Hemiptera: Aphididae). Entomological Research 55(3),DOI: 10.1111/1748-5967.70033,,,Cat Lippi,catlippi@vt.edu,,Interactor1Temp,Location,03/05/2025,8,v1
133745,1450,,CONTI001,pre-reproductive period,period of time before female aphids reproduce,,,3.0,days,,,,,,,terrestrial,laboratory,,,,,,,,,,,,,"Laboratory of Biological Control of the Department of Entomology, Federal University of Lavras, Brazil",colony,,0,,,,Aulacorthum solani,,,,Animalia,Arthropoda,Insecta,Hemiptera,Aphididae,Aulacorthum,solani,,female,16.0,Celsius,,22.0,Celsius,,,,,,,,,,,,,,,,,,,,,,,,,,,,,,,figure 1,Conti et al. 2010. Reproduction and fertility life table of three aphid species (Macrosiphini) at different temperatures. Rev. Bras. entomol. 54 (4),https://doi.org/10.1590/S0085-56262010000400018,,,Cat Lippi,catlippi@vt.edu,,Interactor1Temp,Location,27/01/2011,24,v1
133760,1453,,CONTI002,reproductive period,period of time where female aphids reproduce,,,19.0,days,,,,,,,terrestrial,laboratory,,,,,,,,,,,,,"Laboratory of Biological Control of the Department of Entomology, Federal University of Lavras, Brazil",colony,,0,,,,Aulacorthum solani,,,,Animalia,Arthropoda,Insecta,Hemiptera,Aphididae,Aulacorthum,solani,,female,16.0,Celsius,,22.0,Celsius,,,,,,,,,,,,,,,,,,,,,,,,,,,,,,,figure 2,Conti et al. 2010. Reproduction and fertility life table of three aphid species (Macrosiphini) at different temperatures. Rev. Bras. entomol. 54 (4),https://doi.org/10.1590/S0085-56262010000400018,,,Cat Lippi,catlippi@vt.edu,,Interactor1Temp,Location,27/01/2011,25,v1
133775,1456,,CONTI003,nymph production,number of nymphs produced / female,,,67.9,number of nymphs produced / female,,,,,,,terrestrial,laboratory,,,,,,,,,,,,,"Laboratory of Biological Control of the Department of Entomology, Federal University of Lavras, Brazil",colony,,0,,,,Aulacorthum solani,,,,Animalia,Arthropoda,Insecta,Hemiptera,Aphididae,Aulacorthum,solani,,female,16.0,Celsius,,22.0,Celsius,,,,,,,,,,,,,,,,,,,,,,,,,,,,,,,figure 3,Conti et al. 2010. Reproduction and fertility life table of three aphid species (Macrosiphini) at different temperatures. Rev. Bras. entomol. 54 (4),https://doi.org/10.1590/S0085-56262010000400018,,,Cat Lippi,catlippi@vt.edu,,Interactor1Temp,Location,27/01/2011,-1,v1
133790,1459,,CONTI004,longevity,aphid lifespan,,,26.0,days,,,,,,,terrestrial,laboratory,,,,,,,,,,,,,"Laboratory of Biological Control of the Department of Entomology, Federal University of Lavras, Brazil",colony,,0,,,,Aulacorthum solani,,,,Animalia,Arthropoda,Insecta,Hemiptera,Aphididae,Aulacorthum,solani,,female,16.0,Celsius,,22.0,Celsius,,,,,,,,,,,,,,,,,,,,,,,,,,,,,,,figure 4,Conti et al. 2010. Reproduction and fertility life table of three aphid species (Macrosiphini) at different temperatures. Rev. Bras. entomol. 54 (4),https://doi.org/10.1590/S0085-56262010000400018,,,Cat Lippi,catlippi@vt.edu,,Interactor1Temp,Location,27/01/2011,8,v1
133805,1462,,DAMPC001,longevity,lifespan of aphids,,,24.9,days,0.7,0.7,se,,,,terrestrial,laboratory,,,,,,,,,,,,,Poland,field collected colony,,0,,,,Macrosiphum rosae,,,25.0,Animalia,Arthropoda,Insecta,Hemiptera,Aphididae,Macrosiphum,rosae,,female,20.0,Celsius,,,,,,,,,,,,,,,,,,,,,,,,,,,,,,,,,,figure 1,Dampc et al. 2021. Changes in Aphid - Plant Interactions under Increased Temperature. Biology 10(6): 480,DOI: 10.3390/biology10060480,,,Cat Lippi,catlippi@vt.edu,,Interactor1Temp,Location,25/05/2021,8,v1
133808,1463,,DAMPC002,fecundity,mean of daily newborn nymph counts,,,17.7,mean number of nymphs,1.0,1.0,se,,,,terrestrial,laboratory,,,,,,,,,,,,,Poland,field collected colony,,0,,,,Macrosiphum rosae,,,25.0,Animalia,Arthropoda,Insecta,Hemiptera,Aphididae,Macrosiphum,rosae,,female,20.0,Celsius,,,,,,,,,,,,,,,,,,,,,,,,,,,,,,,,,,figure 1,Dampc et al. 2021. Changes in Aphid - Plant Interactions under Increased Temperature. Biology 10(6): 480,DOI: 10.3390/biology10060480,,,Cat Lippi,catlippi@vt.edu,,Interactor1Temp,Location,25/05/2021,28,v1
133811,1464,,DAMPC003,pre-reproduction period,duration of developmental phases in days,,,13.9,days,0.1,0.1,se,,,,terrestrial,laboratory,,,,,,,,,,,,,Poland,field collected colony,,0,,,,Macrosiphum rosae,,,25.0,Animalia,Arthropoda,Insecta,Hemiptera,Aphididae,Macrosiphum,rosae,,female,20.0,Celsius,,,,,,,,,,,,,,,,,,,,,,,,,,,,,,,,,,figure 1,Dampc et al. 2021. Changes in Aphid - Plant Interactions under Increased Temperature. Biology 10(6): 480,DOI: 10.3390/biology10060480,,,Cat Lippi,catlippi@vt.edu,,Interactor1Temp,Location,25/05/2021,24,v1
133814,1465,,DAMPC004,reproduction period,duration of developmental phases in days,,,8.9,days,0.56,0.56,se,,,,terrestrial,laboratory,,,,,,,,,,,,,Poland,field collected colony,,0,,,,Macrosiphum rosae,,,25.0,Animalia,Arthropoda,Insecta,Hemiptera,Aphididae,Macrosiphum,rosae,,female,20.0,Celsius,,,,,,,,,,,,,,,,,,,,,,,,,,,,,,,,,,figure 1,Dampc et al. 2021. Changes in Aphid - Plant Interactions under Increased Temperature. Biology 10(6): 480,DOI: 10.3390/biology10060480,,,Cat Lippi,catlippi@vt.edu,,Interactor1Temp,Location,25/05/2021,25,v1
133817,1466,,DAMPC005,post-reproduction period,duration of developmental phases in days,,,2.2,days,0.35,0.35,se,,,,terrestrial,laboratory,,,,,,,,,,,,,Poland,field collected colony,,0,,,,Macrosiphum rosae,,,25.0,Animalia,Arthropoda,Insecta,Hemiptera,Aphididae,Macrosiphum,rosae,,female,20.0,Celsius,,,,,,,,,,,,,,,,,,,,,,,,,,,,,,,,,,figure 1,Dampc et al. 2021. Changes in Aphid - Plant Interactions under Increased Temperature. Biology 10(6): 480,DOI: 10.3390/biology10060480,,,Cat Lippi,catlippi@vt.edu,,Interactor1Temp,Location,25/05/2021,25,v1
133820,1467,,DAMPC006,survival,cumulative daily survival,,,1.0,lx,,,,,,,terrestrial,laboratory,,,,,,,,,,1.0,day,,Poland,field collected colony,,0,,,,Macrosiphum rosae,,,100.0,Animalia,Arthropoda,Insecta,Hemiptera,Aphididae,Macrosiphum,rosae,,female,20.0,Celsius,,,,,,,,,,,,,,,,,,,,,,,,,,,,,,,,,,figure 2,Dampc et al. 2021. Changes in Aphid - Plant Interactions under Increased Temperature. Biology 10(6): 480,DOI: 10.3390/biology10060480,,,Cat Lippi,catlippi@vt.edu,,Interactor1Temp,Location,25/05/2021,12,v1
133848,1468,,DAMPC007,average daily fecundity,daily fecundity of female aphids,,,0.0,mx,,,,,,,terrestrial,laboratory,,,,,,,,,,1.0,day,,Poland,field collected colony,,0,,,,Macrosiphum rosae,,,100.0,Animalia,Arthropoda,Insecta,Hemiptera,Aphididae,Macrosiphum,rosae,,female,20.0,Celsius,,,,,,,,,,,,,,,,,,,,,,,,,,,,,,,,,,figure 2,Dampc et al. 2021. Changes in Aphid - Plant Interactions under Increased Temperature. Biology 10(6): 480,DOI: 10.3390/biology10060480,,,Cat Lippi,catlippi@vt.edu,,Interactor1Temp,Location,25/05/2021,-1,v1
133904,1469,,TIAN001,development time,nymphal development time,,,17.5,days,0.12,0.12,se,,,,terrestrial,laboratory,,,,,,,,,,,,,"Northeast Agricultural University, Harbin, Heilongjiang Province, China",colony,,0,,,,Aphis glycines,,,50.0,Animalia,Arthropoda,Insecta,Hemiptera,Aphididae,Aphis,glycines,,female,13.0,Celsius,,25.0,Celsius,,,,,,,,,,,,,,,,,,,,,,,,,,,,,,,table 1,"Tian et al. 2020. Effects of Temperature on Survival, Development, and Reproduction of Aphis glycines (Hemiptera: Aphididae) Autumnal Morphs. Florida Entomologist 103(2) 236-242.",DOI: 10.1653/024.103.0213,,,Cat Lippi,catlippi@vt.edu,gynoparae,Interactor1Temp,Location,10/07/2020,6,v1
133919,1470,,TIAN002,adult longevity,period from adult emergence until death,,,36.4,days,1.8,1.8,se,,,,terrestrial,laboratory,,,,,,,,,,,,,"Northeast Agricultural University, Harbin, Heilongjiang Province, China",colony,,0,,,,Aphis glycines,,,50.0,Animalia,Arthropoda,Insecta,Hemiptera,Aphididae,Aphis,glycines,adult,female,13.0,Celsius,,25.0,Celsius,,,,,,,,,,,,,,,,,,,,,,,,,,,,,,,table 3,"Tian et al. 2020. Effects of Temperature on Survival, Development, and Reproduction of Aphis glycines (Hemiptera: Aphididae) Autumnal Morphs. Florida Entomologist 103(2) 236-242.",DOI: 10.1653/024.103.0213,,,Cat Lippi,catlippi@vt.edu,gynoparae,Interactor1Temp,Location,10/07/2020,8,v1
133936,1471,,TIAN003,mean fecundity,number of nymphs deposited,,,9.14,oviparae/gynoparae,0.15,0.15,se,,,,terrestrial,laboratory,,,,,,,,,,,,,"Northeast Agricultural University, Harbin, Heilongjiang Province, China",colony,,0,,,,Aphis glycines,,,50.0,Animalia,Arthropoda,Insecta,Hemiptera,Aphididae,Aphis,glycines,adult,female,13.0,Celsius,,25.0,Celsius,,,,,,,,,,,,,,,,,,,,,,,,,,,,,,,table 4,"Tian et al. 2020. Effects of Temperature on Survival, Development, and Reproduction of Aphis glycines (Hemiptera: Aphididae) Autumnal Morphs. Florida Entomologist 103(2) 236-242.",DOI: 10.1653/024.103.0213,,,Cat Lippi,catlippi@vt.edu,gynoparae,Interactor1Temp,Location,10/07/2020,-1,v1
133943,1472,,LIU001,percent survival,percent of adult aphids that were still alive each day,,,100.0,percent,,,,,,,terrestrial,laboratory,,,,,,,,,,0.0,days,day of experiment,"Korla Experimental Station, Chinese Academy of Agricultural Sciences, Korla, Xinjiang Province, China",field collected colony,21/06/2019,5,,41.45,85.48,Aphis gossypii,,,100.0,Animalia,Arthropoda,Insecta,Hemiptera,Aphididae,Aphis,gossypii,,,,,,,,,,,,,,,,,,,,,,,,,,,,,,,,,,29.0,Celsius,,,figure 2,"Liu et al. 2021. Impact of Temperature on Survival Rate, Fecundity, and Feeding Behavior of Two Aphids, Aphis gossypii and Acyrthosiphon gossypii, When Reared on Cotton. Insects 2(6): 565.",DOI: 10.3390/insects12060565,,,Cat Lippi,catlippi@vt.edu,,Unplottable,,21/06/2021,15,v1
134034,1474,,LIU003,longevity,adult aphid survival,,,21.5,days,0.9,0.9,se,,,,terrestrial,laboratory,,,,,,,,,,,,,"Korla Experimental Station, Chinese Academy of Agricultural Sciences, Korla, Xinjiang Province, China",field collected colony,21/06/2019,5,,41.45,85.48,Aphis gossypii,,,100.0,Animalia,Arthropoda,Insecta,Hemiptera,Aphididae,Aphis,gossypii,,,,,,,,,,,,,,,,,,,,,,,,,,,,,,,,,,29.0,Celsius,,,figure 2,"Liu et al. 2021. Impact of Temperature on Survival Rate, Fecundity, and Feeding Behavior of Two Aphids, Aphis gossypii and Acyrthosiphon gossypii, When Reared on Cotton. Insects 2(6): 565.",DOI: 10.3390/insects12060565,,,Cat Lippi,catlippi@vt.edu,,Unplottable,,21/06/2021,8,v1
134040,1476,,LIU005,age-specific daily fecundity,new nymphs produced each day,,,3.4,mean number of nymphs,0.38,0.38,se,,,,terrestrial,laboratory,,,,,,,,,,1.0,days,day of experiment,"Korla Experimental Station, Chinese Academy of Agricultural Sciences, Korla, Xinjiang Province, China",field collected colony,21/06/2019,5,,41.45,85.48,Aphis gossypii,,,100.0,Animalia,Arthropoda,Insecta,Hemiptera,Aphididae,Aphis,gossypii,,,,,,,,,,,,,,,,,,,,,,,,,,,,,,,,,,29.0,Celsius,,,figure 3,"Liu et al. 2021. Impact of Temperature on Survival Rate, Fecundity, and Feeding Behavior of Two Aphids, Aphis gossypii and Acyrthosiphon gossypii, When Reared on Cotton. Insects 2(6): 565.",DOI: 10.3390/insects12060565,,,Cat Lippi,catlippi@vt.edu,,Unplottable,,21/06/2021,-1,v1
134110,1478,,LIU007,feeding behavior,initiation of stylet penetration of leaf tissue,,,6.8,percent,,,,,,,terrestrial,laboratory,,,,,,,,,,,,,"Korla Experimental Station, Chinese Academy of Agricultural Sciences, Korla, Xinjiang Province, China",field collected colony,21/06/2019,5,,41.45,85.48,Aphis gossypii,,,,Animalia,Arthropoda,Insecta,Hemiptera,Aphididae,Aphis,gossypii,,,,,,,,,,,,,,,,,,,,,,,,,,,,,,,,,,35.0,Celsius,,,figure 4,"Liu et al. 2021. Impact of Temperature on Survival Rate, Fecundity, and Feeding Behavior of Two Aphids, Aphis gossypii and Acyrthosiphon gossypii, When Reared on Cotton. Insects 2(6): 565.",DOI: 10.3390/insects12060565,,,Cat Lippi,catlippi@vt.edu,,Unplottable,,21/06/2021,21,v1
134131,1479,,LIU008,feeding behavior,initiation of stylet penetration of leaf tissue ,,,39.2,percent,,,,,,,terrestrial,laboratory,,,,,,,,,,,,,"Korla Experimental Station, Chinese Academy of Agricultural Sciences, Korla, Xinjiang Province, China",field collected colony,21/06/2019,5,,41.45,85.48,Acyrthosiphon gossypii,,,,Animalia,Arthropoda,Insecta,Hemiptera,Aphididae,Acyrthosiphon,gossypii,,,,,,,,,,,,,,,,,,,,,,,,,,,,,,,,,,35.0,Celsius,,,figure 4,"Liu et al. 2021. Impact of Temperature on Survival Rate, Fecundity, and Feeding Behavior of Two Aphids, Aphis gossypii and Acyrthosiphon gossypii, When Reared on Cotton. Insects 2(6): 565.",DOI: 10.3390/insects12060565,,,Cat Lippi,catlippi@vt.edu,,Unplottable,,21/06/2021,21,v1
134152,1480,,SEZGIN001,developmental time,number of days at each developmental stage,,,2.6,days,0.9,0.9,se,,,,terrestrial,laboratory,,,,,,,,,,,,,"Sur district, Diyarbak?r province, Turkey",founding colony collection site,,0,,,,Aphis craccivora,,,50.0,Animalia,Arthropoda,Insecta,Hemiptera,Aphididae,Aphis,craccivora,1st nymph period,,22.5,Celsius,,25.0,Celsius,,,,,,,,,,,,,,,,,,,,,,,,,,,,,,,table 2,Sezgin et al. 2025. Effect of temperatures on some biological parameters of Aphis craccivora Koch (Hemiptera: Aphididae) on lentil. PeerJ 13:e19865,DOI: 10.7717/peerj.19865,,,Cat Lippi,catlippi@vt.edu,,Interactor1Temp,Location,21/08/2025,7,v1
134172,1481,,SEZGIN002,mean longevity,mean lifespan in days,,,21.74,days,1.11,1.11,se,,,,terrestrial,laboratory,,,,,,,,,,,,,"Sur district, Diyarbak?r province, Turkey",founding colony collection site,,0,,,,Aphis craccivora,,,50.0,Animalia,Arthropoda,Insecta,Hemiptera,Aphididae,Aphis,craccivora,,,22.5,Celsius,,25.0,Celsius,,,,,,,,,,,,,,,,,,,,,,,,,,,,,,,table 2,Sezgin et al. 2025. Effect of temperatures on some biological parameters of Aphis craccivora Koch (Hemiptera: Aphididae) on lentil. PeerJ 13:e19865,DOI: 10.7717/peerj.19865,,,Cat Lippi,catlippi@vt.edu,,Interactor1Temp,Location,21/08/2025,8,v1
134176,1482,,SEZGIN003,mean fecundity,mean number of offspring produced by females,,,13.74,female/female,1.03,1.03,se,,,,terrestrial,laboratory,,,,,,,,,,,,,"Sur district, Diyarbak?r province, Turkey",founding colony collection site,,0,,,,Aphis craccivora,,,35.0,Animalia,Arthropoda,Insecta,Hemiptera,Aphididae,Aphis,craccivora,,,22.5,Celsius,,25.0,Celsius,,,,,,,,,,,,,,,,,,,,,,,,,,,,,,,table 2,Sezgin et al. 2025. Effect of temperatures on some biological parameters of Aphis craccivora Koch (Hemiptera: Aphididae) on lentil. PeerJ 13:e19865,DOI: 10.7717/peerj.19865,,,Cat Lippi,catlippi@vt.edu,,Interactor1Temp,Location,21/08/2025,-1,v1
134180,1483,,PENA001,Pre-reproductive average,Period from birth until first molt,,,18.5,days,1.0,1.0,ee,,,,terrestrial,laboratory,,,,,,,,,,,,,"Colegio de Postgraduados, Texcoco, Mexico",colony,,0,,,,Melanaphis sorghi,sorghum aphid,,40.0,Animalia,Arthropoda,Insecta,Hemiptera,Aphididae,Melanaphis,sorghi,N1,,5.0,Celsius,,,,,,,,,,,,,,,,,,,,,,,,,,,,,,,,,,table 1,"Pena-Martinez et al. 2024. Comparative biology and life tables of sorghum aphid Melanaphis sorghi (Theobald) (Hemiptera: Aphididae) from Mexico, at different temperatures. Phytoparasitica 52, 33",DOI: 10.1007/s12600-024-01152-8,,,Cat Lippi,catlippi@vt.edu,,Interactor1Temp,Location,29/02/2024,-1,v1
134216,1484,,PENA002,Reproductive average,Period from the adult stage (genital plate appeared and the complete development of the cauda) until the end of reproduction,,,29.0,days,1.7,1.7,ee,,,,terrestrial,laboratory,,,,,,,,,,,,,"Colegio de Postgraduados, Texcoco, Mexico",colony,,0,,,,Melanaphis sorghi,sorghum aphid,,40.0,Animalia,Arthropoda,Insecta,Hemiptera,Aphididae,Melanaphis,sorghi,,,10.0,Celsius,,,,,,,,,,,,,,,,,,,,,,,,,,,,,,,,,,table 1,"Pena-Martinez et al. 2024. Comparative biology and life tables of sorghum aphid Melanaphis sorghi (Theobald) (Hemiptera: Aphididae) from Mexico, at different temperatures. Phytoparasitica 52, 33",DOI: 10.1007/s12600-024-01152-8,,,Cat Lippi,catlippi@vt.edu,,Interactor1Temp,Location,29/02/2024,-1,v1
134222,1485,,PENA003,Reproductive average daily fecundity,the number of newborn nymphs (N1) per female per day,,,0.4,nymphs per day,0.0,0.0,ee,,,,terrestrial,laboratory,,,,,,,,,,,,,"Colegio de Postgraduados, Texcoco, Mexico",colony,,0,,,,Melanaphis sorghi,sorghum aphid,,40.0,Animalia,Arthropoda,Insecta,Hemiptera,Aphididae,Melanaphis,sorghi,,,10.0,Celsius,,,,,,,,,,,,,,,,,,,,,,,,,,,,,,,,,,table 1,"Pena-Martinez et al. 2024. Comparative biology and life tables of sorghum aphid Melanaphis sorghi (Theobald) (Hemiptera: Aphididae) from Mexico, at different temperatures. Phytoparasitica 52, 33",DOI: 10.1007/s12600-024-01152-8,,,Cat Lippi,catlippi@vt.edu,,Interactor1Temp,Location,29/02/2024,-1,v1
134228,1486,,PENA004,Reproductive average total fecundity,the number of newborn nymphs (N1) per female,,,22.4,nymphs,1.5,1.5,ee,,,,terrestrial,laboratory,,,,,,,,,,,,,"Colegio de Postgraduados, Texcoco, Mexico",colony,,0,,,,Melanaphis sorghi,sorghum aphid,,40.0,Animalia,Arthropoda,Insecta,Hemiptera,Aphididae,Melanaphis,sorghi,,,10.0,Celsius,,,,,,,,,,,,,,,,,,,,,,,,,,,,,,,,,,table 1,"Pena-Martinez et al. 2024. Comparative biology and life tables of sorghum aphid Melanaphis sorghi (Theobald) (Hemiptera: Aphididae) from Mexico, at different temperatures. Phytoparasitica 52, 33",DOI: 10.1007/s12600-024-01152-8,,,Cat Lippi,catlippi@vt.edu,,Interactor1Temp,Location,29/02/2024,-1,v1
134234,1487,,PENA005,Post-reproductive average,period from the end of reproduction until death,,,22.4,days,11.5,11.5,ee,,,,terrestrial,laboratory,,,,,,,,,,,,,"Colegio de Postgraduados, Texcoco, Mexico",colony,,0,,,,Melanaphis sorghi,sorghum aphid,,40.0,Animalia,Arthropoda,Insecta,Hemiptera,Aphididae,Melanaphis,sorghi,,,10.0,Celsius,,,,,,,,,,,,,,,,,,,,,,,,,,,,,,,,,,table 1,"Pena-Martinez et al. 2024. Comparative biology and life tables of sorghum aphid Melanaphis sorghi (Theobald) (Hemiptera: Aphididae) from Mexico, at different temperatures. Phytoparasitica 52, 33",DOI: 10.1007/s12600-024-01152-8,,,Cat Lippi,catlippi@vt.edu,,Interactor1Temp,Location,29/02/2024,-1,v1
134240,1488,,PENA006,Longevity,"sum of all life stage periods in study (pre-reproductive, reproductive, and post-reproductive)",,,88.2,days,8.7,8.7,ee,,,,terrestrial,laboratory,,,,,,,,,,,,,"Colegio de Postgraduados, Texcoco, Mexico",colony,,0,,,,Melanaphis sorghi,sorghum aphid,,40.0,Animalia,Arthropoda,Insecta,Hemiptera,Aphididae,Melanaphis,sorghi,,,5.0,Celsius,,,,,,,,,,,,,,,,,,,,,,,,,,,,,,,,,,table 1,"Pena-Martinez et al. 2024. Comparative biology and life tables of sorghum aphid Melanaphis sorghi (Theobald) (Hemiptera: Aphididae) from Mexico, at different temperatures. Phytoparasitica 52, 33",DOI: 10.1007/s12600-024-01152-8,,,Cat Lippi,catlippi@vt.edu,,Interactor1Temp,Location,29/02/2024,8,v1
134247,1489,,SUN001,development time,mean nymphal development time,,,13.89,days,0.32,0.32,se,,,3.0,terrestrial,laboratory,,,,,,,,,,,,,Suzhou China,colony collection site,02/01/2018,3,decimal,31.3,120.619444,Sitobion miscanthi,,,20.0,Animalia,Arthropoda,Insecta,Hemiptera,Aphididae,Sitobion,miscanthi,nymph,,17.0,Celsius,,,,,,,,,,,,,,,,,,,,,,,,,,,,,,,,,,,Sun et al. 2022. Effects of Different Temperatures on the Development and Reproduction of Sitobion miscanthi From Six Different Regions in China. Frontiers in Ecology and Evolution. 10,10.3389/fevo.2022.794495,,,Cat Lippi,catlippi@vt.edu,specimens collected from February to April 2018,Interactor1Temp,Location,01/01/2022,6,v1
134265,1490,,SUN002,adult longevity,lifespan of adult aphids,,,10.78,days,0.37,0.37,se,,,3.0,terrestrial,laboratory,,,,,,,,,,,,,Suzhou China,colony collection site,02/01/2018,3,decimal,31.3,120.619444,Sitobion miscanthi,,,20.0,Animalia,Arthropoda,Insecta,Hemiptera,Aphididae,Sitobion,miscanthi,adult,,17.0,Celsius,,,,,,,,,,,,,,,,,,,,,,,,,,,,,,,,,,,Sun et al. 2022. Effects of Different Temperatures on the Development and Reproduction of Sitobion miscanthi From Six Different Regions in China. Frontiers in Ecology and Evolution. 10,10.3389/fevo.2022.794495,,,Cat Lippi,catlippi@vt.edu,specimens collected from February to April 2018,Interactor1Temp,Location,01/01/2022,8,v1
134283,1491,,SUN003,aphid longevity,lifespan of aphids,,,24.72,days,0.14,0.14,se,,,3.0,terrestrial,laboratory,,,,,,,,,,,,,Suzhou China,colony collection site,02/01/2018,3,decimal,31.3,120.619444,Sitobion miscanthi,,,20.0,Animalia,Arthropoda,Insecta,Hemiptera,Aphididae,Sitobion,miscanthi,,,17.0,Celsius,,,,,,,,,,,,,,,,,,,,,,,,,,,,,,,,,,,Sun et al. 2022. Effects of Different Temperatures on the Development and Reproduction of Sitobion miscanthi From Six Different Regions in China. Frontiers in Ecology and Evolution. 10,10.3389/fevo.2022.794495,,,Cat Lippi,catlippi@vt.edu,specimens collected from February to April 2018,Interactor1Temp,Location,01/01/2022,-1,v1
134301,1492,,SUN004,fecundity,number of aphids produced,,,38.72,number of offspring,2.96,2.96,se,,,3.0,terrestrial,laboratory,,,,,,,,,,,,,Suzhou China,colony collection site,02/01/2018,3,decimal,31.3,120.619444,Sitobion miscanthi,,,20.0,Animalia,Arthropoda,Insecta,Hemiptera,Aphididae,Sitobion,miscanthi,,,17.0,Celsius,,,,,,,,,,,,,,,,,,,,,,,,,,,,,,,,,,,Sun et al. 2022. Effects of Different Temperatures on the Development and Reproduction of Sitobion miscanthi From Six Different Regions in China. Frontiers in Ecology and Evolution. 10,10.3389/fevo.2022.794495,,,Cat Lippi,catlippi@vt.edu,specimens collected from February to April 2018,Interactor1Temp,Location,01/01/2022,28,v1
134319,1493,,POZp1t1,body size,mean of weight (unfed),,,0.045,mg,0.001,0.001,se,,,,terrestrial,laboratory,,,,,,,,,,,,,Sinai Peninsula Egypt,field,,0,decimal,29.5,33.833333,Hyalomma schulzei,,,100.0,Animalia,Anthropoda,Arachnida,Ixodida,Ixodidae,Hyalomma,Schulzei,larval,,29.0,Celsius,,29.0,Celsius,,,,,,,,,,,,,,,,,,,,,,,,,,,,,,,table1,Shoukry et al. (2000). Bionomics of ticks collected from Sinai Peninsula Egypt. 1. Biology of Hyalomma schulzei (Olenev) (Acari: Ixodidae) under laboratory conditions. Egyptian Journal of Biology 2,,,,Piper Zimmerman,poz3615@vt.edu,,Unplottable,,01/01/2000,18,v1
134320,1494,,POZp1t2,body size,mean of weight (engorged),,,57.97,mg,1.32,1.32,se,,,,terrestrial,laboratory,,,,,,,,,,,,,Sinai Peninsula Egypt,field,,0,decimal,29.5,33.833333,Hyalomma schulzei,,,100.0,Animalia,Anthropoda,Arachnida,Ixodida,Ixodidae,Hyalomma,Schulzei,Nymph,,29.0,Celsius,,29.0,Celsius,,,,,,,,,,,,,,,,,,,,,,,,,,,,,,,table 1,Shoukry et al. (2000). Bionomics of ticks collected from Sinai Peninsula Egypt. 1. Biology of Hyalomma schulzei (Olenev) (Acari: Ixodidae) under laboratory conditions. Egyptian Journal of Biology 2,,,,Piper Zimmerman,poz3615@vt.edu,,Unplottable,,01/01/2000,18,v1
134324,1495,,POZp1t3,hypostome length,mean length of hypostome (appendage on the mouth),,,0.14,mm,0.01,0.01,se,,,,terrestrial,laboratory,,,,,,,,,,,,,Sinai Peninsula Egypt,field,,0,decimal,29.5,33.833333,Hyalomma schulzei,,,100.0,Animalia,Anthropoda,Arachnida,Ixodida,Ixodidae,Hyalomma,Schulzei,larval,,29.0,Celsius,,29.0,Celsius,,,,,,,,,,,,,,,,,,,,,,,,,,,,,,,table 1,Shoukry et al. (2000). Bionomics of ticks collected from Sinai Peninsula Egypt. 1. Biology of Hyalomma schulzei (Olenev) (Acari: Ixodidae) under laboratory conditions. Egyptian Journal of Biology 2,,,,Piper Zimmerman,poz3615@vt.edu,,Unplottable,,01/01/2000,-1,v1
134328,1496,,POZp1t4,body length,mean length (unfed ),,,0.69,mm,0.0,0.0,se,,,,terrestrial,laboratory,,,,,,,,,,,,,Sinai Peninsula Egypt,field,,0,decimal,29.5,33.833333,Hyalomma schulzei,,,100.0,Animalia,Anthropoda,Arachnida,Ixodida,Ixodidae,Hyalomma,Schulzei,larval,,29.0,Celsius,,29.0,Celsius,,,,,,,,,,,,,,,,,,,,,,,,,,,,,,,table 1,Shoukry et al. (2000). Bionomics of ticks collected from Sinai Peninsula Egypt. 1. Biology of Hyalomma schulzei (Olenev) (Acari: Ixodidae) under laboratory conditions. Egyptian Journal of Biology 2,,,,Piper Zimmerman,poz3615@vt.edu,,Unplottable,,01/01/2000,17,v1
134329,1497,,POZp1t5,body length,mean length (engorged ),,,7.05,mm,0.12,0.12,se,,,,terrestrial,laboratory,,,,,,,,,,,,,Sinai Peninsula Egypt,field,,0,decimal,29.5,33.833333,Hyalomma schulzei,,,100.0,Animalia,Anthropoda,Arachnida,Ixodida,Ixodidae,Hyalomma,Schulzei,nymph,,29.0,Celsius,,29.0,Celsius,,,,,,,,,,,,,,,,,,,,,,,,,,,,,,,table 1,Shoukry et al. (2000). Bionomics of ticks collected from Sinai Peninsula Egypt. 1. Biology of Hyalomma schulzei (Olenev) (Acari: Ixodidae) under laboratory conditions. Egyptian Journal of Biology 2,,,,Piper Zimmerman,poz3615@vt.edu,,Unplottable,,01/01/2000,17,v1
134333,1498,,POZp1t6,body width,mean width (unfed),,,0.55,mm,0.05,0.05,se,,,,terrestrial,laboratory,,,,,,,,,,,,,Sinai Peninsula Egypt,field,,0,decimal,29.5,33.833333,Hyalomma schulzei,,,100.0,Animalia,Anthropoda,Arachnida,Ixodida,Ixodidae,Hyalomma,Schulzei,larval,,29.0,Celsius,,29.0,Celsius,,,,,,,,,,,,,,,,,,,,,,,,,,,,,,,table 1,Shoukry et al. (2000). Bionomics of ticks collected from Sinai Peninsula Egypt. 1. Biology of Hyalomma schulzei (Olenev) (Acari: Ixodidae) under laboratory conditions. Egyptian Journal of Biology 2,,,,Piper Zimmerman,poz3615@vt.edu,,Unplottable,,01/01/2000,-1,v1
134334,1499,,POZp1t7,body width,mean width (engorged),,,5.6,mm,0.05,0.05,se,,,,terrestrial,laboratory,,,,,,,,,,,,,Sinai Peninsula Egypt,field,,0,decimal,29.5,33.833333,Hyalomma schulzei,,,100.0,Animalia,Anthropoda,Arachnida,Ixodida,Ixodidae,Hyalomma,Schulzei,nymph,,29.0,Celsius,,29.0,Celsius,,,,,,,,,,,,,,,,,,,,,,,,,,,,,,,table 1,Shoukry et al. (2000). Bionomics of ticks collected from Sinai Peninsula Egypt. 1. Biology of Hyalomma schulzei (Olenev) (Acari: Ixodidae) under laboratory conditions. Egyptian Journal of Biology 2,,,,Piper Zimmerman,poz3615@vt.edu,,Unplottable,,01/01/2000,-1,v1
134338,1500,,POZp1t8,development time,mean duration of incubation period,,,72.29,days,1.3,1.3,se,,,,terrestrial,laboratory,,,,,,,,,,,,,Sinai Peninsula Egypt,field,,0,decimal,29.5,33.833333,Hyalomma schulzei,,,25.0,Animalia,Anthropoda,Arachnida,Ixodida,Ixodidae,Hyalomma,Schulzei,egg,,21.0,Celsius,,29.0,Celsius,,,,,,,,,,,,,,,,,,,,,,,,,,,,,,,table 2,Shoukry et al. (2000). Bionomics of ticks collected from Sinai Peninsula Egypt. 1. Biology of Hyalomma schulzei (Olenev) (Acari: Ixodidae) under laboratory conditions. Egyptian Journal of Biology 2,,,,Piper Zimmerman,poz3615@vt.edu,,Interactor1Temp,Location,01/01/2000,6,v1
134342,1501,,POZp1t9,development time,mean duration of attachment period,,,22.15,days,0.65,0.65,se,,,,terrestrial,laboratory,,,,,,,,,,,,,Sinai Peninsula Egypt,field,,0,decimal,29.5,33.833333,Hyalomma schulzei,,,150.0,Animalia,Anthropoda,Arachnida,Ixodida,Ixodidae,Hyalomma,Schulzei,larval,,21.0,Celsius,,29.0,Celsius,,,,,,,,,,,,,,,,,,,,,,,,,,,,,,,table 2,Shoukry et al. (2000). Bionomics of ticks collected from Sinai Peninsula Egypt. 1. Biology of Hyalomma schulzei (Olenev) (Acari: Ixodidae) under laboratory conditions. Egyptian Journal of Biology 2,,,,Piper Zimmerman,poz3615@vt.edu,,Interactor1Temp,Location,01/01/2000,6,v1
134346,1502,,POZp1t10,development time,mean duration of premoulting period,,,85.08,days,1.8,1.8,se,,,,terrestrial,laboratory,,,,,,,,,,,,,Sinai Peninsula Egypt,field,,0,decimal,29.5,33.833333,Hyalomma schulzei,,,150.0,Animalia,Anthropoda,Arachnida,Ixodida,Ixodidae,Hyalomma,Schulzei,Nymph,,21.0,Celsius,,29.0,Celsius,,,,,,,,,,,,,,,,,,,,,,,,,,,,,,,table 2,Shoukry et al. (2000). Bionomics of ticks collected from Sinai Peninsula Egypt. 1. Biology of Hyalomma schulzei (Olenev) (Acari: Ixodidae) under laboratory conditions. Egyptian Journal of Biology 2,,,,Piper Zimmerman,poz3615@vt.edu,,Interactor1Temp,Location,01/01/2000,6,v1
134350,1503,,POZp1t11,feeding period,mean duration of feeding period,,,15.6,days,0.57,0.57,se,,,,terrestrial,laboratory,,,,,,,,,,,,,Sinai Peninsula Egypt,field,,0,decimal,29.5,33.833333,Hyalomma schulzei,,,50.0,Animalia,Anthropoda,Arachnida,Ixodida,Ixodidae,Hyalomma,Schulzei,adult,female,21.0,Celsius,,29.0,Celsius,,,,,,,,,,,,,,,,,,,,,,,,,,,,,,,table 2,Shoukry et al. (2000). Bionomics of ticks collected from Sinai Peninsula Egypt. 1. Biology of Hyalomma schulzei (Olenev) (Acari: Ixodidae) under laboratory conditions. Egyptian Journal of Biology 2,,,,Piper Zimmerman,poz3615@vt.edu,,Interactor1Temp,Location,01/01/2000,21,v1
134354,1504,,POZp1t12,preoviposition period,mean days in preoviposition,,,72.33,days,1.32,1.32,se,,,,terrestrial,laboratory,,,,,,,,,,,,,Sinai Peninsula Egypt,field,,0,decimal,29.5,33.833333,Hyalomma schulzei,,,50.0,Animalia,Anthropoda,Arachnida,Ixodida,Ixodidae,Hyalomma,Schulzei,adult,female,21.0,Celsius,,29.0,Celsius,,,,,,,,,,,,,,,,,,,,,,,,,,,,,,,table 2,Shoukry et al. (2000). Bionomics of ticks collected from Sinai Peninsula Egypt. 1. Biology of Hyalomma schulzei (Olenev) (Acari: Ixodidae) under laboratory conditions. Egyptian Journal of Biology 2,,,,Piper Zimmerman,poz3615@vt.edu,,Interactor1Temp,Location,01/01/2000,26,v1
134362,1506,TTS46,SWE001,longevity,individual-level duration of adult female life stage,,,92.1,days,,,,,,,terrestrial,laboratory,,,,,,,,,,,,,"Beirut, Lebanon",colony,,0,decimal,33.88863,35.49548,Hyalomma aegyptium,tortoise tick,,1.0,Animalia,Arthropoda,Arachnida,Ixodida,Ixodidae,Hyalomma,aegyptium,adult,female,15.0,Celsius,,25.0,Celsius,,,,,,,,,,,,,,,,,,European hedgehog,Animalia,Chordata,Mammalia,Eulipotyphla,Erinaceidae,Erinaceus,europaeus,,,,,,figure 10,Sweatman. 1968. Temperature and humidity effects on the oviposition of Hyalomma aegyptium ticks of different engorgement weights. J Med Entomol. 5(4):429-39,doi: 10.1093/jmedent/5.4.429,,,Alicia Arneson,aga98@vt.edu,data were digitzed from a plot using webPlotDigitizer,Interactor1Temp,Location,01/01/1968,8,v1
134376,1507,TSS01,SWE002,preoviposition period,individual-level duration of prereproductive period (end of feeding until oviposition),,,18.8,days,,,,,,,terrestrial,laboratory,,,,,,,,,,,,,"Beirut, Lebanon",colony,,0,decimal,33.88863,35.49548,Hyalomma aegyptium,tortoise tick,,1.0,Animalia,Arthropoda,Arachnida,Ixodida,Ixodidae,Hyalomma,aegyptium,adult,female,15.0,Celsius,,25.0,Celsius,,,,,,,,,,,,,,,,,,Egyptian tortoise,Animalia,Chordata,Reptilia,Testudines,Testudinae,Testudo,kleinmanni,,,,,,figure 11,Sweatman. 1968. Temperature and humidity effects on the oviposition of Hyalomma aegyptium ticks of different engorgement weights. J Med Entomol. 5(4):429-39,doi: 10.1093/jmedent/5.4.429,,,Alicia Arneson,aga98@vt.edu,data were digitzed from a plot using webPlotDigitizer,Interactor1Temp,Location,01/01/1968,26,v1
134407,1508,TTT01,SWE003,ovipositional period,individual-level duration of reproductive period,,,15.2,days,,,,,,,terrestrial,laboratory,,,,,,,,,,,,,"Beirut, Lebanon",colony,,0,decimal,33.88863,35.49548,Hyalomma aegyptium,tortoise tick,,1.0,Animalia,Arthropoda,Arachnida,Ixodida,Ixodidae,Hyalomma,aegyptium,adult,female,15.0,Celsius,,25.0,Celsius,,,,,,,,,,,,,,,,,,Egyptian tortoise,Animalia,Chordata,Reptilia,Testudines,Testudinae,Testudo,kleinmanni,,,,,,figure 12,Sweatman. 1968. Temperature and humidity effects on the oviposition of Hyalomma aegyptium ticks of different engorgement weights. J Med Entomol. 5(4):429-39,doi: 10.1093/jmedent/5.4.429,,,Alicia Arneson,aga98@vt.edu,data were digitzed from a plot using webPlotDigitizer,Interactor1Temp,Location,01/01/1968,27,v1
134468,1510,,SWE005,fecundity rate,maximum number of eggs produced in a single day by an individual female,,,301.0,eggs individual-1 day-1,,,,,,,terrestrial,laboratory,,,,,,,,,,,,,"Beirut, Lebanon",colony,,0,decimal,33.88863,35.49548,Hyalomma aegyptium,tortoise tick,,1.0,Animalia,Arthropoda,Arachnida,Ixodida,Ixodidae,Hyalomma,aegyptium,adult,female,20.0,Celsius,,25.0,Celsius,,,,,,,,,,,,,,,,,,,,,,,,,,,,,,,figure 13,Sweatman. 1968. Temperature and humidity effects on the oviposition of Hyalomma aegyptium ticks of different engorgement weights. J Med Entomol. 5(4):429-39,doi: 10.1093/jmedent/5.4.429,,,Alicia Arneson,aga98@vt.edu,data were digitzed from a plot using webPlotDigitizer,Interactor1Temp,Location,01/01/1968,29,v1
134499,1511,,SWE006,peak fecundity,day post engorgement on which an individual female laid most eggs,,,17.9,days,,,,,,,terrestrial,laboratory,,,,,,,,,,,,,"Beirut, Lebanon",colony,,0,decimal,33.88863,35.49548,Hyalomma aegyptium,tortoise tick,,1.0,Animalia,Arthropoda,Arachnida,Ixodida,Ixodidae,Hyalomma,aegyptium,adult,female,15.0,Celsius,,25.0,Celsius,,,,,,,,,,,,,,,,,,Egyptian tortoise,Animalia,Chordata,Reptilia,Testudines,Testudinae,Testudo,kleinmanni,,,,,,figure 14,Sweatman. 1968. Temperature and humidity effects on the oviposition of Hyalomma aegyptium ticks of different engorgement weights. J Med Entomol. 5(4):429-39,doi: 10.1093/jmedent/5.4.429,,,Alicia Arneson,aga98@vt.edu,data were digitzed from a plot using webPlotDigitizer,Interactor1Temp,Location,01/01/1968,-1,v1
134526,1512,,SWE007,body size,mean wet mass of an individual tick post engorgement,,,724.7,mg,,,,,,,terrestrial,laboratory,,,,,,,,,,,,,"Beirut, Lebanon",colony,,0,decimal,33.88863,35.49548,Hyalomma aegyptium,tortoise tick,,1.0,Animalia,Arthropoda,Arachnida,Ixodida,Ixodidae,Hyalomma,aegyptium,adult,female,20.0,Celsius,,25.0,Celsius,,,,,,,,,,,,,,,,,,,,,,,,,,,,,,,figure 15,Sweatman. 1968. Temperature and humidity effects on the oviposition of Hyalomma aegyptium ticks of different engorgement weights. J Med Entomol. 5(4):429-39,doi: 10.1093/jmedent/5.4.429,,,Alicia Arneson,aga98@vt.edu,data were digitzed from a plot using webPlotDigitizer,Interactor1Temp,Location,01/01/1968,18,v1
134554,1513,,AAR18,survival rate,percentage of starved larval ticks that survived to the days listed,,,100.0,percent,,,,,,1.0,terrestrial,laboratory,,,,relative humidity,,95.0,percent,,,0.0,days,,"Ein Kerem, Jerusalem",experiment,,0,decimal,31.768056,35.162222,Hyalomma savignyi,,whole,,Animalia,Arthropoda,Arachnida,Ixodida,Ixodidae,Hyalomma,savignyi,larvae,indeterminate,17.5,Celsius,,,,,,,,,,,,,,,,,,,,,,,,,,,,,,,,,,figure 1,Feldman-Musham. 1947. Resistance of larvae and nymphs of hyalomma savignyi gerv to various conditions of temperture and humidity. Parasitology 38:3.,10.1017/s0031182000023039,,,Alicia Arneson,aga98@vt.edu,No sample sizes were included in the manuscript.,Interactor1Temp,SecondStressorValue,01/01/1947,15,v1
134778,1514,,AAR20,survival time,mean survival time of fasting nymphs,,,13.7,days,0.43,0.43,probable error,,,1.0,terrestrial,laboratory,,,,relative humidity,,20.0,percent,,,,,,"Ein Kerem, Jerusalem",experiment,,0,decimal,31.768056,35.162222,Hyalomma savignyi,,whole,,Animalia,Arthropoda,Arachnida,Ixodida,Ixodidae,Hyalomma,savignyi,larvae,indeterminate,17.5,Celsius,,,,,,,,,,,,,,,,,,,,,,,,,,,,,,,,,,table 1,Feldman-Musham. 1947. Resistance of larvae and nymphs of hyalomma savignyi gerv to various conditions of temperture and humidity. Parasitology 38:3.,10.1017/s0031182000023039,,,Alicia Arneson,aga98@vt.edu,No sample sizes were included in the manuscript.,Interactor1Temp,SecondStressorValue,01/01/1947,16,v1
134833,1518,,KNI001,Pre-Oviposition Period,Pre-oviposition period of ticks held at constant temperature,,,7.1,days,0.23,0.23,SE,,,,terrestrial,laboratory,,,,,,,,,,,,,"Grahamstown, South Africa",field,,0,,-33.3,26.53,Hyalomma marginatum rufipes koch,,,13.0,Animalia,Arthropoda,Arachnida,Ixodida,Ixodidae,Hyalomma,marginatum rufipes,adult,female,26.0,celsius,,,,,,,,,,,,,,,,,,,,,,,,,,,,,,,,,,Page 143,Knight. 1978. The life cycle of the tick Hyalomma marginatum rufipes Koch (Acarina: Ixodidae) under laboratory conditions. The Journal of parasitology. 143-146.,https://doi.org/10.2307/3279627,,,Joe Harrison,joeh24@vt.edu,,Unplottable,,01/01/1978,26,v1
134834,1519,,KNI002,Oviposition Rate,mean number of eggs per female,,,441.3369857,eggs,39.04929484,39.93307255,SE,,,,terrestrial,laboratory,,,,,,,,1,,,Days,Days since starting Oviposition,"Grahamstown, South Africa",field,,0,,-33.3,26.53,Hyalomma marginatum rufipes koch,,,13.0,Animalia,Arthropoda,Arachnida,Ixodida,Ixodidae,Hyalomma,marginatum rufipes,adult,female,26.0,celsius,,,,,,,,,,,,,,,,,,,,,,,,,,,,,,,,,,Figure 1,Knight. 1978. The life cycle of the tick Hyalomma marginatum rufipes Koch (Acarina: Ixodidae) under laboratory conditions. The Journal of parasitology. 143-146.,https://doi.org/10.2307/3279627,,,Joe Harrison,joeh24@vt.edu,,Unplottable,,01/01/1978,-1,v1
134852,1520,knight01,KNI003,Weight,Weight of eggs laid by an individual engorged female raised at constant temp,,,0.019691792,g,,,,,,,terrestrial,laboratory,,,,,,,,,,,,,"Grahamstown, South Africa",field,,0,,-33.3,26.53,Hyalomma marginatum rufipes koch,,,1.0,Animalia,Arthropoda,Arachnida,Ixodida,Ixodidae,Hyalomma,marginatum rufipes,adult,female,26.0,celsius,,,,,,,,,,,,,,,,,,,,,,,,,,,,,,,,,,Figure 2,Knight. 1978. The life cycle of the tick Hyalomma marginatum rufipes Koch (Acarina: Ixodidae) under laboratory conditions. The Journal of parasitology. 143-146.,https://doi.org/10.2307/3279627,,,Joe Harrison,joeh24@vt.edu,,Unplottable,,01/01/1978,11,v1
134885,1521,knight01,KNI004,Weight,Weight of an individual engorged female in grams held at constant temperature,,,0.12044537,g,,,,,,,terrestrial,laboratory,,,,,,,,,,,,,"Grahamstown, South Africa",field,,0,,-33.3,26.53,Hyalomma marginatum rufipes koch,,,1.0,Animalia,Arthropoda,Arachnida,Ixodida,Ixodidae,Hyalomma,marginatum rufipes,adult,female,26.0,celsius,,,,,,,,,,,,,,,,,,,,,,,,,,,,,,,,,,Figure 2,Knight. 1978. The life cycle of the tick Hyalomma marginatum rufipes Koch (Acarina: Ixodidae) under laboratory conditions. The Journal of parasitology. 143-146.,https://doi.org/10.2307/3279627,,,Joe Harrison,joeh24@vt.edu,,Unplottable,,01/01/1978,11,v1
134918,1522,,KNI005,Weight,mean weight of larvae during their feeding period,,,0.035331457,mg,,,,,,,terrestrial,laboratory,,,,,,,,0,,,days,Days after attatchment to rabbit,"Grahamstown, South Africa",field,,0,,-33.31,26.526667,Hyalomma marginatum rufipes koch,,,,Animalia,Arthropoda,Arachnida,Ixodida,Ixodidae,Hyalomma,marginatum rufipes,larvae,indeterminate,26.0,celsius,,,,,,,,,,,,,,,,,,,,,,,,,,,,,,,,,,Figure 3,Knight. 1978. The life cycle of the tick Hyalomma marginatum rufipes Koch (Acarina: Ixodidae) under laboratory conditions. The Journal of parasitology. 143-146.,https://doi.org/10.2307/3279627,,,Joe Harrison,joeh24@vt.edu,,Unplottable,,01/01/1978,11,v1
134935,1523,,KNI006,Weight,mean weight of nymphs during their feeding period,,,0.429786215,mg,,,,,,,terrestrial,laboratory,,,,,,,,12,,,days,Days after attatchment to rabbit,"Grahamstown, South Africa",field,,0,,-33.31,26.526667,Hyalomma marginatum rufipes koch,,,,Animalia,Arthropoda,Arachnida,Ixodida,Ixodidae,Hyalomma,marginatum rufipes,nymph,indeterminate,26.0,celsius,,,,,,,,,,,,,,,,,,,,,,,,,,,,,,,,,,Figure 3,Knight. 1978. The life cycle of the tick Hyalomma marginatum rufipes Koch (Acarina: Ixodidae) under laboratory conditions. The Journal of parasitology. 143-146.,https://doi.org/10.2307/3279627,,,Joe Harrison,joeh24@vt.edu,,Unplottable,,01/01/1978,11,v1
134944,1524,,KNI007,Weight,mean weight of engorged nymphs moulting to males,,,23.1,mg,0.748,0.748,SE,,,,terrestrial,laboratory,,,,,,,,,,,,,"Grahamstown, South Africa",field,,0,,-33.31,26.526667,Hyalomma marginatum rufipes koch,,,57.0,Animalia,Arthropoda,Arachnida,Ixodida,Ixodidae,Hyalomma,marginatum rufipes,nymph,male,26.0,celsius,,,,,,,,,,,,,,,,,,,,,,,,,,,,,,,,,,Page 144,Knight. 1978. The life cycle of the tick Hyalomma marginatum rufipes Koch (Acarina: Ixodidae) under laboratory conditions. The Journal of parasitology. 143-146.,https://doi.org/10.2307/3279627,,,Joe Harrison,joeh24@vt.edu,reported interactor1number is 114 for males and female combined. Assuming equal split,Unplottable,,01/01/1978,11,v1
134946,1525,,KNI008,Incubation Period,Incubation period of ticks held at constant temperature,,,29.3,days,2.96,2.96,SE,,,,terrestrial,laboratory,,,,,,,,,,,,,"Grahamstown, South Africa",field,,0,,-33.31,26.526667,Hyalomma marginatum rufipes koch,,,,Animalia,Arthropoda,Arachnida,Ixodida,Ixodidae,Hyalomma,marginatum rufipes,egg,indeterminate,,,,,,,,,,,,,,,,,,,,,,,,,,,,,,,,,,,,Page 143,Knight. 1978. The life cycle of the tick Hyalomma marginatum rufipes Koch (Acarina: Ixodidae) under laboratory conditions. The Journal of parasitology. 143-146.,https://doi.org/10.2307/3279627,,,Joe Harrison,joeh24@vt.edu,unsure if incubation period studied for each egg -- interactor1number is perhaps the sum of the average daily oviposition times the number (13) of females,Unplottable,,01/01/1978,4,v1
134947,1526,,KNI009,Molting Period ,number of days required for an individual engorged nymph to molt into an adult,,,18.0,days,,,,,,,terrestrial,laboratory,,,,,,,,,,,,,"Grahamstown, South Africa",field,,0,,-33.31,26.526667,Hyalomma marginatum rufipes koch,,,1.0,Animalia,Arthropoda,Arachnida,Ixodida,Ixodidae,Hyalomma,marginatum rufipes,nymph,male,26.0,celsius,,,,,,,,,,,,,,,,,,,,,,,,,,,,,,,,,,table 1,Knight. 1978. The life cycle of the tick Hyalomma marginatum rufipes Koch (Acarina: Ixodidae) under laboratory conditions. The Journal of parasitology. 143-146.,https://doi.org/10.2307/3279627,,,Joe Harrison,joeh24@vt.edu,interactor1number is the total number of individuals emerging on the day listed in originaltraitvalue. For an individual level data set duplicate each row interactor1number times,Unplottable,,01/01/1978,23,v1
134979,1527,,KNI010,Feeding Period,number of days required for nymphs to fully engorge,,,20.0,days,,,,,,,terrestrial,laboratory,,,,,,,,,,,,,"Grahamstown, South Africa",field,,0,,-33.31,26.526667,Hyalomma marginatum rufipes koch,,,55.0,Animalia,Arthropoda,Arachnida,Ixodida,Ixodidae,Hyalomma,marginatum rufipes,nymph,male,26.0,celsius,,,,,,,,,,,,,,,,,,,,,,,,,,,,,,,,,,table 1,Knight. 1978. The life cycle of the tick Hyalomma marginatum rufipes Koch (Acarina: Ixodidae) under laboratory conditions. The Journal of parasitology. 143-146.,https://doi.org/10.2307/3279627,,,Joe Harrison,joeh24@vt.edu,interactor1number is the total number of individuals completing engorgement on the day listed in originaltraitvalue. For an individual level data set duplicate each row interactor1number times,Unplottable,,01/01/1978,21,v1
134980,1528,,KNI011,Feeding Period of Nymphs (Days),number of days required for nymphs to fully engorge,,,21.0,days,,,,,,,terrestrial,laboratory,,,,,,,,,,,,,"Grahamstown, South Africa",field,,0,,-33.31,26.526667,Hyalomma marginatum rufipes koch,,,62.0,Animalia,Arthropoda,Arachnida,Ixodida,Ixodidae,Hyalomma,marginatum rufipes,nymph,male,26.0,celsius,,,,,,,,,,,,,,,,,,,,,,,,,,,,,,,,,,table 1,Knight. 1978. The life cycle of the tick Hyalomma marginatum rufipes Koch (Acarina: Ixodidae) under laboratory conditions. The Journal of parasitology. 143-146.,https://doi.org/10.2307/3279627,,,Joe Harrison,joeh24@vt.edu,interactor1number is the total number of individuals completing engorgement on the day listed in originaltraitvalue. For an individual level data set duplicate each row interactor1number times,Unplottable,,01/01/1978,-1,v1
134995,1529,,KH001,incubation period,mean Incubation Period in days from egg to larvae at constant temps,,,51.6,days,1.84,1.84,SE,,,,terrestrial,laboratory,,,,RH,relative humidity,75.0,percent,,,,,,"Miazar, Qatar",colony,02/10/1988,0,,25.5,51.25,Hyalmomma impeltatum,,,250.0,Animalia,Arthropoda,Arachnida,Ixodida,Ixodidae,Hyalomma,impeltatum,egg,indeterminate,21.0,celsius,,28.0,celsius,,,,,,,,,,,,,,,,,,,,,,,,,,,,,,,table 1,Khalil. G. and Hagras. A. 1988. Effect of Temperature on Hyalomma (Hyalomma) impeltatum Schulze and Schlottke (Ixodoidea: Ixodidae).,http://hdl.handle.net/10576/10325,,,Joe Harrison,joeh24@vt.edu,Miazar unable to be located. Range not recorded. n is in (200-300). Note DOI is a handle,Unplottable,,01/01/1988,4,v1
134996,1530,,KH002,feeding period,mean Feeding Period in days at larval state at constant temps,,,6.0,days,0.43,0.43,SE,,,,terrestrial,laboratory,,,,RH,relative humidity,75.0,percent,,,,,,"Miazar, Qatar",colony,02/10/1988,0,,25.5,51.25,Hyalmomma impeltatum,,,45.0,Animalia,Arthropoda,Arachnida,Ixodida,Ixodidae,Hyalomma,impeltatum,larva,indeterminate,21.0,celsius,,28.0,celsius,,,,,,,,,,,,,,,,,,,,,,,,,,,,,,,table 1,Khalil. G. and Hagras. A. 1988. Effect of Temperature on Hyalomma (Hyalomma) impeltatum Schulze and Schlottke (Ixodoidea: Ixodidae).,http://hdl.handle.net/10576/10325,,,Joe Harrison,joeh24@vt.edu,Miazar unable to be located. Range not recorded. n = (40-50),Unplottable,,01/01/1988,21,v1
134997,1531,,KH003,premolting period,mean Premolting Period in days at larval state at const temps,,,12.9,days,1.13,1.13,SE,,,,terrestrial,laboratory,,,,RH,relative humidity,75.0,percent,,,,,,"Miazar, Qatar",colony,02/10/1988,0,,25.5,51.25,Hyalmomma impeltatum,,,45.0,Animalia,Arthropoda,Arachnida,Ixodida,Ixodidae,Hyalomma,impeltatum,larva,indeterminate,21.0,celsius,,28.0,celsius,,,,,,,,,,,,,,,,,,,,,,,,,,,,,,,table 1,Khalil. G. and Hagras. A. 1988. Effect of Temperature on Hyalomma (Hyalomma) impeltatum Schulze and Schlottke (Ixodoidea: Ixodidae).,http://hdl.handle.net/10576/10325,,,Joe Harrison,joeh24@vt.edu,Miazar unable to be located. Range not recorded. n = (40-50),Unplottable,,01/01/1988,23,v1
134998,1532,,KH004,feeding period,mean Feeding Period in days at nymph state at constant temps,,,7.9,days,0.51,0.51,SE,,,,terrestrial,laboratory,,,,RH,relative humidity,75.0,percent,,,,,,"Miazar, Qatar",colony,02/10/1988,0,,25.5,51.25,Hyalmomma impeltatum,,,45.0,Animalia,Arthropoda,Arachnida,Ixodida,Ixodidae,Hyalomma,impeltatum,nymph,indeterminate,21.0,celsius,,28.0,celsius,,,,,,,,,,,,,,,,,,,,,,,,,,,,,,,table 1,Khalil. G. and Hagras. A. 1988. Effect of Temperature on Hyalomma (Hyalomma) impeltatum Schulze and Schlottke (Ixodoidea: Ixodidae).,http://hdl.handle.net/10576/10325,,,Joe Harrison,joeh24@vt.edu,Miazar unable to be located. Range not recorded. n = (40-50),Unplottable,,01/01/1988,21,v1
134999,1533,,KH005,premolting period,mean Premolting Period in days at nymph state at constant temps,,,47.4,days,0.58,0.58,SE,,,,terrestrial,laboratory,,,,RH,relative humidity,75.0,percent,,,,,,"Miazar, Qatar",colony,02/10/1988,0,,25.5,51.25,Hyalmomma impeltatum,,,45.0,Animalia,Arthropoda,Arachnida,Ixodida,Ixodidae,Hyalomma,impeltatum,nymph,indeterminate,21.0,celsius,,28.0,celsius,,,,,,,,,,,,,,,,,,,,,,,,,,,,,,,table 1,Khalil. G. and Hagras. A. 1988. Effect of Temperature on Hyalomma (Hyalomma) impeltatum Schulze and Schlottke (Ixodoidea: Ixodidae).,http://hdl.handle.net/10576/10325,,,Joe Harrison,joeh24@vt.edu,Miazar unable to be located. Range not recorded. n = (40-50),Unplottable,,01/01/1988,23,v1
135000,1534,,KH006,feeding period,mean Feeding Period in days at adult female state at const temps,,,11.8,days,1.45,1.45,SE,,,,terrestrial,laboratory,,,,RH,relative humidity,75.0,percent,,,,,,"Miazar, Qatar",colony,02/10/1988,0,,25.5,51.25,Hyalmomma impeltatum,,,18.0,Animalia,Arthropoda,Arachnida,Ixodida,Ixodidae,Hyalomma,impeltatum,adult,female,21.0,celsius,,28.0,celsius,,,,,,,,,,,,,,,,,,,,,,,,,,,,,,,table 1,Khalil. G. and Hagras. A. 1988. Effect of Temperature on Hyalomma (Hyalomma) impeltatum Schulze and Schlottke (Ixodoidea: Ixodidae).,http://hdl.handle.net/10576/10325,,,Joe Harrison,joeh24@vt.edu,Miazar unable to be located. Range not recorded. n = (16-20),Unplottable,,01/01/1988,21,v1
135001,1535,,KH007,preoviposition period,mean Preoviposition Period in days at adult female state at const temps,,,41.4,days,7.09,7.09,SE,,,,terrestrial,laboratory,,,,RH,relative humidity,75.0,percent,,,,,,"Miazar, Qatar",colony,02/10/1988,0,,25.5,51.25,Hyalmomma impeltatum,,,18.0,Animalia,Arthropoda,Arachnida,Ixodida,Ixodidae,Hyalomma,impeltatum,adult,female,21.0,celsius,,28.0,celsius,,,,,,,,,,,,,,,,,,,,,,,,,,,,,,,table 1,Khalil. G. and Hagras. A. 1988. Effect of Temperature on Hyalomma (Hyalomma) impeltatum Schulze and Schlottke (Ixodoidea: Ixodidae).,http://hdl.handle.net/10576/10325,,,Joe Harrison,joeh24@vt.edu,Miazar unable to be located. Range not recorded. n = (16-20),Unplottable,,01/01/1988,26,v1
135002,1536,,KH008,oviposition period,mean Oviposition Period in days at adult female state at const temps,,,26.1,days,1.0,1.0,SE,,,,terrestrial,laboratory,,,,RH,relative humidity,75.0,percent,,,,,,"Miazar, Qatar",colony,02/10/1988,0,,25.5,51.25,Hyalmomma impeltatum,,,18.0,Animalia,Arthropoda,Arachnida,Ixodida,Ixodidae,Hyalomma,impeltatum,adult,female,21.0,celsius,,28.0,celsius,,,,,,,,,,,,,,,,,,,,,,,,,,,,,,,table 1,Khalil. G. and Hagras. A. 1988. Effect of Temperature on Hyalomma (Hyalomma) impeltatum Schulze and Schlottke (Ixodoidea: Ixodidae).,http://hdl.handle.net/10576/10325,,,Joe Harrison,joeh24@vt.edu,Miazar unable to be located. Range not recorded. n = (16-20),Unplottable,,01/01/1988,27,v1
135027,1537,,KH009,weight,Mean weight on day of hatching,,,53.0,ug,1.9,1.9,SE,,,,terrestrial,laboratory,,,,RH,relative humidity,75.0,percent,,,,,,"Miazar, Qatar",colony,02/10/1988,0,,25.5,51.25,Hyalmomma impeltatum,,,150.0,Animalia,Arthropoda,Arachnida,Ixodida,Ixodidae,Hyalomma,impeltatum,larva,indeterminate,21.0,celsius,,28.0,celsius,,,,,,,,,,,,,,,,,,,,,,,,,,,,,,,table 2,Khalil. G. and Hagras. A. 1988. Effect of Temperature on Hyalomma (Hyalomma) impeltatum Schulze and Schlottke (Ixodoidea: Ixodidae).,http://hdl.handle.net/10576/10325,,,Joe Harrison,joeh24@vt.edu,n = (100-200). Not confident in interactor1number,Unplottable,,01/01/1988,10,v1
135031,1538,,KH010,weight,Mean weight 14 days after hatching,,,38.8,ug,6.5,6.5,SE,,,,terrestrial,laboratory,,,,RH,relative humidity,75.0,percent,,,,,,"Miazar, Qatar",colony,02/10/1988,0,,25.5,51.25,Hyalmomma impeltatum,,,150.0,Animalia,Arthropoda,Arachnida,Ixodida,Ixodidae,Hyalomma,impeltatum,larva,indeterminate,21.0,celsius,,28.0,celsius,,,,,,,,,,,,,,,,,,,,,,,,,,,,,,,table 2,Khalil. G. and Hagras. A. 1988. Effect of Temperature on Hyalomma (Hyalomma) impeltatum Schulze and Schlottke (Ixodoidea: Ixodidae).,http://hdl.handle.net/10576/10325,,,Joe Harrison,joeh24@vt.edu,n = (100-200). Not confident in interactor1number,Unplottable,,01/01/1988,10,v1
135035,1539,,KH011,weight,Mean weight on day of engorgement,,,498.0,ug,43.9,43.9,SE,,,,terrestrial,laboratory,,,,RH,relative humidity,75.0,percent,,,,,,"Miazar, Qatar",colony,02/10/1988,0,,25.5,51.25,Hyalmomma impeltatum,,,150.0,Animalia,Arthropoda,Arachnida,Ixodida,Ixodidae,Hyalomma,impeltatum,larva,indeterminate,21.0,celsius,,28.0,celsius,,,,,,,,,,,,,,,,,,,,,,,,,,,,,,,table 2,Khalil. G. and Hagras. A. 1988. Effect of Temperature on Hyalomma (Hyalomma) impeltatum Schulze and Schlottke (Ixodoidea: Ixodidae).,http://hdl.handle.net/10576/10325,,,Joe Harrison,joeh24@vt.edu,n = (100-200). Not confident in interactor1number,Unplottable,,01/01/1988,10,v1
135039,1540,,KH012,weight loss,Percentage loss in body weight during larval prefeeding period,,,26.8,percent,,,,,,,terrestrial,laboratory,,,,RH,relative humidity,75.0,percent,,,,,,"Miazar, Qatar",colony,02/10/1988,0,,25.5,51.25,Hyalmomma impeltatum,,,150.0,Animalia,Arthropoda,Arachnida,Ixodida,Ixodidae,Hyalomma,impeltatum,larva,indeterminate,21.0,celsius,,28.0,celsius,,,,,,,,,,,,,,,,,,,,,,,,,,,,,,,table 3,Khalil. G. and Hagras. A. 1988. Effect of Temperature on Hyalomma (Hyalomma) impeltatum Schulze and Schlottke (Ixodoidea: Ixodidae).,http://hdl.handle.net/10576/10325,,,Joe Harrison,joeh24@vt.edu,n = (100-200),Unplottable,,01/01/1988,5,v1
135040,1541,,KH013,weight loss,Percentage loss in body weight during larval molting period,,,29.7,percent,,,,,,,terrestrial,laboratory,,,,RH,relative humidity,75.0,percent,,,,,,"Miazar, Qatar",colony,02/10/1988,0,,25.5,51.25,Hyalmomma impeltatum,,,150.0,Animalia,Arthropoda,Arachnida,Ixodida,Ixodidae,Hyalomma,impeltatum,larva,indeterminate,21.0,celsius,,28.0,celsius,,,,,,,,,,,,,,,,,,,,,,,,,,,,,,,table 3,Khalil. G. and Hagras. A. 1988. Effect of Temperature on Hyalomma (Hyalomma) impeltatum Schulze and Schlottke (Ixodoidea: Ixodidae).,http://hdl.handle.net/10576/10325,,,Joe Harrison,joeh24@vt.edu,n = (100-200),Unplottable,,01/01/1988,5,v1
135041,1542,,KH014,weight loss,Percentage loss in body weight during nymphal prefeeding period,,,35.7,percent,,,,,,,terrestrial,laboratory,,,,RH,relative humidity,75.0,percent,,,,,,"Miazar, Qatar",colony,02/10/1988,0,,25.5,51.25,Hyalmomma impeltatum,,,35.0,Animalia,Arthropoda,Arachnida,Ixodida,Ixodidae,Hyalomma,impeltatum,nymph,indeterminate,21.0,celsius,,28.0,celsius,,,,,,,,,,,,,,,,,,,,,,,,,,,,,,,table 3,Khalil. G. and Hagras. A. 1988. Effect of Temperature on Hyalomma (Hyalomma) impeltatum Schulze and Schlottke (Ixodoidea: Ixodidae).,http://hdl.handle.net/10576/10325,,,Joe Harrison,joeh24@vt.edu,n = (30-40),Unplottable,,01/01/1988,5,v1
135042,1543,,KH015,weight loss,Percentage loss in body weight during nymphal molting period,,,30.5,percent,,,,,,,terrestrial,laboratory,,,,RH,relative humidity,75.0,percent,,,,,,"Miazar, Qatar",colony,02/10/1988,0,,25.5,51.25,Hyalmomma impeltatum,,,35.0,Animalia,Arthropoda,Arachnida,Ixodida,Ixodidae,Hyalomma,impeltatum,nymph,indeterminate,21.0,celsius,,28.0,celsius,,,,,,,,,,,,,,,,,,,,,,,,,,,,,,,table 3,Khalil. G. and Hagras. A. 1988. Effect of Temperature on Hyalomma (Hyalomma) impeltatum Schulze and Schlottke (Ixodoidea: Ixodidae).,http://hdl.handle.net/10576/10325,,,Joe Harrison,joeh24@vt.edu,n = (30-40),Unplottable,,01/01/1988,5,v1
135043,1544,,KH016,weight loss,Percentage loss in body weight during female prefeeding period,,,27.7,percent,,,,,,,terrestrial,laboratory,,,,RH,relative humidity,75.0,percent,,,,,,"Miazar, Qatar",colony,02/10/1988,0,,25.5,51.25,Hyalmomma impeltatum,,,35.0,Animalia,Arthropoda,Arachnida,Ixodida,Ixodidae,Hyalomma,impeltatum,adult,female,21.0,celsius,,28.0,celsius,,,,,,,,,,,,,,,,,,,,,,,,,,,,,,,table 3,Khalil. G. and Hagras. A. 1988. Effect of Temperature on Hyalomma (Hyalomma) impeltatum Schulze and Schlottke (Ixodoidea: Ixodidae).,http://hdl.handle.net/10576/10325,,,Joe Harrison,joeh24@vt.edu,n = (30-40),Unplottable,,01/01/1988,5,v1
135059,1545,,KH017,weight,"Weight of developing Hyalomma impeltatum nymphs held at four different temperatures and 75% relative humidity""",,,0.35,mg,0.03,0.03,SE,,,,terrestrial,laboratory,,,,RH,relative humidity,75.0,percent,,,,,,"Miazar, Qatar",colony,02/10/1988,0,,25.5,51.25,Hyalmomma impeltatum,,,35.0,Animalia,Arthropoda,Arachnida,Ixodida,Ixodidae,Hyalomma,impeltatum,nymph,indeterminate,21.0,celsius,,28.0,celsius,,,,,,,,,,,,,,,,,,,,,,,,,,,,,,,table 4,Khalil. G. and Hagras. A. 1988. Effect of Temperature on Hyalomma (Hyalomma) impeltatum Schulze and Schlottke (Ixodoidea: Ixodidae).,http://hdl.handle.net/10576/10325,,,Joe Harrison,joeh24@vt.edu,n = (30-40),Unplottable,,01/01/1988,10,v1
135071,1546,,KH018,weight,Weight of undisturbed female Hyalomma impeltatum after molting,,,23.16,mg,1.16,1.16,SE,,,,terrestrial,laboratory,,,,RH,relative humidity,75.0,percent,,,,,,"Miazar, Qatar",colony,02/10/1988,0,,25.5,51.25,Hyalmomma impeltatum,,,35.0,Animalia,Arthropoda,Arachnida,Ixodida,Ixodidae,Hyalomma,impeltatum,adult,female,21.0,celsius,,28.0,celsius,,,,,,,,,,,,,,,,,,,,,,,,,,,,,,,table 5,Khalil. G. and Hagras. A. 1988. Effect of Temperature on Hyalomma (Hyalomma) impeltatum Schulze and Schlottke (Ixodoidea: Ixodidae).,http://hdl.handle.net/10576/10325,,,Joe Harrison,joeh24@vt.edu,n = (30-40),Unplottable,,01/01/1988,10,v1
135072,1547,,KH019,weight,Weight of undisturbed female Hyalomma impeltatum after feeding (14 days post-molt),,,16.74,mg,0.62,0.62,SE,,,,terrestrial,laboratory,,,,RH,relative humidity,75.0,percent,,,,,,"Miazar, Qatar",colony,02/10/1988,0,,25.5,51.25,Hyalmomma impeltatum,,,35.0,Animalia,Arthropoda,Arachnida,Ixodida,Ixodidae,Hyalomma,impeltatum,adult,female,21.0,celsius,,28.0,celsius,,,,,,,,,,,,,,,,,,,,,,,,,,,,,,,table 5,Khalil. G. and Hagras. A. 1988. Effect of Temperature on Hyalomma (Hyalomma) impeltatum Schulze and Schlottke (Ixodoidea: Ixodidae).,http://hdl.handle.net/10576/10325,,,Joe Harrison,joeh24@vt.edu,n = (30-40),Unplottable,,01/01/1988,10,v1
135073,1548,,KH020,weight,Weight of undisturbed female Hyalomma impeltatum after engorgement,,,1085.8,mg,33.88,33.88,SE,,,,terrestrial,laboratory,,,,RH,relative humidity,75.0,percent,,,,,,"Miazar, Qatar",colony,02/10/1988,0,,25.5,51.25,Hyalmomma impeltatum,,,35.0,Animalia,Arthropoda,Arachnida,Ixodida,Ixodidae,Hyalomma,impeltatum,adult,female,21.0,celsius,,28.0,celsius,,,,,,,,,,,,,,,,,,,,,,,,,,,,,,,table 5,Khalil. G. and Hagras. A. 1988. Effect of Temperature on Hyalomma (Hyalomma) impeltatum Schulze and Schlottke (Ixodoidea: Ixodidae).,http://hdl.handle.net/10576/10325,,,Joe Harrison,joeh24@vt.edu,n = (30-40),Unplottable,,01/01/1988,10,v1
135074,1549,,KH021,weight,Mean egg mass,,,730.72,mg,63.24,63.24,SE,,,,terrestrial,laboratory,,,,RH,relative humidity,75.0,percent,,,,,,"Miazar, Qatar",colony,02/10/1988,0,,25.5,51.25,Hyalmomma impeltatum,,,35.0,Animalia,Arthropoda,Arachnida,Ixodida,Ixodidae,Hyalomma,impeltatum,adult,female,21.0,celsius,,28.0,celsius,,,,,,,,,,,,,,,,,,,,,,,,,,,,,,,table 5,Khalil. G. and Hagras. A. 1988. Effect of Temperature on Hyalomma (Hyalomma) impeltatum Schulze and Schlottke (Ixodoidea: Ixodidae).,http://hdl.handle.net/10576/10325,,,Joe Harrison,joeh24@vt.edu,n is the number of females and not the number of eggs,Unplottable,,01/01/1988,10,v1
135075,1550,,KH022,Efficency,Percent weight transfered from engorged female at constant temperature to mass of eggs,,,76.1,percent,1.6,1.6,SE,,,,terrestrial,laboratory,,,,RH,relative humidity,75.0,percent,,,,,,"Miazar, Qatar",colony,02/10/1988,0,,25.5,51.25,Hyalmomma impeltatum,,,35.0,Animalia,Arthropoda,Arachnida,Ixodida,Ixodidae,Hyalomma,impeltatum,adult,female,21.0,celsius,,28.0,celsius,,,,,,,,,,,,,,,,,,,,,,,,,,,,,,,table 5,Khalil. G. and Hagras. A. 1988. Effect of Temperature on Hyalomma (Hyalomma) impeltatum Schulze and Schlottke (Ixodoidea: Ixodidae).,http://hdl.handle.net/10576/10325,,,Joe Harrison,joeh24@vt.edu,n = (30-40),Unplottable,,01/01/1988,0,v1
135076,1551,,KH023,Weight,Weight of undisturbed female Hyalomma impeltatum after molting,,,25.24,mg,0.71,0.71,SE,,,,terrestrial,laboratory,,,,RH,relative humidity,75.0,percent,,,,,,"Miazar, Qatar",colony,02/10/1988,0,,25.5,51.25,Hyalmomma impeltatum,,,35.0,Animalia,Arthropoda,Arachnida,Ixodida,Ixodidae,Hyalomma,impeltatum,adult,female,25.0,celsius,,28.0,celsius,,,,,,,,,,,,,,,,,,,,,,,,,,,,,,,table 5,Khalil. G. and Hagras. A. 1988. Effect of Temperature on Hyalomma (Hyalomma) impeltatum Schulze and Schlottke (Ixodoidea: Ixodidae).,http://hdl.handle.net/10576/10325,,,Joe Harrison,joeh24@vt.edu,n = (30-40),Unplottable,,01/01/1988,11,v1
135077,1552,,KH024,Weight,Weight of undisturbed female Hyalomma impeltatum after feeding (14 days post-molt),,,16.96,mg,0.76,0.76,SE,,,,terrestrial,laboratory,,,,RH,relative humidity,75.0,percent,,,,,,"Miazar, Qatar",colony,02/10/1988,0,,25.5,51.25,Hyalmomma impeltatum,,,35.0,Animalia,Arthropoda,Arachnida,Ixodida,Ixodidae,Hyalomma,impeltatum,adult,female,25.0,celsius,,28.0,celsius,,,,,,,,,,,,,,,,,,,,,,,,,,,,,,,table 5,Khalil. G. and Hagras. A. 1988. Effect of Temperature on Hyalomma (Hyalomma) impeltatum Schulze and Schlottke (Ixodoidea: Ixodidae).,http://hdl.handle.net/10576/10325,,,Joe Harrison,joeh24@vt.edu,n = (30-40),Unplottable,,01/01/1988,11,v1
135078,1553,,KH025,Weight,Weight of undisturbed female Hyalomma impeltatum after engorgement,,,1127.98,mg,66.69,66.69,SE,,,,terrestrial,laboratory,,,,RH,relative humidity,75.0,percent,,,,,,"Miazar, Qatar",colony,02/10/1988,0,,25.5,51.25,Hyalmomma impeltatum,,,35.0,Animalia,Arthropoda,Arachnida,Ixodida,Ixodidae,Hyalomma,impeltatum,adult,female,25.0,celsius,,28.0,celsius,,,,,,,,,,,,,,,,,,,,,,,,,,,,,,,table 5,Khalil. G. and Hagras. A. 1988. Effect of Temperature on Hyalomma (Hyalomma) impeltatum Schulze and Schlottke (Ixodoidea: Ixodidae).,http://hdl.handle.net/10576/10325,,,Joe Harrison,joeh24@vt.edu,n = (30-40),Unplottable,,01/01/1988,11,v1
135091,1554,,KH026,egg mass,Mean egg mass by oviposition day of females raised at constant temps,,,102.18,mg,25.01,25.01,SE,,,,terrestrial,laboratory,,,,,,,,1,,,days,days into the oviposition period,"Miazar, Qatar",colony,02/10/1988,0,,25.5,51.25,Hyalmomma impeltatum,,,5.0,Animalia,Arthropoda,Arachnida,Ixodida,Ixodidae,Hyalomma,impeltatum,adult,female,21.0,celsius,,28.0,celsius,,,,,,,,,,,,,,,,,,,,,,,,,,,,,,,table 6,Khalil. G. and Hagras. A. 1988. Effect of Temperature on Hyalomma (Hyalomma) impeltatum Schulze and Schlottke (Ixodoidea: Ixodidae).,http://hdl.handle.net/10576/10325,,,Joe Harrison,joeh24@vt.edu,5 or 6 adult females mean daily egg output,Interactor1Temp,Location,01/01/1988,9,v1
135211,1555,,EC01,preoviposition period,mean time required for an engorged female tick to begin laying eggs,,,6.6,days,1.1,1.1,sd,,,2.0,terrestrial,laboratory,,,,relative humidity,relative humidity,85.0,percentage,,,,,,"Muzahmyia, Saudi Arabia",laboratory,,0,decimal,24.4714,46.27395,Hylomma dromedarii,Camel Tick,,10.0,Animalia,Arthropoda,Arachnida,Ixodida,Ixodidae,Hyalomma,dromedarii,adult,female,25.0,Celsius,,,,,,,,,,,,,,,,,,,,,,,,,,,,,,,,,,table 1,A.M. Alahmed and S.M. Kheir. 2003. Life Cycle and Survival of Hyalomma dromedarii (Acari:Ixodidae) Under Laboratory Conditions. Journal of Agricultural and Marine Sciences 8(1): 11-14,,,,Emerson Clevinger,emma22@vt.edu,Sample size used for each experiment is not completely clear. Interactor1number was only documented when the number of organisms used was apparent from the text.,Unplottable,,01/01/2003,26,v1
135213,1556,,EC02,incubation period,mean time required for an egg to hatch (from time of completion of egg deposition to eclosion of first larva),,,62.0,days,5.0,5.0,sd,,,2.0,terrestrial,laboratory,,,,relative humidity,relative humidity,85.0,percentage,,,,,,"Muzahmyia, Saudi Arabia",laboratory,,0,decimal,24.4714,46.27395,Hylomma dromedarii,Camel Tick,,,Animalia,Arthropoda,Arachnida,Ixodida,Ixodidae,Hyalomma,dromedarii,egg,,25.0,Celsius,,,,,,,,,,,,,,,,,,,,,,,,,,,,,,,,,,table 1,A.M. Alahmed and S.M. Kheir. 2003. Life Cycle and Survival of Hyalomma dromedarii (Acari:Ixodidae) Under Laboratory Conditions. Journal of Agricultural and Marine Sciences 8(1): 11-14,,,,Emerson Clevinger,emma22@vt.edu,Sample size used for each experiment is not completely clear. Interactor1number was only documented when the number of organisms used was apparent from the text.,Unplottable,,01/01/2003,4,v1
135215,1557,,EC03,hardening period,mean time for a tick to become hardened,,,7.0,days,0.8,0.8,sd,,,2.0,terrestrial,laboratory,,,,relative humidity,relative humidity,85.0,percentage,,,,,,"Muzahmyia, Saudi Arabia",laboratory,,0,decimal,24.4714,46.27395,Hylomma dromedarii,Camel Tick,,,Animalia,Arthropoda,Arachnida,Ixodida,Ixodidae,Hyalomma,dromedarii,adult,female,25.0,Celsius,,,,,,,,,,,,,,,,,,,,,,,,,,,,,,,,,,table 1,A.M. Alahmed and S.M. Kheir. 2003. Life Cycle and Survival of Hyalomma dromedarii (Acari:Ixodidae) Under Laboratory Conditions. Journal of Agricultural and Marine Sciences 8(1): 11-14,,,,Emerson Clevinger,emma22@vt.edu,Sample size used for each experiment is not completely clear. Interactor1number was only documented when the number of organisms used was apparent from the text.,Unplottable,,01/01/2003,-1,v1
135217,1558,,EC04,feeding period,mean time required for nymphs to feed,,,14.0,days,1.8,1.8,sd,,,2.0,terrestrial,laboratory,,,,relative humidity,relative humidity,85.0,percentage,,,,,,"Muzahmyia, Saudi Arabia",laboratory,,0,decimal,24.4714,46.27395,Hylomma dromedarii,Camel Tick,,50.0,Animalia,Arthropoda,Arachnida,Ixodida,Ixodidae,Hyalomma,dromedarii,nymph,,25.0,Celsius,,,,,,,,,,,,,,,,,,,,,,,,,,,,,,,,,,table 1,A.M. Alahmed and S.M. Kheir. 2003. Life Cycle and Survival of Hyalomma dromedarii (Acari:Ixodidae) Under Laboratory Conditions. Journal of Agricultural and Marine Sciences 8(1): 11-14,,,,Emerson Clevinger,emma22@vt.edu,Sample size used for each experiment is not completely clear. Interactor1number was only documented when the number of organisms used was apparent from the text.,Unplottable,,01/01/2003,21,v1
135219,1559,,EC05,moulting period,mean time required for nymphs to moult,,,19.0,days,4.0,4.0,sd,,,2.0,terrestrial,laboratory,,,,relative humidity,relative humidity,85.0,percentage,,,,,,"Muzahmyia, Saudi Arabia",laboratory,,0,decimal,24.4714,46.27395,Hylomma dromedarii,Camel Tick,,50.0,Animalia,Arthropoda,Arachnida,Ixodida,Ixodidae,Hyalomma,dromedarii,nymph,,25.0,Celsius,,,,,,,,,,,,,,,,,,,,,,,,,,,,,,,,,,table 1,A.M. Alahmed and S.M. Kheir. 2003. Life Cycle and Survival of Hyalomma dromedarii (Acari:Ixodidae) Under Laboratory Conditions. Journal of Agricultural and Marine Sciences 8(1): 11-14,,,,Emerson Clevinger,emma22@vt.edu,Sample size used for each experiment is not completely clear. Interactor1number was only documented when the number of organisms used was apparent from the text.,Unplottable,,01/01/2003,23,v1
135221,1560,,EC06,engorgement period,mean time required for females to become engorged,,,12.0,days,1.7,1.7,sd,,,2.0,terrestrial,laboratory,,,,relative humidity,relative humidity,85.0,percentage,,,,,,"Muzahmyia, Saudi Arabia",laboratory,,0,decimal,24.4714,46.27395,Hylomma dromedarii,Camel Tick,,10.0,Animalia,Arthropoda,Arachnida,Ixodida,Ixodidae,Hyalomma,dromedarii,adult,female,25.0,Celsius,,,,,,,,,,,,,,,,,,,,,,,,,,,,,,,,,,table 1,A.M. Alahmed and S.M. Kheir. 2003. Life Cycle and Survival of Hyalomma dromedarii (Acari:Ixodidae) Under Laboratory Conditions. Journal of Agricultural and Marine Sciences 8(1): 11-14,,,,Emerson Clevinger,emma22@vt.edu,Sample size used for each experiment is not completely clear. Interactor1number was only documented when the number of organisms used was apparent from the text.,Unplottable,,01/01/2003,-1,v1
135223,1561,,EC07,body size,mean weight of engorged tick,,,981.0,mg,218.0,218.0,sd,,,8.0,terrestrial,laboratory,,,,relative humidity,relative humidity,85.0,percentage,,,,,,"Muzahmyia, Saudi Arabia",laboratory,,0,decimal,24.4714,46.27395,Hylomma dromedarii,Camel Tick,,,Animalia,Arthropoda,Arachnida,Ixodida,Ixodidae,Hyalomma,dromedarii,adult,female,25.0,Celsius,,,,,,,,,,,,,,,,,,,,,,,,,,,,,,,,,,table 2,A.M. Alahmed and S.M. Kheir. 2003. Life Cycle and Survival of Hyalomma dromedarii (Acari:Ixodidae) Under Laboratory Conditions. Journal of Agricultural and Marine Sciences 8(1): 11-14,,,,Emerson Clevinger,emma22@vt.edu,Sample size used for each experiment is not completely clear. Interactor1number was only documented when the number of organisms used was apparent from the text.,Unplottable,,01/01/2003,18,v1
135224,1562,,EC08,egg mass,mean weight of eggs,,,588.0,mg,112.0,112.0,sd,,,8.0,terrestrial,laboratory,,,,relative humidity,relative humidity,85.0,percentage,,,,,,"Muzahmyia, Saudi Arabia",laboratory,,0,decimal,24.4714,46.27395,Hylomma dromedarii,Camel Tick,,,Animalia,Arthropoda,Arachnida,Ixodida,Ixodidae,Hyalomma,dromedarii,egg,,25.0,Celsius,,,,,,,,,,,,,,,,,,,,,,,,,,,,,,,,,,table 2,A.M. Alahmed and S.M. Kheir. 2003. Life Cycle and Survival of Hyalomma dromedarii (Acari:Ixodidae) Under Laboratory Conditions. Journal of Agricultural and Marine Sciences 8(1): 11-14,,,,Emerson Clevinger,emma22@vt.edu,Sample size used for each experiment is not completely clear. Interactor1number was only documented when the number of organisms used was apparent from the text.,Unplottable,,01/01/2003,9,v1
135225,1563,,EC09,egg count,mean number of eggs layed,,,8076.0,mg,989.0,989.0,sd,,,8.0,terrestrial,laboratory,,,,relative humidity,relative humidity,85.0,percentage,,,,,,"Muzahmyia, Saudi Arabia",laboratory,,0,decimal,24.4714,46.27395,Hylomma dromedarii,Camel Tick,,,Animalia,Arthropoda,Arachnida,Ixodida,Ixodidae,Hyalomma,dromedarii,adult,female,25.0,Celsius,,,,,,,,,,,,,,,,,,,,,,,,,,,,,,,,,,table 2,A.M. Alahmed and S.M. Kheir. 2003. Life Cycle and Survival of Hyalomma dromedarii (Acari:Ixodidae) Under Laboratory Conditions. Journal of Agricultural and Marine Sciences 8(1): 11-14,,,,Emerson Clevinger,emma22@vt.edu,Sample size used for each experiment is not completely clear. Interactor1number was only documented when the number of organisms used was apparent from the text.,Unplottable,,01/01/2003,9,v1
135226,1564,,EC10,body size,mean weight of engored nymphs,,,395.0,mg,84.0,84.0,sd,,,8.0,terrestrial,laboratory,,,,relative humidity,relative humidity,85.0,percentage,,,,,,"Muzahmyia, Saudi Arabia",laboratory,,0,decimal,24.4714,46.27395,Hylomma dromedarii,Camel Tick,,,Animalia,Arthropoda,Arachnida,Ixodida,Ixodidae,Hyalomma,dromedarii,nymph,,25.0,Celsius,,,,,,,,,,,,,,,,,,,,,,,,,,,,,,,,,,table 2,A.M. Alahmed and S.M. Kheir. 2003. Life Cycle and Survival of Hyalomma dromedarii (Acari:Ixodidae) Under Laboratory Conditions. Journal of Agricultural and Marine Sciences 8(1): 11-14,,,,Emerson Clevinger,emma22@vt.edu,Sample size used for each experiment is not completely clear. Interactor1number was only documented when the number of organisms used was apparent from the text.,Unplottable,,01/01/2003,18,v1
135227,1565,,EC11,hatchability,the percent of laid eggs that successfully hatched,,,99.0,percent,,,,,,8.0,terrestrial,laboratory,,,,relative humidity,relative humidity,85.0,percentage,,,,,,"Muzahmyia, Saudi Arabia",laboratory,,0,decimal,24.4714,46.27395,Hylomma dromedarii,Camel Tick,,,Animalia,Arthropoda,Arachnida,Ixodida,Ixodidae,Hyalomma,dromedarii,egg,,25.0,Celsius,,,,,,,,,,,,,,,,,,,,,,,,,,,,,,,,,,table 2,A.M. Alahmed and S.M. Kheir. 2003. Life Cycle and Survival of Hyalomma dromedarii (Acari:Ixodidae) Under Laboratory Conditions. Journal of Agricultural and Marine Sciences 8(1): 11-14,,,,Emerson Clevinger,emma22@vt.edu,Sample size used for each experiment is not completely clear. Interactor1number was only documented when the number of organisms used was apparent from the text.,Unplottable,,01/01/2003,20,v1
135228,1566,,EC12,conversion efficiency,the ratio of laid eggs to engorged female body mass calculated as the sum of all eggs laid divided by the sum of all females laying eggs,,,0.6,ratio,,,,,,8.0,terrestrial,laboratory,,,,relative humidity,relative humidity,85.0,percentage,,,,,,"Muzahmyia, Saudi Arabia",laboratory,,0,decimal,24.4714,46.27395,Hylomma dromedarii,Camel Tick,,,Animalia,Arthropoda,Arachnida,Ixodida,Ixodidae,Hyalomma,dromedarii,adult,female,25.0,Celsius,,,,,,,,,,,,,,,,,,,,,,,,,,,,,,,,,,table 2,A.M. Alahmed and S.M. Kheir. 2003. Life Cycle and Survival of Hyalomma dromedarii (Acari:Ixodidae) Under Laboratory Conditions. Journal of Agricultural and Marine Sciences 8(1): 11-14,,,,Emerson Clevinger,emma22@vt.edu,Sample size used for each experiment is not completely clear. Interactor1number was only documented when the number of organisms used was apparent from the text.,Unplottable,,01/01/2003,0,v1
135229,1567,,EC13,survival time,mean time for egg survival,,,50.0,days,8.0,8.0,sd,,,,terrestrial,laboratory,,,,relative humidity,relative humidity,85.0,percentage,,,,,,"Muzahmyia, Saudi Arabia",laboratory,,0,decimal,24.4714,46.27395,Hylomma dromedarii,Camel Tick,,,Animalia,Arthropoda,Arachnida,Ixodida,Ixodidae,Hyalomma,dromedarii,egg,,25.0,Celsius,,,,,,,,,,,,,,,,,,,,,,,,,,,,,,,,,,table 3,A.M. Alahmed and S.M. Kheir. 2003. Life Cycle and Survival of Hyalomma dromedarii (Acari:Ixodidae) Under Laboratory Conditions. Journal of Agricultural and Marine Sciences 8(1): 11-14,,,,Emerson Clevinger,emma22@vt.edu,Sample size used for each experiment is not completely clear. Interactor1number was only documented when the number of organisms used was apparent from the text.,Unplottable,,01/01/2003,16,v1
135232,1568,,EC14,survival time,mean time for unfed larva survival,,,44.0,days,4.0,4.0,sd,,,,terrestrial,laboratory,,,,relative humidity,relative humidity,85.0,percentage,,,,,,"Muzahmyia, Saudi Arabia",laboratory,,0,decimal,24.4714,46.27395,Hylomma dromedarii,Camel Tick,,100.0,Animalia,Arthropoda,Arachnida,Ixodida,Ixodidae,Hyalomma,dromedarii,larval,,25.0,Celsius,,,,,,,,,,,,,,,,,,,,,,,,,,,,,,,,,,table 3,A.M. Alahmed and S.M. Kheir. 2003. Life Cycle and Survival of Hyalomma dromedarii (Acari:Ixodidae) Under Laboratory Conditions. Journal of Agricultural and Marine Sciences 8(1): 11-14,,,,Emerson Clevinger,emma22@vt.edu,Sample size used for each experiment is not completely clear. Interactor1number was only documented when the number of organisms used was apparent from the text.,Unplottable,,01/01/2003,16,v1
135236,1569,,EC15,survival time,mean time for engorged nymph survival ,,,19.0,days,3.0,3.0,sd,,,,terrestrial,laboratory,,,,relative humidity,relative humidity,85.0,percentage,,,,,,"Muzahmyia, Saudi Arabia",laboratory,,0,decimal,24.4714,46.27395,Hylomma dromedarii,Camel Tick,,50.0,Animalia,Arthropoda,Arachnida,Ixodida,Ixodidae,Hyalomma,dromedarii,nymph,,25.0,Celsius,,,,,,,,,,,,,,,,,,,,,,,,,,,,,,,,,,table 3,A.M. Alahmed and S.M. Kheir. 2003. Life Cycle and Survival of Hyalomma dromedarii (Acari:Ixodidae) Under Laboratory Conditions. Journal of Agricultural and Marine Sciences 8(1): 11-14,,,,Emerson Clevinger,emma22@vt.edu,Sample size used for each experiment is not completely clear. Interactor1number was only documented when the number of organisms used was apparent from the text.,Unplottable,,01/01/2003,16,v1
135239,1570,,EC16,survival time,mean time for unfed adult survival,,,105.0,days,13.0,13.0,sd,,,,terrestrial,laboratory,,,,relative humidity,relative humidity,85.0,percentage,,,,,,"Muzahmyia, Saudi Arabia",laboratory,,0,decimal,24.4714,46.27395,Hylomma dromedarii,Camel Tick,,30.0,Animalia,Arthropoda,Arachnida,Ixodida,Ixodidae,Hyalomma,dromedarii,adult,female,25.0,Celsius,,,,,,,,,,,,,,,,,,,,,,,,,,,,,,,,,,table 3,A.M. Alahmed and S.M. Kheir. 2003. Life Cycle and Survival of Hyalomma dromedarii (Acari:Ixodidae) Under Laboratory Conditions. Journal of Agricultural and Marine Sciences 8(1): 11-14,,,,Emerson Clevinger,emma22@vt.edu,Sample size used for each experiment is not completely clear. Interactor1number was only documented when the number of organisms used was apparent from the text.,Unplottable,,01/01/2003,16,v1
135244,1571,,EC17,survival time,mean time for engorged adult survival,,,26.0,days,3.0,3.0,sd,,,,terrestrial,laboratory,,,,relative humidity,relative humidity,85.0,percentage,,,,,,"Muzahmyia, Saudi Arabia",laboratory,,0,decimal,24.4714,46.27395,Hylomma dromedarii,Camel Tick,,10.0,Animalia,Arthropoda,Arachnida,Ixodida,Ixodidae,Hyalomma,dromedarii,adult,female,25.0,Celsius,,,,,,,,,,,,,,,,,,,,,,,,,,,,,,,,,,table 3,A.M. Alahmed and S.M. Kheir. 2003. Life Cycle and Survival of Hyalomma dromedarii (Acari:Ixodidae) Under Laboratory Conditions. Journal of Agricultural and Marine Sciences 8(1): 11-14,,,,Emerson Clevinger,emma22@vt.edu,Sample size used for each experiment is not completely clear. Interactor1number was only documented when the number of organisms used was apparent from the text.,Unplottable,,01/01/2003,16,v1
135247,1572,,WIL001,survival rate,percentage of unfed adults that survive,,,100.0,percent,,,,,,,terrestrial,laboratory,,,,relative humidity,,80.0,percentage,,,1.0,weeks,,"Yonofere,  Senegal",collection location of female tick used to produce colony,,0,decimal,14.497401,-14.452362,Hyalomma truncatum,,,,Animalia,Arthropoda,Arachnida,Ixodida,Ixodidae,Hyalomma,truncatum,adult,male,,Celsius,,,,,,,,,,,,,,,,,,,,,,,,,,,,,,,,,,figure 1a,Wilson et al. 1993. Temperature- and Humidity-Dependent Longevity of Unfed Adult Hyalomma truncatum (Acari: Ixodidae). J Med Entomol 30(2):467-71,https://doi.org/10.1093/jmedent/30.2.467,,,Emerson Clevinger,emma22@vt.edu,The temperature treatments were combined in this graph to show the effect of humidity across temperatures. Temps used are 5 17 25 30 C.,SecondStressorValue,Location,01/03/1993,15,v1
135335,1573,,WIL002,survival rate,percentage of ticks that survived at 5 degrees celcius,,,100.0,percent,,,,,,,terrestrial,laboratory,,,,relative humidity,,,Combined,,,12.0,weeks,,"Yonofere,  Senegal",collection location of female tick used to produce colony,,0,decimal,14.497401,-14.452362,Hyalomma truncatum,,,,Animalia,Arthropoda,Arachnida,Ixodida,Ixodidae,Hyalomma,truncatum,adult,indeterminate,5.0,Celsius,,,,,,,,,,,,,,,,,,,,,,,,,,,,,,,,,,figure 1b,Wilson et al. 1993. Temperature- and Humidity-Dependent Longevity of Unfed Adult Hyalomma truncatum (Acari: Ixodidae). J Med Entomol 30(2):467-71,https://doi.org/10.1093/jmedent/30.2.480,,,Emerson Clevinger,emma22@vt.edu,The humidity treatments were combined in this graph to show the effect of temperature across humidities. Humidities used are 10 50 80 percent.,Unplottable,,01/03/1993,15,v1
135346,1574,,WIL003,survival rate,percentage of ticks that survived at 17 degrees celcius,,,3.0,percent,,,,,,,terrestrial,laboratory,,,,relative humidity,,,Combined,,,64.0,weeks,,"Yonofere,  Senegal",collection location of female tick used to produce colony,,0,decimal,14.497401,-14.452362,Hyalomma truncatum,,,,Animalia,Arthropoda,Arachnida,Ixodida,Ixodidae,Hyalomma,truncatum,adult,indeterminate,5.0,Celsius,,,,,,,,,,,,,,,,,,,,,,,,,,,,,,,,,,figure 1b,Wilson et al. 1993. Temperature- and Humidity-Dependent Longevity of Unfed Adult Hyalomma truncatum (Acari: Ixodidae). J Med Entomol 30(2):467-71,https://doi.org/10.1093/jmedent/30.2.480,,,Emerson Clevinger,emma22@vt.edu,The humidity treatments were combined in this graph to show the effect of temperature across humidities. Humidities used are 10 50 80 percent.,Interactor1Temp,Location,01/03/1993,15,v1
135359,1575,,WIL004,survival rate,percentage of ticks that survived at 24 degrees celcius,,,100.0,percent,,,,,,,terrestrial,laboratory,,,,relative humidity,,,Combined,,,0.0,weeks,,"Yonofere,  Senegal",collection location of female tick used to produce colony,,0,decimal,14.497401,-14.452362,Hyalomma truncatum,,,,Animalia,Arthropoda,Arachnida,Ixodida,Ixodidae,Hyalomma,truncatum,adult,indeterminate,24.0,Celsius,,,,,,,,,,,,,,,,,,,,,,,,,,,,,,,,,,figure 1b,Wilson et al. 1993. Temperature- and Humidity-Dependent Longevity of Unfed Adult Hyalomma truncatum (Acari: Ixodidae). J Med Entomol 30(2):467-71,https://doi.org/10.1093/jmedent/30.2.480,,,Emerson Clevinger,emma22@vt.edu,The humidity treatments were combined in this graph to show the effect of temperature across humidities. Humidities used are 10 50 80 percent.,Unplottable,,01/03/1993,15,v1
135374,1576,,WIL005,survival rate,percentage of ticks that survived at 30 degrees celcius,,,100.0,percent,,,,,,,terrestrial,laboratory,,,,relative humidity,,,Combined,,,0.0,weeks,,"Yonofere,  Senegal",collection location of female tick used to produce colony,,0,decimal,14.497401,-14.452362,Hyalomma truncatum,,,,Animalia,Arthropoda,Arachnida,Ixodida,Ixodidae,Hyalomma,truncatum,adult,indeterminate,30.0,Celsius,,,,,,,,,,,,,,,,,,,,,,,,,,,,,,,,,,figure 1b,Wilson et al. 1993. Temperature- and Humidity-Dependent Longevity of Unfed Adult Hyalomma truncatum (Acari: Ixodidae). J Med Entomol 30(2):467-71,https://doi.org/10.1093/jmedent/30.2.480,,,Emerson Clevinger,emma22@vt.edu,The humidity treatments were combined in this graph to show the effect of temperature across humidities. Humidities used are 10 50 80 percent.,Unplottable,,01/03/1993,15,v1
135389,1577,,EC29,percent moult,percentage moulted engorged on calves,,,51.7,days,1.5,1.5,sd,,,,terrestrial,laboratory,,,,relative humidity,,25.0,percentage,,,,,,"Rabat, Morocco",,,0,decimal,34.0084,6.8539,Hyalomma lusitanicum,,,,Animalia,Arthropoda,Arachnida,Ixodida,Ixodidae,Hyalomma,lusitanicum,adult,female,25.0,Celsius,,,,,,,,,,,,,,,,,,,,,,,,,,,,,,,,,,Table 1,Ouhelli H. & Pandey V. S. 1984. Development of Hyalomma lusitanicum under laboratory conditions. Vet Parasitol 15(1):57-66,doi: 10.1016/0304-4017(84)90110-9,,,Emerson Clevinger,emma22@vt.edu,,Interactor1Temp,SecondStressorValue,01/01/1984,-1,v1
135395,1578,,EC30,premolting period,average pre-moulting period engorged on calves,,,21.3,days,1.5,1.5,sd,,,,terrestrial,laboratory,,,,relative humidity,,25.0,percentage,,,,,,"Rabat, Morocco",,,0,decimal,34.0084,6.8539,Hyalomma lusitanicum,,,,Animalia,Arthropoda,Arachnida,Ixodida,Ixodidae,Hyalomma,lusitanicum,adult,female,25.0,Celsius,,,,,,,,,,,,,,,,,,,,,,,,,,,,,,,,,,Table 1,Ouhelli H. & Pandey V. S. 1984. Development of Hyalomma lusitanicum under laboratory conditions. Vet Parasitol 15(1):57-66,doi: 10.1016/0304-4017(84)90110-9,,,Emerson Clevinger,emma22@vt.edu,,Interactor1Temp,SecondStressorValue,01/01/1984,23,v1
135407,1580,,EC32,survival time,average number of days unfed nymphs survived,,,13.1,days,1.0,1.0,sd,,,,terrestrial,laboratory,,,,relative humidity,,84.0,percentage,,,,,,"Rabat, Morocco",,,0,decimal,34.0084,6.8539,Hyalomma lusitanicum,,,32.0,Animalia,Arthropoda,Arachnida,Ixodida,Ixodidae,Hyalomma,lusitanicum,larvae,indeterminate,25.0,Celsius,,,,,,,,,,,,,,,,,,,,,,,,,,,,,,,,,,Table 2,Ouhelli H. & Pandey V. S. 1984. Development of Hyalomma lusitanicum under laboratory conditions. Vet Parasitol 15(1):57-66,doi: 10.1016/0304-4017(84)90110-9,,,Emerson Clevinger,emma22@vt.edu,,Interactor1Temp,SecondStressorValue,01/01/1984,16,v1
135410,1583,,EC35,percent moult,percentage moulted engorged on rabbits,,,92.0,percent,,,sd,,,,terrestrial,laboratory,,,,relative humidity,,84.0,percentage,,,,,,"Rabat, Morocco",,,0,decimal,34.0084,6.8539,Hyalomma lusitanicum,,,32.0,Animalia,Arthropoda,Arachnida,Ixodida,Ixodidae,Hyalomma,lusitanicum,nymph,indeterminate,25.0,Celsius,,,,,,,,,,,,,,,,,,,,,,,,,,,,,,,,,,Table 2,Ouhelli H. & Pandey V. S. 1984. Development of Hyalomma lusitanicum under laboratory conditions. Vet Parasitol 15(1):57-66,doi: 10.1016/0304-4017(84)90110-9,,,Emerson Clevinger,emma22@vt.edu,,Unplottable,,01/01/1984,-1,v1
135458,1587,,EC44,engorgement period,average duration of engorgement on calves,,,4.9,days,4.0,6.0,range,,,,terrestrial,laboratory,,,,relative humidity,,84.0,percentage,,,,,,"Rabat, Morocco",,,0,decimal,34.0084,6.8539,Hyalomma lusitanicum,,,460.0,Animalia,Arthropoda,Arachnida,Ixodida,Ixodidae,Hyalomma,lusitanicum,larvae,indeterminate,25.0,Celsius,,,,,,,,,,,,,,,,,,,,,,,,,,,,,,,,,,Table 5,Ouhelli H. & Pandey V. S. 1984. Development of Hyalomma lusitanicum under laboratory conditions. Vet Parasitol 15(1):57-66,doi: 10.1016/0304-4017(84)90110-9,,,Emerson Clevinger,emma22@vt.edu,,Unplottable,,01/01/1984,-1,v1
135459,1588,,EC45,engorgement period,average duration of engorgement on rabbits,,,5.2,days,4.0,8.0,range,,,,terrestrial,laboratory,,,,relative humidity,,84.0,percentage,,,,,,"Rabat, Morocco",,,0,decimal,34.0084,6.8539,Hyalomma lusitanicum,,,460.0,Animalia,Arthropoda,Arachnida,Ixodida,Ixodidae,Hyalomma,lusitanicum,larvae,indeterminate,25.0,Celsius,,,,,,,,,,,,,,,,,,,,,,,,,,,,,,,,,,Table 5,Ouhelli H. & Pandey V. S. 1984. Development of Hyalomma lusitanicum under laboratory conditions. Vet Parasitol 15(1):57-66,doi: 10.1016/0304-4017(84)90110-9,,,Emerson Clevinger,emma22@vt.edu,,Unplottable,,01/01/1984,-1,v1
135463,1589,,EC46,hatchability,percent of eggs successfully hatching based on the day of oviposition during which it was laid,,,14.3,percent,11.6,15.9,sd,,,,terrestrial,laboratory,,,,relative humidity,,84.0,percentage,,,1.0,days into oviposition period when eggs were laid,,"Rabat, Morocco",,,0,decimal,34.0084,6.8539,Hyalomma lusitanicum,,,,Animalia,Arthropoda,Arachnida,Ixodida,Ixodidae,Hyalomma,lusitanicum,egg,indeterminate,25.0,Celsius,,,,,,,,,,,,,,,,,,,,,,,,,,,,,,,,,,figure 1,Ouhelli H. & Pandey V. S. 1984. Development of Hyalomma lusitanicum under laboratory conditions. Vet Parasitol 15(1):57-66,doi: 10.1016/0304-4017(84)90110-9,,,Emerson Clevinger,emma22@vt.edu,Graph was hand drawn and not all of the lines are straight,Unplottable,,01/01/1984,20,v1
135488,1590,,SACK_001,feeding time,time required for larval ticks to reach engorgement post attachment,,,3.0,days,,,,,,,terrestrial,laboratory,,,,,,,,,,,,,"New Brunswick, NJ, USA",colony,,0,decimal,40.4862,-74.4478,Amblyomma americanum,Lone star tick,,114.0,Animalia,Arthropoda,Arachnida,Ixodida,Ixodidae,Amblyomma,americanum,larval,indeterminate,21.0,Celsius,,21.0,Celsius,,,,,,,,,,,,,,,,,,,,,,,,,,,,,,,table 1,Sacktor et al. 1948. Biology of the lone star tick in the laboratory. Economic Entomology 41:2,10.1093/jee/41.2.296,,,Alicia Arneson,aga98@vt.edu,The number of individuals that required the noted number of days to engorge is included in interactor1number. The total sample size was 10946. These data can be converted into 10946 individual rows,Unplottable,,01/01/1948,21,v1
135496,1591,,SACK_002,molting period,time required for engorged larval ticks to molt,,,9.0,days,,,,,,,terrestrial,laboratory,,,,,,,,,,,,,"New Brunswick, NJ, USA",colony,,0,decimal,40.4862,-74.4478,Amblyomma americanum,Lone star tick,,6.0,Animalia,Arthropoda,Arachnida,Ixodida,Ixodidae,Amblyomma,americanum,larval,indeterminate,40.0,Celsius,,21.0,Celsius,,,,,,,,,,,,,,,,,,,,,,,,,,,,,,,figure 1,Sacktor et al. 1948. Biology of the lone star tick in the laboratory. Economic Entomology 41:2,10.1093/jee/41.2.296,,,Alicia Arneson,aga98@vt.edu,interactor1number is the total number of larvae that moulted at this temperature in the noted amount of days. This row represents interactor1num total individual rows of data,Interactor1Temp,Location,01/01/1948,23,v1
135533,1592,,SACK_003,survival rate,percentage of larval ticks that molted following engorgement,,,0.0,percent,,,,,,,terrestrial,laboratory,,,,,,,,,,,,,"New Brunswick, NJ, USA",colony,,0,decimal,40.4862,-74.4478,Amblyomma americanum,Lone star tick,,20.0,Animalia,Arthropoda,Arachnida,Ixodida,Ixodidae,Amblyomma,americanum,larval,indeterminate,4.0,Celsius,,21.0,Celsius,,,,,,,,,,,,,,,,,,,,,,,,,,,,,,,table 2,Sacktor et al. 1948. Biology of the lone star tick in the laboratory. Economic Entomology 41:2,10.1093/jee/41.2.296,,,Alicia Arneson,aga98@vt.edu,interactor1number is the sample size for the given temperature treatment,Interactor1Temp,Location,01/01/1948,15,v1
135653,1595,,SST01,preoviposition period,mean time until onset of oviposition,,,9.3,days,1.21,1.21,se,,,1.0,terrestrial,lab,,,,relative humidity,,97.8,percent,,,,,,"Soba Khartoum, Sudan",experiment,,0,decimal,15.523889,32.680833,Amblyomma lepidum,,whole,10.0,Animalia,Arthropoda,Arachnida,Ixodida,Ixodidae,Amblyomma,lepidum,adult,female,27.0,Celsius,inferred (ambient),,,,,,,,,,,,,,,,,,,,,,,,,,,,,,,,,table 1,"Binni et al 2010. The influence of temperature and humidity on oviposition and
hatchability of Amblyomma lepidum (Donitz 1808) (Acarina: Ixodidae)
under laboratory conditions. Vet. Parasitol. 170 (2010): 344-347",10.1016/j.vetpar.2010.02.035 ,,,Sean Sorek,seansorek@vt.edu,,Interactor1Temp,SecondStressorValue,01/01/2010,26,v1
135673,1597,,SST03,pre hatching period,mean time until hatching,,,44.0,days,0.89,0.89,se,,,5.0,terrestrial,lab,,,,relative humidity,,97.8,percent,,,,,,"Soba Khartoum, Sudan",experiment,,0,decimal,15.523889,32.680833,Amblyomma lepidum,,whole,200.0,Animalia,Arthropoda,Arachnida,Ixodida,Ixodidae,Amblyomma,lepidum,adult,female,27.0,Celsius,inferred (ambient),,,,,,,,,,,,,,,,,,,,,,,,,,,,,,,,,table 1,"Binni et al 2010. The influence of temperature and humidity on oviposition and
hatchability of Amblyomma lepidum (Donitz 1808) (Acarina: Ixodidae)
under laboratory conditions. Vet. Parasitol. 170 (2010): 344-347",10.1016/j.vetpar.2010.02.035 ,,,Sean Sorek,seansorek@vt.edu,,Interactor1Temp,SecondStressorValue,01/01/2010,20,v1
135679,1598,,SST04,hatching period,mean time from initiation to completion of hatching,,,4.8,days,0.41,0.41,se,,,5.0,terrestrial,lab,,,,relative humidity,,97.8,percent,,,,,,"Soba Khartoum, Sudan",experiment,,0,decimal,15.523889,32.680833,Amblyomma lepidum,,whole,200.0,Animalia,Arthropoda,Arachnida,Ixodida,Ixodidae,Amblyomma,lepidum,adult,female,27.0,Celsius,inferred (ambient),,,,,,,,,,,,,,,,,,,,,,,,,,,,,,,,,table 1,"Binni et al 2010. The influence of temperature and humidity on oviposition and
hatchability of Amblyomma lepidum (Donitz 1808) (Acarina: Ixodidae)
under laboratory conditions. Vet. Parasitol. 170 (2010): 344-347",10.1016/j.vetpar.2010.02.035 ,,,Sean Sorek,seansorek@vt.edu,,Interactor1Temp,SecondStressorValue,01/01/2010,20,v1
135685,1599,,SST05,egg conversion ratio,mean weight of eggs / mean weight of engorged females,,,64.48692153,percent,,,,,,,terrestrial,lab,,,,relative humidity,,97.8,percent,,,,,,"Soba Khartoum, Sudan",experiment,,0,decimal,15.523889,32.680833,Amblyomma lepidum,,whole,,Animalia,Arthropoda,Arachnida,Ixodida,Ixodidae,Amblyomma,lepidum,,,27.0,Celsius,inferred (ambient),,,,,,,,,,,,,,,,,,,,,,,,,,,,,,,,,figure 2,"Binni et al 2010. The influence of temperature and humidity on oviposition and
hatchability of Amblyomma lepidum (Donitz 1808) (Acarina: Ixodidae)
under laboratory conditions. Vet. Parasitol. 170 (2010): 344-347",10.1016/j.vetpar.2010.02.035 ,,,Sean Sorek,seansorek@vt.edu,,Interactor1Temp,SecondStressorValue,01/01/2010,-1,v1
135695,1600,,SST06,hatchability,percent surviving life stage,,,61.46881288,percent,,,,,,,terrestrial,lab,,,,relative humidity,,97.8,percent,,,,,,"Soba Khartoum, Sudan",experiment,,0,decimal,15.523889,32.680833,Amblyomma lepidum,,whole,,Animalia,Arthropoda,Arachnida,Ixodida,Ixodidae,Amblyomma,lepidum,egg,,27.0,Celsius,inferred (ambient),,,,,,,,,,,,,,,,,,,,,,,,,,,,,,,,,figure 2,"Binni et al 2010. The influence of temperature and humidity on oviposition and
hatchability of Amblyomma lepidum (Donitz 1808) (Acarina: Ixodidae)
under laboratory conditions. Vet. Parasitol. 170 (2010): 344-347",10.1016/j.vetpar.2010.02.035 ,,,Sean Sorek,seansorek@vt.edu,,Interactor1Temp,SecondStressorValue,01/01/2010,20,v1
135710,1602,,GIL_001,questing,mean percent of ticks questing,,,17.7,percent,2.9,2.9,se,,,12.0,terrestrial,laboratory,,,,,,,,,,,,,Aberdeenshire,field,,0,decimal,56.9,-2.516667,Ixodes ricinus,,,30.0,Animalia,Anthropoda,Arachnida,Ixodida,Ixodidae,Ixodes,Ricinus,nymph,indeterminate,6.0,Celsius,,,,,,,,,,,,,,,,,,,,,,,,,,,,,,,,,,figure 4,Gilbert et al. 2014. Climate of origin affects tick (Ixodes ricinus) host-seeking behavior in response to temperature: implications for resilience to climate change? Ecol. Evol. 4(7): 1186-98,doi: 10.1002/ece3.1014,,,Piper Zimmerman,poz3615@vt.edu,Nymphs were collected in the field from each location in the last two weeks of May and refridgerated 1-4 days before starting the experiment,Interactor1Temp,Location,01/01/2014,-1,v1
135748,1603,,POZt1p2s24,preoviposition,Mean preoviposition period in days,,,9.8,days,0.97,0.97,sd,,,,terrestrial,laboratory,,,,Relative Humidity,Relative Humidity,40.0,percent,,,,,,USDA-ARS Federal Experiment Station St. Croix Virgin Islands,experiment,,0,decimal,17.702778,-64.85,Demacentor nitens,Tropical Horse Tick,,20.0,Animalia,Anthropoda,Arachnida,Ixodida,Ixodidae,Demacentor,nitens,adult,female,20.0,Celsius,,,,,,,reared on stanchioned Holstein calves,,,,,,,,,,,,,,,,,,,,,,,,,,,Table 1,Despins. 1992. Effects of Temperature and Humidity on Ovipositional Biology and Egg Development of the Tropical Horse Tick Dermacentor (Anocentor) nitens,10.1093/jmedent/29.2.332,,,Piper Zimmerman,poz3615@vt.edu,,Interactor1Temp,SecondStressorValue,01/01/1992,26,v1
135764,1604,,POZt2p2s24,oviposition,Mean ovipostion period in days,,,28.9,days,2.6,2.6,sd,,,,terrestrial,laboratory,,,,Relative Humidity,Relative Humidity,40.0,percent,,,,,,USDA-ARS Federal Experiment Station St. Croix Virgin Islands,experiment,,0,decimal,17.702778,-64.85,Demacentor nitens,Tropical Horse Tick,,20.0,Animalia,Anthropoda,Arachnida,Ixodida,Ixodidae,Demacentor,nitens,adult,female,20.0,Celsius,,,,,,,reared on stanchioned Holstein calves,,,,,,,,,,,,,,,,,,,,,,,,,,,Table 2,Despins. 1992. Effects of Temperature and Humidity on Ovipositional Biology and Egg Development of the Tropical Horse Tick Dermacentor (Anocentor) nitens,10.1093/jmedent/29.2.332,,,Piper Zimmerman,poz3615@vt.edu,,Interactor1Temp,SecondStressorValue,01/01/1992,-1,v1
135780,1605,,POZt4p2s24,conversion efficiency,Mean index of conversion efficiency- (cumulative egg weight (g)/ replete female tick wt (g) )*100,,,49.2,percent,3.33,3.33,sd,,,,terrestrial,laboratory,,,,Relative Humidity,Relative Humidity,40.0,percent,,,,,,USDA-ARS Federal Experiment Station St. Croix Virgin Islands,experiment,,0,decimal,17.702778,-64.85,Demacentor nitens,Tropical Horse Tick,,20.0,Animalia,Anthropoda,Arachnida,Ixodida,Ixodidae,Demacentor,nitens,adult,female,20.0,Celsius,,,,,,,reared on stanchioned Holstein calves,,,,,,,,,,,,,,,,,,,,,,,,,,,Table 4,Despins. 1992. Effects of Temperature and Humidity on Ovipositional Biology and Egg Development of the Tropical Horse Tick Dermacentor (Anocentor) nitens,10.1093/jmedent/29.2.332,,,Piper Zimmerman,poz3615@vt.edu,,Interactor1Temp,SecondStressorValue,01/01/1992,0,v1
135796,1606,,POZt5p2s24,egg hatch,Mean percentage of eggs hatched,,,0.1,percent,0.06,0.06,sd,,,,terrestrial,laboratory,,,,Relative Humidity,Relative Humidity,40.0,percent,,,,,,USDA-ARS Federal Experiment Station St. Croix Virgin Islands,experiment,,0,decimal,17.702778,-64.85,Demacentor nitens,Tropical Horse Tick,,9.0,Animalia,Anthropoda,Arachnida,Ixodida,Ixodidae,Demacentor,nitens,egg,indeterminate,20.0,Celsius,,20.0,Celsius,,,,,,,,,,,,,,,,,,,,,,,,,,,,,,,Table 5,Despins. 1992. Effects of Temperature and Humidity on Ovipositional Biology and Egg Development of the Tropical Horse Tick Dermacentor (Anocentor) nitens,10.1093/jmedent/29.2.332,,,Piper Zimmerman,poz3615@vt.edu,,Interactor1Temp,SecondStressorValue,01/01/1992,20,v1
135812,1607,,POZt6p2s24,incubation period,mean egg incubation period,,,59.4,days,3.53,3.53,sd,,,,terrestrial,laboratory,,,,Relative Humidity,Relative Humidity,40.0,percent,,,,,,USDA-ARS Federal Experiment Station St. Croix Virgin Islands,experiment,,0,decimal,17.702778,-64.85,Demacentor nitens,Tropical Horse Tick,,10.0,Animalia,Anthropoda,Arachnida,Ixodida,Ixodidae,Demacentor,nitens,egg,indeterminate,20.0,Celsius,,20.0,Celsius,,,,,,,,,,,,,,,,,,,,,,,,,,,,,,,Table 6,Despins. 1992. Effects of Temperature and Humidity on Ovipositional Biology and Egg Development of the Tropical Horse Tick Dermacentor (Anocentor) nitens,10.1093/jmedent/29.2.332,,,Piper Zimmerman,poz3615@vt.edu,,Interactor1Temp,SecondStressorValue,01/01/1992,4,v1
135827,1608,,POZt1p3s24,lipid content,median proportion of lipid content of the tick- calculated by (dried weight - lipid weight) / dried weight,,,0.117,,0.111,0.129,quartiles,,,,terrestrial,laboratory,,,,,,,,,,0.0,weeks,,Wiltshire England,collection,,0,decimal,51.3,-1.9,Ixodes ricinus,Castor Bean Tick,,14.0,Animalia,Anthropoda,Arachnida,Ixodida,Ixodidae,Ixodes,ricinus,adult,female,18.0,Celsius,,18.0,Celsius,,,,ticks for the experiment were generated by feeding field collected ticks on sheep and harvesting them at the appropriate life stage,,,,,,,,,,,,,,,,,,,,,,,,,,,Table 1,van Es et al. 1998. Lipid consumption in Ixodes ricinus (Acari: Ixodidae): Temperature and potential longevity,10.1017/S0007485300026092,,,Piper Zimmerman,poz3615@vt.edu,Ticks also collected from Norfolk,Interactor1Temp,Location,01/01/1998,1,v1
135861,1610,,JOE001,Questing Height,questing height -- Average (across 38 hours and interactor1number of ticks) mm from the lower end of the tube - measured along the length of the tube. Tube is at a 15* incline,,,18.7,mm,7.0,7.0,SEM,,,1.0,terrestrial,laboratory,,,,,,,,06/11/1996 10:00,06/12/1996 23:00,38.0,Hours,Observed once every hour,Morristown NJ,colony,27/06/1996,4,decimal,40.761389,-74.5425,Ixodes scapularis,Deer Tick,,8.0,Animalia,Arthropoda,Arachnida,Ixodida,Ixodidae,Ixodes,scapularis,nymph,indeterminate,10.0,celsius,,17.5,celsius,,,,,,,,,,,,,,,,,,,,,,,,,,,,,,,table 1,Vail and Smith. 2002. Vertical Movement and Posture of Blacklegged Tick (Acari: Ixodidae) Nymphs as a Function of Temperature and Relative Humidity in Laboratory Experiments. J. Med. Entomol. 39(6): 842-846,https://doi.org/10.1603/0022-2585-39.6.842,,,Joe Harrison,joeh24@vt.edu,,Interactor1Temp,Location,01/01/2002,-1,v1
135866,1611,,JOE002,Distance Traveled,Average distance covered per hour while questing,,,5.8,mm,2.8,2.8,SEM,,,1.0,terrestrial,laboratory,,,,,,,,06/11/1996 10:00,06/12/1996 23:00,38.0,Hours,Observed once every hour,Morristown NJ,colony,27/06/1996,4,decimal,40.761389,-74.5425,Ixodes scapularis,Deer Tick,,8.0,Animalia,Arthropoda,Arachnida,Ixodida,Ixodidae,Ixodes,scapularis,nymph,indeterminate,10.0,celsius,,17.5,celsius,,,,,,,,,,,,,,,,,,,,,,,,,,,,,,,table 1,Vail and Smith. 2002. Vertical Movement and Posture of Blacklegged Tick (Acari: Ixodidae) Nymphs as a Function of Temperature and Relative Humidity in Laboratory Experiments. J. Med. Entomol. 39(6): 842-846,https://doi.org/10.1603/0022-2585-39.6.842,,,Joe Harrison,joeh24@vt.edu,,Interactor1Temp,Location,01/01/2002,-1,v1
135871,1612,,JOE003,Questing Time,Mean proportion of time tick seen questing (legs spread more than 50 percent) across the 38 hours,,,15.6,percent,2.2,2.2,SEM,,,1.0,terrestrial,laboratory,,,,,,,,06/11/1996 10:00,06/12/1996 23:00,38.0,Hours,Observed once every hour,Morristown NJ,colony,27/06/1996,4,decimal,40.761389,-74.5425,Ixodes scapularis,Deer Tick,,8.0,Animalia,Arthropoda,Arachnida,Ixodida,Ixodidae,Ixodes,scapularis,nymph,indeterminate,10.0,celsius,,17.5,celsius,,,,,,,,,,,,,,,,,,,,,,,,,,,,,,,table 1,Vail and Smith. 2002. Vertical Movement and Posture of Blacklegged Tick (Acari: Ixodidae) Nymphs as a Function of Temperature and Relative Humidity in Laboratory Experiments. J. Med. Entomol. 39(6): 842-846,https://doi.org/10.1603/0022-2585-39.6.842,,,Joe Harrison,joeh24@vt.edu,,Interactor1Temp,Location,01/01/2002,-1,v1
135876,1613,,JOE004,Questing Height,questing height -- Average (across 43 hours and interactor1number of ticks) mm from the lower end of the tube - measured along the length of the tube. Tube is at a 15* incline,,,133.2,mm,20.5,20.5,SEM,,,1.0,terrestrial,laboratory,,,,relative humidity,,100.0,,6/20/1996 10:00,06/12/1996 23:00,43.0,Hours,Observed once every hour,Morristown NJ,colony,27/06/1996,4,decimal,40.761389,-74.5425,Ixodes scapularis,Deer Tick,,12.0,Animalia,Arthropoda,Arachnida,Ixodida,Ixodidae,Ixodes,scapularis,nymph,indeterminate,25.0,celsius,,17.5,celsius,,,,,,,,,,,,,,,,,,,,,,,,,,,,,,,table 2,Vail and Smith. 2002. Vertical Movement and Posture of Blacklegged Tick (Acari: Ixodidae) Nymphs as a Function of Temperature and Relative Humidity in Laboratory Experiments. J. Med. Entomol. 39(6): 842-846,https://doi.org/10.1603/0022-2585-39.6.842,,,Joe Harrison,joeh24@vt.edu,,SecondStressorValue,Location,01/01/2002,-1,v1
135888,1616,,JOE007,Mortality Rate,number that survived the 38 hours,,,8.0,count,,,,,,1.0,terrestrial,laboratory,,,,,,,,06/11/1996 10:00,06/12/1996 23:00,38.0,Hours,Observed once every hour,Morristown NJ,colony,27/06/1996,4,decimal,40.761389,-74.5425,Ixodes scapularis,Deer Tick,,12.0,Animalia,Arthropoda,Arachnida,Ixodida,Ixodidae,Ixodes,scapularis,nymph,indeterminate,10.0,celsius,,17.5,celsius,,,,,,,,,,,,,,,,,,,,,,,,,,,,,,,table 1,Vail and Smith. 2002. Vertical Movement and Posture of Blacklegged Tick (Acari: Ixodidae) Nymphs as a Function of Temperature and Relative Humidity in Laboratory Experiments. J. Med. Entomol. 39(6): 842-846,https://doi.org/10.1603/0022-2585-39.6.842,,,Joe Harrison,joeh24@vt.edu,,Interactor1Temp,Location,01/01/2002,14,v1
135893,1617,,JOE008,Mortality Rate,number that survived the 43 hours,,,12.0,count,,,,,,1.0,terrestrial,laboratory,,,,relative humidity,,100.0,,6/20/1996 10:00,06/12/1996 23:00,43.0,Hours,Observed once every hour,Morristown NJ,colony,27/06/1996,4,decimal,40.761389,-74.5425,Ixodes scapularis,Deer Tick,,12.0,Animalia,Arthropoda,Arachnida,Ixodida,Ixodidae,Ixodes,scapularis,nymph,indeterminate,25.0,celsius,,17.5,celsius,,,,,,,,,,,,,,,,,,,,,,,,,,,,,,,table 2,Vail and Smith. 2002. Vertical Movement and Posture of Blacklegged Tick (Acari: Ixodidae) Nymphs as a Function of Temperature and Relative Humidity in Laboratory Experiments. J. Med. Entomol. 39(6): 842-846,https://doi.org/10.1603/0022-2585-39.6.842,,,Joe Harrison,joeh24@vt.edu,,SecondStressorValue,Location,01/01/2002,14,v1
135897,1618,,JOE009,Water loss,Water loss of ticks exposed to dry air for 24 hours,,,2.2,mg/cm2,,,,,,,terrestrial,laboratory,,,,unfed,whether the ticks were unfed or fully engorged prior to study,,,,,24.0,Hours,,Cambridge UK,experiment,,0,,52.167,0.125,Ixodes ricinus,,,,Animalia,Arthropoda,Arachnida,Ixodida,Ixodidae,Ixodes,ricinus,adult,female,25.0,celsius,,,,,,,,,,,,,,,,,,,,,,,,,,,,,,,,,,table 1,Lees. 1947. Transpiration and the Structure of the Epicuticle in Ticks. J. Exp. Biol. 23(3-4): 379-410,https://doi.org/10.1242/jeb.23.3-4.379,,,Joe Harrison,joeh24@vt.edu,,Unplottable,,01/01/1947,-1,v1
135898,1619,,JOE010,Weight loss,Weight loss of ticks exposed to dry air for 24 hours,,,17.5,percent,,,,,,,terrestrial,laboratory,,,,unfed,whether the ticks were unfed or fully engorged prior to study,,,,,24.0,Hours,,Cambridge UK,experiment,,0,,52.167,0.125,Ixodes ricinus,,,,Animalia,Arthropoda,Arachnida,Ixodida,Ixodidae,Ixodes,ricinus,adult,female,25.0,celsius,,,,,,,,,,,,,,,,,,,,,,,,,,,,,,,,,,table 1,Lees. 1947. Transpiration and the Structure of the Epicuticle in Ticks. J. Exp. Biol. 23(3-4): 379-410,https://doi.org/10.1242/jeb.23.3-4.379,,,Joe Harrison,joeh24@vt.edu,,Unplottable,,01/01/1947,5,v1
135940,1650,,JOE011,Water loss,Water loss of dead engorged ticks exposed to dry air at a certain temperature for 30 mins,,,0.4,mg/cm2,,,,,,,terrestrial,laboratory,,,,engorged,whether the ticks were unfed or fully engorged prior to study,,,,,30.0,Minutes,,Cambridge UK,experiment,,0,,52.167,0.125,Amblyomma americanum,,,,Animalia,Arthropoda,Arachnida,Ixodida,Ixodidae,Amblyomma,cajennense,adult,female,35.0,celsius,,,,,,,,,,,,,,,,,,,,,,,,,,,,,,,,,,figure 1,Lees. 1947. Transpiration and the Structure of the Epicuticle in Ticks. J. Exp. Biol. 23(3-4): 379-410,https://doi.org/10.1242/jeb.23.3-4.379,,,Joe Harrison,joeh24@vt.edu,,Interactor1Temp,Location,01/01/1947,-1,v1
135967,1652,,JOE013,Development time,Mean time from engorgement to moulting,,,56.0,days,64.0,48.0,range,,,2.0,terrestrial,laboratory,,,,RH,relative humidity,100.0,percent,,,,,,Edinburgh Scotland,experiment,,0,,53.23555848,-1.617176888,Ixodes ricinus,,,10.0,Animalia,Arthropoda,Arachnida,Ixodida,Ixodidae,Ixodes,ricinus,larva,indeterminate,22.5,celsius,,,,,,,,,,,,,,,,,,,,,,,,,,,,,,,,,,table 1,MacLeod. 1934. Ixodes ricinus in relation to its physical environment: the influence of climate on development. Parasitology. 26(2): 282-305.,https://doi.org/10.1017/S003118200002357X,,,Joe Harrison,joeh24@vt.edu,ticks were bred in the laboratory for a generation or more,Interactor1Temp,SecondStressorValue,01/01/1934,6,v1
135990,1653,,JOE014,Mortality Rate,Percent mortality in engorged ticks before moulting,,,0.0,percent,,,,,,2.0,terrestrial,laboratory,,,,RH,relative humidity,100.0,percent,,,,,,Edinburgh Scotland,experiment,,0,,53.23555848,-1.617176888,Ixodes ricinus,,,10.0,Animalia,Arthropoda,Arachnida,Ixodida,Ixodidae,Ixodes,ricinus,larva,indeterminate,22.5,celsius,,,,,,,,,,,,,,,,,,,,,,,,,,,,,,,,,,table 1,MacLeod. 1934. Ixodes ricinus in relation to its physical environment: the influence of climate on development. Parasitology. 26(2): 282-305.,https://doi.org/10.1017/S003118200002357X,,,Joe Harrison,joeh24@vt.edu,ticks were bred in the laboratory for a generation or more,Interactor1Temp,SecondStressorValue,01/01/1934,14,v1
136048,1656,,JOE031,Oviposition Period,Oviposition Period 1/period(day) in engorged females,,,0.0,days-1,,,,,,,terrestrial,laboratory,,,,,,,,,,,,,Okayama Japan,Collection,27/08/1994,4,,34.65,133.916667,Rhipicephalus sanguineus,,,3.0,Animalia,Arthropoda,Arachnida,Ixodida,Ixodidae,Rhipicephalus,sanguineus,adult,female,4.0,celsius,,,,,,,,,,,,,,,,,,,,,,,,,,,,,,,,,,Figure 1,Inokuma et al. 1996. Seasonal occurrence of Rhipicephalus sanguineus in Okayama Prefecture. Japan and effect of temperature on development of the tick. J. Veterinary Med. Sci. 58(3): 225-228,https://doi.org/10.1292/jvms.58.225,,,Joe Harrison,joeh24@vt.edu,No eggs laid. Either reared at 23 degrees celc with 90 percent humidity - or if in a parasidic stage was reared at room temperature,Interactor1Temp,Location,01/01/2025,27,v1
136053,1657,,JOE032,Pre-Oviposition Period in engorged females,Pre-Oviposition Period in engorged females,,,0.0,days-1,,,,,,,terrestrial,laboratory,,,,,,,,,,,,,Okayama Japan,Collection,27/08/1994,4,,34.65,133.916667,Rhipicephalus sanguineus,,,3.0,Animalia,Arthropoda,Arachnida,Ixodida,Ixodidae,Rhipicephalus,sanguineus,adult,female,4.0,celsius,,,,,,,,,,,,,,,,,,,,,,,,,,,,,,,,,,Figure 1,Inokuma et al. 1996. Seasonal occurrence of Rhipicephalus sanguineus in Okayama Prefecture. Japan and effect of temperature on development of the tick. J. Veterinary Med. Sci. 58(3): 225-228,https://doi.org/10.1292/jvms.58.225,,,Joe Harrison,joeh24@vt.edu,No eggs laid. Either reared at 23 degrees celc with 90 percent humidity - or if in a parasidic stage was reared at room temperature,Interactor1Temp,Location,01/01/2025,-1,v1
136058,1658,,JOE033,Development Rate (Egg),1 / time for egg incubation across const temps,,,0.0,days-1,,,,,,,terrestrial,laboratory,,,,,,,,,,,,,Okayama Japan,Collection,27/08/1994,4,,34.65,133.916667,Rhipicephalus sanguineus,,,20.0,Animalia,Arthropoda,Arachnida,Ixodida,Ixodidae,Rhipicephalus,sanguineus,egg,indeterminate,4.0,celsius,,,,,,,,,,,,,,,,,,,,,,,,,,,,,,,,,,Figure 2,Inokuma et al. 1996. Seasonal occurrence of Rhipicephalus sanguineus in Okayama Prefecture. Japan and effect of temperature on development of the tick. J. Veterinary Med. Sci. 58(3): 225-228,https://doi.org/10.1292/jvms.58.225,,,Joe Harrison,joeh24@vt.edu,actual interactor1number between 10 and 30,Interactor1Temp,Location,01/01/2025,7,v1
136063,1659,,JOE033,Development Rate (Larva),1 / development time of Engorged Larva,,,0.0,days-1,,,,,,,terrestrial,laboratory,,,,,,,,,,,,,Okayama Japan,Collection,27/08/1994,4,,34.65,133.916667,Rhipicephalus sanguineus,,,20.0,Animalia,Arthropoda,Arachnida,Ixodida,Ixodidae,Rhipicephalus,sanguineus,nymph,indeterminate,4.0,celsius,,,,,,,,,,,,,,,,,,,,,,,,,,,,,,,,,,Figure 2,Inokuma et al. 1996. Seasonal occurrence of Rhipicephalus sanguineus in Okayama Prefecture. Japan and effect of temperature on development of the tick. J. Veterinary Med. Sci. 58(3): 225-228,https://doi.org/10.1292/jvms.58.225,,,Joe Harrison,joeh24@vt.edu,actual interactor1number between 10 and 35,Interactor1Temp,Location,01/01/2025,7,v1
136068,1660,,JOE033,Development Rate (Nymph),1 / development time of Engorged Nymph,,,0.0,days-1,,,,,,,terrestrial,laboratory,,,,,,,,,,,,,Okayama Japan,Collection,27/08/1994,4,,34.65,133.916667,Rhipicephalus sanguineus,,,20.0,Animalia,Arthropoda,Arachnida,Ixodida,Ixodidae,Rhipicephalus,sanguineus,larvae,indeterminate,4.0,celsius,,,,,,,,,,,,,,,,,,,,,,,,,,,,,,,,,,Figure 2,Inokuma et al. 1996. Seasonal occurrence of Rhipicephalus sanguineus in Okayama Prefecture. Japan and effect of temperature on development of the tick. J. Veterinary Med. Sci. 58(3): 225-228,https://doi.org/10.1292/jvms.58.225,,,Joe Harrison,joeh24@vt.edu,actual interactor1number between 10 and 40,Interactor1Temp,Location,01/01/2025,-1,v1
136073,1661,,JOE_TICK001,preoviposition period,Mean Pre-Oviposition Period,,,35.3,days,1.2,1.2,SE,,,,terrestrial,laboratory,,,,,,,,,,,,,Makhanda South Africa,Field,,0,decimal,-33.31,26.526667,Rhipicephalus eversti eversti,Red-legged tick,,,Animalia,Arthropoda,Arachnida,Ixodida,Ixodidae,Rhipicephalus,evertsi,adult,female,15.0,celsius,,,,,,,,,,,,,,,,,,,,,,,,,,,,,,,,,,pg 575,Rechav et al. Life cycle of the tick Rhipicephalus evertsi evertsi Neumann (Acarina: Ixodidae) under laboratory conditions. The J. of Parasitology 1977. 575-579.,https://doi.org/10.2307/3280023,,,Joe Harrison,joeh24@vt.edu,,Interactor1Temp,Location,01/01/1977,26,v1
136077,1662,,JOE_TICK002,incubation period,Mean Incubation Period,,,130.2,days,10.34,10.34,SE,,,,terrestrial,laboratory,,,,,,,,,,,,,Makhanda South Africa,Field,,0,decimal,-33.31,26.526667,Rhipicephalus eversti eversti,Red-legged tick,,,Animalia,Arthropoda,Arachnida,Ixodida,Ixodidae,Rhipicephalus,evertsi,egg,indeterminate,15.0,celsius,,,,,,,,,,,,,,,,,,,,,,,,,,,,,,,,,,pg 576,Rechav et al. Life cycle of the tick Rhipicephalus evertsi evertsi Neumann (Acarina: Ixodidae) under laboratory conditions. The J. of Parasitology 1977. 575-579.,https://doi.org/10.2307/3280023,,,Joe Harrison,joeh24@vt.edu,,Interactor1Temp,Location,01/01/1977,4,v1
136081,1663,,JOE_TICK003,oviposition,daily average number of eggs / female,,,597.0813065,eggs,73.14219104,73.14219104,SE,,,,terrestrial,laboratory,,,,RH,relative humidity,85.0,percent,1.0,,,days,,Makhanda South Africa,Field,,0,decimal,-33.31,26.526667,Rhipicephalus eversti eversti,Red-legged tick,,,Animalia,Arthropoda,Arachnida,Ixodida,Ixodidae,Rhipicephalus,evertsi,adult,female,26.0,celsius,,,,,,,,,,,,,,,,,,,,,,,,,,,,,,,,,,Figure 1,Rechav et al. Life cycle of the tick Rhipicephalus evertsi evertsi Neumann (Acarina: Ixodidae) under laboratory conditions. The J. of Parasitology 1977. 575-579.,https://doi.org/10.2307/3280023,,,Joe Harrison,joeh24@vt.edu,,Unplottable,,01/01/1977,-1,v1
136110,1664,rechav01,JOE_TICK004,Body Mass,Weight of an individual engorged female,,,98.87872231,mg,,,,,,,terrestrial,laboratory,,,,RH,relative humidity,85.0,percent,,,,,,Makhanda South Africa,Field,,0,decimal,-33.31,26.526667,Rhipicephalus eversti eversti,Red-legged tick,,1.0,Animalia,Arthropoda,Arachnida,Ixodida,Ixodidae,Rhipicephalus,evertsi,adult,female,26.0,celsius,,,,,,,,,,,,,,,,,,,,,,,,,,,,,,,,,,Figure 2,Rechav et al. Life cycle of the tick Rhipicephalus evertsi evertsi Neumann (Acarina: Ixodidae) under laboratory conditions. The J. of Parasitology 1977. 575-579.,https://doi.org/10.2307/3280023,,,Joe Harrison,joeh24@vt.edu,Data is from a scatterplot so is linked,Unplottable,,01/01/1977,19,v1
136135,1665,rechav01,JOE_TICK005,Egg Mass,Weight of eggs laid by an individual female,,,35.52998846,mg,,,,,,,terrestrial,laboratory,,,,RH,relative humidity,85.0,percent,,,,,,Makhanda South Africa,Field,,0,decimal,-33.31,26.526667,Rhipicephalus eversti eversti,Red-legged tick,,1.0,Animalia,Arthropoda,Arachnida,Ixodida,Ixodidae,Rhipicephalus,evertsi,adult,female,26.0,celsius,,,,,,,,,,,,,,,,,,,,,,,,,,,,,,,,,,Figure 2,Rechav et al. Life cycle of the tick Rhipicephalus evertsi evertsi Neumann (Acarina: Ixodidae) under laboratory conditions. The J. of Parasitology 1977. 575-579.,https://doi.org/10.2307/3280023,,,Joe Harrison,joeh24@vt.edu,Data is from a scatterplot so is linked,Unplottable,,01/01/1977,9,v1
136160,1666,,JOE_TICK007,Body Mass,mean daily weight of larvae during their feeding periods,,,0.028169014,mg,,,,,,,terrestrial,laboratory,,,,RH,relative humidity,85.0,percent,0.0,,,days,Days after attatchment to rabbit host,Makhanda South Africa,Field,,0,decimal,-33.31,26.526667,Rhipicephalus eversti eversti,Red-legged tick,,100.0,Animalia,Arthropoda,Arachnida,Ixodida,Ixodidae,Rhipicephalus,evertsi,larva,indeterminate,26.0,celsius,,,,,,,,,,,,,,,,,,,,,,,,,,,,,,,,,,Figure 4,Rechav et al. Life cycle of the tick Rhipicephalus evertsi evertsi Neumann (Acarina: Ixodidae) under laboratory conditions. The J. of Parasitology 1977. 575-579.,https://doi.org/10.2307/3280023,,,Joe Harrison,joeh24@vt.edu,It looks like n=100 from the degrees of freedom in later discussion? Presuming that they are related,Unplottable,,01/01/1977,19,v1
136167,1667,,JOE_TICK008,Body Mass,mean daily weight of nymphs during their pharate periods,,,0.211267606,mg,,,,,,,terrestrial,laboratory,,,,RH,relative humidity,85.0,percent,7.0,,,days,Days after attatchment to rabbit host,Makhanda South Africa,Field,,0,decimal,-33.31,26.526667,Rhipicephalus eversti eversti,Red-legged tick,,100.0,Animalia,Arthropoda,Arachnida,Ixodida,Ixodidae,Rhipicephalus,evertsi,pharate nymph,indeterminate,26.0,celsius,,,,,,,,,,,,,,,,,,,,,,,,,,,,,,,,,,Figure 4,Rechav et al. Life cycle of the tick Rhipicephalus evertsi evertsi Neumann (Acarina: Ixodidae) under laboratory conditions. The J. of Parasitology 1977. 575-579.,https://doi.org/10.2307/3280023,,,Joe Harrison,joeh24@vt.edu,It looks like n=100 from the degrees of freedom in later discussion? Presuming that they are related,Unplottable,,01/01/1977,19,v1
136170,1668,,JOE_TICK009,Body Mass,mean daily weight of nymphs during their feeding periods,,,0.56056338,mg,,,,,,,terrestrial,laboratory,,,,RH,relative humidity,85.0,percent,10.0,,,days,Days after attatchment to rabbit host,Makhanda South Africa,Field,,0,decimal,-33.31,26.526667,Rhipicephalus eversti eversti,Red-legged tick,,100.0,Animalia,Arthropoda,Arachnida,Ixodida,Ixodidae,Rhipicephalus,evertsi,pharate nymph,indeterminate,26.0,celsius,,,,,,,,,,,,,,,,,,,,,,,,,,,,,,,,,,Figure 4,Rechav et al. Life cycle of the tick Rhipicephalus evertsi evertsi Neumann (Acarina: Ixodidae) under laboratory conditions. The J. of Parasitology 1977. 575-579.,https://doi.org/10.2307/3280023,,,Joe Harrison,joeh24@vt.edu,It looks like n=100 from the degrees of freedom in later discussion? Presuming that they are related,Unplottable,,01/01/1977,19,v1
136174,1669,,JOE_TICK010,Development Rate,percent of immature stages remaining x days after attatchment,,,100.0,percent,,,,,,,terrestrial,laboratory,,,,RH,relative humidity,85.0,percent,1.0,,,days,Days after attatchment to rabbit host,Makhanda South Africa,Field,,0,decimal,-33.31,26.526667,Rhipicephalus eversti eversti,Red-legged tick,,,Animalia,Arthropoda,Arachnida,Ixodida,Ixodidae,Rhipicephalus,evertsi,larva,indeterminate,26.0,celsius,,,,,,,,,,,,,,,,,,,,,,,,,,,,,,,,,,Table 1,Rechav et al. Life cycle of the tick Rhipicephalus evertsi evertsi Neumann (Acarina: Ixodidae) under laboratory conditions. The J. of Parasitology 1977. 575-579.,https://doi.org/10.2307/3280023,,,Joe Harrison,joeh24@vt.edu,These percentages at each stage are connected. No explicit n and no mention of deaths,Unplottable,,01/01/1977,7,v1
136210,1670,,JOE_TICK011,Development Rate,Percent of emerging males who develop on day X after attatchment (premolt period),,,10.56751468,percent,,,,,,,terrestrial,laboratory,,,,RH,relative humidity,85.0,percent,12.0,,,days,Days after attatchment to rabbit host,Makhanda South Africa,Field,,0,decimal,-33.31,26.526667,Rhipicephalus eversti eversti,Red-legged tick,,,Animalia,Arthropoda,Arachnida,Ixodida,Ixodidae,Rhipicephalus,evertsi,nymph,male,26.0,celsius,,,,,,,,,,,,,,,,,,,,,,,,,,,,,,,,,,Figure 5,Rechav et al. Life cycle of the tick Rhipicephalus evertsi evertsi Neumann (Acarina: Ixodidae) under laboratory conditions. The J. of Parasitology 1977. 575-579.,https://doi.org/10.2307/3280023,,,Joe Harrison,joeh24@vt.edu,No explicit n and no mention of deaths,Unplottable,,01/01/1977,7,v1
136211,1671,,JOE_TICK012,Development Rate,Percent of emerging females who develop on day X after attatchment (premolt period),,,2.739726027,percent,,,,,,,terrestrial,laboratory,,,,RH,relative humidity,85.0,percent,12.0,,,days,Days after attatchment to rabbit host,Makhanda South Africa,Field,,0,decimal,-33.31,26.526667,Rhipicephalus eversti eversti,Red-legged tick,,,Animalia,Arthropoda,Arachnida,Ixodida,Ixodidae,Rhipicephalus,evertsi,nymph,female,26.0,celsius,,,,,,,,,,,,,,,,,,,,,,,,,,,,,,,,,,Figure 5,Rechav et al. Life cycle of the tick Rhipicephalus evertsi evertsi Neumann (Acarina: Ixodidae) under laboratory conditions. The J. of Parasitology 1977. 575-579.,https://doi.org/10.2307/3280023,,,Joe Harrison,joeh24@vt.edu,No explicit n and no mention of deaths,Unplottable,,01/01/1977,7,v1
