OriginalTraitName,OriginalTraitDef,OriginalTraitUnit,Interactor1Order,Interactor1Family,text,version,cluster_id,,,,,,,,,,,
Development Rate (Egg),1 / time for egg incubation across const temps,days-1,Ixodida,Ixodidae,Trait: Development Rate (Egg). Definition: 1 / time for egg incubation across const temps. Unit: days-1. Organism order: Ixodida. Organism family: Ixodidae.,v5,-1,,,,,,,,,,,
Distance Traveled,Average distance covered per hour while questing,mm,Ixodida,Ixodidae,Trait: Distance Traveled. Definition: Average distance covered per hour while questing. Unit: mm. Organism order: Ixodida. Organism family: Ixodidae.,v5,-1,,,,,,,,,,,
EIP (extrinsic incubation period),day sporozoites first detected in salivary glands,days,Diptera,Culicidae,Trait: EIP (extrinsic incubation period). Definition: day sporozoites first detected in salivary glands. Unit: days. Organism order: Diptera. Organism family: Culicidae.,v5,-1,,,,,,,,,,,
Feeding Period,number of days required for nymphs to fully engorge,days,Ixodida,Ixodidae,Trait: Feeding Period. Definition: number of days required for nymphs to fully engorge. Unit: days. Organism order: Ixodida. Organism family: Ixodidae.,v5,-1,,,,,,,,,,,
Feeding Period of Nymphs (Days),number of days required for nymphs to fully engorge,days,Ixodida,Ixodidae,Trait: Feeding Period of Nymphs (Days). Definition: number of days required for nymphs to fully engorge. Unit: days. Organism order: Ixodida. Organism family: Ixodidae.,v5,-1,,,,,,,,,,,
Mortality Rate,number that survived the 38 hours,count,Ixodida,Ixodidae,Trait: Mortality Rate. Definition: number that survived the 38 hours. Unit: count. Organism order: Ixodida. Organism family: Ixodidae.,v5,-1,,,,,,,,,,,
Mortality Rate,number that survived the 43 hours,count,Ixodida,Ixodidae,Trait: Mortality Rate. Definition: number that survived the 43 hours. Unit: count. Organism order: Ixodida. Organism family: Ixodidae.,v5,-1,,,,,,,,,,,
Mortality Rate,Percent mortality in engorged ticks before moulting,percent,Ixodida,Ixodidae,Trait: Mortality Rate. Definition: Percent mortality in engorged ticks before moulting. Unit: percent. Organism order: Ixodida. Organism family: Ixodidae.,v5,-1,,,,,,,,,,,
Oviposition Rate,mean number of eggs per female,eggs,Ixodida,Ixodidae,Trait: Oviposition Rate. Definition: mean number of eggs per female. Unit: eggs. Organism order: Ixodida. Organism family: Ixodidae.,v5,-1,,,,,,,,,,,
Post-reproductive average,period from the end of reproduction until death,days,Hemiptera,Aphididae,Trait: Post-reproductive average. Definition: period from the end of reproduction until death. Unit: days. Organism order: Hemiptera. Organism family: Aphididae.,v5,-1,,,,,,,,,,,
Pre-Oviposition Period,Pre-oviposition period of ticks held at constant temperature,days,Ixodida,Ixodidae,Trait: Pre-Oviposition Period. Definition: Pre-oviposition period of ticks held at constant temperature. Unit: days. Organism order: Ixodida. Organism family: Ixodidae.,v5,-1,,,,,,,,,,,
Pre-Oviposition Period in engorged females,Pre-Oviposition Period in engorged females,days-1,Ixodida,Ixodidae,Trait: Pre-Oviposition Period in engorged females. Definition: Pre-Oviposition Period in engorged females. Unit: days-1. Organism order: Ixodida. Organism family: Ixodidae.,v5,-1,,,,,,,,,,,
Pre-reproductive average,Period from birth until first molt,days,Hemiptera,Aphididae,Trait: Pre-reproductive average. Definition: Period from birth until first molt. Unit: days. Organism order: Hemiptera. Organism family: Aphididae.,v5,-1,,,,,,,,,,,
Questing Height,questing height -- Average (across 38 hours and interactor1number of ticks) mm from the lower end of the tube - measured along the length of the tube. Tube is at a 15* incline,mm,Ixodida,Ixodidae,Trait: Questing Height. Definition: questing height -- Average (across 38 hours and interactor1number of ticks) mm from the lower end of the tube - measured along the length of the tube. Tube is at a 15* incline. Unit: mm. Organism order: Ixodida. Organism family: Ixodidae.,v5,-1,,,,,,,,,,,
Questing Height,questing height -- Average (across 43 hours and interactor1number of ticks) mm from the lower end of the tube - measured along the length of the tube. Tube is at a 15* incline,mm,Ixodida,Ixodidae,Trait: Questing Height. Definition: questing height -- Average (across 43 hours and interactor1number of ticks) mm from the lower end of the tube - measured along the length of the tube. Tube is at a 15* incline. Unit: mm. Organism order: Ixodida. Organism family: Ixodidae.,v5,-1,,,,,,,,,,,
Questing Time,Mean proportion of time tick seen questing (legs spread more than 50 percent) across the 38 hours,percent,Ixodida,Ixodidae,Trait: Questing Time. Definition: Mean proportion of time tick seen questing (legs spread more than 50 percent) across the 38 hours. Unit: percent. Organism order: Ixodida. Organism family: Ixodidae.,v5,-1,,,,,,,,,,,
Reproductive average,Period from the adult stage (genital plate appeared and the complete development of the cauda) until the end of reproduction,days,Hemiptera,Aphididae,Trait: Reproductive average. Definition: Period from the adult stage (genital plate appeared and the complete development of the cauda) until the end of reproduction. Unit: days. Organism order: Hemiptera. Organism family: Aphididae.,v5,-1,,,,,,,,,,,
Water loss,Water loss of ticks exposed to dry air for 24 hours,mg/cm2,Ixodida,Ixodidae,Trait: Water loss. Definition: Water loss of ticks exposed to dry air for 24 hours. Unit: mg/cm2. Organism order: Ixodida. Organism family: Ixodidae.,v5,-1,,,,,,,,,,,
Water loss,Water loss of dead engorged ticks exposed to dry air at a certain temperature for 30 mins,mg/cm2,Ixodida,Ixodidae,Trait: Water loss. Definition: Water loss of dead engorged ticks exposed to dry air at a certain temperature for 30 mins. Unit: mg/cm2. Organism order: Ixodida. Organism family: Ixodidae.,v5,-1,,,,,,,,,,,
Weight loss,Weight loss of ticks exposed to dry air for 24 hours,percent,Ixodida,Ixodidae,Trait: Weight loss. Definition: Weight loss of ticks exposed to dry air for 24 hours. Unit: percent. Organism order: Ixodida. Organism family: Ixodidae.,v5,-1,,,,,,,,,,,
anabolic rate,mean anabolic rate,uW mg-1,Coleoptera,Coccinellidae,Trait: anabolic rate. Definition: mean anabolic rate. Unit: uW mg-1. Organism order: Coleoptera. Organism family: Coccinellidae.,v5,-1,,,,,,,,,,,
blood feeding,percent taking one bloodmeal,percent,Diptera,Culicidae,Trait: blood feeding. Definition: percent taking one bloodmeal. Unit: percent. Organism order: Diptera. Organism family: Culicidae.,v5,-1,,,,,,,,,,,
blood feeding,mean lifetime blood feeds,blood meals individual-1,Diptera,Culicidae,Trait: blood feeding. Definition: mean lifetime blood feeds. Unit: blood meals individual-1. Organism order: Diptera. Organism family: Culicidae.,v5,-1,,,,,,,,,,,
blood feeding frequency,mean lifetime blood meals individual-1,blood meals,Diptera,Culicidae,Trait: blood feeding frequency. Definition: mean lifetime blood meals individual-1. Unit: blood meals. Organism order: Diptera. Organism family: Culicidae.,v5,-1,,,,,,,,,,,
bloodmeal weight,individual-level weight of bloodmeal,mg,Diptera,Culicidae,Trait: bloodmeal weight. Definition: individual-level weight of bloodmeal. Unit: mg. Organism order: Diptera. Organism family: Culicidae.,v5,-1,,,,,,,,,,,
body length,replicate-level mean body length,mm,Hemiptera,Aphididae,Trait: body length. Definition: replicate-level mean body length. Unit: mm. Organism order: Hemiptera. Organism family: Aphididae.,v5,-1,,,,,,,,,,,
body size,mean width,mm,Coleoptera,Coccinellidae,Trait: body size. Definition: mean width. Unit: mm. Organism order: Coleoptera. Organism family: Coccinellidae.,v5,-1,,,,,,,,,,,
body size,mean head width,mm,Diptera,Culicidae,Trait: body size. Definition: mean head width. Unit: mm. Organism order: Diptera. Organism family: Culicidae.,v5,-1,,,,,,,,,,,
body size,mean thorax length,mm,Diptera,Drosophilidae,Trait: body size. Definition: mean thorax length. Unit: mm. Organism order: Diptera. Organism family: Drosophilidae.,v5,-1,,,,,,,,,,,
chill-coma recovery time,mean duration for individuals to regain full movement after being cold shocked as function of growth temperature,minutes,Coleoptera,Tenebrionidae,Trait: chill-coma recovery time. Definition: mean duration for individuals to regain full movement after being cold shocked as function of growth temperature. Unit: minutes. Organism order: Coleoptera. Organism family: Tenebrionidae.,v5,-1,,,,,,,,,,,
chill-coma recovery time,mean duration for individuals to regain full movement after being cold shocked as function of adult temperature,minutes,Coleoptera,Tenebrionidae,Trait: chill-coma recovery time. Definition: mean duration for individuals to regain full movement after being cold shocked as function of adult temperature. Unit: minutes. Organism order: Coleoptera. Organism family: Tenebrionidae.,v5,-1,,,,,,,,,,,
cold hardiness,percent of eggs hatched after being exposed to freezing temperatures for a given duration of time,percent,Hemiptera,Liviidae,Trait: cold hardiness. Definition: percent of eggs hatched after being exposed to freezing temperatures for a given duration of time. Unit: percent. Organism order: Hemiptera. Organism family: Liviidae.,v5,-1,,,,,,,,,,,
consumption rate,mean relative consumption rate,mg of aphids,Coleoptera,Coccinellidae,Trait: consumption rate. Definition: mean relative consumption rate. Unit: mg of aphids. Organism order: Coleoptera. Organism family: Coccinellidae.,v5,-1,,,,,,,,,,,
copulation duration,mean copulation duration,hours individual-1 lifetime-1,Coleoptera,Coccinellidae,Trait: copulation duration. Definition: mean copulation duration. Unit: hours individual-1 lifetime-1. Organism order: Coleoptera. Organism family: Coccinellidae.,v5,-1,,,,,,,,,,,
development duration,period at 4th instar,days,Hemiptera,Aphididae,Trait: development duration. Definition: period at 4th instar. Unit: days. Organism order: Hemiptera. Organism family: Aphididae.,v5,-1,,,,,,,,,,,
development time,median duration for egg development,days,Odonata,Libellulidae,Trait: development time. Definition: median duration for egg development. Unit: days. Organism order: Odonata. Organism family: Libellulidae.,v5,-1,,,,,,,,,,,
development time,mean duration for egg development,days,Odonata,Libellulidae,Trait: development time. Definition: mean duration for egg development. Unit: days. Organism order: Odonata. Organism family: Libellulidae.,v5,-1,,,,,,,,,,,
egg viability,mean percentage of viable eggs produced per female,eggs individual-1,Coleoptera,Curculionidae,Trait: egg viability. Definition: mean percentage of viable eggs produced per female. Unit: eggs individual-1. Organism order: Coleoptera. Organism family: Curculionidae.,v5,-1,,,,,,,,,,,
engorgement period,mean time required for females to become engorged,days,Ixodida,Ixodidae,Trait: engorgement period. Definition: mean time required for females to become engorged. Unit: days. Organism order: Ixodida. Organism family: Ixodidae.,v5,-1,,,,,,,,,,,
engorgement period,average duration of engorgement on calves,days,Ixodida,Ixodidae,Trait: engorgement period. Definition: average duration of engorgement on calves. Unit: days. Organism order: Ixodida. Organism family: Ixodidae.,v5,-1,,,,,,,,,,,
engorgement period,average duration of engorgement on rabbits,days,Ixodida,Ixodidae,Trait: engorgement period. Definition: average duration of engorgement on rabbits. Unit: days. Organism order: Ixodida. Organism family: Ixodidae.,v5,-1,,,,,,,,,,,
fat consumption rate,mean daily rate of fat consumption,mg day-1,Diptera,Glossinidae,Trait: fat consumption rate. Definition: mean daily rate of fat consumption. Unit: mg day-1. Organism order: Diptera. Organism family: Glossinidae.,v5,-1,,,,,,,,,,,
fat content,mean lipid content per individual,ug mg-1 individual-1,Coleoptera,Curculionidae,Trait: fat content. Definition: mean lipid content per individual. Unit: ug mg-1 individual-1. Organism order: Coleoptera. Organism family: Curculionidae.,v5,-1,,,,,,,,,,,
feeding behavior,initiation of stylet penetration of leaf tissue,percent,Hemiptera,Aphididae,Trait: feeding behavior. Definition: initiation of stylet penetration of leaf tissue. Unit: percent. Organism order: Hemiptera. Organism family: Aphididae.,v5,-1,,,,,,,,,,,
feeding preference,mean number of individual ticks selecting to feed on human (see notes for %),individuals,Ixodida,Ixodidae,Trait: feeding preference. Definition: mean number of individual ticks selecting to feed on human (see notes for %). Unit: individuals. Organism order: Ixodida. Organism family: Ixodidae.,v5,-1,,,,,,,,,,,
feeding rate,mean lifetime feeding punctures,feeding punctures individual-1,Coleoptera,Curculionidae,Trait: feeding rate. Definition: mean lifetime feeding punctures. Unit: feeding punctures individual-1. Organism order: Coleoptera. Organism family: Curculionidae.,v5,-1,,,,,,,,,,,
feeding time,time required for larval ticks to reach engorgement post attachment,days,Ixodida,Ixodidae,Trait: feeding time. Definition: time required for larval ticks to reach engorgement post attachment. Unit: days. Organism order: Ixodida. Organism family: Ixodidae.,v5,-1,,,,,,,,,,,
fertility,percentage of females that laid fertile eggs,percent,Ixodida,Ixodidae,Trait: fertility. Definition: percentage of females that laid fertile eggs. Unit: percent. Organism order: Ixodida. Organism family: Ixodidae.,v5,-1,,,,,,,,,,,
glycogen content,mean glycogen content per individual,ug,Diptera,Culicidae,Trait: glycogen content. Definition: mean glycogen content per individual. Unit: ug. Organism order: Diptera. Organism family: Culicidae.,v5,-1,,,,,,,,,,,
growth rate,mean daily growth rate (the product of ln pupal weight divided by larval development time),ln(mg day-1),Coleoptera,Chrysomelidae,Trait: growth rate. Definition: mean daily growth rate (the product of ln pupal weight divided by larval development time). Unit: ln(mg day-1). Organism order: Coleoptera. Organism family: Chrysomelidae.,v5,-1,,,,,,,,,,,
growth rate,mean relative growth rate (ln(adult moult weight (ug)) - ln(birth wt (ug))/development time),ug ug-1 day-1,Hemiptera,Aphididae,Trait: growth rate. Definition: mean relative growth rate (ln(adult moult weight (ug)) - ln(birth wt (ug))/development time). Unit: ug ug-1 day-1. Organism order: Hemiptera. Organism family: Aphididae.,v5,-1,,,,,,,,,,,
hardening period,mean time for a tick to become hardened,days,Ixodida,Ixodidae,Trait: hardening period. Definition: mean time for a tick to become hardened. Unit: days. Organism order: Ixodida. Organism family: Ixodidae.,v5,-1,,,,,,,,,,,
hatch time,mean duration of life stage,hours,Coleoptera,Chrysomelidae,Trait: hatch time. Definition: mean duration of life stage. Unit: hours. Organism order: Coleoptera. Organism family: Chrysomelidae.,v5,-1,,,,,,,,,,,
hatching period,mean time from initiation to completion of hatching,days,Ixodida,Ixodidae,Trait: hatching period. Definition: mean time from initiation to completion of hatching. Unit: days. Organism order: Ixodida. Organism family: Ixodidae.,v5,-1,,,,,,,,,,,
hatching range,range of the number of days all eggs hatched from when the first egg hatching started,days,Odonata,Libellulidae,Trait: hatching range. Definition: range of the number of days all eggs hatched from when the first egg hatching started. Unit: days. Organism order: Odonata. Organism family: Libellulidae.,v5,-1,,,,,,,,,,,
hatching rate,mean duration of life stage,percent,Homoptera,Pseudococcidae,Trait: hatching rate. Definition: mean duration of life stage. Unit: percent. Organism order: Homoptera. Organism family: Pseudococcidae.,v5,-1,,,,,,,,,,,
head capsule width,mean width of head capsule,mm,Hemiptera,Liviidae,Trait: head capsule width. Definition: mean width of head capsule. Unit: mm. Organism order: Hemiptera. Organism family: Liviidae.,v5,-1,,,,,,,,,,,
heat knockdown time,mean duration individuals can tolerate heat exposure before movement ceases as a function of adult temperature,minutes,Coleoptera,Tenebrionidae,Trait: heat knockdown time. Definition: mean duration individuals can tolerate heat exposure before movement ceases as a function of adult temperature. Unit: minutes. Organism order: Coleoptera. Organism family: Tenebrionidae.,v5,-1,,,,,,,,,,,
heat knockdown time,mean duration individuals can tolerate heat exposure before movement ceases as a function of sex and growth temperature,minutes,Coleoptera,Tenebrionidae,Trait: heat knockdown time. Definition: mean duration individuals can tolerate heat exposure before movement ceases as a function of sex and growth temperature. Unit: minutes. Organism order: Coleoptera. Organism family: Tenebrionidae.,v5,-1,,,,,,,,,,,
hypostome length,mean length of hypostome (appendage on the mouth),mm,Ixodida,Ixodidae,Trait: hypostome length. Definition: mean length of hypostome (appendage on the mouth). Unit: mm. Organism order: Ixodida. Organism family: Ixodidae.,v5,-1,,,,,,,,,,,
interlarval period,mean frequency of larval production,days,Diptera,Glossinidae,Trait: interlarval period. Definition: mean frequency of larval production. Unit: days. Organism order: Diptera. Organism family: Glossinidae.,v5,-1,,,,,,,,,,,
juvenile life span,individual-level duration from hatching to death or adult eclosion,days,Diptera,Culicidae,Trait: juvenile life span. Definition: individual-level duration from hatching to death or adult eclosion. Unit: days. Organism order: Diptera. Organism family: Culicidae.,v5,-1,,,,,,,,,,,
knockdown time,mean time for 50% knockdown of femelaes under exposure to deltamethrin concentration (see notes),minutes,Diptera,Culicidae,Trait: knockdown time. Definition: mean time for 50% knockdown of femelaes under exposure to deltamethrin concentration (see notes). Unit: minutes. Organism order: Diptera. Organism family: Culicidae.,v5,-1,,,,,,,,,,,
life cycle,mean duration of entire life cycle,days,Homoptera,Aphididae,Trait: life cycle. Definition: mean duration of entire life cycle. Unit: days. Organism order: Homoptera. Organism family: Aphididae.,v5,-1,,,,,,,,,,,
lifespan,mean duration of entire life,days,Ixodida,Ixodidae,Trait: lifespan. Definition: mean duration of entire life. Unit: days. Organism order: Ixodida. Organism family: Ixodidae.,v5,-1,,,,,,,,,,,
lifespan,mean duration of entrie lifespan (from egg to adult death),days,Hymenoptera,Eulophidae,Trait: lifespan. Definition: mean duration of entrie lifespan (from egg to adult death). Unit: days. Organism order: Hymenoptera. Organism family: Eulophidae.,v5,-1,,,,,,,,,,,
lipid content,mean lipid content per individual,ug,Diptera,Culicidae,Trait: lipid content. Definition: mean lipid content per individual. Unit: ug. Organism order: Diptera. Organism family: Culicidae.,v5,-1,,,,,,,,,,,
lipid content,median proportion of lipid content of the tick- calculated by (dried weight - lipid weight) / dried weight,NA,Ixodida,Ixodidae,Trait: lipid content. Definition: median proportion of lipid content of the tick- calculated by (dried weight - lipid weight) / dried weight. Unit: NA. Organism order: Ixodida. Organism family: Ixodidae.,v5,-1,,,,,,,,,,,
longevity,median adult lifespan,days,Diptera,Culicidae,Trait: longevity. Definition: median adult lifespan. Unit: days. Organism order: Diptera. Organism family: Culicidae.,v5,-1,,,,,,,,,,,
longevity,duration for 50% mortality,days,Ixodida,Ixodidae,Trait: longevity. Definition: duration for 50% mortality. Unit: days. Organism order: Ixodida. Organism family: Ixodidae.,v5,-1,,,,,,,,,,,
longevity,individual-level duration of adult female life stage,days,Ixodida,Ixodidae,Trait: longevity. Definition: individual-level duration of adult female life stage. Unit: days. Organism order: Ixodida. Organism family: Ixodidae.,v5,-1,,,,,,,,,,,
mortality,mean duration of life stage,days,Homoptera,Pseudococcidae,Trait: mortality. Definition: mean duration of life stage. Unit: days. Organism order: Homoptera. Organism family: Pseudococcidae.,v5,-1,,,,,,,,,,,
mortality,cummulative mortality percentage across immature stages,percent,Coleoptera,Coccinellidae,Trait: mortality. Definition: cummulative mortality percentage across immature stages. Unit: percent. Organism order: Coleoptera. Organism family: Coccinellidae.,v5,-1,,,,,,,,,,,
mortality,time to 50% mortality,days,Acari,Tetranychidae,Trait: mortality. Definition: time to 50% mortality. Unit: days. Organism order: Acari. Organism family: Tetranychidae.,v5,-1,,,,,,,,,,,
mortality,number of dead individuals per group,individuals,Ixodida,Ixodidae,Trait: mortality. Definition: number of dead individuals per group. Unit: individuals. Organism order: Ixodida. Organism family: Ixodidae.,v5,-1,,,,,,,,,,,
mortality,time taken for 50% of adults to die,days,Diptera,Culicidae,Trait: mortality. Definition: time taken for 50% of adults to die. Unit: days. Organism order: Diptera. Organism family: Culicidae.,v5,-1,,,,,,,,,,,
mortality (larval),duration for 100% mortality (unfed larvae),weeks,Ixodida,Ixodidae,Trait: mortality (larval). Definition: duration for 100% mortality (unfed larvae). Unit: weeks. Organism order: Ixodida. Organism family: Ixodidae.,v5,-1,,,,,,,,,,,
mortality (nymphal),duration for 50% mortality (unfed nymphs),weeks,Ixodida,Ixodidae,Trait: mortality (nymphal). Definition: duration for 50% mortality (unfed nymphs). Unit: weeks. Organism order: Ixodida. Organism family: Ixodidae.,v5,-1,,,,,,,,,,,
mortality rate,inverse of mean longevity,days-1,Hemiptera,Aphididae,Trait: mortality rate. Definition: inverse of mean longevity. Unit: days-1. Organism order: Hemiptera. Organism family: Aphididae.,v5,-1,,,,,,,,,,,
nymph production,number of nymphs produced / female,number of nymphs produced / female,Hemiptera,Aphididae,Trait: nymph production. Definition: number of nymphs produced / female. Unit: number of nymphs produced / female. Organism order: Hemiptera. Organism family: Aphididae.,v5,-1,,,,,,,,,,,
oocyst intensity,not stated,not stated,Diptera,Culicidae,Trait: oocyst intensity. Definition: not stated. Unit: not stated. Organism order: Diptera. Organism family: Culicidae.,v5,-1,,,,,,,,,,,
oocyst prevalence,not stated,percent,Diptera,Culicidae,Trait: oocyst prevalence. Definition: not stated. Unit: percent. Organism order: Diptera. Organism family: Culicidae.,v5,-1,,,,,,,,,,,
ovariole number,mean number of ovarioles per individual,ovarioles individual-1,Hemiptera,Aphididae,Trait: ovariole number. Definition: mean number of ovarioles per individual. Unit: ovarioles individual-1. Organism order: Hemiptera. Organism family: Aphididae.,v5,-1,,,,,,,,,,,
oviposition,period of oviposition in days,days,Hemiptera,Aphididae,Trait: oviposition. Definition: period of oviposition in days. Unit: days. Organism order: Hemiptera. Organism family: Aphididae.,v5,-1,,,,,,,,,,,
oviposition,daily average number of eggs / female,eggs,Ixodida,Ixodidae,Trait: oviposition. Definition: daily average number of eggs / female. Unit: eggs. Organism order: Ixodida. Organism family: Ixodidae.,v5,-1,,,,,,,,,,,
oviposition failure,mean probability of failure to oviposit,probability,Ixodida,Ixodidae,Trait: oviposition failure. Definition: mean probability of failure to oviposit. Unit: probability. Organism order: Ixodida. Organism family: Ixodidae.,v5,-1,,,,,,,,,,,
oviposition period,mean duration of life stage,days,Hymenoptera,Eulophidae,Trait: oviposition period. Definition: mean duration of life stage. Unit: days. Organism order: Hymenoptera. Organism family: Eulophidae.,v5,-1,,,,,,,,,,,
ovipositional period,mean duration of life stage,days,Hemiptera,Pseudococcidae,Trait: ovipositional period. Definition: mean duration of life stage. Unit: days. Organism order: Hemiptera. Organism family: Pseudococcidae.,v5,-1,,,,,,,,,,,
ovipositioning,proportion of blood fed mosquitoes laying egg rafts,proportion,Diptera,Culicidae,Trait: ovipositioning. Definition: proportion of blood fed mosquitoes laying egg rafts. Unit: proportion. Organism order: Diptera. Organism family: Culicidae.,v5,-1,,,,,,,,,,,
parasite maturation time,mean duration time from infective feed to mature infection,days,Diptera,Glossinidae,Trait: parasite maturation time. Definition: mean duration time from infective feed to mature infection. Unit: days. Organism order: Diptera. Organism family: Glossinidae.,v5,-1,,,,,,,,,,,
peak fecundity,day post engorgement on which an individual female laid most eggs,days,Ixodida,Ixodidae,Trait: peak fecundity. Definition: day post engorgement on which an individual female laid most eggs. Unit: days. Organism order: Ixodida. Organism family: Ixodidae.,v5,-1,,,,,,,,,,,
percent moult,percentage moulted engorged on calves,days,Ixodida,Ixodidae,Trait: percent moult. Definition: percentage moulted engorged on calves. Unit: days. Organism order: Ixodida. Organism family: Ixodidae.,v5,-1,,,,,,,,,,,
percent moult,percentage moulted engorged on rabbits,percent,Ixodida,Ixodidae,Trait: percent moult. Definition: percentage moulted engorged on rabbits. Unit: percent. Organism order: Ixodida. Organism family: Ixodidae.,v5,-1,,,,,,,,,,,
percent survival,percent of adult aphids that were still alive each day,percent,Hemiptera,Aphididae,Trait: percent survival. Definition: percent of adult aphids that were still alive each day. Unit: percent. Organism order: Hemiptera. Organism family: Aphididae.,v5,-1,,,,,,,,,,,
post-oviposition period,mean duration of life stage,days,Homoptera,Pseudococcidae,Trait: post-oviposition period. Definition: mean duration of life stage. Unit: days. Organism order: Homoptera. Organism family: Pseudococcidae.,v5,-1,,,,,,,,,,,
pre-blood meal period,average duration from emergence to first blood meal,days,Diptera,Culicidae,Trait: pre-blood meal period. Definition: average duration from emergence to first blood meal. Unit: days. Organism order: Diptera. Organism family: Culicidae.,v5,-1,,,,,,,,,,,
pre-hatch period,number of days until hatching,days,Ixodida,Ixodidae,Trait: pre-hatch period. Definition: number of days until hatching. Unit: days. Organism order: Ixodida. Organism family: Ixodidae.,v5,-1,,,,,,,,,,,
pre-reproductive period,mean duration of life stage,days,Coleoptera,Curculionidae,Trait: pre-reproductive period. Definition: mean duration of life stage. Unit: days. Organism order: Coleoptera. Organism family: Curculionidae.,v5,-1,,,,,,,,,,,
pre-reproductive period,mean duration to production of first larva,days,Diptera,Glossinidae,Trait: pre-reproductive period. Definition: mean duration to production of first larva. Unit: days. Organism order: Diptera. Organism family: Glossinidae.,v5,-1,,,,,,,,,,,
pre-reproductive period,mean rate of life stage completion,days,Hemiptera,Aphididae,Trait: pre-reproductive period. Definition: mean rate of life stage completion. Unit: days. Organism order: Hemiptera. Organism family: Aphididae.,v5,-1,,,,,,,,,,,
prey consumption,mean number of prey consumed,number of individual prey individual-1,Coleoptera,Coccinellidae,Trait: prey consumption. Definition: mean number of prey consumed. Unit: number of individual prey individual-1. Organism order: Coleoptera. Organism family: Coccinellidae.,v5,-1,,,,,,,,,,,
protein content,mean protein content per individual,ug,Diptera,Culicidae,Trait: protein content. Definition: mean protein content per individual. Unit: ug. Organism order: Diptera. Organism family: Culicidae.,v5,-1,,,,,,,,,,,
questing,mean percent of ticks questing,percent,Ixodida,Ixodidae,Trait: questing. Definition: mean percent of ticks questing. Unit: percent. Organism order: Ixodida. Organism family: Ixodidae.,v5,-1,,,,,,,,,,,
recovery time,individual-level duration to recover movement after exposure to extreme temperature,seconds,Diptera,Glossinidae,Trait: recovery time. Definition: individual-level duration to recover movement after exposure to extreme temperature. Unit: seconds. Organism order: Diptera. Organism family: Glossinidae.,v5,-1,,,,,,,,,,,
relative activity,amount of activity as a percentage of maximum recorded activity,percent,Blattodea,Blaberidae,Trait: relative activity. Definition: amount of activity as a percentage of maximum recorded activity. Unit: percent. Organism order: Blattodea. Organism family: Blaberidae.,v5,-1,,,,,,,,,,,
reproductive capacity,mean lifetime nymphs (30 days),nymphs individual-1,Hemiptera,Aphididae,Trait: reproductive capacity. Definition: mean lifetime nymphs (30 days). Unit: nymphs individual-1. Organism order: Hemiptera. Organism family: Aphididae.,v5,-1,,,,,,,,,,,
reproductive capacity,proportion of individuals that laid eggs after first blood meal,proportion,Diptera,Culicidae,Trait: reproductive capacity. Definition: proportion of individuals that laid eggs after first blood meal. Unit: proportion. Organism order: Diptera. Organism family: Culicidae.,v5,-1,,,,,,,,,,,
reproductive period,period of time where female aphids reproduce,days,Hemiptera,Aphididae,Trait: reproductive period. Definition: period of time where female aphids reproduce. Unit: days. Organism order: Hemiptera. Organism family: Aphididae.,v5,-1,,,,,,,,,,,
resource consumption rate,mean daily resource consumption rate,cm2 day-1,Coleoptera,Chrysomelidae,Trait: resource consumption rate. Definition: mean daily resource consumption rate. Unit: cm2 day-1. Organism order: Coleoptera. Organism family: Chrysomelidae.,v5,-1,,,,,,,,,,,
resource consumption rate,mean lifetime prey consumed,individual prey individual-1,Coleoptera,Coccinellidae,Trait: resource consumption rate. Definition: mean lifetime prey consumed. Unit: individual prey individual-1. Organism order: Coleoptera. Organism family: Coccinellidae.,v5,-1,,,,,,,,,,,
sex ratio,ratio of male ticks to female ticks,ratio,Ixodida,Ixodidae,Trait: sex ratio. Definition: ratio of male ticks to female ticks. Unit: ratio. Organism order: Ixodida. Organism family: Ixodidae.,v5,-1,,,,,,,,,,,
sex ratio,mean proportion of female adults cohort-1,ratio,Hymenoptera,Eulophidae,Trait: sex ratio. Definition: mean proportion of female adults cohort-1. Unit: ratio. Organism order: Hymenoptera. Organism family: Eulophidae.,v5,-1,,,,,,,,,,,
sex ratio,ratio of male psyllids to female psyllids,ratio,Hemiptera,Liviidae,Trait: sex ratio. Definition: ratio of male psyllids to female psyllids. Unit: ratio. Organism order: Hemiptera. Organism family: Liviidae.,v5,-1,,,,,,,,,,,
sporozoite prevalence,not stated,percent,Diptera,Culicidae,Trait: sporozoite prevalence. Definition: not stated. Unit: percent. Organism order: Diptera. Organism family: Culicidae.,v5,-1,,,,,,,,,,,
starvation tolerance,individual-level starvation tolerance as a function of temperature and body size (interactor1size),days,Coleoptera,Tenebrionidae,Trait: starvation tolerance. Definition: individual-level starvation tolerance as a function of temperature and body size (interactor1size). Unit: days. Organism order: Coleoptera. Organism family: Tenebrionidae.,v5,-1,,,,,,,,,,,
survival,percent surviving life stage (across all humidity levels),percent,Coleoptera,Chrysomelidae,Trait: survival. Definition: percent surviving life stage (across all humidity levels). Unit: percent. Organism order: Coleoptera. Organism family: Chrysomelidae.,v5,-1,,,,,,,,,,,
survival,probability of survival after exposure to extreme temperatures,probability,Diptera,Glossinidae,Trait: survival. Definition: probability of survival after exposure to extreme temperatures. Unit: probability. Organism order: Diptera. Organism family: Glossinidae.,v5,-1,,,,,,,,,,,
survival,individual-level binomial survival,1 = survived life stage,Diptera,Culicidae,Trait: survival. Definition: individual-level binomial survival. Unit: 1 = survived life stage. Organism order: Diptera. Organism family: Culicidae.,v5,-1,,,,,,,,,,,
survival,percentage of individuals surviving life stage (emergence rate),individuals,Diptera,Culicidae,Trait: survival. Definition: percentage of individuals surviving life stage (emergence rate). Unit: individuals. Organism order: Diptera. Organism family: Culicidae.,v5,-1,,,,,,,,,,,
survival,cumulative daily survival,lx,Hemiptera,Aphididae,Trait: survival. Definition: cumulative daily survival. Unit: lx. Organism order: Hemiptera. Organism family: Aphididae.,v5,-1,,,,,,,,,,,
temperature thresholds for oviposition,number of psyllid eggs laid over a 48 hour period at temperatures at which female psyllids were held,number of eggs,Hemiptera,Liviidae,Trait: temperature thresholds for oviposition. Definition: number of psyllid eggs laid over a 48 hour period at temperatures at which female psyllids were held. Unit: number of eggs. Organism order: Hemiptera. Organism family: Liviidae.,v5,-1,,,,,,,,,,,
total preoviposition period,mean duration from egg to onset of reproduction,days,Hymenoptera,Eulophidae,Trait: total preoviposition period. Definition: mean duration from egg to onset of reproduction. Unit: days. Organism order: Hymenoptera. Organism family: Eulophidae.,v5,-1,,,,,,,,,,,
transmission potential,percent of individuals with transmission potential,percent,Diptera,Culicidae,Trait: transmission potential. Definition: percent of individuals with transmission potential. Unit: percent. Organism order: Diptera. Organism family: Culicidae.,v5,-1,,,,,,,,,,,
viral load,individual-level viral load,PFU (plaque-forming units),Diptera,Culicidae,Trait: viral load. Definition: individual-level viral load. Unit: PFU (plaque-forming units). Organism order: Diptera. Organism family: Culicidae.,v5,-1,,,,,,,,,,,
weight loss,proportionate weight loss in relation to temperature and population,proportion,Coleoptera,Chrysomelidae,Trait: weight loss. Definition: proportionate weight loss in relation to temperature and population. Unit: proportion. Organism order: Coleoptera. Organism family: Chrysomelidae.,v5,-1,,,,,,,,,,,
metabolic heat rate,mean metabolic heat rate (or 455RCO2),uW mg-1,Coleoptera,Coccinellidae,Trait: metabolic heat rate. Definition: mean metabolic heat rate (or 455RCO2). Unit: uW mg-1. Organism order: Coleoptera. Organism family: Coccinellidae.,v5,0,,,,,,,,,,,
metabolic rate,mean CO2 production (VCO2) (RMR: resting metabolic rate),uL h-1,Diptera,Glossinidae,Trait: metabolic rate. Definition: mean CO2 production (VCO2) (RMR: resting metabolic rate). Unit: uL h-1. Organism order: Diptera. Organism family: Glossinidae.,v5,0,,,,,,,,,,,
metabolic rate,mean CO2 production rate as a function of exposure temperature and acclimation temperature (secondstressor),ml CO2 h-1,Diptera,Glossinidae,Trait: metabolic rate. Definition: mean CO2 production rate as a function of exposure temperature and acclimation temperature (secondstressor). Unit: ml CO2 h-1. Organism order: Diptera. Organism family: Glossinidae.,v5,0,,,,,,,,,,,
metabolic rate,mean CO2 production rate,ul CO2 h-1,Diptera,Glossinidae,Trait: metabolic rate. Definition: mean CO2 production rate. Unit: ul CO2 h-1. Organism order: Diptera. Organism family: Glossinidae.,v5,0,,,,,,,,,,,
metabolic rate,mean respiratory CO2 rate (RCO2),pmol mg-1 s-1,Coleoptera,Coccinellidae,Trait: metabolic rate. Definition: mean respiratory CO2 rate (RCO2). Unit: pmol mg-1 s-1. Organism order: Coleoptera. Organism family: Coccinellidae.,v5,0,,,,,,,,,,,
metabolic rate,mean oxygen uptake rate,ml O2 g-1 h-1,Diptera,Helcomyzidae,Trait: metabolic rate. Definition: mean oxygen uptake rate. Unit: ml O2 g-1 h-1. Organism order: Diptera. Organism family: Helcomyzidae.,v5,0,,,,,,,,,,,
metabolic rate (active),mean active metabolic rate (AMR),ml CO2 h-1,Blattodea,Blaberidae,Trait: metabolic rate (active). Definition: mean active metabolic rate (AMR). Unit: ml CO2 h-1. Organism order: Blattodea. Organism family: Blaberidae.,v5,0,,,,,,,,,,,
metabolic rate (resting),mean oxygen consumption of inactive individuals that produced fewer than 0.3 spikes/sec over several minutes of observation,Ml O2 g thorax-1 h-1,Hymenoptera,Apidae,Trait: metabolic rate (resting). Definition: mean oxygen consumption of inactive individuals that produced fewer than 0.3 spikes/sec over several minutes of observation. Unit: Ml O2 g thorax-1 h-1. Organism order: Hymenoptera. Organism family: Apidae.,v5,0,,,,,,,,,,,
metabolic rate (standard),mean CO2 production rate (VCO2),ml CO2 g-1 h-1,Coleoptera,Scarabaeidae,Trait: metabolic rate (standard). Definition: mean CO2 production rate (VCO2). Unit: ml CO2 g-1 h-1. Organism order: Coleoptera. Organism family: Scarabaeidae.,v5,0,,,,,,,,,,,
gonotrophic cycle,mean number of gonotrophic cycles completed in individuals lifetime,days,Diptera,Culicidae,Trait: gonotrophic cycle. Definition: mean number of gonotrophic cycles completed in individuals lifetime. Unit: days. Organism order: Diptera. Organism family: Culicidae.,v5,1,,,,,,,,,,,
gonotrophic cycle,mean duration of gonotrophic cycle (7th),days,Diptera,Culicidae,Trait: gonotrophic cycle. Definition: mean duration of gonotrophic cycle (7th). Unit: days. Organism order: Diptera. Organism family: Culicidae.,v5,1,,,,,,,,,,,
gonotrophic cycle,individual-level lifetime number of cycles completed,lifetime cycles,Diptera,Culicidae,Trait: gonotrophic cycle. Definition: individual-level lifetime number of cycles completed. Unit: lifetime cycles. Organism order: Diptera. Organism family: Culicidae.,v5,1,,,,,,,,,,,
gonotrophic cycle 1,individual-level duration of first gonotrophic cycle,days,Diptera,Culicidae,Trait: gonotrophic cycle 1. Definition: individual-level duration of first gonotrophic cycle. Unit: days. Organism order: Diptera. Organism family: Culicidae.,v5,1,,,,,,,,,,,
gonotrophic cycle 2,individual-level duration of second gonotrophic cycle,days,Diptera,Culicidae,Trait: gonotrophic cycle 2. Definition: individual-level duration of second gonotrophic cycle. Unit: days. Organism order: Diptera. Organism family: Culicidae.,v5,1,,,,,,,,,,,
Efficency,Percent weight transfered from engorged female at constant temperature to mass of eggs,percent,Ixodida,Ixodidae,Trait: Efficency. Definition: Percent weight transfered from engorged female at constant temperature to mass of eggs. Unit: percent. Organism order: Ixodida. Organism family: Ixodidae.,v5,2,,,,,,,,,,,
conversion efficiency,total number of eggs produced divided by engorged weight,eggs individual-1 mg-1,Ixodida,Ixodidae,Trait: conversion efficiency. Definition: total number of eggs produced divided by engorged weight. Unit: eggs individual-1 mg-1. Organism order: Ixodida. Organism family: Ixodidae.,v5,2,,,,,,,,,,,
conversion efficiency,the ratio of laid eggs to engorged female body mass calculated as the sum of all eggs laid divided by the sum of all females laying eggs,ratio,Ixodida,Ixodidae,Trait: conversion efficiency. Definition: the ratio of laid eggs to engorged female body mass calculated as the sum of all eggs laid divided by the sum of all females laying eggs. Unit: ratio. Organism order: Ixodida. Organism family: Ixodidae.,v5,2,,,,,,,,,,,
conversion efficiency,Mean index of conversion efficiency- (cumulative egg weight (g)/ replete female tick wt (g) )*100,percent,Ixodida,Ixodidae,Trait: conversion efficiency. Definition: Mean index of conversion efficiency- (cumulative egg weight (g)/ replete female tick wt (g) )*100. Unit: percent. Organism order: Ixodida. Organism family: Ixodidae.,v5,2,,,,,,,,,,,
conversion efficiency index,percentage of adult female weight post feeding that was converted into egg mass,percent,Ixodida,Ixodidae,Trait: conversion efficiency index. Definition: percentage of adult female weight post feeding that was converted into egg mass. Unit: percent. Organism order: Ixodida. Organism family: Ixodidae.,v5,2,,,,,,,,,,,
conversion efficiency index,total mg eggs produced divided by mg engorged weight,proportion,Ixodida,Ixodidae,Trait: conversion efficiency index. Definition: total mg eggs produced divided by mg engorged weight. Unit: proportion. Organism order: Ixodida. Organism family: Ixodidae.,v5,2,,,,,,,,,,,
egg conversion ratio,mean weight of eggs / mean weight of engorged females,percent,Ixodida,Ixodidae,Trait: egg conversion ratio. Definition: mean weight of eggs / mean weight of engorged females. Unit: percent. Organism order: Ixodida. Organism family: Ixodidae.,v5,2,,,,,,,,,,,
feed conversion rate,ability to produce eggs relative to the weight at detachment of each engorged female,percent,Ixodida,Ixodidae,Trait: feed conversion rate. Definition: ability to produce eggs relative to the weight at detachment of each engorged female. Unit: percent. Organism order: Ixodida. Organism family: Ixodidae.,v5,2,,,,,,,,,,,
reproductive efficiency index,mean number of eggs per mg weight of engorged female,eggs individual-1 mg-1,Ixodida,Ixodidae,Trait: reproductive efficiency index. Definition: mean number of eggs per mg weight of engorged female. Unit: eggs individual-1 mg-1. Organism order: Ixodida. Organism family: Ixodidae.,v5,2,,,,,,,,,,,
reproductive efficiency index,ratio of lifetime eggs to engorged female weight,eggs individual-1 day-1,Ixodida,Ixodidae,Trait: reproductive efficiency index. Definition: ratio of lifetime eggs to engorged female weight. Unit: eggs individual-1 day-1. Organism order: Ixodida. Organism family: Ixodidae.,v5,2,,,,,,,,,,,
body size,mean wet mass,mg,Hemiptera,Aphididae,Trait: body size. Definition: mean wet mass. Unit: mg. Organism order: Hemiptera. Organism family: Aphididae.,v5,3,,Cluster 3: Body size split across 2 clusters (Cluster 6),,,,,,,,,
body size,mean wing length (mm),mm,Diptera,Culicidae,Trait: body size. Definition: mean wing length (mm). Unit: mm. Organism order: Diptera. Organism family: Culicidae.,v5,3,,,,,,,,,,,
body size,mean wet mass (waxless and gravid),mg,Homoptera,Pseudococcidae,Trait: body size. Definition: mean wet mass (waxless and gravid). Unit: mg. Organism order: Homoptera. Organism family: Pseudococcidae.,v5,3,,,,,,,,,,,
body size,mean length,mm,Coleoptera,Coccinellidae,Trait: body size. Definition: mean length. Unit: mm. Organism order: Coleoptera. Organism family: Coccinellidae.,v5,3,,,,,,,,,,,
body size,mean dry mass,mg,Diptera,Culicidae,Trait: body size. Definition: mean dry mass. Unit: mg. Organism order: Diptera. Organism family: Culicidae.,v5,3,,,,,,,,,,,
body size,mean body weight,mg,Coleoptera,Chrysomelidae,Trait: body size. Definition: mean body weight. Unit: mg. Organism order: Coleoptera. Organism family: Chrysomelidae.,v5,3,,,,,,,,,,,
body size,individual-level mass,mg,Coleoptera,Chrysomelidae,Trait: body size. Definition: individual-level mass. Unit: mg. Organism order: Coleoptera. Organism family: Chrysomelidae.,v5,3,,,,,,,,,,,
body size,individual-level wet mass,mg,Diptera,Culicidae,Trait: body size. Definition: individual-level wet mass. Unit: mg. Organism order: Diptera. Organism family: Culicidae.,v5,3,,,,,,,,,,,
body size,mean dry mass. relationship between dry mass and wing length,mg,Diptera,Culicidae,Trait: body size. Definition: mean dry mass. relationship between dry mass and wing length. Unit: mg. Organism order: Diptera. Organism family: Culicidae.,v5,3,,,,,,,,,,,
body size,dry mass,mg,Diptera,Culicidae,Trait: body size. Definition: dry mass. Unit: mg. Organism order: Diptera. Organism family: Culicidae.,v5,3,,,,,,,,,,,
body size,mean wing length,mm,Diptera,Culicidae,Trait: body size. Definition: mean wing length. Unit: mm. Organism order: Diptera. Organism family: Culicidae.,v5,3,,,,,,,,,,,
body size (alate nymph),mean wet mass,days,Hemiptera,Aphididae,Trait: body size (alate nymph). Definition: mean wet mass. Unit: days. Organism order: Hemiptera. Organism family: Aphididae.,v5,3,,,,,,,,,,,
body size (alate),mean wet mass,mg,Homoptera,Aphididae,Trait: body size (alate). Definition: mean wet mass. Unit: mg. Organism order: Homoptera. Organism family: Aphididae.,v5,3,,,,,,,,,,,
body size (apterous nymph),mean wet mass,days,Hemiptera,Aphididae,Trait: body size (apterous nymph). Definition: mean wet mass. Unit: days. Organism order: Hemiptera. Organism family: Aphididae.,v5,3,,,,,,,,,,,
body size (apterous),mean wet mass,mg,Homoptera,Aphididae,Trait: body size (apterous). Definition: mean wet mass. Unit: mg. Organism order: Homoptera. Organism family: Aphididae.,v5,3,,,,,,,,,,,
body size (length),mean body length,mm,Hemiptera,Aphididae,Trait: body size (length). Definition: mean body length. Unit: mm. Organism order: Hemiptera. Organism family: Aphididae.,v5,3,,,,,,,,,,,
body size (length),mean body length (adult),mm,Hemiptera,Aphididae,Trait: body size (length). Definition: mean body length (adult). Unit: mm. Organism order: Hemiptera. Organism family: Aphididae.,v5,3,,,,,,,,,,,
body size (mass),mean wet mass,mg,Hemiptera,Aphididae,Trait: body size (mass). Definition: mean wet mass. Unit: mg. Organism order: Hemiptera. Organism family: Aphididae.,v5,3,,,,,,,,,,,
weight loss,nymphal weight loss during molting stage,percent,Ixodida,Ixodidae,Trait: weight loss. Definition: nymphal weight loss during molting stage. Unit: percent. Organism order: Ixodida. Organism family: Ixodidae.,v5,4,,,,,,,,,,,
weight loss,cumulative weight loss across time (see notes for time intervals),percent,Ixodida,Ixodidae,Trait: weight loss. Definition: cumulative weight loss across time (see notes for time intervals). Unit: percent. Organism order: Ixodida. Organism family: Ixodidae.,v5,4,,,,,,,,,,,
weight loss,mean weight loss,mg,Ixodida,Ixodidae,Trait: weight loss. Definition: mean weight loss. Unit: mg. Organism order: Ixodida. Organism family: Ixodidae.,v5,4,,,,,,,,,,,
weight loss,Percentage loss in body weight during larval prefeeding period,percent,Ixodida,Ixodidae,Trait: weight loss. Definition: Percentage loss in body weight during larval prefeeding period. Unit: percent. Organism order: Ixodida. Organism family: Ixodidae.,v5,4,,,,,,,,,,,
weight loss,Percentage loss in body weight during larval molting period,percent,Ixodida,Ixodidae,Trait: weight loss. Definition: Percentage loss in body weight during larval molting period. Unit: percent. Organism order: Ixodida. Organism family: Ixodidae.,v5,4,,,,,,,,,,,
weight loss,Percentage loss in body weight during nymphal prefeeding period,percent,Ixodida,Ixodidae,Trait: weight loss. Definition: Percentage loss in body weight during nymphal prefeeding period. Unit: percent. Organism order: Ixodida. Organism family: Ixodidae.,v5,4,,,,,,,,,,,
weight loss,Percentage loss in body weight during nymphal molting period,percent,Ixodida,Ixodidae,Trait: weight loss. Definition: Percentage loss in body weight during nymphal molting period. Unit: percent. Organism order: Ixodida. Organism family: Ixodidae.,v5,4,,,,,,,,,,,
weight loss,Percentage loss in body weight during female prefeeding period,percent,Ixodida,Ixodidae,Trait: weight loss. Definition: Percentage loss in body weight during female prefeeding period. Unit: percent. Organism order: Ixodida. Organism family: Ixodidae.,v5,4,,,,,,,,,,,
Reproductive average daily fecundity,the number of newborn nymphs (N1) per female per day,nymphs per day,Hemiptera,Aphididae,Trait: Reproductive average daily fecundity. Definition: the number of newborn nymphs (N1) per female per day. Unit: nymphs per day. Organism order: Hemiptera. Organism family: Aphididae.,v5,5,,,,,,,,,,,
Reproductive average total fecundity,the number of newborn nymphs (N1) per female,nymphs,Hemiptera,Aphididae,Trait: Reproductive average total fecundity. Definition: the number of newborn nymphs (N1) per female. Unit: nymphs. Organism order: Hemiptera. Organism family: Aphididae.,v5,5,,,,,,,,,,,
age specific fecundity,mean number of female offspring individual-1 at specific age,females individual-1,Acari,Tetranychidae,Trait: age specific fecundity. Definition: mean number of female offspring individual-1 at specific age. Unit: females individual-1. Organism order: Acari. Organism family: Tetranychidae.,v5,5,,,,,,,,,,,
age-specific daily fecundity,new nymphs produced each day,mean number of nymphs,Hemiptera,Aphididae,Trait: age-specific daily fecundity. Definition: new nymphs produced each day. Unit: mean number of nymphs. Organism order: Hemiptera. Organism family: Aphididae.,v5,5,,,,,,,,,,,
average daily fecundity,daily fecundity of female aphids,mx,Hemiptera,Aphididae,Trait: average daily fecundity. Definition: daily fecundity of female aphids. Unit: mx. Organism order: Hemiptera. Organism family: Aphididae.,v5,5,,,,,,,,,,,
effective fecundity,mean number of nymphs produced individual-1 during a period equivalent to the prereporoductive time,nymphs unit time-1,Homoptera,Aphididae,Trait: effective fecundity. Definition: mean number of nymphs produced individual-1 during a period equivalent to the prereporoductive time. Unit: nymphs unit time-1. Organism order: Homoptera. Organism family: Aphididae.,v5,5,,,,,,,,,,,
fecundity,mean lifetime offspring,offspring individual-1,Hemiptera,Aphididae,Trait: fecundity. Definition: mean lifetime offspring. Unit: offspring individual-1. Organism order: Hemiptera. Organism family: Aphididae.,v5,5,,,,,,,,,,,
fecundity,mean lifetime nymphs individual-1,nymphs individual-1,Homoptera,Aphididae,Trait: fecundity. Definition: mean lifetime nymphs individual-1. Unit: nymphs individual-1. Organism order: Homoptera. Organism family: Aphididae.,v5,5,,,,,,,,,,,
fecundity,mean number of progeny in a reproductive period equal to development time,progeny indidividual-1,Hemiptera,Aphididae,Trait: fecundity. Definition: mean number of progeny in a reproductive period equal to development time. Unit: progeny indidividual-1. Organism order: Hemiptera. Organism family: Aphididae.,v5,5,,,,,,,,,,,
fecundity,mean lifetime eggs individual-1,eggs individual-1,Lepidoptera,Gelechiidae,Trait: fecundity. Definition: mean lifetime eggs individual-1. Unit: eggs individual-1. Organism order: Lepidoptera. Organism family: Gelechiidae.,v5,5,,,,,,,,,,,
fecundity,mean eggs produced per plant,eggs plant-1,Coleoptera,Curculionidae,Trait: fecundity. Definition: mean eggs produced per plant. Unit: eggs plant-1. Organism order: Coleoptera. Organism family: Curculionidae.,v5,5,,,,,,,,,,,
fecundity,mean number of eggs per cycle,eggs individual-1 cycle-1,Diptera,Culicidae,Trait: fecundity. Definition: mean number of eggs per cycle. Unit: eggs individual-1 cycle-1. Organism order: Diptera. Organism family: Culicidae.,v5,5,,,,,,,,,,,
fecundity,mean lifetime egg punctures,egg punctures individual-1,Coleoptera,Curculionidae,Trait: fecundity. Definition: mean lifetime egg punctures. Unit: egg punctures individual-1. Organism order: Coleoptera. Organism family: Curculionidae.,v5,5,,,,,,,,,,,
fecundity,mean lifetime eggs per 10 individuals,eggs 10 individuals-1,Diptera,Culicidae,Trait: fecundity. Definition: mean lifetime eggs per 10 individuals. Unit: eggs 10 individuals-1. Organism order: Diptera. Organism family: Culicidae.,v5,5,,,,,,,,,,,
fecundity,mean number of female offspring individual-1,females individual-1,Acari,Tetranychidae,Trait: fecundity. Definition: mean number of female offspring individual-1. Unit: females individual-1. Organism order: Acari. Organism family: Tetranychidae.,v5,5,,,,,,,,,,,
fecundity,mean lifetime eggs per individual (across all humdity levels),eggs individual-1,Coleoptera,Chrysomelidae,Trait: fecundity. Definition: mean lifetime eggs per individual (across all humdity levels). Unit: eggs individual-1. Organism order: Coleoptera. Organism family: Chrysomelidae.,v5,5,,,,,,,,,,,
fecundity,mean lifetime eggs per individual,eggs individual-1,Coleoptera,Chrysomelidae,Trait: fecundity. Definition: mean lifetime eggs per individual. Unit: eggs individual-1. Organism order: Coleoptera. Organism family: Chrysomelidae.,v5,5,,,,,,,,,,,
fecundity,mean number of eggs per cycle (1st),eggs individual-1 cycle-1,Diptera,Culicidae,Trait: fecundity. Definition: mean number of eggs per cycle (1st). Unit: eggs individual-1 cycle-1. Organism order: Diptera. Organism family: Culicidae.,v5,5,,,,,,,,,,,
fecundity,mean offspring per reproduction day,offspring individual-1 day-1,Homoptera,Aphididae,Trait: fecundity. Definition: mean offspring per reproduction day. Unit: offspring individual-1 day-1. Organism order: Homoptera. Organism family: Aphididae.,v5,5,,,,,,,,,,,
fecundity,mean lifetime offspring as a function of size and adult and growth temperature,offspring individual-1,Coleoptera,Tenebrionidae,Trait: fecundity. Definition: mean lifetime offspring as a function of size and adult and growth temperature. Unit: offspring individual-1. Organism order: Coleoptera. Organism family: Tenebrionidae.,v5,5,,,,,,,,,,,
fecundity,mean lifetime eggs,eggs individual-1,Diptera,Culicidae,Trait: fecundity. Definition: mean lifetime eggs. Unit: eggs individual-1. Organism order: Diptera. Organism family: Culicidae.,v5,5,,,,,,,,,,,
fecundity,individual-level mean eggs per gonotrophic cycle,eggs cycle-1,Diptera,Culicidae,Trait: fecundity. Definition: individual-level mean eggs per gonotrophic cycle. Unit: eggs cycle-1. Organism order: Diptera. Organism family: Culicidae.,v5,5,,,,,,,,,,,
fecundity,individual-level lifetime eggs,eggs individual-1,Diptera,Culicidae,Trait: fecundity. Definition: individual-level lifetime eggs. Unit: eggs individual-1. Organism order: Diptera. Organism family: Culicidae.,v5,5,,,,,,,,,,,
fecundity,mean lifetime eggs laid per female,eggs individual-1,Ixodida,Ixodidae,Trait: fecundity. Definition: mean lifetime eggs laid per female. Unit: eggs individual-1. Organism order: Ixodida. Organism family: Ixodidae.,v5,5,,,,,,,,,,,
fecundity,mean lifetime eggs produced by an individual female,eggs individual-1,Ixodida,Ixodidae,Trait: fecundity. Definition: mean lifetime eggs produced by an individual female. Unit: eggs individual-1. Organism order: Ixodida. Organism family: Ixodidae.,v5,5,,,,,,,,,,,
fecundity,individual-level weight of lifetime eggs per individual,mg eggs individual-1,Ixodida,Ixodidae,Trait: fecundity. Definition: individual-level weight of lifetime eggs per individual. Unit: mg eggs individual-1. Organism order: Ixodida. Organism family: Ixodidae.,v5,5,,,,,,,,,,,
fecundity,total number of eggs produced,eggs individual-1,Ixodida,Ixodidae,Trait: fecundity. Definition: total number of eggs produced. Unit: eggs individual-1. Organism order: Ixodida. Organism family: Ixodidae.,v5,5,,,,,,,,,,,
fecundity,mean number of lifetime eggs by a tick,eggs individual-1,Ixodida,Ixodidae,Trait: fecundity. Definition: mean number of lifetime eggs by a tick. Unit: eggs individual-1. Organism order: Ixodida. Organism family: Ixodidae.,v5,5,,,,,,,,,,,
fecundity,mean eggs individual-1,eggs,Hymenoptera,Eulophidae,Trait: fecundity. Definition: mean eggs individual-1. Unit: eggs. Organism order: Hymenoptera. Organism family: Eulophidae.,v5,5,,,,,,,,,,,
fecundity,mean lifetime total number of nymphs,progeny individual-1,Hemiptera,Liviidae,Trait: fecundity. Definition: mean lifetime total number of nymphs. Unit: progeny individual-1. Organism order: Hemiptera. Organism family: Liviidae.,v5,5,,,,,,,,,,,
fecundity,mean liftetime eggs,eggs individual-1,Hemiptera,Liviidae,Trait: fecundity. Definition: mean liftetime eggs. Unit: eggs individual-1. Organism order: Hemiptera. Organism family: Liviidae.,v5,5,,,,,,,,,,,
fecundity,mean lifetime progeny,progeny individual-1,Hemiptera,Aphididae,Trait: fecundity. Definition: mean lifetime progeny. Unit: progeny individual-1. Organism order: Hemiptera. Organism family: Aphididae.,v5,5,,,,,,,,,,,
fecundity,mean duration of life stage,progeny individual-1,Hemiptera,Aphididae,Trait: fecundity. Definition: mean duration of life stage. Unit: progeny individual-1. Organism order: Hemiptera. Organism family: Aphididae.,v5,5,,,,,,,,,,,
fecundity,mean population-level offspring (100 individuals),days,Hemiptera,Aphididae,Trait: fecundity. Definition: mean population-level offspring (100 individuals). Unit: days. Organism order: Hemiptera. Organism family: Aphididae.,v5,5,,,,,,,,,,,
fecundity,total population-level number of offspring produced,offspring,Hemiptera,Aphididae,Trait: fecundity. Definition: total population-level number of offspring produced. Unit: offspring. Organism order: Hemiptera. Organism family: Aphididae.,v5,5,,,,,,,,,,,
fecundity,mean lifetime progeny per female,progeny individual-1,Homoptera,Aphididae,Trait: fecundity. Definition: mean lifetime progeny per female. Unit: progeny individual-1. Organism order: Homoptera. Organism family: Aphididae.,v5,5,,,,,,,,,,,
fecundity,mean of daily newborn nymph counts,mean number of nymphs,Hemiptera,Aphididae,Trait: fecundity. Definition: mean of daily newborn nymph counts. Unit: mean number of nymphs. Organism order: Hemiptera. Organism family: Aphididae.,v5,5,,,,,,,,,,,
fecundity,number of aphids produced,number of offspring,Hemiptera,Aphididae,Trait: fecundity. Definition: number of aphids produced. Unit: number of offspring. Organism order: Hemiptera. Organism family: Aphididae.,v5,5,,,,,,,,,,,
fecundity (alate),mean lifetime offspring,days,Hemiptera,Aphididae,Trait: fecundity (alate). Definition: mean lifetime offspring. Unit: days. Organism order: Hemiptera. Organism family: Aphididae.,v5,5,,,,,,,,,,,
fecundity (apterous),mean lifetime offspring,days,Hemiptera,Aphididae,Trait: fecundity (apterous). Definition: mean lifetime offspring. Unit: days. Organism order: Hemiptera. Organism family: Aphididae.,v5,5,,,,,,,,,,,
fecundity rate,mean number of nymphs produced individual-1 during a period equivalent to the prereporoductive time,nymphs unit time-1,Homoptera,Aphididae,Trait: fecundity rate. Definition: mean number of nymphs produced individual-1 during a period equivalent to the prereporoductive time. Unit: nymphs unit time-1. Organism order: Homoptera. Organism family: Aphididae.,v5,5,,,,,,,,,,,
fecundity rate,mean eggs individual-1 day-1,eggs individual-1 day-1,Diptera,Sciomyzidae,Trait: fecundity rate. Definition: mean eggs individual-1 day-1. Unit: eggs individual-1 day-1. Organism order: Diptera. Organism family: Sciomyzidae.,v5,5,,,,,,,,,,,
fecundity rate,mean offspring per day,eggs individual-1 day-1,Acari,Tetranychidae,Trait: fecundity rate. Definition: mean offspring per day. Unit: eggs individual-1 day-1. Organism order: Acari. Organism family: Tetranychidae.,v5,5,,,,,,,,,,,
fecundity rate,mean eggs per unit time,eggs individual-1 day-1,Coleoptera,Tenebrionidae,Trait: fecundity rate. Definition: mean eggs per unit time. Unit: eggs individual-1 day-1. Organism order: Coleoptera. Organism family: Tenebrionidae.,v5,5,,,,,,,,,,,
fecundity rate,mean offspring per unit time,offspring individual-1 day-1,Hemiptera,Aphididae,Trait: fecundity rate. Definition: mean offspring per unit time. Unit: offspring individual-1 day-1. Organism order: Hemiptera. Organism family: Aphididae.,v5,5,,,,,,,,,,,
fecundity rate,maximum progengy individual-1 day-1,progeny individual-1 day-1,Hymenoptera,Pteromalidae,Trait: fecundity rate. Definition: maximum progengy individual-1 day-1. Unit: progeny individual-1 day-1. Organism order: Hymenoptera. Organism family: Pteromalidae.,v5,5,,,,,,,,,,,
fecundity rate,mean lifetime offspring,offspring individual-1 day-1,Hemiptera,Aphididae,Trait: fecundity rate. Definition: mean lifetime offspring. Unit: offspring individual-1 day-1. Organism order: Hemiptera. Organism family: Aphididae.,v5,5,,,,,,,,,,,
fecundity rate,mean number of eggs individual-1 day-1,eggs individual-1 day-1,Coleoptera,Coccinellidae,Trait: fecundity rate. Definition: mean number of eggs individual-1 day-1. Unit: eggs individual-1 day-1. Organism order: Coleoptera. Organism family: Coccinellidae.,v5,5,,,,,,,,,,,
fecundity rate,mean number of offspring per reproductive cycle,offspring individual-1 cycle-1,Diptera,Glossinidae,Trait: fecundity rate. Definition: mean number of offspring per reproductive cycle. Unit: offspring individual-1 cycle-1. Organism order: Diptera. Organism family: Glossinidae.,v5,5,,,,,,,,,,,
fecundity rate,mean weight of egg mass per day,mg eggs day-1,Ixodida,Ixodidae,Trait: fecundity rate. Definition: mean weight of egg mass per day. Unit: mg eggs day-1. Organism order: Ixodida. Organism family: Ixodidae.,v5,5,,,,,,,,,,,
fecundity rate,mean eggs produced by an individual female per day,eggs individual-1 day-1,Ixodida,Ixodidae,Trait: fecundity rate. Definition: mean eggs produced by an individual female per day. Unit: eggs individual-1 day-1. Organism order: Ixodida. Organism family: Ixodidae.,v5,5,,,,,,,,,,,
fecundity rate,peak number of eggs per day per individual,eggs individual-1 day-1,Ixodida,Ixodidae,Trait: fecundity rate. Definition: peak number of eggs per day per individual. Unit: eggs individual-1 day-1. Organism order: Ixodida. Organism family: Ixodidae.,v5,5,,,,,,,,,,,
fecundity rate,mean progeny per unit time,progeny individual-1 day-1,Hemiptera,Aphididae,Trait: fecundity rate. Definition: mean progeny per unit time. Unit: progeny individual-1 day-1. Organism order: Hemiptera. Organism family: Aphididae.,v5,5,,,,,,,,,,,
fecundity rate,mean maximum progeny per unit time,progeny individual-1 day-1,Hemiptera,Aphididae,Trait: fecundity rate. Definition: mean maximum progeny per unit time. Unit: progeny individual-1 day-1. Organism order: Hemiptera. Organism family: Aphididae.,v5,5,,,,,,,,,,,
fecundity rate,maximum number of offspring per female per day,nymphs individual-1 day-1,Hemiptera,Aphididae,Trait: fecundity rate. Definition: maximum number of offspring per female per day. Unit: nymphs individual-1 day-1. Organism order: Hemiptera. Organism family: Aphididae.,v5,5,,,,,,,,,,,
fecundity rate,mean number of nymphs per day per female,progeny individual-1 day-1,Hemiptera,Aphididae,Trait: fecundity rate. Definition: mean number of nymphs per day per female. Unit: progeny individual-1 day-1. Organism order: Hemiptera. Organism family: Aphididae.,v5,5,,,,,,,,,,,
fecundity rate,maximum progeny per unit time,progeny individual-1 day-1,Hemiptera,Aphididae,Trait: fecundity rate. Definition: maximum progeny per unit time. Unit: progeny individual-1 day-1. Organism order: Hemiptera. Organism family: Aphididae.,v5,5,,,,,,,,,,,
fecundity rate,mean duration of life stage,progeny individual-1 day-1,Homoptera,Aphididae,Trait: fecundity rate. Definition: mean duration of life stage. Unit: progeny individual-1 day-1. Organism order: Homoptera. Organism family: Aphididae.,v5,5,,,,,,,,,,,
fecundity rate,mean offspring per reproduction day,offspring individual-1 day-1,Homoptera,Aphididae,Trait: fecundity rate. Definition: mean offspring per reproduction day. Unit: offspring individual-1 day-1. Organism order: Homoptera. Organism family: Aphididae.,v5,5,,,,,,,,,,,
fecundity rate,maximum number of eggs produced in a single day by an individual female,eggs individual-1 day-1,Ixodida,Ixodidae,Trait: fecundity rate. Definition: maximum number of eggs produced in a single day by an individual female. Unit: eggs individual-1 day-1. Organism order: Ixodida. Organism family: Ixodidae.,v5,5,,,,,,,,,,,
fecundity rate (alate),mean offspring per unit time,offspring individual-1 day-1,Homoptera,Aphididae,Trait: fecundity rate (alate). Definition: mean offspring per unit time. Unit: offspring individual-1 day-1. Organism order: Homoptera. Organism family: Aphididae.,v5,5,,,,,,,,,,,
fecundity rate (apterous),mean offspring per unit time,offspring individual-1 day-1,Homoptera,Aphididae,Trait: fecundity rate (apterous). Definition: mean offspring per unit time. Unit: offspring individual-1 day-1. Organism order: Homoptera. Organism family: Aphididae.,v5,5,,,,,,,,,,,
fertility,mean number of hatched eggs in an individuals lifetime,eggs individual-1,Diptera,Culicidae,Trait: fertility. Definition: mean number of hatched eggs in an individuals lifetime. Unit: eggs individual-1. Organism order: Diptera. Organism family: Culicidae.,v5,5,,,,,,,,,,,
fertility,number of offspring produced,number of offspring,Hemiptera,Aphididae,Trait: fertility. Definition: number of offspring produced. Unit: number of offspring. Organism order: Hemiptera. Organism family: Aphididae.,v5,5,,,,,,,,,,,
maximum fecundity,mean duration from onset of reproduction to maximum reproductive output,days,Hemiptera,Aphididae,Trait: maximum fecundity. Definition: mean duration from onset of reproduction to maximum reproductive output. Unit: days. Organism order: Hemiptera. Organism family: Aphididae.,v5,5,,,,,,,,,,,
mean fecundity,number of nymphs deposited,oviparae/gynoparae,Hemiptera,Aphididae,Trait: mean fecundity. Definition: number of nymphs deposited. Unit: oviparae/gynoparae. Organism order: Hemiptera. Organism family: Aphididae.,v5,5,,,,,,,,,,,
mean fecundity,mean number of offspring produced by females,female/female,Hemiptera,Aphididae,Trait: mean fecundity. Definition: mean number of offspring produced by females. Unit: female/female. Organism order: Hemiptera. Organism family: Aphididae.,v5,5,,,,,,,,,,,
Body Mass,Weight of an individual engorged female,mg,Ixodida,Ixodidae,Trait: Body Mass. Definition: Weight of an individual engorged female. Unit: mg. Organism order: Ixodida. Organism family: Ixodidae.,v5,6,,"Body size, egg mass, body length, egg count grouped together",,,,,,,,,
Body Mass,mean daily weight of larvae during their feeding periods,mg,Ixodida,Ixodidae,Trait: Body Mass. Definition: mean daily weight of larvae during their feeding periods. Unit: mg. Organism order: Ixodida. Organism family: Ixodidae.,v5,6,,,,,,,,,,,
Body Mass,mean daily weight of nymphs during their pharate periods,mg,Ixodida,Ixodidae,Trait: Body Mass. Definition: mean daily weight of nymphs during their pharate periods. Unit: mg. Organism order: Ixodida. Organism family: Ixodidae.,v5,6,,,,,,,,,,,
Body Mass,mean daily weight of nymphs during their feeding periods,mg,Ixodida,Ixodidae,Trait: Body Mass. Definition: mean daily weight of nymphs during their feeding periods. Unit: mg. Organism order: Ixodida. Organism family: Ixodidae.,v5,6,,,,,,,,,,,
Egg Mass,Weight of eggs laid by an individual female,mg,Ixodida,Ixodidae,Trait: Egg Mass. Definition: Weight of eggs laid by an individual female. Unit: mg. Organism order: Ixodida. Organism family: Ixodidae.,v5,6,,,,,,,,,,,
Weight,Weight of eggs laid by an individual engorged female raised at constant temp,g,Ixodida,Ixodidae,Trait: Weight. Definition: Weight of eggs laid by an individual engorged female raised at constant temp. Unit: g. Organism order: Ixodida. Organism family: Ixodidae.,v5,6,,,,,,,,,,,
Weight,Weight of an individual engorged female in grams held at constant temperature,g,Ixodida,Ixodidae,Trait: Weight. Definition: Weight of an individual engorged female in grams held at constant temperature. Unit: g. Organism order: Ixodida. Organism family: Ixodidae.,v5,6,,,,,,,,,,,
Weight,mean weight of larvae during their feeding period,mg,Ixodida,Ixodidae,Trait: Weight. Definition: mean weight of larvae during their feeding period. Unit: mg. Organism order: Ixodida. Organism family: Ixodidae.,v5,6,,,,,,,,,,,
Weight,mean weight of nymphs during their feeding period,mg,Ixodida,Ixodidae,Trait: Weight. Definition: mean weight of nymphs during their feeding period. Unit: mg. Organism order: Ixodida. Organism family: Ixodidae.,v5,6,,,,,,,,,,,
Weight,mean weight of engorged nymphs moulting to males,mg,Ixodida,Ixodidae,Trait: Weight. Definition: mean weight of engorged nymphs moulting to males. Unit: mg. Organism order: Ixodida. Organism family: Ixodidae.,v5,6,,,,,,,,,,,
body length,mean length (unfed ),mm,Ixodida,Ixodidae,Trait: body length. Definition: mean length (unfed ). Unit: mm. Organism order: Ixodida. Organism family: Ixodidae.,v5,6,,,,,,,,,,,
body length,mean length (engorged ),mm,Ixodida,Ixodidae,Trait: body length. Definition: mean length (engorged ). Unit: mm. Organism order: Ixodida. Organism family: Ixodidae.,v5,6,,,,,,,,,,,
body mass,mean weight of female,mg,Ixodida,Ixodidae,Trait: body mass. Definition: mean weight of female. Unit: mg. Organism order: Ixodida. Organism family: Ixodidae.,v5,6,,,,,,,,,,,
body size,mean wet mass on the day feeding was completed,mg,Ixodida,Ixodidae,Trait: body size. Definition: mean wet mass on the day feeding was completed. Unit: mg. Organism order: Ixodida. Organism family: Ixodidae.,v5,6,,,,,,,,,,,
body size,mean weight of nymphs post-feeding,mg,Ixodida,Ixodidae,Trait: body size. Definition: mean weight of nymphs post-feeding. Unit: mg. Organism order: Ixodida. Organism family: Ixodidae.,v5,6,,,,,,,,,,,
body size,mean body weight of engorged adult females,mg,Ixodida,Ixodidae,Trait: body size. Definition: mean body weight of engorged adult females. Unit: mg. Organism order: Ixodida. Organism family: Ixodidae.,v5,6,,,,,,,,,,,
body size,mean wet mass on the day feeding was completed (engorged),mg,Ixodida,Ixodidae,Trait: body size. Definition: mean wet mass on the day feeding was completed (engorged). Unit: mg. Organism order: Ixodida. Organism family: Ixodidae.,v5,6,,,,,,,,,,,
body size,mean of weight (unfed),mg,Ixodida,Ixodidae,Trait: body size. Definition: mean of weight (unfed). Unit: mg. Organism order: Ixodida. Organism family: Ixodidae.,v5,6,,,,,,,,,,,
body size,mean of weight (engorged),mg,Ixodida,Ixodidae,Trait: body size. Definition: mean of weight (engorged). Unit: mg. Organism order: Ixodida. Organism family: Ixodidae.,v5,6,,,,,,,,,,,
body size,mean wet mass of an individual tick post engorgement,mg,Ixodida,Ixodidae,Trait: body size. Definition: mean wet mass of an individual tick post engorgement. Unit: mg. Organism order: Ixodida. Organism family: Ixodidae.,v5,6,,,,,,,,,,,
body size,mean weight of engorged tick,mg,Ixodida,Ixodidae,Trait: body size. Definition: mean weight of engorged tick. Unit: mg. Organism order: Ixodida. Organism family: Ixodidae.,v5,6,,,,,,,,,,,
body size,mean weight of engored nymphs,mg,Ixodida,Ixodidae,Trait: body size. Definition: mean weight of engored nymphs. Unit: mg. Organism order: Ixodida. Organism family: Ixodidae.,v5,6,,,,,,,,,,,
body width,mean width (unfed),mm,Ixodida,Ixodidae,Trait: body width. Definition: mean width (unfed). Unit: mm. Organism order: Ixodida. Organism family: Ixodidae.,v5,6,,,,,,,,,,,
body width,mean width (engorged),mm,Ixodida,Ixodidae,Trait: body width. Definition: mean width (engorged). Unit: mm. Organism order: Ixodida. Organism family: Ixodidae.,v5,6,,,,,,,,,,,
egg count,mean number of eggs layed,mg,Ixodida,Ixodidae,Trait: egg count. Definition: mean number of eggs layed. Unit: mg. Organism order: Ixodida. Organism family: Ixodidae.,v5,6,,,,,,,,,,,
egg mass,mean egg mass weight,mg,Ixodida,Ixodidae,Trait: egg mass. Definition: mean egg mass weight. Unit: mg. Organism order: Ixodida. Organism family: Ixodidae.,v5,6,,,,,,,,,,,
egg mass,Mean egg mass by oviposition day of females raised at constant temps,mg,Ixodida,Ixodidae,Trait: egg mass. Definition: Mean egg mass by oviposition day of females raised at constant temps. Unit: mg. Organism order: Ixodida. Organism family: Ixodidae.,v5,6,,,,,,,,,,,
egg mass,mean weight of eggs,mg,Ixodida,Ixodidae,Trait: egg mass. Definition: mean weight of eggs. Unit: mg. Organism order: Ixodida. Organism family: Ixodidae.,v5,6,,,,,,,,,,,
egg size,mean weight of egg mass produced by adult female ticks,mg,Ixodida,Ixodidae,Trait: egg size. Definition: mean weight of egg mass produced by adult female ticks. Unit: mg. Organism order: Ixodida. Organism family: Ixodidae.,v5,6,,,,,,,,,,,
weight,Mean weight on day of hatching,ug,Ixodida,Ixodidae,Trait: weight. Definition: Mean weight on day of hatching. Unit: ug. Organism order: Ixodida. Organism family: Ixodidae.,v5,6,,,,,,,,,,,
weight,Mean weight 14 days after hatching,ug,Ixodida,Ixodidae,Trait: weight. Definition: Mean weight 14 days after hatching. Unit: ug. Organism order: Ixodida. Organism family: Ixodidae.,v5,6,,,,,,,,,,,
weight,Mean weight on day of engorgement,ug,Ixodida,Ixodidae,Trait: weight. Definition: Mean weight on day of engorgement. Unit: ug. Organism order: Ixodida. Organism family: Ixodidae.,v5,6,,,,,,,,,,,
weight,Mean egg mass,mg,Ixodida,Ixodidae,Trait: weight. Definition: Mean egg mass. Unit: mg. Organism order: Ixodida. Organism family: Ixodidae.,v5,6,,,,,,,,,,,
Weight,Weight of undisturbed female Hyalomma impeltatum after molting,mg,Ixodida,Ixodidae,Trait: Weight. Definition: Weight of undisturbed female Hyalomma impeltatum after molting. Unit: mg. Organism order: Ixodida. Organism family: Ixodidae.,v5,7,,,,,,,,,,,
Weight,Weight of undisturbed female Hyalomma impeltatum after feeding (14 days post-molt),mg,Ixodida,Ixodidae,Trait: Weight. Definition: Weight of undisturbed female Hyalomma impeltatum after feeding (14 days post-molt). Unit: mg. Organism order: Ixodida. Organism family: Ixodidae.,v5,7,,,,,,,,,,,
Weight,Weight of undisturbed female Hyalomma impeltatum after engorgement,mg,Ixodida,Ixodidae,Trait: Weight. Definition: Weight of undisturbed female Hyalomma impeltatum after engorgement. Unit: mg. Organism order: Ixodida. Organism family: Ixodidae.,v5,7,,,,,,,,,,,
weight,"Weight of developing Hyalomma impeltatum nymphs held at four different temperatures and 75% relative humidity""",mg,Ixodida,Ixodidae,"Trait: weight. Definition: Weight of developing Hyalomma impeltatum nymphs held at four different temperatures and 75% relative humidity"". Unit: mg. Organism order: Ixodida. Organism family: Ixodidae.",v5,7,,,,,,,,,,,
weight,Weight of undisturbed female Hyalomma impeltatum after molting,mg,Ixodida,Ixodidae,Trait: weight. Definition: Weight of undisturbed female Hyalomma impeltatum after molting. Unit: mg. Organism order: Ixodida. Organism family: Ixodidae.,v5,7,,,,,,,,,,,
weight,Weight of undisturbed female Hyalomma impeltatum after feeding (14 days post-molt),mg,Ixodida,Ixodidae,Trait: weight. Definition: Weight of undisturbed female Hyalomma impeltatum after feeding (14 days post-molt). Unit: mg. Organism order: Ixodida. Organism family: Ixodidae.,v5,7,,,,,,,,,,,
weight,Weight of undisturbed female Hyalomma impeltatum after engorgement,mg,Ixodida,Ixodidae,Trait: weight. Definition: Weight of undisturbed female Hyalomma impeltatum after engorgement. Unit: mg. Organism order: Ixodida. Organism family: Ixodidae.,v5,7,,,,,,,,,,,
egg hatch,Mean percentage of eggs hatched,percent,Ixodida,Ixodidae,Trait: egg hatch. Definition: Mean percentage of eggs hatched. Unit: percent. Organism order: Ixodida. Organism family: Ixodidae.,v5,8,,,,,,,,,,,
hatch rate,mean hatching rate of egg batches,percent,Ixodida,Ixodidae,Trait: hatch rate. Definition: mean hatching rate of egg batches. Unit: percent. Organism order: Ixodida. Organism family: Ixodidae.,v5,8,,,,,,,,,,,
hatch rate,percentage of unfertilized eggs that were subsequently fertilized,percent,Ixodida,Ixodidae,Trait: hatch rate. Definition: percentage of unfertilized eggs that were subsequently fertilized. Unit: percent. Organism order: Ixodida. Organism family: Ixodidae.,v5,8,,,,,,,,,,,
hatch rate,percentage of egg masses producing larvae,percent,Ixodida,Ixodidae,Trait: hatch rate. Definition: percentage of egg masses producing larvae. Unit: percent. Organism order: Ixodida. Organism family: Ixodidae.,v5,8,,,,,,,,,,,
hatch ratio,hatching ratio of eggs,percent,Ixodida,Ixodidae,Trait: hatch ratio. Definition: hatching ratio of eggs. Unit: percent. Organism order: Ixodida. Organism family: Ixodidae.,v5,8,,,,,,,,,,,
hatchability,mean percentage of eggs hatching,percent,Coleoptera,Coccinellidae,Trait: hatchability. Definition: mean percentage of eggs hatching. Unit: percent. Organism order: Coleoptera. Organism family: Coccinellidae.,v5,8,,,,,,,,,,,
hatchability,the percent of laid eggs that successfully hatched,percent,Ixodida,Ixodidae,Trait: hatchability. Definition: the percent of laid eggs that successfully hatched. Unit: percent. Organism order: Ixodida. Organism family: Ixodidae.,v5,8,,,,,,,,,,,
hatchability,percent of eggs successfully hatching based on the day of oviposition during which it was laid,percent,Ixodida,Ixodidae,Trait: hatchability. Definition: percent of eggs successfully hatching based on the day of oviposition during which it was laid. Unit: percent. Organism order: Ixodida. Organism family: Ixodidae.,v5,8,,,,,,,,,,,
hatchability,percent surviving life stage,percent,Ixodida,Ixodidae,Trait: hatchability. Definition: percent surviving life stage. Unit: percent. Organism order: Ixodida. Organism family: Ixodidae.,v5,8,,,,,,,,,,,
hatching rate,percent surviving life stage,percent,Homoptera,Pseudococcidae,Trait: hatching rate. Definition: percent surviving life stage. Unit: percent. Organism order: Homoptera. Organism family: Pseudococcidae.,v5,8,,,,,,,,,,,
larval hatch rate,percentage of unfertilized eggs that were subsequently fertilized,percent,Ixodida,Ixodidae,Trait: larval hatch rate. Definition: percentage of unfertilized eggs that were subsequently fertilized. Unit: percent. Organism order: Ixodida. Organism family: Ixodidae.,v5,8,,,,,,,,,,,
molt success rate (larval),percentage that molted,percent,Ixodida,Ixodidae,Trait: molt success rate (larval). Definition: percentage that molted. Unit: percent. Organism order: Ixodida. Organism family: Ixodidae.,v5,9,,,,,,,,,,,
molt success rate (larval),percentage that molted during life stage,percent,Ixodida,Ixodidae,Trait: molt success rate (larval). Definition: percentage that molted during life stage. Unit: percent. Organism order: Ixodida. Organism family: Ixodidae.,v5,9,,,,,,,,,,,
molt success rate (nymphal),percentage that molted,percent,Ixodida,Ixodidae,Trait: molt success rate (nymphal). Definition: percentage that molted. Unit: percent. Organism order: Ixodida. Organism family: Ixodidae.,v5,9,,,,,,,,,,,
molt success rate (nymphal),percentage that molted during life stage,percent,Ixodida,Ixodidae,Trait: molt success rate (nymphal). Definition: percentage that molted during life stage. Unit: percent. Organism order: Ixodida. Organism family: Ixodidae.,v5,9,,,,,,,,,,,
molting ratio (larval),percentage that molted during life stage,percent,Ixodida,Ixodidae,Trait: molting ratio (larval). Definition: percentage that molted during life stage. Unit: percent. Organism order: Ixodida. Organism family: Ixodidae.,v5,9,,,,,,,,,,,
molting ratio (nymphal),percentage that molted during life stage,percent,Ixodida,Ixodidae,Trait: molting ratio (nymphal). Definition: percentage that molted during life stage. Unit: percent. Organism order: Ixodida. Organism family: Ixodidae.,v5,9,,,,,,,,,,,
mortality (adult),mean duration for 100% mortality (unfed adults),weeks,Ixodida,Ixodidae,Trait: mortality (adult). Definition: mean duration for 100% mortality (unfed adults). Unit: weeks. Organism order: Ixodida. Organism family: Ixodidae.,v5,10,,Survival time and mortality (adult) grouped together Ñ over-merging,,,,,,,,,
survival time,mean survival time of fasting larvae,days,Ixodida,Ixodidae,Trait: survival time. Definition: mean survival time of fasting larvae. Unit: days. Organism order: Ixodida. Organism family: Ixodidae.,v5,10,,,,,,,,,,,
survival time,mean survival time of larvae post hatch,days,Ixodida,Ixodidae,Trait: survival time. Definition: mean survival time of larvae post hatch. Unit: days. Organism order: Ixodida. Organism family: Ixodidae.,v5,10,,,,,,,,,,,
survival time,mean survival time of fasting nymphs,days,Ixodida,Ixodidae,Trait: survival time. Definition: mean survival time of fasting nymphs. Unit: days. Organism order: Ixodida. Organism family: Ixodidae.,v5,10,,,,,,,,,,,
survival time,mean time for egg survival,days,Ixodida,Ixodidae,Trait: survival time. Definition: mean time for egg survival. Unit: days. Organism order: Ixodida. Organism family: Ixodidae.,v5,10,,,,,,,,,,,
survival time,mean time for unfed larva survival,days,Ixodida,Ixodidae,Trait: survival time. Definition: mean time for unfed larva survival. Unit: days. Organism order: Ixodida. Organism family: Ixodidae.,v5,10,,,,,,,,,,,
survival time,mean time for engorged nymph survival,days,Ixodida,Ixodidae,Trait: survival time. Definition: mean time for engorged nymph survival. Unit: days. Organism order: Ixodida. Organism family: Ixodidae.,v5,10,,,,,,,,,,,
survival time,mean time for unfed adult survival,days,Ixodida,Ixodidae,Trait: survival time. Definition: mean time for unfed adult survival. Unit: days. Organism order: Ixodida. Organism family: Ixodidae.,v5,10,,,,,,,,,,,
survival time,mean time for engorged adult survival,days,Ixodida,Ixodidae,Trait: survival time. Definition: mean time for engorged adult survival. Unit: days. Organism order: Ixodida. Organism family: Ixodidae.,v5,10,,,,,,,,,,,
survival time,average number of days unfed nymphs survived,days,Ixodida,Ixodidae,Trait: survival time. Definition: average number of days unfed nymphs survived. Unit: days. Organism order: Ixodida. Organism family: Ixodidae.,v5,10,,,,,,,,,,,
Development Rate,percent of immature stages remaining x days after attatchment,percent,Ixodida,Ixodidae,Trait: Development Rate. Definition: percent of immature stages remaining x days after attatchment. Unit: percent. Organism order: Ixodida. Organism family: Ixodidae.,v5,11,,,,,,,,,,,
Development Rate,Percent of emerging males who develop on day X after attatchment (premolt period),percent,Ixodida,Ixodidae,Trait: Development Rate. Definition: Percent of emerging males who develop on day X after attatchment (premolt period). Unit: percent. Organism order: Ixodida. Organism family: Ixodidae.,v5,11,,,,,,,,,,,
Development Rate,Percent of emerging females who develop on day X after attatchment (premolt period),percent,Ixodida,Ixodidae,Trait: Development Rate. Definition: Percent of emerging females who develop on day X after attatchment (premolt period). Unit: percent. Organism order: Ixodida. Organism family: Ixodidae.,v5,11,,,,,,,,,,,
Development Rate (Larva),1 / development time of Engorged Larva,days-1,Ixodida,Ixodidae,Trait: Development Rate (Larva). Definition: 1 / development time of Engorged Larva. Unit: days-1. Organism order: Ixodida. Organism family: Ixodidae.,v5,11,,,,,,,,,,,
Development Rate (Nymph),1 / development time of Engorged Nymph,days-1,Ixodida,Ixodidae,Trait: Development Rate (Nymph). Definition: 1 / development time of Engorged Nymph. Unit: days-1. Organism order: Ixodida. Organism family: Ixodidae.,v5,11,,,,,,,,,,,
development rate,mean development rate per day,percent day-1,Ixodida,Ixodidae,Trait: development rate. Definition: mean development rate per day. Unit: percent day-1. Organism order: Ixodida. Organism family: Ixodidae.,v5,11,,,,,,,,,,,
mortality,percent not surviving life stage,percent,Homoptera,Aphididae,Trait: mortality. Definition: percent not surviving life stage. Unit: percent. Organism order: Homoptera. Organism family: Aphididae.,v5,12,,Survival rate split across two clusters (12 and 13). Cluster 12 mixes survival and mortality,,,,,,,,,
mortality,proportion not surviving life stage,proportion,Hemiptera,Aphididae,Trait: mortality. Definition: proportion not surviving life stage. Unit: proportion. Organism order: Hemiptera. Organism family: Aphididae.,v5,12,,,,,,,,,,,
mortality,percentage not surviving life stage,percent,Diptera,Culicidae,Trait: mortality. Definition: percentage not surviving life stage. Unit: percent. Organism order: Diptera. Organism family: Culicidae.,v5,12,,,,,,,,,,,
mortality,mean percent not surviving life stage,percent,Hemiptera,Psyllidae,Trait: mortality. Definition: mean percent not surviving life stage. Unit: percent. Organism order: Hemiptera. Organism family: Psyllidae.,v5,12,,,,,,,,,,,
mortality rate,per capita daily mortality,individual-1 day-1,Diptera,Culicidae,Trait: mortality rate. Definition: per capita daily mortality. Unit: individual-1 day-1. Organism order: Diptera. Organism family: Culicidae.,v5,12,,,,,,,,,,,
mortality rate,mean per capita rate of mortality during life stage,individual-1 day-1,Diptera,Culicidae,Trait: mortality rate. Definition: mean per capita rate of mortality during life stage. Unit: individual-1 day-1. Organism order: Diptera. Organism family: Culicidae.,v5,12,,,,,,,,,,,
mortality rate,mean death rate during life stage,individual-1 day-1,Diptera,Culicidae,Trait: mortality rate. Definition: mean death rate during life stage. Unit: individual-1 day-1. Organism order: Diptera. Organism family: Culicidae.,v5,12,,,,,,,,,,,
mortality rate,individual-level per capita daily rate of mortality,indivdual-1 day-1,Diptera,Glossinidae,Trait: mortality rate. Definition: individual-level per capita daily rate of mortality. Unit: indivdual-1 day-1. Organism order: Diptera. Organism family: Glossinidae.,v5,12,,,,,,,,,,,
survival,proportion surviving life stage,proportion,Hemiptera,Aphididae,Trait: survival. Definition: proportion surviving life stage. Unit: proportion. Organism order: Hemiptera. Organism family: Aphididae.,v5,12,,,,,,,,,,,
survival,percent surviving life stage,percent,Hemiptera,Pseudococcidae,Trait: survival. Definition: percent surviving life stage. Unit: percent. Organism order: Hemiptera. Organism family: Pseudococcidae.,v5,12,,,,,,,,,,,
survival,proportion of individuals surviving life stage (emergence rate),proportion,Diptera,Culicidae,Trait: survival. Definition: proportion of individuals surviving life stage (emergence rate). Unit: proportion. Organism order: Diptera. Organism family: Culicidae.,v5,12,,,,,,,,,,,
survival rate,mean percentage surviving life stage,percent,Hymenoptera,Eulophidae,Trait: survival rate. Definition: mean percentage surviving life stage. Unit: percent. Organism order: Hymenoptera. Organism family: Eulophidae.,v5,12,,,,,,,,,,,
survival rate,percentage of ticks that survived the larval stage,percent,Ixodida,Ixodidae,Trait: survival rate. Definition: percentage of ticks that survived the larval stage. Unit: percent. Organism order: Ixodida. Organism family: Ixodidae.,v5,13,,,,,,,,,,,
survival rate,percentage of ticks that survived the larval moult,percent,Ixodida,Ixodidae,Trait: survival rate. Definition: percentage of ticks that survived the larval moult. Unit: percent. Organism order: Ixodida. Organism family: Ixodidae.,v5,13,,,,,,,,,,,
survival rate,percentage of ticks that survived the nymphal moult,percent,Ixodida,Ixodidae,Trait: survival rate. Definition: percentage of ticks that survived the nymphal moult. Unit: percent. Organism order: Ixodida. Organism family: Ixodidae.,v5,13,,,,,,,,,,,
survival rate,percentage of ticks that survived adult engorgement,percent,Ixodida,Ixodidae,Trait: survival rate. Definition: percentage of ticks that survived adult engorgement. Unit: percent. Organism order: Ixodida. Organism family: Ixodidae.,v5,13,,,,,,,,,,,
survival rate,percentage of ticks that survived the nymphal stage,percent,Ixodida,Ixodidae,Trait: survival rate. Definition: percentage of ticks that survived the nymphal stage. Unit: percent. Organism order: Ixodida. Organism family: Ixodidae.,v5,13,,,,,,,,,,,
survival rate,percent surviving to oviposition,percent,Ixodida,Ixodidae,Trait: survival rate. Definition: percent surviving to oviposition. Unit: percent. Organism order: Ixodida. Organism family: Ixodidae.,v5,13,,,,,,,,,,,
survival rate,percent surviving life stage,percent,Ixodida,Ixodidae,Trait: survival rate. Definition: percent surviving life stage. Unit: percent. Organism order: Ixodida. Organism family: Ixodidae.,v5,13,,,,,,,,,,,
survival rate,percentage of ticks that survived the adult stage,percent,Ixodida,Ixodidae,Trait: survival rate. Definition: percentage of ticks that survived the adult stage. Unit: percent. Organism order: Ixodida. Organism family: Ixodidae.,v5,13,,,,,,,,,,,
survival rate,percentage of starved larval ticks that survived to the days listed,percent,Ixodida,Ixodidae,Trait: survival rate. Definition: percentage of starved larval ticks that survived to the days listed. Unit: percent. Organism order: Ixodida. Organism family: Ixodidae.,v5,13,,,,,,,,,,,
survival rate,percentage of unfed adults that survive,percent,Ixodida,Ixodidae,Trait: survival rate. Definition: percentage of unfed adults that survive. Unit: percent. Organism order: Ixodida. Organism family: Ixodidae.,v5,13,,,,,,,,,,,
survival rate,percentage of ticks that survived at 5 degrees celcius,percent,Ixodida,Ixodidae,Trait: survival rate. Definition: percentage of ticks that survived at 5 degrees celcius. Unit: percent. Organism order: Ixodida. Organism family: Ixodidae.,v5,13,,,,,,,,,,,
survival rate,percentage of ticks that survived at 17 degrees celcius,percent,Ixodida,Ixodidae,Trait: survival rate. Definition: percentage of ticks that survived at 17 degrees celcius. Unit: percent. Organism order: Ixodida. Organism family: Ixodidae.,v5,13,,,,,,,,,,,
survival rate,percentage of ticks that survived at 24 degrees celcius,percent,Ixodida,Ixodidae,Trait: survival rate. Definition: percentage of ticks that survived at 24 degrees celcius. Unit: percent. Organism order: Ixodida. Organism family: Ixodidae.,v5,13,,,,,,,,,,,
survival rate,percentage of ticks that survived at 30 degrees celcius,percent,Ixodida,Ixodidae,Trait: survival rate. Definition: percentage of ticks that survived at 30 degrees celcius. Unit: percent. Organism order: Ixodida. Organism family: Ixodidae.,v5,13,,,,,,,,,,,
survival rate,percentage of larval ticks that molted following engorgement,percent,Ixodida,Ixodidae,Trait: survival rate. Definition: percentage of larval ticks that molted following engorgement. Unit: percent. Organism order: Ixodida. Organism family: Ixodidae.,v5,13,,,,,,,,,,,
Longevity,"sum of all life stage periods in study (pre-reproductive, reproductive, and post-reproductive)",days,Hemiptera,Aphididae,"Trait: Longevity. Definition: sum of all life stage periods in study (pre-reproductive, reproductive, and post-reproductive). Unit: days. Organism order: Hemiptera. Organism family: Aphididae.",v5,14,,,,,,,,,,,
adult longevity,lifespan over time,days,Hemiptera,Aphididae,Trait: adult longevity. Definition: lifespan over time. Unit: days. Organism order: Hemiptera. Organism family: Aphididae.,v5,14,,,,,,,,,,,
adult longevity,period from adult emergence until death,days,Hemiptera,Aphididae,Trait: adult longevity. Definition: period from adult emergence until death. Unit: days. Organism order: Hemiptera. Organism family: Aphididae.,v5,14,,,,,,,,,,,
adult longevity,lifespan of adult aphids,days,Hemiptera,Aphididae,Trait: adult longevity. Definition: lifespan of adult aphids. Unit: days. Organism order: Hemiptera. Organism family: Aphididae.,v5,14,,,,,,,,,,,
aphid longevity,lifespan of aphids,days,Hemiptera,Aphididae,Trait: aphid longevity. Definition: lifespan of aphids. Unit: days. Organism order: Hemiptera. Organism family: Aphididae.,v5,14,,,,,,,,,,,
longevity,mean duration of life stage,days,Hemiptera,Aphididae,Trait: longevity. Definition: mean duration of life stage. Unit: days. Organism order: Hemiptera. Organism family: Aphididae.,v5,14,,,,,,,,,,,
longevity,median duration of life stage,days,Hemiptera,Aleyrodidae,Trait: longevity. Definition: median duration of life stage. Unit: days. Organism order: Hemiptera. Organism family: Aleyrodidae.,v5,14,,,,,,,,,,,
longevity,individual-level duration of life stage,days,Diptera,Culicidae,Trait: longevity. Definition: individual-level duration of life stage. Unit: days. Organism order: Diptera. Organism family: Culicidae.,v5,14,,,,,,,,,,,
longevity,mean duration of life stage as a function of body size,days,Coleoptera,Tenebrionidae,Trait: longevity. Definition: mean duration of life stage as a function of body size. Unit: days. Organism order: Coleoptera. Organism family: Tenebrionidae.,v5,14,,,,,,,,,,,
longevity,mean duration of life,days,Hemiptera,Liviidae,Trait: longevity. Definition: mean duration of life. Unit: days. Organism order: Hemiptera. Organism family: Liviidae.,v5,14,,,,,,,,,,,
longevity,percent not surviving life stage,days,Hemiptera,Aphididae,Trait: longevity. Definition: percent not surviving life stage. Unit: days. Organism order: Hemiptera. Organism family: Aphididae.,v5,14,,,,,,,,,,,
longevity,mean rate of life stage completion,days,Hemiptera,Aphididae,Trait: longevity. Definition: mean rate of life stage completion. Unit: days. Organism order: Hemiptera. Organism family: Aphididae.,v5,14,,,,,,,,,,,
longevity,mean duration of life stage as a function of rearing food type (secondstressor) and temperature,days,Homoptera,Aphididae,Trait: longevity. Definition: mean duration of life stage as a function of rearing food type (secondstressor) and temperature. Unit: days. Organism order: Homoptera. Organism family: Aphididae.,v5,14,,,,,,,,,,,
longevity,mean duration of adult lifespan as a function of temperature and the number of instars completed prior to reproductive adulthood (secondstressor),days,Homoptera,Aphididae,Trait: longevity. Definition: mean duration of adult lifespan as a function of temperature and the number of instars completed prior to reproductive adulthood (secondstressor). Unit: days. Organism order: Homoptera. Organism family: Aphididae.,v5,14,,,,,,,,,,,
longevity,aphid lifespan,days,Hemiptera,Aphididae,Trait: longevity. Definition: aphid lifespan. Unit: days. Organism order: Hemiptera. Organism family: Aphididae.,v5,14,,,,,,,,,,,
longevity,lifespan of aphids,days,Hemiptera,Aphididae,Trait: longevity. Definition: lifespan of aphids. Unit: days. Organism order: Hemiptera. Organism family: Aphididae.,v5,14,,,,,,,,,,,
longevity,adult aphid survival,days,Hemiptera,Aphididae,Trait: longevity. Definition: adult aphid survival. Unit: days. Organism order: Hemiptera. Organism family: Aphididae.,v5,14,,,,,,,,,,,
longevity (alate),mean duration of life stage,days,Homoptera,Aphididae,Trait: longevity (alate). Definition: mean duration of life stage. Unit: days. Organism order: Homoptera. Organism family: Aphididae.,v5,14,,,,,,,,,,,
longevity (apterous),mean duration of life stage,days,Homoptera,Aphididae,Trait: longevity (apterous). Definition: mean duration of life stage. Unit: days. Organism order: Homoptera. Organism family: Aphididae.,v5,14,,,,,,,,,,,
mean longevity,mean lifespan in days,days,Hemiptera,Aphididae,Trait: mean longevity. Definition: mean lifespan in days. Unit: days. Organism order: Hemiptera. Organism family: Aphididae.,v5,14,,,,,,,,,,,
Development time,Mean time from engorgement to moulting,days,Ixodida,Ixodidae,Trait: Development time. Definition: Mean time from engorgement to moulting. Unit: days. Organism order: Ixodida. Organism family: Ixodidae.,v5,15,,,,,,,,,,,
development rate,mean rate of life stage completion,days-1,Lepidoptera,Gelechiidae,Trait: development rate. Definition: mean rate of life stage completion. Unit: days-1. Organism order: Lepidoptera. Organism family: Gelechiidae.,v5,15,,,,,,,,,,,
development rate,rate of life stage completion,days-1,Hemiptera,Aphididae,Trait: development rate. Definition: rate of life stage completion. Unit: days-1. Organism order: Hemiptera. Organism family: Aphididae.,v5,15,,,,,,,,,,,
development rate,mean duration of life stage,days,Coleoptera,Chrysomelidae,Trait: development rate. Definition: mean duration of life stage. Unit: days. Organism order: Coleoptera. Organism family: Chrysomelidae.,v5,15,,,,,,,,,,,
development rate,individual-level rate of life stage completion,days-1,Acari,Tetranychidae,Trait: development rate. Definition: individual-level rate of life stage completion. Unit: days-1. Organism order: Acari. Organism family: Tetranychidae.,v5,15,,,,,,,,,,,
development rate,replicate-level mean rate of life stage completion,days-1,Homoptera,Aphididae,Trait: development rate. Definition: replicate-level mean rate of life stage completion. Unit: days-1. Organism order: Homoptera. Organism family: Aphididae.,v5,15,,,,,,,,,,,
development rate,inverse of the mean duration of life stage,days-1,Hemiptera,Aphididae,Trait: development rate. Definition: inverse of the mean duration of life stage. Unit: days-1. Organism order: Hemiptera. Organism family: Aphididae.,v5,15,,,,,,,,,,,
development time,mean duration of life stage,days,Hemiptera,Aphididae,Trait: development time. Definition: mean duration of life stage. Unit: days. Organism order: Hemiptera. Organism family: Aphididae.,v5,15,,,,,,,,,,,
development time,median duration of life stage,days,Hemiptera,Aleyrodidae,Trait: development time. Definition: median duration of life stage. Unit: days. Organism order: Hemiptera. Organism family: Aleyrodidae.,v5,15,,,,,,,,,,,
development time,mean duration period from aphid birth to its first reproduction,days,Hemiptera,Aphididae,Trait: development time. Definition: mean duration period from aphid birth to its first reproduction. Unit: days. Organism order: Hemiptera. Organism family: Aphididae.,v5,15,,,,,,,,,,,
development time,mean duration of life cycle (egg-to-egg),days,Coleoptera,Coccinellidae,Trait: development time. Definition: mean duration of life cycle (egg-to-egg). Unit: days. Organism order: Coleoptera. Organism family: Coccinellidae.,v5,15,,,,,,,,,,,
development time,mean duration of life stage (across all humidity levels),days,Coleoptera,Chrysomelidae,Trait: development time. Definition: mean duration of life stage (across all humidity levels). Unit: days. Organism order: Coleoptera. Organism family: Chrysomelidae.,v5,15,,,,,,,,,,,
development time,mean duration for 50 percent of eggs to hatch,days,Coleoptera,Chrysomelidae,Trait: development time. Definition: mean duration for 50 percent of eggs to hatch. Unit: days. Organism order: Coleoptera. Organism family: Chrysomelidae.,v5,15,,,,,,,,,,,
development time,duration of life stage,days,Coleoptera,Curculionidae,Trait: development time. Definition: duration of life stage. Unit: days. Organism order: Coleoptera. Organism family: Curculionidae.,v5,15,,,,,,,,,,,
development time,mean duration of life cycle,days,Acari,Tetranychidae,Trait: development time. Definition: mean duration of life cycle. Unit: days. Organism order: Acari. Organism family: Tetranychidae.,v5,15,,,,,,,,,,,
development time,individual-level duration of life stage,days,Diptera,Culicidae,Trait: development time. Definition: individual-level duration of life stage. Unit: days. Organism order: Diptera. Organism family: Culicidae.,v5,15,,,,,,,,,,,
development time,mean duration of larval attachment developmental phase,days,Ixodida,Ixodidae,Trait: development time. Definition: mean duration of larval attachment developmental phase. Unit: days. Organism order: Ixodida. Organism family: Ixodidae.,v5,15,,,,,,,,,,,
development time,mean duration from when eggs were deposited to hatch,days,Ixodida,Ixodidae,Trait: development time. Definition: mean duration from when eggs were deposited to hatch. Unit: days. Organism order: Ixodida. Organism family: Ixodidae.,v5,15,,,,,,,,,,,
development time,mean time to complete nymphal devlopment,days,Ixodida,Ixodidae,Trait: development time. Definition: mean time to complete nymphal devlopment. Unit: days. Organism order: Ixodida. Organism family: Ixodidae.,v5,15,,,,,,,,,,,
development time,mean duration of juvenile stages and from adult emergence to the onset of reproduction,days,Homoptera,Aphididae,Trait: development time. Definition: mean duration of juvenile stages and from adult emergence to the onset of reproduction. Unit: days. Organism order: Homoptera. Organism family: Aphididae.,v5,15,,,,,,,,,,,
development time,mean duration of life stage as a function of rearing food type (secondstressor) and temperature,days,Homoptera,Aphididae,Trait: development time. Definition: mean duration of life stage as a function of rearing food type (secondstressor) and temperature. Unit: days. Organism order: Homoptera. Organism family: Aphididae.,v5,15,,,,,,,,,,,
development time,nymphal development time,days,Hemiptera,Aphididae,Trait: development time. Definition: nymphal development time. Unit: days. Organism order: Hemiptera. Organism family: Aphididae.,v5,15,,,,,,,,,,,
development time,mean nymphal development time,days,Hemiptera,Aphididae,Trait: development time. Definition: mean nymphal development time. Unit: days. Organism order: Hemiptera. Organism family: Aphididae.,v5,15,,,,,,,,,,,
development time,mean duration of incubation period,days,Ixodida,Ixodidae,Trait: development time. Definition: mean duration of incubation period. Unit: days. Organism order: Ixodida. Organism family: Ixodidae.,v5,15,,,,,,,,,,,
development time,mean duration of attachment period,days,Ixodida,Ixodidae,Trait: development time. Definition: mean duration of attachment period. Unit: days. Organism order: Ixodida. Organism family: Ixodidae.,v5,15,,,,,,,,,,,
development time,mean duration of premoulting period,days,Ixodida,Ixodidae,Trait: development time. Definition: mean duration of premoulting period. Unit: days. Organism order: Ixodida. Organism family: Ixodidae.,v5,15,,,,,,,,,,,
developmental time,mean duration of life stage,days,Hemiptera,Liviidae,Trait: developmental time. Definition: mean duration of life stage. Unit: days. Organism order: Hemiptera. Organism family: Liviidae.,v5,15,,,,,,,,,,,
developmental time,number of days at each developmental stage,days,Hemiptera,Aphididae,Trait: developmental time. Definition: number of days at each developmental stage. Unit: days. Organism order: Hemiptera. Organism family: Aphididae.,v5,15,,,,,,,,,,,
Incubation Period,Incubation period of ticks held at constant temperature,days,Ixodida,Ixodidae,Trait: Incubation Period. Definition: Incubation period of ticks held at constant temperature. Unit: days. Organism order: Ixodida. Organism family: Ixodidae.,v5,16,,,,,,,,,,,
incubation period,mean duration of egg incubation period (lay to hatching),days,Ixodida,Ixodidae,Trait: incubation period. Definition: mean duration of egg incubation period (lay to hatching). Unit: days. Organism order: Ixodida. Organism family: Ixodidae.,v5,16,,,,,,,,,,,
incubation period,median time from oviposition to hatching,days,Ixodida,Ixodidae,Trait: incubation period. Definition: median time from oviposition to hatching. Unit: days. Organism order: Ixodida. Organism family: Ixodidae.,v5,16,,,,,,,,,,,
incubation period,time from start of oviposition until first eggs hatched,days,Ixodida,Ixodidae,Trait: incubation period. Definition: time from start of oviposition until first eggs hatched. Unit: days. Organism order: Ixodida. Organism family: Ixodidae.,v5,16,,,,,,,,,,,
incubation period,mean duration from oviposition to hatching,days,Ixodida,Ixodidae,Trait: incubation period. Definition: mean duration from oviposition to hatching. Unit: days. Organism order: Ixodida. Organism family: Ixodidae.,v5,16,,,,,,,,,,,
incubation period,mean Incubation Period in days from egg to larvae at constant temps,days,Ixodida,Ixodidae,Trait: incubation period. Definition: mean Incubation Period in days from egg to larvae at constant temps. Unit: days. Organism order: Ixodida. Organism family: Ixodidae.,v5,16,,,,,,,,,,,
incubation period,mean time required for an egg to hatch (from time of completion of egg deposition to eclosion of first larva),days,Ixodida,Ixodidae,Trait: incubation period. Definition: mean time required for an egg to hatch (from time of completion of egg deposition to eclosion of first larva). Unit: days. Organism order: Ixodida. Organism family: Ixodidae.,v5,16,,,,,,,,,,,
incubation period,mean egg incubation period,days,Ixodida,Ixodidae,Trait: incubation period. Definition: mean egg incubation period. Unit: days. Organism order: Ixodida. Organism family: Ixodidae.,v5,16,,,,,,,,,,,
incubation period,Mean Incubation Period,days,Ixodida,Ixodidae,Trait: incubation period. Definition: Mean Incubation Period. Unit: days. Organism order: Ixodida. Organism family: Ixodidae.,v5,16,,,,,,,,,,,
pre hatching period,mean time until hatching,days,Ixodida,Ixodidae,Trait: pre hatching period. Definition: mean time until hatching. Unit: days. Organism order: Ixodida. Organism family: Ixodidae.,v5,16,,,,,,,,,,,
Molting Period,number of days required for an individual engorged nymph to molt into an adult,days,Ixodida,Ixodidae,Trait: Molting Period. Definition: number of days required for an individual engorged nymph to molt into an adult. Unit: days. Organism order: Ixodida. Organism family: Ixodidae.,v5,17,,,,,,,,,,,
molting period,time required for engorged larval ticks to molt,days,Ixodida,Ixodidae,Trait: molting period. Definition: time required for engorged larval ticks to molt. Unit: days. Organism order: Ixodida. Organism family: Ixodidae.,v5,17,,,,,,,,,,,
molting period (larval),mean duration of life stage,days,Ixodida,Ixodidae,Trait: molting period (larval). Definition: mean duration of life stage. Unit: days. Organism order: Ixodida. Organism family: Ixodidae.,v5,17,,,,,,,,,,,
molting period (nymphal),mean duration of life stage,days,Ixodida,Ixodidae,Trait: molting period (nymphal). Definition: mean duration of life stage. Unit: days. Organism order: Ixodida. Organism family: Ixodidae.,v5,17,,,,,,,,,,,
molting time,mean duration of nymphal molting phase,days,Ixodida,Ixodidae,Trait: molting time. Definition: mean duration of nymphal molting phase. Unit: days. Organism order: Ixodida. Organism family: Ixodidae.,v5,17,,,,,,,,,,,
moulting period,mean time required for nymphs to moult,days,Ixodida,Ixodidae,Trait: moulting period. Definition: mean time required for nymphs to moult. Unit: days. Organism order: Ixodida. Organism family: Ixodidae.,v5,17,,,,,,,,,,,
premolt period,mean duration of life stage,days,Ixodida,Ixodidae,Trait: premolt period. Definition: mean duration of life stage. Unit: days. Organism order: Ixodida. Organism family: Ixodidae.,v5,17,,,,,,,,,,,
premolt period (larval),mean duration of larval premolting phase,days,Ixodida,Ixodidae,Trait: premolt period (larval). Definition: mean duration of larval premolting phase. Unit: days. Organism order: Ixodida. Organism family: Ixodidae.,v5,17,,,,,,,,,,,
premolt period (larval),mean time to complete larval moulting,days,Ixodida,Ixodidae,Trait: premolt period (larval). Definition: mean time to complete larval moulting. Unit: days. Organism order: Ixodida. Organism family: Ixodidae.,v5,17,,,,,,,,,,,
premolt period (larval),mean duration of life stage,days,Ixodida,Ixodidae,Trait: premolt period (larval). Definition: mean duration of life stage. Unit: days. Organism order: Ixodida. Organism family: Ixodidae.,v5,17,,,,,,,,,,,
premolt period (nymphal),mean duration of nymphal premolting phase,days,Ixodida,Ixodidae,Trait: premolt period (nymphal). Definition: mean duration of nymphal premolting phase. Unit: days. Organism order: Ixodida. Organism family: Ixodidae.,v5,17,,,,,,,,,,,
premolt period (nymphal),mean time to complete nymphal moulting,days,Ixodida,Ixodidae,Trait: premolt period (nymphal). Definition: mean time to complete nymphal moulting. Unit: days. Organism order: Ixodida. Organism family: Ixodidae.,v5,17,,,,,,,,,,,
premolt period (nymphal),mean duration of life stage,days,Ixodida,Ixodidae,Trait: premolt period (nymphal). Definition: mean duration of life stage. Unit: days. Organism order: Ixodida. Organism family: Ixodidae.,v5,17,,,,,,,,,,,
premolting period,mean Premolting Period in days at larval state at const temps,days,Ixodida,Ixodidae,Trait: premolting period. Definition: mean Premolting Period in days at larval state at const temps. Unit: days. Organism order: Ixodida. Organism family: Ixodidae.,v5,17,,,,,,,,,,,
premolting period,mean Premolting Period in days at nymph state at constant temps,days,Ixodida,Ixodidae,Trait: premolting period. Definition: mean Premolting Period in days at nymph state at constant temps. Unit: days. Organism order: Ixodida. Organism family: Ixodidae.,v5,17,,,,,,,,,,,
premolting period,average pre-moulting period engorged on calves,days,Ixodida,Ixodidae,Trait: premolting period. Definition: average pre-moulting period engorged on calves. Unit: days. Organism order: Ixodida. Organism family: Ixodidae.,v5,17,,,,,,,,,,,
feeding period,mean duration of feeding period,days,Ixodida,Ixodidae,Trait: feeding period. Definition: mean duration of feeding period. Unit: days. Organism order: Ixodida. Organism family: Ixodidae.,v5,18,,,,,,,,,,,
feeding period,mean Feeding Period in days at larval state at constant temps,days,Ixodida,Ixodidae,Trait: feeding period. Definition: mean Feeding Period in days at larval state at constant temps. Unit: days. Organism order: Ixodida. Organism family: Ixodidae.,v5,18,,,,,,,,,,,
feeding period,mean Feeding Period in days at nymph state at constant temps,days,Ixodida,Ixodidae,Trait: feeding period. Definition: mean Feeding Period in days at nymph state at constant temps. Unit: days. Organism order: Ixodida. Organism family: Ixodidae.,v5,18,,,,,,,,,,,
feeding period,mean Feeding Period in days at adult female state at const temps,days,Ixodida,Ixodidae,Trait: feeding period. Definition: mean Feeding Period in days at adult female state at const temps. Unit: days. Organism order: Ixodida. Organism family: Ixodidae.,v5,18,,,,,,,,,,,
feeding period,mean time required for nymphs to feed,days,Ixodida,Ixodidae,Trait: feeding period. Definition: mean time required for nymphs to feed. Unit: days. Organism order: Ixodida. Organism family: Ixodidae.,v5,18,,,,,,,,,,,
feeding period (adult),mean duration of life stage,days,Ixodida,Ixodidae,Trait: feeding period (adult). Definition: mean duration of life stage. Unit: days. Organism order: Ixodida. Organism family: Ixodidae.,v5,18,,,,,,,,,,,
feeding period (larval),mean duration of life stage,days,Ixodida,Ixodidae,Trait: feeding period (larval). Definition: mean duration of life stage. Unit: days. Organism order: Ixodida. Organism family: Ixodidae.,v5,18,,,,,,,,,,,
feeding period (nymphal),mean duration of life stage,days,Ixodida,Ixodidae,Trait: feeding period (nymphal). Definition: mean duration of life stage. Unit: days. Organism order: Ixodida. Organism family: Ixodidae.,v5,18,,,,,,,,,,,
feeding time,mean duration of adult female feeding developmental phase,days,Ixodida,Ixodidae,Trait: feeding time. Definition: mean duration of adult female feeding developmental phase. Unit: days. Organism order: Ixodida. Organism family: Ixodidae.,v5,18,,,,,,,,,,,
feeding time,mean duration of feeding developmental phase,days,Ixodida,Ixodidae,Trait: feeding time. Definition: mean duration of feeding developmental phase. Unit: days. Organism order: Ixodida. Organism family: Ixodidae.,v5,18,,,,,,,,,,,
prefeeding period (adult),mean duration of life stage,days,Ixodida,Ixodidae,Trait: prefeeding period (adult). Definition: mean duration of life stage. Unit: days. Organism order: Ixodida. Organism family: Ixodidae.,v5,18,,,,,,,,,,,
prefeeding period (larval),mean duration of life stage,days,Ixodida,Ixodidae,Trait: prefeeding period (larval). Definition: mean duration of life stage. Unit: days. Organism order: Ixodida. Organism family: Ixodidae.,v5,18,,,,,,,,,,,
prefeeding period (nymphal),mean duration of life stage,days,Ixodida,Ixodidae,Trait: prefeeding period (nymphal). Definition: mean duration of life stage. Unit: days. Organism order: Ixodida. Organism family: Ixodidae.,v5,18,,,,,,,,,,,
age at first reproduction,mean age at first reproduction,days,Homoptera,Aphididae,Trait: age at first reproduction. Definition: mean age at first reproduction. Unit: days. Organism order: Homoptera. Organism family: Aphididae.,v5,19,,Reproductive period split into two clusters,,,,,,,,,
age at first reproduction,mean duration of life stage,days,Homoptera,Aphididae,Trait: age at first reproduction. Definition: mean duration of life stage. Unit: days. Organism order: Homoptera. Organism family: Aphididae.,v5,19,,,,,,,,,,,
age at first reproduction,mean duration from birth to onset of reproduction,days,Hemiptera,Aphididae,Trait: age at first reproduction. Definition: mean duration from birth to onset of reproduction. Unit: days. Organism order: Hemiptera. Organism family: Aphididae.,v5,19,,,,,,,,,,,
age at first reproduction,mean age at the onset of reproduction,days,Hemiptera,Aphididae,Trait: age at first reproduction. Definition: mean age at the onset of reproduction. Unit: days. Organism order: Hemiptera. Organism family: Aphididae.,v5,19,,,,,,,,,,,
post-reproduction period,duration of developmental phases in days,days,Hemiptera,Aphididae,Trait: post-reproduction period. Definition: duration of developmental phases in days. Unit: days. Organism order: Hemiptera. Organism family: Aphididae.,v5,19,,,,,,,,,,,
post-reproductive period,mean duration of life stage,days,Homoptera,Aphididae,Trait: post-reproductive period. Definition: mean duration of life stage. Unit: days. Organism order: Homoptera. Organism family: Aphididae.,v5,19,,,,,,,,,,,
post-reproductive period,mean rate of life stage completion,days,Hemiptera,Aphididae,Trait: post-reproductive period. Definition: mean rate of life stage completion. Unit: days. Organism order: Hemiptera. Organism family: Aphididae.,v5,19,,,,,,,,,,,
pre-oviposition period,mean duration from adult emergence to onset of reproduction,days,Homoptera,Aphididae,Trait: pre-oviposition period. Definition: mean duration from adult emergence to onset of reproduction. Unit: days. Organism order: Homoptera. Organism family: Aphididae.,v5,19,,,,,,,,,,,
pre-reproduction period,duration of developmental phases in days,days,Hemiptera,Aphididae,Trait: pre-reproduction period. Definition: duration of developmental phases in days. Unit: days. Organism order: Hemiptera. Organism family: Aphididae.,v5,19,,,,,,,,,,,
pre-reproductive period,mean duration from adult emergence to onset of reproduction,days,Hemiptera,Aphididae,Trait: pre-reproductive period. Definition: mean duration from adult emergence to onset of reproduction. Unit: days. Organism order: Hemiptera. Organism family: Aphididae.,v5,19,,,,,,,,,,,
pre-reproductive period,period of time before female aphids reproduce,days,Hemiptera,Aphididae,Trait: pre-reproductive period. Definition: period of time before female aphids reproduce. Unit: days. Organism order: Hemiptera. Organism family: Aphididae.,v5,19,,,,,,,,,,,
reproduction period,duration of developmental phases in days,days,Hemiptera,Aphididae,Trait: reproduction period. Definition: duration of developmental phases in days. Unit: days. Organism order: Hemiptera. Organism family: Aphididae.,v5,19,,,,,,,,,,,
reproductive and post-reproductive periods,mean duration of life stage,days,Homoptera,Aphididae,Trait: reproductive and post-reproductive periods. Definition: mean duration of life stage. Unit: days. Organism order: Homoptera. Organism family: Aphididae.,v5,19,,,,,,,,,,,
reproductive period,mean duration of life stage,days,Hemiptera,Aphididae,Trait: reproductive period. Definition: mean duration of life stage. Unit: days. Organism order: Hemiptera. Organism family: Aphididae.,v5,19,,,,,,,,,,,
reproductive period,mean rate of life stage completion,days,Hemiptera,Aphididae,Trait: reproductive period. Definition: mean rate of life stage completion. Unit: days. Organism order: Hemiptera. Organism family: Aphididae.,v5,19,,,,,,,,,,,
Oviposition Period,Oviposition Period 1/period(day) in engorged females,days-1,Ixodida,Ixodidae,Trait: Oviposition Period. Definition: Oviposition Period 1/period(day) in engorged females. Unit: days-1. Organism order: Ixodida. Organism family: Ixodidae.,v5,20,,,,,,,,,,,
oviposition,Mean ovipostion period in days,days,Ixodida,Ixodidae,Trait: oviposition. Definition: Mean ovipostion period in days. Unit: days. Organism order: Ixodida. Organism family: Ixodidae.,v5,20,,,,,,,,,,,
oviposition period,mean Oviposition Period in days at adult female state at const temps,days,Ixodida,Ixodidae,Trait: oviposition period. Definition: mean Oviposition Period in days at adult female state at const temps. Unit: days. Organism order: Ixodida. Organism family: Ixodidae.,v5,20,,,,,,,,,,,
ovipositional period,mean duration of reproductive period,days,Ixodida,Ixodidae,Trait: ovipositional period. Definition: mean duration of reproductive period. Unit: days. Organism order: Ixodida. Organism family: Ixodidae.,v5,20,,,,,,,,,,,
ovipositional period,mean duration of ovipositional period,days,Ixodida,Ixodidae,Trait: ovipositional period. Definition: mean duration of ovipositional period. Unit: days. Organism order: Ixodida. Organism family: Ixodidae.,v5,20,,,,,,,,,,,
ovipositional period,individual-level duration of reproductive period,days,Ixodida,Ixodidae,Trait: ovipositional period. Definition: individual-level duration of reproductive period. Unit: days. Organism order: Ixodida. Organism family: Ixodidae.,v5,20,,,,,,,,,,,
preoviposition,Mean preoviposition period in days,days,Ixodida,Ixodidae,Trait: preoviposition. Definition: Mean preoviposition period in days. Unit: days. Organism order: Ixodida. Organism family: Ixodidae.,v5,20,,,,,,,,,,,
preoviposition period,mean duration of prereproductive period (end of feeding until oviposition),days,Ixodida,Ixodidae,Trait: preoviposition period. Definition: mean duration of prereproductive period (end of feeding until oviposition). Unit: days. Organism order: Ixodida. Organism family: Ixodidae.,v5,20,,,,,,,,,,,
preoviposition period,mean duration of period before oviposition,days,Ixodida,Ixodidae,Trait: preoviposition period. Definition: mean duration of period before oviposition. Unit: days. Organism order: Ixodida. Organism family: Ixodidae.,v5,20,,,,,,,,,,,
preoviposition period,mean duration of life stage,days,Ixodida,Ixodidae,Trait: preoviposition period. Definition: mean duration of life stage. Unit: days. Organism order: Ixodida. Organism family: Ixodidae.,v5,20,,,,,,,,,,,
preoviposition period,mean duration from adult emergence to onset of reproduction,days,Hymenoptera,Eulophidae,Trait: preoviposition period. Definition: mean duration from adult emergence to onset of reproduction. Unit: days. Organism order: Hymenoptera. Organism family: Eulophidae.,v5,20,,,,,,,,,,,
preoviposition period,mean days in preoviposition,days,Ixodida,Ixodidae,Trait: preoviposition period. Definition: mean days in preoviposition. Unit: days. Organism order: Ixodida. Organism family: Ixodidae.,v5,20,,,,,,,,,,,
preoviposition period,individual-level duration of prereproductive period (end of feeding until oviposition),days,Ixodida,Ixodidae,Trait: preoviposition period. Definition: individual-level duration of prereproductive period (end of feeding until oviposition). Unit: days. Organism order: Ixodida. Organism family: Ixodidae.,v5,20,,,,,,,,,,,
preoviposition period,mean Preoviposition Period in days at adult female state at const temps,days,Ixodida,Ixodidae,Trait: preoviposition period. Definition: mean Preoviposition Period in days at adult female state at const temps. Unit: days. Organism order: Ixodida. Organism family: Ixodidae.,v5,20,,,,,,,,,,,
preoviposition period,mean time required for an engorged female tick to begin laying eggs,days,Ixodida,Ixodidae,Trait: preoviposition period. Definition: mean time required for an engorged female tick to begin laying eggs. Unit: days. Organism order: Ixodida. Organism family: Ixodidae.,v5,20,,,,,,,,,,,
preoviposition period,mean time until onset of oviposition,days,Ixodida,Ixodidae,Trait: preoviposition period. Definition: mean time until onset of oviposition. Unit: days. Organism order: Ixodida. Organism family: Ixodidae.,v5,20,,,,,,,,,,,
preoviposition period,Mean Pre-Oviposition Period,days,Ixodida,Ixodidae,Trait: preoviposition period. Definition: Mean Pre-Oviposition Period. Unit: days. Organism order: Ixodida. Organism family: Ixodidae.,v5,20,,,,,,,,,,,