OriginalTraitName,OriginalTraitDef,OriginalTraitUnit,text,cluster_id,n_members,best_match_id,best_match_label,confidence,reasoning,is_mapped
mortality rate,per capita daily mortality,individual-1 day-1,Trait: mortality rate. Definition: per capita daily mortality. Unit: individual-1 day-1.,-1,130,PATO:0000161,rate,medium,"The VecTraits entry describes a mortality rate, which is a type of rate, but no specific ontology term for mortality rate is available among the candidates.",TRUE
mortality rate,per capita daily mortality,individual-1 day-1,Trait: mortality rate. Definition: per capita daily mortality. Unit: individual-1 day-1.,-1,130,PATO:0000161,rate,medium,"The term 'rate' is a general concept that encompasses the occurrence of a process per unit time, which aligns with the definition of 'mortality rate' as per capita daily mortality.",TRUE
blood feeding frequency,mean lifetime blood meals individual-1,blood meals,Trait: blood feeding frequency. Definition: mean lifetime blood meals individual-1. Unit: blood meals.,-1,130,PATO:0000044,frequency,medium,"The trait 'blood feeding frequency' refers to the number of repetitive actions (blood meals) over a lifetime, aligning with the general concept of 'frequency' as defined by PATO:0000044.",TRUE
blood feeding frequency,mean lifetime blood meals individual-1,blood meals,Trait: blood feeding frequency. Definition: mean lifetime blood meals individual-1. Unit: blood meals.,-1,130,PATO:0000044,frequency,high,"The trait 'blood feeding frequency' refers to the number of repetitive actions (blood meals) over a lifetime, which aligns with the definition of 'frequency' as a physical quality related to repetitive actions.",TRUE
ovipositioning,proportion of blood fed mosquitoes laying egg rafts,proportion,Trait: ovipositioning. Definition: proportion of blood fed mosquitoes laying egg rafts. Unit: proportion.,-1,130,NO_CANDIDATES,NO_CANDIDATES,none,No OBA/PATO candidates found via API,FALSE
ovipositioning,proportion of blood fed mosquitoes laying egg rafts,proportion,Trait: ovipositioning. Definition: proportion of blood fed mosquitoes laying egg rafts. Unit: proportion.,-1,130,NO_CANDIDATES,NO_CANDIDATES,none,No OBA/PATO candidates found via API,FALSE
egg viability,mean percentage of viable eggs produced per female,eggs individual-1,Trait: egg viability. Definition: mean percentage of viable eggs produced per female. Unit: eggs individual-1.,-1,130,PATO:0000169,viability,medium,"The trait 'egg viability' refers to the percentage of eggs that are viable, which aligns with the general concept of 'viability' as the disposition to survive and develop normally.",TRUE
egg viability,mean percentage of viable eggs produced per female,eggs individual-1,Trait: egg viability. Definition: mean percentage of viable eggs produced per female. Unit: eggs individual-1.,-1,130,PATO:0000169,viability,medium,"The trait 'egg viability' refers to the ability of eggs to survive and develop, which aligns with the general concept of 'viability' as an organismal quality.",TRUE
fat content,mean lipid content per individual,ug mg-1 individual-1,Trait: fat content. Definition: mean lipid content per individual. Unit: ug mg-1 individual-1.,-1,130,PATO:0000025,composition,medium,"The trait 'fat content' refers to the composition of lipids in an individual, which aligns with the general concept of 'composition' in PATO:0000025.",TRUE
fat content,mean lipid content per individual,ug mg-1 individual-1,Trait: fat content. Definition: mean lipid content per individual. Unit: ug mg-1 individual-1.,-1,130,PATO:0000025,composition,medium,"The trait 'fat content' refers to the lipid composition of an individual, which aligns with the general concept of 'composition' in PATO:0000025.",TRUE
pre-blood meal period,average duration from emergence to first blood meal,days,Trait: pre-blood meal period. Definition: average duration from emergence to first blood meal. Unit: days.,-1,130,PATO:0001309,duration,medium,"The trait 'pre-blood meal period' refers to the temporal extent of a process, which aligns with the concept of 'duration'.",TRUE
pre-blood meal period,average duration from emergence to first blood meal,days,Trait: pre-blood meal period. Definition: average duration from emergence to first blood meal. Unit: days.,-1,130,PATO:0001309,duration,medium,"The trait 'pre-blood meal period' refers to a temporal extent, which aligns with the concept of 'duration' as a process quality.",TRUE
resource consumption rate,mean daily resource consumption rate,cm2 day-1,Trait: resource consumption rate. Definition: mean daily resource consumption rate. Unit: cm2 day-1.,-1,130,PATO:0000161,rate,medium,"The VecTraits entry describes a rate of resource consumption, which aligns with the general concept of 'rate' as a process occurring per unit time.",TRUE
resource consumption rate,mean daily resource consumption rate,cm2 day-1,Trait: resource consumption rate. Definition: mean daily resource consumption rate. Unit: cm2 day-1.,-1,130,PATO:0000161,rate,high,"The trait 'resource consumption rate' is best described by the general concept of 'rate', which refers to a process occurring per unit time, aligning with the definition and unit provided.",TRUE
blood feeding,percent taking one bloodmeal,percent,Trait: blood feeding. Definition: percent taking one bloodmeal. Unit: percent.,-1,130,OBA:1000748,feeding behavior quality,high,"The trait 'blood feeding' refers to a behavior related to feeding, which aligns with the concept of 'feeding behavior quality'.",TRUE
blood feeding,percent taking one bloodmeal,percent,Trait: blood feeding. Definition: percent taking one bloodmeal. Unit: percent.,-1,130,OBA:1000748,feeding behavior quality,high,The trait 'blood feeding' with definition 'percent taking one bloodmeal' aligns with the concept of 'feeding behavior quality' as it describes a specific aspect of feeding behavior.,TRUE
transmission potential,percent of individuals with transmission potential,percent,Trait: transmission potential. Definition: percent of individuals with transmission potential. Unit: percent.,-1,130,NO_MATCH,NO_MATCH,high,None of the candidate ontology terms relate to the concept of transmission potential as defined by the percent of individuals with transmission potential.,FALSE
transmission potential,percent of individuals with transmission potential,percent,Trait: transmission potential. Definition: percent of individuals with transmission potential. Unit: percent.,-1,130,NO_MATCH,NO_MATCH,high,None of the candidate ontology terms relate to the concept of transmission potential as defined by the percent of individuals with transmission potential.,FALSE
lipid content,mean lipid content per individual,ug,Trait: lipid content. Definition: mean lipid content per individual. Unit: ug.,-1,130,OBA:VT0001547,lipid amount,high,"The VecTraits entry 'lipid content' refers to the amount of lipid measured per individual, which aligns with the ontology term 'lipid amount' that describes the amount of lipid measured in an anatomical entity.",TRUE
lipid content,mean lipid content per individual,ug,Trait: lipid content. Definition: mean lipid content per individual. Unit: ug.,-1,130,OBA:VT0001547,lipid amount,high,The VecTraits entry 'lipid content' aligns with the ontology term 'lipid amount' as both refer to the measurement of lipid quantity in a biological context.,TRUE
protein content,mean protein content per individual,ug,Trait: protein content. Definition: mean protein content per individual. Unit: ug.,-1,130,PATO:0103004,total amount,medium,"The trait 'protein content' refers to the total amount of protein, which aligns with the concept of a quantitative quality representing the sum of all 'amount' qualities.",TRUE
protein content,mean protein content per individual,ug,Trait: protein content. Definition: mean protein content per individual. Unit: ug.,-1,130,PATO:0103004,total amount,medium,"The trait 'protein content' refers to a quantitative measure of protein, which aligns with the concept of 'total amount' as a sum of all protein components.",TRUE
glycogen content,mean glycogen content per individual,ug,Trait: glycogen content. Definition: mean glycogen content per individual. Unit: ug.,-1,130,NO_MATCH,NO_MATCH,high,None of the candidate ontology terms specifically match the general concept of glycogen content per individual without specifying a particular organ or condition.,FALSE
glycogen content,mean glycogen content per individual,ug,Trait: glycogen content. Definition: mean glycogen content per individual. Unit: ug.,-1,130,NO_MATCH,NO_MATCH,high,"None of the candidate terms specifically refer to glycogen content as a general trait across individuals, independent of specific tissues or conditions.",FALSE
ovariole number,mean number of ovarioles per individual,ovarioles individual-1,Trait: ovariole number. Definition: mean number of ovarioles per individual. Unit: ovarioles individual-1.,-1,130,PATO:0001555,has number of,high,"The trait 'ovariole number' refers to the count of a specific type of part (ovarioles) in an individual, which aligns with the relational quality described by 'has number of'.",TRUE
ovariole number,mean number of ovarioles per individual,ovarioles individual-1,Trait: ovariole number. Definition: mean number of ovarioles per individual. Unit: ovarioles individual-1.,-1,130,PATO:0001555,has number of,high,"The trait 'ovariole number' refers to the count of a specific type of part (ovarioles) in an organism, which aligns with the relational quality described by 'has number of'.",TRUE
resource consumption rate,mean lifetime prey consumed,individual prey individual-1,Trait: resource consumption rate. Definition: mean lifetime prey consumed. Unit: individual prey individual-1.,-1,130,PATO:0000161,rate,medium,"The VecTraits entry describes a rate of prey consumption, which aligns with the general concept of 'rate' as a process occurrence per unit time, although it lacks specificity regarding prey consumption.",TRUE
resource consumption rate,mean lifetime prey consumed,individual prey individual-1,Trait: resource consumption rate. Definition: mean lifetime prey consumed. Unit: individual prey individual-1.,-1,130,PATO:0000161,rate,medium,"The VecTraits entry describes a rate of prey consumption, which aligns with the general concept of 'rate' as a process occurring per unit time, although it does not specify prey consumption explicitly.",TRUE
survival,percent surviving life stage (across all humidity levels),percent,Trait: survival. Definition: percent surviving life stage (across all humidity levels). Unit: percent.,-1,130,PATO:0000719,viable,medium,"The VecTraits entry describes survival as a percentage, which aligns with the concept of viability in terms of the ability to survive, but lacks specificity regarding life stages or environmental conditions.",TRUE
survival,percent surviving life stage (across all humidity levels),percent,Trait: survival. Definition: percent surviving life stage (across all humidity levels). Unit: percent.,-1,130,PATO:0000719,viable,medium,"The VecTraits entry describes survival as a percentage, which aligns with the concept of viability in a population's ability to survive.",TRUE
hatch time,mean duration of life stage,hours,Trait: hatch time. Definition: mean duration of life stage. Unit: hours.,-1,130,PATO:0001309,duration,high,"The term 'duration' directly corresponds to the mean duration of a life stage, which is the definition of 'hatch time'.",TRUE
hatch time,mean duration of life stage,hours,Trait: hatch time. Definition: mean duration of life stage. Unit: hours.,-1,130,PATO:0001309,duration,high,"The term 'duration' directly corresponds to the mean duration of a life stage, which is the definition of 'hatch time'.",TRUE
hatching range,range of the number of days all eggs hatched from when the first egg hatching started,days,Trait: hatching range. Definition: range of the number of days all eggs hatched from when the first egg hatching started. Unit: days.,-1,130,NO_MATCH,NO_MATCH,high,"None of the candidate ontology terms specifically describe the range of days for egg hatching, which is the focus of the VecTraits entry.",FALSE
hatching range,range of the number of days all eggs hatched from when the first egg hatching started,days,Trait: hatching range. Definition: range of the number of days all eggs hatched from when the first egg hatching started. Unit: days.,-1,130,NO_MATCH,NO_MATCH,high,"None of the candidate terms specifically describe the range of days for egg hatching, which is the focus of the VecTraits entry.",FALSE
chill-coma recovery time,mean duration for individuals to regain full movement after being cold shocked as function of growth temperature,minutes,Trait: chill-coma recovery time. Definition: mean duration for individuals to regain full movement after being cold shocked as function of growth temperature. Unit: minutes.,-1,130,PATO:0001309,duration,medium,"The trait 'chill-coma recovery time' is best described by the temporal extent between the starting and ending point of recovery, aligning with the concept of 'duration'.",TRUE
chill-coma recovery time,mean duration for individuals to regain full movement after being cold shocked as function of growth temperature,minutes,Trait: chill-coma recovery time. Definition: mean duration for individuals to regain full movement after being cold shocked as function of growth temperature. Unit: minutes.,-1,130,PATO:0001309,duration,high,"The trait 'chill-coma recovery time' is best described by the temporal extent between the starting and ending point of recovery, which aligns with the definition of 'duration'.",TRUE
chill-coma recovery time,mean duration for individuals to regain full movement after being cold shocked as function of adult temperature,minutes,Trait: chill-coma recovery time. Definition: mean duration for individuals to regain full movement after being cold shocked as function of adult temperature. Unit: minutes.,-1,130,PATO:0001309,duration,high,"The trait 'chill-coma recovery time' is best described by the temporal extent between the starting and ending point of recovery, which aligns with the definition of 'duration'.",TRUE
chill-coma recovery time,mean duration for individuals to regain full movement after being cold shocked as function of adult temperature,minutes,Trait: chill-coma recovery time. Definition: mean duration for individuals to regain full movement after being cold shocked as function of adult temperature. Unit: minutes.,-1,130,PATO:0001309,duration,medium,"The trait 'chill-coma recovery time' refers to the duration of a process, which aligns with the definition of 'duration' as the temporal extent between starting and ending points.",TRUE
heat knockdown time,mean duration individuals can tolerate heat exposure before movement ceases as a function of adult temperature,minutes,Trait: heat knockdown time. Definition: mean duration individuals can tolerate heat exposure before movement ceases as a function of adult temperature. Unit: minutes.,-1,130,PATO:0001309,duration,high,"The trait 'heat knockdown time' is fundamentally about the temporal extent of tolerance to heat, which aligns with the concept of 'duration'.",TRUE
heat knockdown time,mean duration individuals can tolerate heat exposure before movement ceases as a function of adult temperature,minutes,Trait: heat knockdown time. Definition: mean duration individuals can tolerate heat exposure before movement ceases as a function of adult temperature. Unit: minutes.,-1,130,PATO:0001309,duration,high,"The trait 'heat knockdown time' is fundamentally about the temporal extent of a process, which aligns with the concept of 'duration'.",TRUE
heat knockdown time,mean duration individuals can tolerate heat exposure before movement ceases as a function of sex and growth temperature,minutes,Trait: heat knockdown time. Definition: mean duration individuals can tolerate heat exposure before movement ceases as a function of sex and growth temperature. Unit: minutes.,-1,130,PATO:0001309,duration,medium,"The trait 'heat knockdown time' refers to the temporal extent of heat tolerance, aligning with the concept of 'duration'.",TRUE
heat knockdown time,mean duration individuals can tolerate heat exposure before movement ceases as a function of sex and growth temperature,minutes,Trait: heat knockdown time. Definition: mean duration individuals can tolerate heat exposure before movement ceases as a function of sex and growth temperature. Unit: minutes.,-1,130,PATO:0001309,duration,medium,"The trait 'heat knockdown time' refers to the duration individuals can tolerate heat, which aligns with the concept of 'duration' as a process quality.",TRUE
consumption rate,mean relative consumption rate,mg of aphids,Trait: consumption rate. Definition: mean relative consumption rate. Unit: mg of aphids.,-1,130,PATO:0000161,rate,medium,"The VecTraits entry describes a consumption rate, which aligns with the general concept of a rate as a process occurring per unit time, but lacks specificity regarding food consumption.",TRUE
consumption rate,mean relative consumption rate,mg of aphids,Trait: consumption rate. Definition: mean relative consumption rate. Unit: mg of aphids.,-1,130,PATO:0000161,rate,medium,"The VecTraits entry describes a consumption rate, which aligns with the general concept of 'rate' as a process occurring per unit time, but lacks specificity regarding the type of consumption.",TRUE
growth rate,mean daily growth rate (the product of ln pupal weight divided by larval development time),ln(mg day-1),Trait: growth rate. Definition: mean daily growth rate (the product of ln pupal weight divided by larval development time). Unit: ln(mg day-1).,-1,130,PATO:0040046,single organismal growth rate,high,"The VecTraits entry describes the growth rate of an individual organism, which aligns with the definition of 'single organismal growth rate' as the change in size of an individual entity.",TRUE
growth rate,mean daily growth rate (the product of ln pupal weight divided by larval development time),ln(mg day-1),Trait: growth rate. Definition: mean daily growth rate (the product of ln pupal weight divided by larval development time). Unit: ln(mg day-1).,-1,130,PATO:0040046,single organismal growth rate,high,"The VecTraits entry describes the growth rate of an individual organism, which aligns with the definition of 'single organismal growth rate' as the rate of change in size of an individual entity.",TRUE
weight loss,proportionate weight loss in relation to temperature and population,proportion,Trait: weight loss. Definition: proportionate weight loss in relation to temperature and population. Unit: proportion.,-1,130,HP:0001824,Weight loss,medium,"The VecTraits entry describes weight loss, which aligns with the label of HP:0001824, despite the lack of a definition.",TRUE
weight loss,proportionate weight loss in relation to temperature and population,proportion,Trait: weight loss. Definition: proportionate weight loss in relation to temperature and population. Unit: proportion.,-1,130,PATO:0000583,decreased weight,medium,"The VecTraits entry describes weight loss, which aligns with the concept of decreased weight, although it lacks specific context regarding temperature and population.",TRUE
feeding rate,mean lifetime feeding punctures,feeding punctures individual-1,Trait: feeding rate. Definition: mean lifetime feeding punctures. Unit: feeding punctures individual-1.,-1,130,OBA:1000748,feeding behavior quality,high,"The VecTraits entry describes a trait related to feeding behavior, specifically the mean lifetime feeding punctures, which aligns with the concept of 'feeding behavior quality'.",TRUE
feeding rate,mean lifetime feeding punctures,feeding punctures individual-1,Trait: feeding rate. Definition: mean lifetime feeding punctures. Unit: feeding punctures individual-1.,-1,130,OBA:1000748,feeding behavior quality,high,"The VecTraits entry describes a trait related to feeding behavior, specifically the mean lifetime feeding punctures, which aligns with the concept of 'feeding behavior quality'.",TRUE
EIP (extrinsic incubation period),day sporozoites first detected in salivary glands,days,Trait: EIP (extrinsic incubation period). Definition: day sporozoites first detected in salivary glands. Unit: days.,-1,130,PATO:0001309,duration,medium,"The trait 'extrinsic incubation period' refers to the duration of time until sporozoites are detected, which aligns with the concept of 'duration' as a process quality.",TRUE
EIP (extrinsic incubation period),day sporozoites first detected in salivary glands,days,Trait: EIP (extrinsic incubation period). Definition: day sporozoites first detected in salivary glands. Unit: days.,-1,130,PATO:0001309,duration,medium,"The trait 'extrinsic incubation period' refers to the duration of time for a process, which aligns with the concept of 'duration' as a process quality.",TRUE
oocyst prevalence,not stated,percent,Trait: oocyst prevalence. Definition: not stated. Unit: percent.,-1,130,NO_MATCH,NO_MATCH,high,"The candidate ontology term 'Headache' is unrelated to 'oocyst prevalence', which pertains to the percentage of hosts infected with oocysts, a concept not covered by the provided term.",FALSE
oocyst prevalence,not stated,percent,Trait: oocyst prevalence. Definition: not stated. Unit: percent.,-1,130,NO_MATCH,NO_MATCH,high,"The candidate ontology term 'Headache' is unrelated to 'oocyst prevalence', which pertains to the percentage of hosts infected with oocysts, a concept not covered by the provided term.",FALSE
oocyst intensity,not stated,not stated,Trait: oocyst intensity. Definition: not stated. Unit: not stated.,-1,130,PATO:0000049,intensity,medium,"The term 'intensity' is a general match for 'oocyst intensity' as it refers to a quality of degree or effect, but lacks specificity to oocysts.",TRUE
oocyst intensity,not stated,not stated,Trait: oocyst intensity. Definition: not stated. Unit: not stated.,-1,130,PATO:0000049,intensity,medium,"The term 'intensity' is a general concept that can encompass 'oocyst intensity', but without a specific definition, the match is not highly confident.",TRUE
sporozoite prevalence,not stated,percent,Trait: sporozoite prevalence. Definition: not stated. Unit: percent.,-1,130,NO_MATCH,NO_MATCH,high,"The candidate ontology term 'Headache' is unrelated to 'sporozoite prevalence', which pertains to the percentage of sporozoites, a stage in the life cycle of certain parasites.",FALSE
sporozoite prevalence,not stated,percent,Trait: sporozoite prevalence. Definition: not stated. Unit: percent.,-1,130,NO_MATCH,NO_MATCH,high,"The candidate ontology term 'Headache' is unrelated to 'sporozoite prevalence', which pertains to the percentage of sporozoites in a population, not a symptom or condition like headache.",FALSE
copulation duration,mean copulation duration,hours individual-1 lifetime-1,Trait: copulation duration. Definition: mean copulation duration. Unit: hours individual-1 lifetime-1.,-1,130,PATO:0001309,duration,medium,"The VecTraits entry describes a temporal extent of copulation, which aligns with the general concept of 'duration' as a process quality.",TRUE
copulation duration,mean copulation duration,hours individual-1 lifetime-1,Trait: copulation duration. Definition: mean copulation duration. Unit: hours individual-1 lifetime-1.,-1,130,PATO:0001309,duration,medium,"The VecTraits entry describes a temporal extent of copulation, which aligns with the general concept of 'duration' as a process quality.",TRUE
prey consumption,mean number of prey consumed,number of individual prey individual-1,Trait: prey consumption. Definition: mean number of prey consumed. Unit: number of individual prey individual-1.,-1,130,OBA:1000690,food consumption quality,medium,"Prey consumption can be considered a type of food consumption, but the term does not specifically address prey, leading to medium confidence.",TRUE
prey consumption,mean number of prey consumed,number of individual prey individual-1,Trait: prey consumption. Definition: mean number of prey consumed. Unit: number of individual prey individual-1.,-1,130,OBA:1000690,food consumption quality,medium,"Prey consumption can be considered a type of food consumption, but the term does not specifically address prey, hence medium confidence.",TRUE
parasite maturation time,mean duration time from infective feed to mature infection,days,Trait: parasite maturation time. Definition: mean duration time from infective feed to mature infection. Unit: days.,-1,130,PATO:0001309,duration,medium,"The VecTraits entry describes a temporal extent from start to end of a process, which aligns with the concept of 'duration'.",TRUE
parasite maturation time,mean duration time from infective feed to mature infection,days,Trait: parasite maturation time. Definition: mean duration time from infective feed to mature infection. Unit: days.,-1,130,PATO:0001309,duration,medium,"The VecTraits entry describes a temporal extent from start to end of a process, which aligns with the concept of 'duration'.",TRUE
interlarval period,mean frequency of larval production,days,Trait: interlarval period. Definition: mean frequency of larval production. Unit: days.,-1,130,PATO:0001309,duration,medium,"The trait 'interlarval period' refers to the time between larval productions, which aligns with the concept of 'duration' as a temporal extent.",TRUE
interlarval period,mean frequency of larval production,days,Trait: interlarval period. Definition: mean frequency of larval production. Unit: days.,-1,130,PATO:0001309,duration,medium,"The trait 'interlarval period' refers to the temporal extent between larval productions, which aligns with the concept of 'duration' as a process quality.",TRUE
survival,probability of survival after exposure to extreme temperatures,probability,Trait: survival. Definition: probability of survival after exposure to extreme temperatures. Unit: probability.,-1,130,PATO:0000719,viable,medium,"The term 'viable' relates to the ability to survive, which aligns with the VecTraits entry's focus on survival probability after exposure to extreme temperatures.",TRUE
survival,probability of survival after exposure to extreme temperatures,probability,Trait: survival. Definition: probability of survival after exposure to extreme temperatures. Unit: probability.,-1,130,PATO:0000719,viable,medium,"The term 'viable' relates to the ability to survive, which aligns with the VecTraits entry's focus on survival probability after exposure to extreme temperatures.",TRUE
fat consumption rate,mean daily rate of fat consumption,mg day-1,Trait: fat consumption rate. Definition: mean daily rate of fat consumption. Unit: mg day-1.,-1,130,PATO:0000161,rate,medium,"The trait 'fat consumption rate' refers to a rate of consumption, which aligns with the general concept of 'rate' as a process occurring per unit time.",TRUE
fat consumption rate,mean daily rate of fat consumption,mg day-1,Trait: fat consumption rate. Definition: mean daily rate of fat consumption. Unit: mg day-1.,-1,130,PATO:0000161,rate,medium,"The trait 'fat consumption rate' refers to a rate of consumption per unit time, which aligns with the general concept of 'rate' in PATO:0000161.",TRUE
blood feeding,mean lifetime blood feeds,blood meals individual-1,Trait: blood feeding. Definition: mean lifetime blood feeds. Unit: blood meals individual-1.,-1,130,OBA:1000748,feeding behavior quality,high,"The trait 'blood feeding' refers to a behavior related to feeding, which aligns with the concept of 'feeding behavior quality'.",TRUE
blood feeding,mean lifetime blood feeds,blood meals individual-1,Trait: blood feeding. Definition: mean lifetime blood feeds. Unit: blood meals individual-1.,-1,130,OBA:1000748,feeding behavior quality,high,"The trait 'blood feeding' refers to a behavior related to feeding, which aligns with the concept of 'feeding behavior quality'.",TRUE
relative activity,amount of activity as a percentage of maximum recorded activity,percent,Trait: relative activity. Definition: amount of activity as a percentage of maximum recorded activity. Unit: percent.,-1,130,PATO:0001414,catalytic activity,medium,"The VecTraits entry describes a percentage of maximum activity, which aligns with the concept of catalytic activity as a measure of action, though not explicitly relative.",TRUE
relative activity,amount of activity as a percentage of maximum recorded activity,percent,Trait: relative activity. Definition: amount of activity as a percentage of maximum recorded activity. Unit: percent.,-1,130,PATO:0001414,catalytic activity,medium,"The VecTraits entry describes a percentage of maximum activity, which aligns with the concept of catalytic activity as a measure of action, though not explicitly relative.",TRUE
viral load,individual-level viral load,PFU (plaque-forming units),Trait: viral load. Definition: individual-level viral load. Unit: PFU (plaque-forming units).,-1,130,NO_MATCH,NO_MATCH,high,None of the candidate ontology terms specifically refer to individual-level viral load measured in plaque-forming units.,FALSE
viral load,individual-level viral load,PFU (plaque-forming units),Trait: viral load. Definition: individual-level viral load. Unit: PFU (plaque-forming units).,-1,130,NO_MATCH,NO_MATCH,high,None of the candidate ontology terms specifically refer to individual-level viral load measured in plaque-forming units.,FALSE
starvation tolerance,individual-level starvation tolerance as a function of temperature and body size (interactor1size),days,Trait: starvation tolerance. Definition: individual-level starvation tolerance as a function of temperature and body size (interactor1size). Unit: days.,-1,130,PATO:0002393,increased tolerance to,medium,"The VecTraits entry describes starvation tolerance as a function of temperature and body size, which aligns with the concept of increased ability to endure a stimulus.",TRUE
starvation tolerance,individual-level starvation tolerance as a function of temperature and body size (interactor1size),days,Trait: starvation tolerance. Definition: individual-level starvation tolerance as a function of temperature and body size (interactor1size). Unit: days.,-1,130,PATO:0002393,increased tolerance to,medium,"The VecTraits entry describes starvation tolerance, which aligns with the concept of increased ability to endure a stimulus, but the specific context of starvation is not explicitly covered by the ontology term.",TRUE
recovery time,individual-level duration to recover movement after exposure to extreme temperature,seconds,Trait: recovery time. Definition: individual-level duration to recover movement after exposure to extreme temperature. Unit: seconds.,-1,130,PATO:0001309,duration,high,The trait 'recovery time' is best described by the term 'duration' as it refers to the temporal extent between the starting and ending point of recovery after exposure to extreme temperature.,TRUE
recovery time,individual-level duration to recover movement after exposure to extreme temperature,seconds,Trait: recovery time. Definition: individual-level duration to recover movement after exposure to extreme temperature. Unit: seconds.,-1,130,PATO:0001309,duration,high,The trait 'recovery time' is best described by the term 'duration' as it refers to the temporal extent between the starting and ending point of recovery after exposure to extreme temperature.,TRUE
survival,individual-level binomial survival,1 = survived life stage,Trait: survival. Definition: individual-level binomial survival. Unit: 1 = survived life stage.,-1,130,PATO:0000719,viable,medium,"The VecTraits entry describes survival as a binary trait, which aligns with the concept of viability in terms of the ability to survive.",TRUE
survival,individual-level binomial survival,1 = survived life stage,Trait: survival. Definition: individual-level binomial survival. Unit: 1 = survived life stage.,-1,130,PATO:0000719,viable,medium,"The VecTraits entry describes individual-level survival, which aligns with the concept of viability as the ability to survive.",TRUE
juvenile life span,individual-level duration from hatching to death or adult eclosion,days,Trait: juvenile life span. Definition: individual-level duration from hatching to death or adult eclosion. Unit: days.,-1,130,NO_MATCH,NO_MATCH,high,"None of the candidate terms specifically refer to the duration from hatching to death or adult eclosion, which is a distinct phase of life span.",FALSE
juvenile life span,individual-level duration from hatching to death or adult eclosion,days,Trait: juvenile life span. Definition: individual-level duration from hatching to death or adult eclosion. Unit: days.,-1,130,NO_MATCH,NO_MATCH,high,"None of the candidate terms specifically address the duration from hatching to death or adult eclosion, which is specific to the juvenile life span.",FALSE
bloodmeal weight,individual-level weight of bloodmeal,mg,Trait: bloodmeal weight. Definition: individual-level weight of bloodmeal. Unit: mg.,-1,130,PATO:0000125,mass,medium,"The trait 'bloodmeal weight' refers to the mass of the bloodmeal, which aligns with the concept of 'mass' in PATO.",TRUE
bloodmeal weight,individual-level weight of bloodmeal,mg,Trait: bloodmeal weight. Definition: individual-level weight of bloodmeal. Unit: mg.,-1,130,PATO:0000125,mass,high,"The trait 'bloodmeal weight' refers to the mass of the bloodmeal, which aligns with the PATO term for 'mass'.",TRUE
knockdown time,mean time for 50% knockdown of femelaes under exposure to deltamethrin concentration (see notes),minutes,Trait: knockdown time. Definition: mean time for 50% knockdown of femelaes under exposure to deltamethrin concentration (see notes). Unit: minutes.,-1,130,PATO:0001309,duration,medium,"The trait 'knockdown time' refers to the temporal extent of a process, which aligns with the definition of 'duration' as a process quality related to time.",TRUE
knockdown time,mean time for 50% knockdown of femelaes under exposure to deltamethrin concentration (see notes),minutes,Trait: knockdown time. Definition: mean time for 50% knockdown of femelaes under exposure to deltamethrin concentration (see notes). Unit: minutes.,-1,130,PATO:0001309,duration,high,"The trait 'knockdown time' refers to the temporal extent of a process, which aligns with the definition of 'duration' as a process quality.",TRUE
feeding time,mean duration of adult female feeding developmental phase,days,Trait: feeding time. Definition: mean duration of adult female feeding developmental phase. Unit: days.,-1,130,PATO:0001309,duration,high,"The VecTraits entry describes the mean duration of a feeding phase, which aligns with the concept of 'duration' as a process quality.",TRUE
feeding time,mean duration of adult female feeding developmental phase,days,Trait: feeding time. Definition: mean duration of adult female feeding developmental phase. Unit: days.,-1,130,PATO:0001309,duration,high,"The VecTraits entry describes the mean duration of a developmental phase, which aligns with the concept of 'duration' as a process quality.",TRUE
egg size,mean weight of egg mass produced by adult female ticks,mg,Trait: egg size. Definition: mean weight of egg mass produced by adult female ticks. Unit: mg.,-1,130,PATO:0000117,size,medium,"The VecTraits entry describes the mean weight of egg mass, which relates to the physical magnitude or size of the eggs, but none of the terms specifically address egg weight, making this a partial match.",TRUE
egg size,mean weight of egg mass produced by adult female ticks,mg,Trait: egg size. Definition: mean weight of egg mass produced by adult female ticks. Unit: mg.,-1,130,PATO:0000117,size,medium,"The trait 'egg size' refers to the physical magnitude of the egg, which aligns with the general concept of 'size' in PATO ontology.",TRUE
sex ratio,ratio of male ticks to female ticks,ratio,Trait: sex ratio. Definition: ratio of male ticks to female ticks. Unit: ratio.,-1,130,PATO:0001338,mixed sex,medium,"The term 'mixed sex' encompasses a mixture of males and females, which aligns with the concept of a sex ratio.",TRUE
sex ratio,ratio of male ticks to female ticks,ratio,Trait: sex ratio. Definition: ratio of male ticks to female ticks. Unit: ratio.,-1,130,PATO:0001338,mixed sex,medium,"The term 'mixed sex' encompasses a mixture of males and females, which aligns with the concept of a sex ratio.",TRUE
feeding time,mean duration of feeding developmental phase,days,Trait: feeding time. Definition: mean duration of feeding developmental phase. Unit: days.,-1,130,PATO:0001309,duration,high,"The VecTraits entry describes the mean duration of a feeding phase, which aligns with the concept of 'duration' as a process quality related to temporal extent.",TRUE
feeding time,mean duration of feeding developmental phase,days,Trait: feeding time. Definition: mean duration of feeding developmental phase. Unit: days.,-1,130,PATO:0001309,duration,high,"The VecTraits entry describes the mean duration of a feeding phase, which aligns with the concept of 'duration' as a process quality related to temporal extent.",TRUE
fertility,percentage of females that laid fertile eggs,percent,Trait: fertility. Definition: percentage of females that laid fertile eggs. Unit: percent.,-1,130,OBA:VT0001923,female fertility trait,high,"The VecTraits entry specifically refers to the fertility of females, which aligns with the definition of 'female fertility trait'.",TRUE
fertility,percentage of females that laid fertile eggs,percent,Trait: fertility. Definition: percentage of females that laid fertile eggs. Unit: percent.,-1,130,OBA:VT0001923,female fertility trait,high,"The VecTraits entry specifically refers to the fertility of females, which aligns with the 'female fertility trait' term.",TRUE
oviposition failure,mean probability of failure to oviposit,probability,Trait: oviposition failure. Definition: mean probability of failure to oviposit. Unit: probability.,-1,130,PATO:0001511,non-functional,medium,"The term 'non-functional' aligns with the concept of 'failure to oviposit' as it implies an inability to perform a regular function, which in this case is oviposition.",TRUE
oviposition failure,mean probability of failure to oviposit,probability,Trait: oviposition failure. Definition: mean probability of failure to oviposit. Unit: probability.,-1,130,PATO:0001511,non-functional,medium,"The term 'non-functional' aligns with the concept of 'failure to oviposit' as it implies an inability to perform a regular function, which in this case is oviposition.",TRUE
weight loss,cumulative weight loss across time (see notes for time intervals),percent,Trait: weight loss. Definition: cumulative weight loss across time (see notes for time intervals). Unit: percent.,-1,130,HP:0001824,Weight loss,medium,"The VecTraits entry describes weight loss over time, which aligns with the general concept of 'Weight loss' despite the lack of a detailed definition.",TRUE
weight loss,cumulative weight loss across time (see notes for time intervals),percent,Trait: weight loss. Definition: cumulative weight loss across time (see notes for time intervals). Unit: percent.,-1,130,HP:0001824,Weight loss,high,"The VecTraits entry 'weight loss' aligns with the ontology term 'Weight loss' (HP:0001824), which, despite lacking a definition, directly matches the concept of cumulative weight loss.",TRUE
mortality,number of dead individuals per group,individuals,Trait: mortality. Definition: number of dead individuals per group. Unit: individuals.,-1,130,NO_MATCH,NO_MATCH,high,"The VecTraits entry describes mortality as the number of dead individuals per group, which is unrelated to the levels of specific proteins in blood or cerebrospinal fluid.",FALSE
mortality,number of dead individuals per group,individuals,Trait: mortality. Definition: number of dead individuals per group. Unit: individuals.,-1,130,NO_MATCH,NO_MATCH,high,"The VecTraits entry describes mortality as the number of dead individuals, which is not related to the levels of specific proteins in blood or cerebrospinal fluid.",FALSE
weight loss,mean weight loss,mg,Trait: weight loss. Definition: mean weight loss. Unit: mg.,-1,130,HP:0001824,Weight loss,high,"The VecTraits entry 'weight loss' directly corresponds to the ontology term 'Weight loss' with the same name, despite the lack of a definition.",TRUE
weight loss,mean weight loss,mg,Trait: weight loss. Definition: mean weight loss. Unit: mg.,-1,130,HP:0001824,Weight loss,high,"The VecTraits entry 'weight loss' aligns with the ontology term 'Weight loss' (HP:0001824) as both refer to a reduction in weight, despite the lack of a definition for the ontology term.",TRUE
feeding preference,mean number of individual ticks selecting to feed on human (see notes for %),individuals,Trait: feeding preference. Definition: mean number of individual ticks selecting to feed on human (see notes for %). Unit: individuals.,-1,130,NBO:0000141,food preference,medium,"The VecTraits entry describes a preference for feeding on humans, which aligns with the concept of 'food preference' despite the lack of a definition for the ontology term.",TRUE
feeding preference,mean number of individual ticks selecting to feed on human (see notes for %),individuals,Trait: feeding preference. Definition: mean number of individual ticks selecting to feed on human (see notes for %). Unit: individuals.,-1,130,NBO:0000141,food preference,medium,"The VecTraits entry describes a preference for feeding on humans, which aligns with the concept of 'food preference' despite the lack of a definition for the term.",TRUE
survival rate,percent surviving to oviposition,percent,Trait: survival rate. Definition: percent surviving to oviposition. Unit: percent.,-1,130,NO_MATCH,NO_MATCH,high,"None of the candidate ontology terms specifically represent the concept of survival rate, which is the percentage of individuals surviving to a specific life stage, such as oviposition.",FALSE
survival rate,percent surviving to oviposition,percent,Trait: survival rate. Definition: percent surviving to oviposition. Unit: percent.,-1,130,PATO:0001492,growth rate,medium,"The concept of 'survival rate' as a percentage surviving to oviposition is somewhat related to 'growth rate' in terms of population change, but it is not a perfect match.",TRUE
molting period (larval),mean duration of life stage,days,Trait: molting period (larval). Definition: mean duration of life stage. Unit: days.,-1,130,PATO:0001309,duration,medium,"The VecTraits entry describes the mean duration of a life stage, which aligns with the concept of 'duration' as a process quality.",TRUE
molting period (larval),mean duration of life stage,days,Trait: molting period (larval). Definition: mean duration of life stage. Unit: days.,-1,130,PATO:0001309,duration,medium,"The VecTraits entry describes the duration of a life stage, which aligns with the concept of 'duration' as a process quality.",TRUE
pre-hatch period,number of days until hatching,days,Trait: pre-hatch period. Definition: number of days until hatching. Unit: days.,-1,130,PATO:0001309,duration,medium,"The trait 'pre-hatch period' refers to the temporal extent of a process, which aligns with the concept of 'duration'.",TRUE
pre-hatch period,number of days until hatching,days,Trait: pre-hatch period. Definition: number of days until hatching. Unit: days.,-1,130,PATO:0001309,duration,medium,"The trait 'pre-hatch period' refers to the temporal extent of a process, which aligns with the concept of 'duration'.",TRUE
mortality (larval),duration for 100% mortality (unfed larvae),weeks,Trait: mortality (larval). Definition: duration for 100% mortality (unfed larvae). Unit: weeks.,-1,130,NO_MATCH,NO_MATCH,high,None of the candidate ontology terms relate to larval mortality duration or unfed larvae mortality.,FALSE
mortality (larval),duration for 100% mortality (unfed larvae),weeks,Trait: mortality (larval). Definition: duration for 100% mortality (unfed larvae). Unit: weeks.,-1,130,NO_MATCH,NO_MATCH,high,None of the candidate ontology terms directly relate to the concept of larval mortality duration.,FALSE
mortality (nymphal),duration for 50% mortality (unfed nymphs),weeks,Trait: mortality (nymphal). Definition: duration for 50% mortality (unfed nymphs). Unit: weeks.,-1,130,NO_MATCH,NO_MATCH,high,"The VecTraits entry describes a trait related to nymphal mortality duration, which is unrelated to the levels of mortality factor proteins in blood or cerebrospinal fluid described by the candidate ontology terms.",FALSE
mortality (nymphal),duration for 50% mortality (unfed nymphs),weeks,Trait: mortality (nymphal). Definition: duration for 50% mortality (unfed nymphs). Unit: weeks.,-1,130,NO_MATCH,NO_MATCH,high,None of the candidate ontology terms relate to nymphal mortality duration; they all pertain to protein levels in various fluids.,FALSE
mortality,time taken for 50% of adults to die,days,Trait: mortality. Definition: time taken for 50% of adults to die. Unit: days.,-1,130,NO_MATCH,NO_MATCH,high,"The VecTraits entry describes a measure of time for mortality, while the candidate terms describe levels of specific proteins in various fluids, which are unrelated concepts.",FALSE
mortality,time taken for 50% of adults to die,days,Trait: mortality. Definition: time taken for 50% of adults to die. Unit: days.,-1,130,NO_MATCH,NO_MATCH,high,"The VecTraits entry describes a time-based measure of mortality, while all candidate ontology terms refer to protein levels in various fluids.",FALSE
reproductive capacity,proportion of individuals that laid eggs after first blood meal,proportion,Trait: reproductive capacity. Definition: proportion of individuals that laid eggs after first blood meal. Unit: proportion.,-1,130,PATO:0001434,reproductive quality,high,"The VecTraits entry describes a trait related to the ability to produce offspring, which aligns with the concept of 'reproductive quality' as an organismal quality.",TRUE
reproductive capacity,proportion of individuals that laid eggs after first blood meal,proportion,Trait: reproductive capacity. Definition: proportion of individuals that laid eggs after first blood meal. Unit: proportion.,-1,130,PATO:0001434,reproductive quality,high,"The VecTraits entry describes a trait related to the ability to produce offspring, which aligns with the definition of 'reproductive quality'.",TRUE
lifespan,mean duration of entrie lifespan (from egg to adult death),days,Trait: lifespan. Definition: mean duration of entrie lifespan (from egg to adult death). Unit: days.,-1,130,OBA:VT0005372,life span determination trait,high,"The VecTraits entry describes the mean duration of an organism's lifespan, which aligns with the process quality of determining adult lifespan as described by OBA:VT0005372.",TRUE
lifespan,mean duration of entrie lifespan (from egg to adult death),days,Trait: lifespan. Definition: mean duration of entrie lifespan (from egg to adult death). Unit: days.,-1,130,OBA:VT0005372,life span determination trait,high,"The VecTraits entry describes the mean duration of an organism's lifespan, which aligns with the process quality of determining adult lifespan as described by OBA:VT0005372.",TRUE
sex ratio,mean proportion of female adults cohort-1,ratio,Trait: sex ratio. Definition: mean proportion of female adults cohort-1. Unit: ratio.,-1,130,NO_MATCH,NO_MATCH,high,None of the candidate terms specifically describe the concept of 'sex ratio' as the mean proportion of female adults in a cohort.,FALSE
sex ratio,mean proportion of female adults cohort-1,ratio,Trait: sex ratio. Definition: mean proportion of female adults cohort-1. Unit: ratio.,-1,130,NO_MATCH,NO_MATCH,high,None of the candidate terms specifically address the concept of 'sex ratio' as the mean proportion of female adults in a cohort.,FALSE
sex ratio,ratio of male psyllids to female psyllids,ratio,Trait: sex ratio. Definition: ratio of male psyllids to female psyllids. Unit: ratio.,-1,130,NO_MATCH,NO_MATCH,high,"None of the candidate terms specifically address the concept of a sex ratio, which is a quantitative measure of the proportion of males to females.",FALSE
sex ratio,ratio of male psyllids to female psyllids,ratio,Trait: sex ratio. Definition: ratio of male psyllids to female psyllids. Unit: ratio.,-1,130,NO_MATCH,NO_MATCH,high,"None of the candidate terms specifically address the concept of a sex ratio, which is a quantitative measure of the proportion of males to females.",FALSE
head capsule width,mean width of head capsule,mm,Trait: head capsule width. Definition: mean width of head capsule. Unit: mm.,-1,130,OBA:VT0000027,head width,high,The VecTraits entry 'head capsule width' closely aligns with the ontology term 'head width' as both refer to the width of a head structure.,TRUE
head capsule width,mean width of head capsule,mm,Trait: head capsule width. Definition: mean width of head capsule. Unit: mm.,-1,130,OBA:VT0000027,head width,high,The trait 'head capsule width' closely aligns with 'head width' as both refer to the width of a head structure.,TRUE
cold hardiness,percent of eggs hatched after being exposed to freezing temperatures for a given duration of time,percent,Trait: cold hardiness. Definition: percent of eggs hatched after being exposed to freezing temperatures for a given duration of time. Unit: percent.,-1,130,NO_MATCH,NO_MATCH,high,None of the candidate terms represent the concept of cold hardiness as defined by the percentage of eggs hatched after exposure to freezing temperatures.,FALSE
cold hardiness,percent of eggs hatched after being exposed to freezing temperatures for a given duration of time,percent,Trait: cold hardiness. Definition: percent of eggs hatched after being exposed to freezing temperatures for a given duration of time. Unit: percent.,-1,130,NO_MATCH,NO_MATCH,high,None of the candidate terms describe the trait of cold hardiness as the percentage of eggs hatched after exposure to freezing temperatures.,FALSE
temperature thresholds for oviposition,number of psyllid eggs laid over a 48 hour period at temperatures at which female psyllids were held,number of eggs,Trait: temperature thresholds for oviposition. Definition: number of psyllid eggs laid over a 48 hour period at temperatures at which female psyllids were held. Unit: number of eggs.,-1,130,NO_MATCH,NO_MATCH,high,None of the candidate terms specifically address the concept of temperature thresholds for oviposition in psyllids.,FALSE
temperature thresholds for oviposition,number of psyllid eggs laid over a 48 hour period at temperatures at which female psyllids were held,number of eggs,Trait: temperature thresholds for oviposition. Definition: number of psyllid eggs laid over a 48 hour period at temperatures at which female psyllids were held. Unit: number of eggs.,-1,130,NO_MATCH,NO_MATCH,high,None of the candidate terms specifically address the concept of temperature thresholds for oviposition in psyllids.,FALSE
mortality rate,inverse of mean longevity,days-1,Trait: mortality rate. Definition: inverse of mean longevity. Unit: days-1.,-1,130,PATO:0000161,rate,medium,"The term 'rate' is a general concept that aligns with the definition of mortality rate as a process occurring per unit time, but it lacks specificity to mortality.",TRUE
mortality rate,inverse of mean longevity,days-1,Trait: mortality rate. Definition: inverse of mean longevity. Unit: days-1.,-1,130,PATO:0000161,rate,medium,"The term 'rate' is a general concept that encompasses the occurrence of a process per unit time, which aligns with the definition of mortality rate as the inverse of mean longevity.",TRUE
life cycle,mean duration of entire life cycle,days,Trait: life cycle. Definition: mean duration of entire life cycle. Unit: days.,-1,130,PATO:0000050,life span,high,"The VecTraits entry describes the mean duration of an organism's life cycle, which aligns with the concept of life span as a time quality related to the organism's age.",TRUE
life cycle,mean duration of entire life cycle,days,Trait: life cycle. Definition: mean duration of entire life cycle. Unit: days.,-1,130,PATO:0000050,life span,high,"The VecTraits entry describes the mean duration of an organism's life cycle in days, which aligns with the concept of life span as a time quality related to an organism's age.",TRUE
growth rate,mean relative growth rate (ln(adult moult weight (ug)) - ln(birth wt (ug))/development time),ug ug-1 day-1,Trait: growth rate. Definition: mean relative growth rate (ln(adult moult weight (ug)) - ln(birth wt (ug))/development time). Unit: ug ug-1 day-1.,-1,130,PATO:0001492,growth rate,high,"The PATO:0001492 term 'growth rate' directly aligns with the VecTraits entry definition as it describes the rate of change in size of an individual entity, which matches the calculation of growth rate in the VecTraits entry.",TRUE
growth rate,mean relative growth rate (ln(adult moult weight (ug)) - ln(birth wt (ug))/development time),ug ug-1 day-1,Trait: growth rate. Definition: mean relative growth rate (ln(adult moult weight (ug)) - ln(birth wt (ug))/development time). Unit: ug ug-1 day-1.,-1,130,PATO:0040046,single organismal growth rate,high,"The VecTraits entry describes the growth rate of an individual organism, which aligns with the definition of 'single organismal growth rate' as the rate of change in size of an individual entity.",TRUE
body length,replicate-level mean body length,mm,Trait: body length. Definition: replicate-level mean body length. Unit: mm.,-1,130,OBA:VT0001256,body length,high,"The VecTraits entry 'body length' directly corresponds to the ontology term 'body length' which refers to the length of a multicellular organism, matching both the trait name and definition.",TRUE
body length,replicate-level mean body length,mm,Trait: body length. Definition: replicate-level mean body length. Unit: mm.,-1,130,OBA:VT0001256,body length,high,"The VecTraits entry 'body length' directly corresponds to the ontology term 'body length' which refers to the length of a multicellular organism, matching both the trait name and definition.",TRUE
body size (alate nymph),mean wet mass,days,Trait: body size (alate nymph). Definition: mean wet mass. Unit: days.,-1,130,OBA:VT0100005,body size trait,high,"The term 'body size trait' refers to the size of a multicellular organism, which aligns with the VecTraits entry describing the mean wet mass of an alate nymph.",TRUE
body size (alate nymph),mean wet mass,days,Trait: body size (alate nymph). Definition: mean wet mass. Unit: days.,-1,130,OBA:VT0100005,body size trait,high,"The term 'body size trait' refers to the size of a multicellular organism, which aligns with the VecTraits entry describing the mean wet mass of an alate nymph.",TRUE
development duration,period at 4th instar,days,Trait: development duration. Definition: period at 4th instar. Unit: days.,-1,130,PATO:0001309,duration,medium,"The VecTraits entry describes a temporal extent of a developmental stage, which aligns with the general concept of 'duration' as a process quality.",TRUE
development duration,period at 4th instar,days,Trait: development duration. Definition: period at 4th instar. Unit: days.,-1,130,PATO:0001309,duration,medium,"The VecTraits entry describes a temporal extent of a developmental stage, which aligns with the general concept of 'duration' as a process quality.",TRUE
pre-reproductive period,period of time before female aphids reproduce,days,Trait: pre-reproductive period. Definition: period of time before female aphids reproduce. Unit: days.,-1,130,PATO:0001309,duration,medium,"The trait 'pre-reproductive period' refers to a temporal extent, which aligns with the concept of 'duration' as a process quality.",TRUE
pre-reproductive period,period of time before female aphids reproduce,days,Trait: pre-reproductive period. Definition: period of time before female aphids reproduce. Unit: days.,-1,130,PATO:0001309,duration,medium,"The trait 'pre-reproductive period' refers to a temporal extent, which aligns with the concept of 'duration', but lacks specificity regarding the biological context of aphid reproduction.",TRUE
reproductive period,period of time where female aphids reproduce,days,Trait: reproductive period. Definition: period of time where female aphids reproduce. Unit: days.,-1,130,PATO:0001309,duration,medium,"The VecTraits entry describes a temporal extent of a reproductive process, which aligns with the concept of 'duration'.",TRUE
reproductive period,period of time where female aphids reproduce,days,Trait: reproductive period. Definition: period of time where female aphids reproduce. Unit: days.,-1,130,PATO:0001309,duration,medium,"The VecTraits entry describes a temporal extent of a reproductive process, which aligns with the concept of 'duration'.",TRUE
nymph production,number of nymphs produced / female,number of nymphs produced / female,Trait: nymph production. Definition: number of nymphs produced / female. Unit: number of nymphs produced / female.,-1,130,NO_MATCH,NO_MATCH,high,"None of the candidate ontology terms relate to the concept of nymph production, which is specific to the reproductive output of female organisms, not cytokine or serotonin production.",FALSE
nymph production,number of nymphs produced / female,number of nymphs produced / female,Trait: nymph production. Definition: number of nymphs produced / female. Unit: number of nymphs produced / female.,-1,130,NO_MATCH,NO_MATCH,high,"None of the candidate ontology terms relate to nymph production, which is specific to the reproductive output of female organisms, not cytokine or serotonin production.",FALSE
survival,cumulative daily survival,lx,Trait: survival. Definition: cumulative daily survival. Unit: lx.,-1,130,PATO:0000719,viable,medium,"The term 'viable' relates to the ability to survive, which aligns with the concept of cumulative daily survival, although it is not a perfect match.",TRUE
survival,cumulative daily survival,lx,Trait: survival. Definition: cumulative daily survival. Unit: lx.,-1,130,PATO:0000719,viable,medium,"The term 'viable' relates to the ability to survive, which aligns with the concept of cumulative daily survival, although it is not a perfect match.",TRUE
adult longevity,period from adult emergence until death,days,Trait: adult longevity. Definition: period from adult emergence until death. Unit: days.,-1,130,OBA:VT0005372,life span determination trait,high,The term 'life span determination trait' closely aligns with the concept of 'adult longevity' as it pertains to the determination of adult lifespan.,TRUE
adult longevity,period from adult emergence until death,days,Trait: adult longevity. Definition: period from adult emergence until death. Unit: days.,-1,130,OBA:VT0005372,life span determination trait,high,The term 'life span determination trait' closely aligns with the concept of 'adult longevity' as it pertains to the determination of adult lifespan.,TRUE
percent survival,percent of adult aphids that were still alive each day,percent,Trait: percent survival. Definition: percent of adult aphids that were still alive each day. Unit: percent.,-1,130,PATO:0000719,viable,medium,"The term 'viable' relates to the ability to survive, which aligns with the concept of 'percent survival' in aphids, although it is not a perfect match.",TRUE
percent survival,percent of adult aphids that were still alive each day,percent,Trait: percent survival. Definition: percent of adult aphids that were still alive each day. Unit: percent.,-1,130,PATO:0000719,viable,medium,"The term 'viable' relates to the ability to survive, which aligns with the concept of 'percent survival' in aphids, although it is not a perfect match.",TRUE
feeding behavior,initiation of stylet penetration of leaf tissue,percent,Trait: feeding behavior. Definition: initiation of stylet penetration of leaf tissue. Unit: percent.,-1,130,OBA:1000748,feeding behavior quality,medium,"The VecTraits entry describes a specific aspect of feeding behavior, which aligns with the quality of feeding behavior, but the match is not perfect due to the lack of a precise definition.",TRUE
feeding behavior,initiation of stylet penetration of leaf tissue,percent,Trait: feeding behavior. Definition: initiation of stylet penetration of leaf tissue. Unit: percent.,-1,130,OBA:1000748,feeding behavior quality,medium,"The VecTraits entry describes a specific aspect of feeding behavior, which aligns with the quality of feeding behavior, but the match is not perfect due to the lack of a precise definition.",TRUE
Pre-reproductive average,Period from birth until first molt,days,Trait: Pre-reproductive average. Definition: Period from birth until first molt. Unit: days.,-1,130,NO_MATCH,NO_MATCH,high,"None of the candidate ontology terms relate to the period from birth until first molt, which is a developmental timing trait.",FALSE
Pre-reproductive average,Period from birth until first molt,days,Trait: Pre-reproductive average. Definition: Period from birth until first molt. Unit: days.,-1,130,NO_MATCH,NO_MATCH,high,"None of the candidate ontology terms relate to the period from birth until first molt, which is a developmental time trait, not covered by the provided options.",FALSE
Reproductive average,Period from the adult stage (genital plate appeared and the complete development of the cauda) until the end of reproduction,days,Trait: Reproductive average. Definition: Period from the adult stage (genital plate appeared and the complete development of the cauda) until the end of reproduction. Unit: days.,-1,130,PATO:0001434,reproductive quality,medium,"The VecTraits entry describes a period related to reproduction, which aligns with the concept of reproductive quality as it pertains to the ability to produce offspring.",TRUE
Reproductive average,Period from the adult stage (genital plate appeared and the complete development of the cauda) until the end of reproduction,days,Trait: Reproductive average. Definition: Period from the adult stage (genital plate appeared and the complete development of the cauda) until the end of reproduction. Unit: days.,-1,130,PATO:0001434,reproductive quality,medium,"The VecTraits entry describes a period related to the ability to reproduce, which aligns with the concept of 'reproductive quality' as it pertains to the ability to produce offspring.",TRUE
Post-reproductive average,period from the end of reproduction until death,days,Trait: Post-reproductive average. Definition: period from the end of reproduction until death. Unit: days.,-1,130,NO_MATCH,NO_MATCH,high,None of the candidate ontology terms relate to the concept of a post-reproductive period or lifespan.,FALSE
Post-reproductive average,period from the end of reproduction until death,days,Trait: Post-reproductive average. Definition: period from the end of reproduction until death. Unit: days.,-1,130,NO_MATCH,NO_MATCH,high,None of the candidate ontology terms relate to the concept of a post-reproductive period or lifespan.,FALSE
hypostome length,mean length of hypostome (appendage on the mouth),mm,Trait: hypostome length. Definition: mean length of hypostome (appendage on the mouth). Unit: mm.,-1,130,PATO:0000122,length,medium,"The VecTraits entry describes a measurement of length, which aligns with the general concept of 'length' in PATO, but lacks specificity to hypostome.",TRUE
hypostome length,mean length of hypostome (appendage on the mouth),mm,Trait: hypostome length. Definition: mean length of hypostome (appendage on the mouth). Unit: mm.,-1,130,PATO:0000122,length,medium,"The VecTraits entry describes a measurement of length, which aligns with the general concept of 'length' in PATO, but lacks specificity to hypostome.",TRUE
body width,mean width (engorged),mm,Trait: body width. Definition: mean width (engorged). Unit: mm.,-1,130,OBA:VT0015039,body width,high,"The VecTraits entry 'body width' directly corresponds to the ontology term 'body width' which refers to the width of a multicellular organism, matching the context of the trait.",TRUE
body width,mean width (engorged),mm,Trait: body width. Definition: mean width (engorged). Unit: mm.,-1,130,OBA:VT0015039,body width,high,The VecTraits entry 'body width' with definition 'mean width (engorged)' aligns with the ontology term 'body width' which refers to the width of a multicellular organism.,TRUE
feeding period,mean duration of feeding period,days,Trait: feeding period. Definition: mean duration of feeding period. Unit: days.,-1,130,PATO:0001309,duration,medium,"The VecTraits entry describes the mean duration of a feeding period, which aligns with the concept of 'duration' as a process quality related to temporal extent.",TRUE
feeding period,mean duration of feeding period,days,Trait: feeding period. Definition: mean duration of feeding period. Unit: days.,-1,130,PATO:0001309,duration,high,"The VecTraits entry describes the mean duration of a feeding period, which aligns with the concept of 'duration' as a process quality related to temporal extent.",TRUE
peak fecundity,day post engorgement on which an individual female laid most eggs,days,Trait: peak fecundity. Definition: day post engorgement on which an individual female laid most eggs. Unit: days.,-1,130,NO_MATCH,NO_MATCH,high,"None of the candidate terms specifically address the timing of peak fecundity, which is about the day post-engorgement when most eggs are laid, rather than the general concept of fecundity.",FALSE
peak fecundity,day post engorgement on which an individual female laid most eggs,days,Trait: peak fecundity. Definition: day post engorgement on which an individual female laid most eggs. Unit: days.,-1,130,NO_MATCH,NO_MATCH,high,"None of the candidate terms specifically address the timing of peak fecundity, which is the day post engorgement when most eggs are laid.",FALSE
Pre-Oviposition Period,Pre-oviposition period of ticks held at constant temperature,days,Trait: Pre-Oviposition Period. Definition: Pre-oviposition period of ticks held at constant temperature. Unit: days.,-1,130,PATO:0001309,duration,medium,"The trait 'Pre-Oviposition Period' refers to the duration of time before oviposition, which aligns with the concept of 'duration' as a process quality.",TRUE
Pre-Oviposition Period,Pre-oviposition period of ticks held at constant temperature,days,Trait: Pre-Oviposition Period. Definition: Pre-oviposition period of ticks held at constant temperature. Unit: days.,-1,130,PATO:0001309,duration,medium,"The trait 'Pre-Oviposition Period' refers to a temporal extent, which aligns with the concept of 'duration' as a process quality.",TRUE
Oviposition Rate,mean number of eggs per female,eggs,Trait: Oviposition Rate. Definition: mean number of eggs per female. Unit: eggs.,-1,130,PATO:0000161,rate,medium,"The term 'rate' is a general concept that can encompass the mean number of eggs per female, but it lacks specificity to oviposition.",TRUE
Oviposition Rate,mean number of eggs per female,eggs,Trait: Oviposition Rate. Definition: mean number of eggs per female. Unit: eggs.,-1,130,PATO:0000161,rate,medium,"The term 'rate' is a general concept that can encompass the mean number of eggs per female, but it lacks specificity to oviposition.",TRUE
Weight,Weight of eggs laid by an individual engorged female raised at constant temp,g,Trait: Weight. Definition: Weight of eggs laid by an individual engorged female raised at constant temp. Unit: g.,-1,130,PATO:0000125,mass,high,"The VecTraits entry describes the weight of eggs, which aligns with the concept of 'mass' as per PATO's definition for biological contexts.",TRUE
Weight,Weight of eggs laid by an individual engorged female raised at constant temp,g,Trait: Weight. Definition: Weight of eggs laid by an individual engorged female raised at constant temp. Unit: g.,-1,130,PATO:0000125,mass,high,"The VecTraits entry describes the mass of eggs, and PATO:0000125 'mass' is the most appropriate term for this biological concept.",TRUE
Weight,Weight of an individual engorged female in grams held at constant temperature,g,Trait: Weight. Definition: Weight of an individual engorged female in grams held at constant temperature. Unit: g.,-1,130,PATO:0000125,mass,high,"The VecTraits entry describes the weight of an organism, which aligns with the PATO term 'mass' as it is used for biological contexts.",TRUE
Weight,Weight of an individual engorged female in grams held at constant temperature,g,Trait: Weight. Definition: Weight of an individual engorged female in grams held at constant temperature. Unit: g.,-1,130,PATO:0000125,mass,high,"The VecTraits entry describes the weight of an engorged female in grams, which aligns with the concept of 'mass' as per PATO's definition.",TRUE
Incubation Period,Incubation period of ticks held at constant temperature,days,Trait: Incubation Period. Definition: Incubation period of ticks held at constant temperature. Unit: days.,-1,130,PATO:0001309,duration,medium,"The term 'duration' encompasses the concept of a temporal extent, which aligns with the incubation period of ticks, but lacks specificity regarding incubation.",TRUE
Incubation Period,Incubation period of ticks held at constant temperature,days,Trait: Incubation Period. Definition: Incubation period of ticks held at constant temperature. Unit: days.,-1,130,PATO:0001309,duration,medium,"The term 'duration' encompasses the concept of a temporal extent, which aligns with the incubation period measured in days, but lacks specificity to incubation.",TRUE
Molting Period,number of days required for an individual engorged nymph to molt into an adult,days,Trait: Molting Period. Definition: number of days required for an individual engorged nymph to molt into an adult. Unit: days.,-1,130,GO:0022404,molting cycle process,medium,"The VecTraits entry describes a specific aspect of the molting cycle, which aligns with the general concept of a molting cycle process.",TRUE
Molting Period,number of days required for an individual engorged nymph to molt into an adult,days,Trait: Molting Period. Definition: number of days required for an individual engorged nymph to molt into an adult. Unit: days.,-1,130,GO:0022404,molting cycle process,medium,"The term 'molting cycle process' is the closest match to the concept of a molting period, although it lacks a definition, it is related to the molting process.",TRUE
Feeding Period,number of days required for nymphs to fully engorge,days,Trait: Feeding Period. Definition: number of days required for nymphs to fully engorge. Unit: days.,-1,130,PATO:0001309,duration,medium,"The VecTraits entry describes a temporal extent (number of days) for a biological process (feeding period), which aligns with the concept of 'duration'.",TRUE
Feeding Period,number of days required for nymphs to fully engorge,days,Trait: Feeding Period. Definition: number of days required for nymphs to fully engorge. Unit: days.,-1,130,PATO:0001309,duration,medium,"The VecTraits entry describes the temporal extent of a feeding process, which aligns with the concept of 'duration' as a process quality.",TRUE
Feeding Period of Nymphs (Days),number of days required for nymphs to fully engorge,days,Trait: Feeding Period of Nymphs (Days). Definition: number of days required for nymphs to fully engorge. Unit: days.,-1,130,PATO:0001309,duration,medium,"The trait 'Feeding Period of Nymphs (Days)' refers to the temporal extent of a process, which aligns with the concept of 'duration'.",TRUE
Feeding Period of Nymphs (Days),number of days required for nymphs to fully engorge,days,Trait: Feeding Period of Nymphs (Days). Definition: number of days required for nymphs to fully engorge. Unit: days.,-1,130,PATO:0001309,duration,medium,"The VecTraits entry describes a temporal extent of a process, which aligns with the concept of 'duration'.",TRUE
feeding period,mean Feeding Period in days at larval state at constant temps,days,Trait: feeding period. Definition: mean Feeding Period in days at larval state at constant temps. Unit: days.,-1,130,PATO:0001309,duration,high,"The VecTraits entry describes the duration of a feeding period in days, which aligns with the concept of 'duration' as a process quality.",TRUE
feeding period,mean Feeding Period in days at larval state at constant temps,days,Trait: feeding period. Definition: mean Feeding Period in days at larval state at constant temps. Unit: days.,-1,130,PATO:0001309,duration,high,"The trait 'feeding period' refers to the temporal extent of feeding at the larval stage, which aligns with the concept of 'duration' as a process quality.",TRUE
feeding period,mean Feeding Period in days at adult female state at const temps,days,Trait: feeding period. Definition: mean Feeding Period in days at adult female state at const temps. Unit: days.,-1,130,PATO:0001309,duration,medium,"The VecTraits entry describes the duration of a feeding period, which aligns with the concept of 'duration' as a process quality.",TRUE
feeding period,mean Feeding Period in days at adult female state at const temps,days,Trait: feeding period. Definition: mean Feeding Period in days at adult female state at const temps. Unit: days.,-1,130,PATO:0001309,duration,medium,"The VecTraits entry describes a temporal extent of feeding in days, which aligns with the concept of 'duration' as a process quality.",TRUE
weight loss,Percentage loss in body weight during female prefeeding period,percent,Trait: weight loss. Definition: Percentage loss in body weight during female prefeeding period. Unit: percent.,-1,130,HP:0001824,Weight loss,medium,"The trait 'weight loss' during the prefeeding period aligns with the general concept of 'Weight loss', despite the lack of a specific definition in the ontology term.",TRUE
weight loss,Percentage loss in body weight during female prefeeding period,percent,Trait: weight loss. Definition: Percentage loss in body weight during female prefeeding period. Unit: percent.,-1,130,HP:0001824,Weight loss,medium,"The term 'Weight loss' aligns with the VecTraits entry on weight loss during the prefeeding period, although the lack of a definition reduces confidence.",TRUE
hardening period,mean time for a tick to become hardened,days,Trait: hardening period. Definition: mean time for a tick to become hardened. Unit: days.,-1,130,PATO:0001309,duration,medium,"The trait 'hardening period' refers to the time duration for a tick to become hardened, which aligns with the concept of 'duration' as a process quality.",TRUE
hardening period,mean time for a tick to become hardened,days,Trait: hardening period. Definition: mean time for a tick to become hardened. Unit: days.,-1,130,PATO:0001309,duration,medium,"The trait 'hardening period' refers to the time duration for a tick to become hardened, which aligns with the concept of 'duration' as a process quality.",TRUE
engorgement period,mean time required for females to become engorged,days,Trait: engorgement period. Definition: mean time required for females to become engorged. Unit: days.,-1,130,PATO:0001309,duration,medium,"The trait 'engorgement period' refers to the time duration for a process, which aligns with the concept of 'duration' as a process quality.",TRUE
engorgement period,mean time required for females to become engorged,days,Trait: engorgement period. Definition: mean time required for females to become engorged. Unit: days.,-1,130,PATO:0001309,duration,medium,"The trait 'engorgement period' refers to the time duration for a process, which aligns with the concept of 'duration' as a process quality.",TRUE
egg count,mean number of eggs layed,mg,Trait: egg count. Definition: mean number of eggs layed. Unit: mg.,-1,130,OBA:VT1000294,egg quantity,high,"The trait 'egg count' refers to the number of eggs laid, which aligns with the concept of 'egg quantity' as the amount of egg cells.",TRUE
egg count,mean number of eggs layed,mg,Trait: egg count. Definition: mean number of eggs layed. Unit: mg.,-1,130,OBA:VT1000294,egg quantity,high,"The trait 'egg count' refers to the number of eggs laid, which aligns with the concept of 'egg quantity' as the amount of egg cells.",TRUE
survival rate,percentage of unfed adults that survive,percent,Trait: survival rate. Definition: percentage of unfed adults that survive. Unit: percent.,-1,130,NO_MATCH,NO_MATCH,high,None of the candidate ontology terms specifically represent the concept of 'survival rate' as defined in the VecTraits entry.,FALSE
survival rate,percentage of unfed adults that survive,percent,Trait: survival rate. Definition: percentage of unfed adults that survive. Unit: percent.,-1,130,NO_MATCH,NO_MATCH,high,None of the candidate ontology terms specifically represent the concept of 'survival rate' as defined in the VecTraits entry.,FALSE
percent moult,percentage moulted engorged on calves,days,Trait: percent moult. Definition: percentage moulted engorged on calves. Unit: days.,-1,130,NO_MATCH,NO_MATCH,high,"None of the candidate ontology terms relate to the concept of percentage moulted engorged on calves, which is specific to a biological process in arthropods or similar organisms.",FALSE
percent moult,percentage moulted engorged on calves,days,Trait: percent moult. Definition: percentage moulted engorged on calves. Unit: days.,-1,130,NO_MATCH,NO_MATCH,high,None of the candidate ontology terms relate to the concept of percentage moulted engorged on calves.,FALSE
premolting period,average pre-moulting period engorged on calves,days,Trait: premolting period. Definition: average pre-moulting period engorged on calves. Unit: days.,-1,130,PATO:0001309,duration,medium,"The trait 'premolting period' refers to the temporal extent of a process, which aligns with the concept of 'duration'.",TRUE
premolting period,average pre-moulting period engorged on calves,days,Trait: premolting period. Definition: average pre-moulting period engorged on calves. Unit: days.,-1,130,PATO:0001309,duration,medium,"The trait 'premolting period' refers to the temporal extent of a process, which aligns with the concept of 'duration'.",TRUE
percent moult,percentage moulted engorged on rabbits,percent,Trait: percent moult. Definition: percentage moulted engorged on rabbits. Unit: percent.,-1,130,NO_MATCH,NO_MATCH,high,None of the candidate ontology terms relate to the concept of percentage moulted engorged on rabbits.,FALSE
percent moult,percentage moulted engorged on rabbits,percent,Trait: percent moult. Definition: percentage moulted engorged on rabbits. Unit: percent.,-1,130,NO_MATCH,NO_MATCH,high,None of the candidate ontology terms relate to the concept of percentage moulted engorged on rabbits.,FALSE
engorgement period,average duration of engorgement on calves,days,Trait: engorgement period. Definition: average duration of engorgement on calves. Unit: days.,-1,130,PATO:0001309,duration,medium,"The trait 'engorgement period' refers to the duration of a process, which aligns with the concept of 'duration' in PATO:0001309, although it is not specific to engorgement.",TRUE
engorgement period,average duration of engorgement on calves,days,Trait: engorgement period. Definition: average duration of engorgement on calves. Unit: days.,-1,130,PATO:0001309,duration,medium,"The trait 'engorgement period' refers to the temporal extent of a process, which aligns with the concept of 'duration'.",TRUE
engorgement period,average duration of engorgement on rabbits,days,Trait: engorgement period. Definition: average duration of engorgement on rabbits. Unit: days.,-1,130,PATO:0001309,duration,medium,"The trait 'engorgement period' refers to the duration of a process, which aligns with the general concept of 'duration' in PATO:0001309, though it lacks specificity to engorgement.",TRUE
engorgement period,average duration of engorgement on rabbits,days,Trait: engorgement period. Definition: average duration of engorgement on rabbits. Unit: days.,-1,130,PATO:0001309,duration,medium,"The trait 'engorgement period' refers to the temporal extent of a process, which aligns with the concept of 'duration' as a process quality.",TRUE
feeding time,time required for larval ticks to reach engorgement post attachment,days,Trait: feeding time. Definition: time required for larval ticks to reach engorgement post attachment. Unit: days.,-1,130,PATO:0001309,duration,high,"The VecTraits entry describes the time required for a process (feeding) to complete, which aligns with the concept of 'duration' as a process quality.",TRUE
feeding time,time required for larval ticks to reach engorgement post attachment,days,Trait: feeding time. Definition: time required for larval ticks to reach engorgement post attachment. Unit: days.,-1,130,PATO:0001309,duration,high,"The VecTraits entry describes the time required for a process (feeding) to complete, which aligns with the concept of 'duration' as the temporal extent between starting and ending points.",TRUE
molting period,time required for engorged larval ticks to molt,days,Trait: molting period. Definition: time required for engorged larval ticks to molt. Unit: days.,-1,130,GO:0022404,molting cycle process,medium,"The VecTraits entry describes a specific aspect of the molting cycle, which is the time required for larval ticks to molt, aligning with the concept of a molting cycle process.",TRUE
molting period,time required for engorged larval ticks to molt,days,Trait: molting period. Definition: time required for engorged larval ticks to molt. Unit: days.,-1,130,GO:0022404,molting cycle process,medium,"The VecTraits entry describes a specific aspect of the molting cycle, which is the time required for larval ticks to molt, aligning with the concept of a molting cycle process.",TRUE
pre hatching period,mean time until hatching,days,Trait: pre hatching period. Definition: mean time until hatching. Unit: days.,-1,130,PATO:0001309,duration,medium,"The VecTraits entry describes a temporal extent (mean time until hatching), which aligns with the concept of 'duration' as a process quality.",TRUE
pre hatching period,mean time until hatching,days,Trait: pre hatching period. Definition: mean time until hatching. Unit: days.,-1,130,PATO:0001309,duration,medium,"The VecTraits entry describes a temporal extent from start to end, which aligns with the concept of 'duration'.",TRUE
questing,mean percent of ticks questing,percent,Trait: questing. Definition: mean percent of ticks questing. Unit: percent.,-1,130,NO_CANDIDATES,NO_CANDIDATES,none,No OBA/PATO candidates found via API,FALSE
questing,mean percent of ticks questing,percent,Trait: questing. Definition: mean percent of ticks questing. Unit: percent.,-1,130,NO_CANDIDATES,NO_CANDIDATES,none,No OBA/PATO candidates found via API,FALSE
lipid content,median proportion of lipid content of the tick- calculated by (dried weight - lipid weight) / dried weight,NA,Trait: lipid content. Definition: median proportion of lipid content of the tick- calculated by (dried weight - lipid weight) / dried weight. Unit: NA.,-1,130,OBA:VT0001547,lipid amount,high,"The VecTraits entry describes the proportion of lipid content in ticks, which aligns with the measurement of lipid amount in an anatomical entity.",TRUE
lipid content,median proportion of lipid content of the tick- calculated by (dried weight - lipid weight) / dried weight,NA,Trait: lipid content. Definition: median proportion of lipid content of the tick- calculated by (dried weight - lipid weight) / dried weight. Unit: NA.,-1,130,OBA:VT0001547,lipid amount,high,"The VecTraits entry describes the proportion of lipid content in ticks, which aligns with the measurement of lipid amount in an anatomical entity.",TRUE
Questing Height,questing height -- Average (across 38 hours and interactor1number of ticks) mm from the lower end of the tube - measured along the length of the tube. Tube is at a 15* incline,mm,Trait: Questing Height. Definition: questing height -- Average (across 38 hours and interactor1number of ticks) mm from the lower end of the tube - measured along the length of the tube. Tube is at a 15* incline. Unit: mm.,-1,130,PATO:0000119,height,medium,"The trait 'questing height' refers to a vertical dimension of extension, which aligns with the general concept of 'height' in PATO:0000119.",TRUE
Questing Height,questing height -- Average (across 38 hours and interactor1number of ticks) mm from the lower end of the tube - measured along the length of the tube. Tube is at a 15* incline,mm,Trait: Questing Height. Definition: questing height -- Average (across 38 hours and interactor1number of ticks) mm from the lower end of the tube - measured along the length of the tube. Tube is at a 15* incline. Unit: mm.,-1,130,PATO:0000119,height,medium,"The trait 'questing height' refers to a vertical measurement, aligning with the general concept of 'height' as a 1-D extent quality.",TRUE
Distance Traveled,Average distance covered per hour while questing,mm,Trait: Distance Traveled. Definition: Average distance covered per hour while questing. Unit: mm.,-1,130,PATO:0040032,increased linear velocity,medium,"The trait 'Distance Traveled' involves measuring distance over time, which aligns with the concept of linear velocity, although the term 'increased' may not fully match the average aspect.",TRUE
Distance Traveled,Average distance covered per hour while questing,mm,Trait: Distance Traveled. Definition: Average distance covered per hour while questing. Unit: mm.,-1,130,PATO:0040032,increased linear velocity,medium,"The trait 'Distance Traveled' relates to the concept of distance covered over time, which aligns with the idea of linear velocity, although the term 'increased' may not perfectly match the average aspect.",TRUE
Questing Time,Mean proportion of time tick seen questing (legs spread more than 50 percent) across the 38 hours,percent,Trait: Questing Time. Definition: Mean proportion of time tick seen questing (legs spread more than 50 percent) across the 38 hours. Unit: percent.,-1,130,PATO:0001309,duration,medium,"The trait 'Questing Time' involves measuring the temporal extent of a behavior, which aligns with the concept of 'duration' as a process quality.",TRUE
Questing Time,Mean proportion of time tick seen questing (legs spread more than 50 percent) across the 38 hours,percent,Trait: Questing Time. Definition: Mean proportion of time tick seen questing (legs spread more than 50 percent) across the 38 hours. Unit: percent.,-1,130,PATO:0001309,duration,medium,"The trait 'Questing Time' involves measuring the temporal extent of a behavior, which aligns with the concept of 'duration'.",TRUE
Questing Height,questing height -- Average (across 43 hours and interactor1number of ticks) mm from the lower end of the tube - measured along the length of the tube. Tube is at a 15* incline,mm,Trait: Questing Height. Definition: questing height -- Average (across 43 hours and interactor1number of ticks) mm from the lower end of the tube - measured along the length of the tube. Tube is at a 15* incline. Unit: mm.,-1,130,PATO:0000119,height,medium,"The trait 'questing height' refers to a vertical dimension of extension, which aligns with the general concept of 'height' in PATO:0000119.",TRUE
Questing Height,questing height -- Average (across 43 hours and interactor1number of ticks) mm from the lower end of the tube - measured along the length of the tube. Tube is at a 15* incline,mm,Trait: Questing Height. Definition: questing height -- Average (across 43 hours and interactor1number of ticks) mm from the lower end of the tube - measured along the length of the tube. Tube is at a 15* incline. Unit: mm.,-1,130,PATO:0000119,height,medium,"The term 'height' in PATO:0000119 is a general descriptor of vertical dimension, which aligns with the measurement of questing height in ticks, although it lacks specificity to the context of questing behavior.",TRUE
Mortality Rate,number that survived the 38 hours,count,Trait: Mortality Rate. Definition: number that survived the 38 hours. Unit: count.,-1,130,PATO:0001492,growth rate,low,"The concept of mortality rate involves counting survivors, which is somewhat related to population change, but none of the terms directly match mortality rate.",TRUE
Mortality Rate,number that survived the 38 hours,count,Trait: Mortality Rate. Definition: number that survived the 38 hours. Unit: count.,-1,130,PATO:0001492,growth rate,low,"The concept of mortality rate as a count of survivors over time is somewhat related to population change, but none of the terms directly match mortality rate.",TRUE
Mortality Rate,number that survived the 43 hours,count,Trait: Mortality Rate. Definition: number that survived the 43 hours. Unit: count.,-1,130,PATO:0001492,growth rate,low,"The concept of 'mortality rate' involves a change in number of a population, which is somewhat related to 'growth rate', but the match is not exact.",TRUE
Mortality Rate,number that survived the 43 hours,count,Trait: Mortality Rate. Definition: number that survived the 43 hours. Unit: count.,-1,130,PATO:0001492,growth rate,low,"The concept of mortality rate involves the change in number of a population, but the definition provided does not directly align with any candidate terms.",TRUE
Water loss,Water loss of ticks exposed to dry air for 24 hours,mg/cm2,Trait: Water loss. Definition: Water loss of ticks exposed to dry air for 24 hours. Unit: mg/cm2.,-1,130,PATO:0001801,decreased water composition,medium,"The VecTraits entry describes water loss, which aligns with a reduction in water amount, but the context of 'composition' may not fully capture the specific measurement of water loss in ticks.",TRUE
Water loss,Water loss of ticks exposed to dry air for 24 hours,mg/cm2,Trait: Water loss. Definition: Water loss of ticks exposed to dry air for 24 hours. Unit: mg/cm2.,-1,130,PATO:0001801,decreased water composition,medium,"The VecTraits entry describes water loss, which aligns with a reduction in water amount, but the context of 'composition' may not fully capture the specific measurement of water loss in ticks.",TRUE
Weight loss,Weight loss of ticks exposed to dry air for 24 hours,percent,Trait: Weight loss. Definition: Weight loss of ticks exposed to dry air for 24 hours. Unit: percent.,-1,130,PATO:0000583,decreased weight,medium,"The VecTraits entry describes weight loss, which aligns with the concept of decreased weight, although the specific context of ticks and dry air is not captured in the ontology term.",TRUE
Weight loss,Weight loss of ticks exposed to dry air for 24 hours,percent,Trait: Weight loss. Definition: Weight loss of ticks exposed to dry air for 24 hours. Unit: percent.,-1,130,PATO:0000583,decreased weight,medium,"The VecTraits entry describes weight loss, which aligns with the concept of decreased weight, although it lacks specificity regarding the cause being dry air exposure.",TRUE
Water loss,Water loss of dead engorged ticks exposed to dry air at a certain temperature for 30 mins,mg/cm2,Trait: Water loss. Definition: Water loss of dead engorged ticks exposed to dry air at a certain temperature for 30 mins. Unit: mg/cm2.,-1,130,PATO:0001801,decreased water composition,medium,"The trait describes water loss, which aligns with a reduction in water amount, but the context of dead ticks and specific conditions makes the match less direct.",TRUE
Water loss,Water loss of dead engorged ticks exposed to dry air at a certain temperature for 30 mins,mg/cm2,Trait: Water loss. Definition: Water loss of dead engorged ticks exposed to dry air at a certain temperature for 30 mins. Unit: mg/cm2.,-1,130,PATO:0001801,decreased water composition,medium,"The VecTraits entry describes a reduction in water content, which aligns with the concept of decreased water composition.",TRUE
Mortality Rate,Percent mortality in engorged ticks before moulting,percent,Trait: Mortality Rate. Definition: Percent mortality in engorged ticks before moulting. Unit: percent.,-1,130,PATO:0000161,rate,medium,"The term 'rate' is a general concept that can encompass mortality rate, but it lacks specificity to mortality in ticks.",TRUE
Pre-Oviposition Period in engorged females,Pre-Oviposition Period in engorged females,days-1,Trait: Pre-Oviposition Period in engorged females. Definition: Pre-Oviposition Period in engorged females. Unit: days-1.,-1,130,PATO:0001309,duration,medium,"The trait 'Pre-Oviposition Period in engorged females' refers to a temporal extent, which aligns with the concept of 'duration'.",TRUE
Development Rate (Egg),1 / time for egg incubation across const temps,days-1,Trait: Development Rate (Egg). Definition: 1 / time for egg incubation across const temps. Unit: days-1.,-1,130,OBA:0002217,embryo development rate,high,"The VecTraits entry describes the rate of egg development, which aligns with the concept of embryo development rate.",TRUE
Development Rate (Larva),1 / development time of Engorged Larva,days-1,Trait: Development Rate (Larva). Definition: 1 / development time of Engorged Larva. Unit: days-1.,-1,130,PATO:0000161,rate,medium,"The VecTraits entry describes a rate of development, which aligns with the general concept of 'rate' as a process occurring per unit time, but lacks specificity to larval development.",TRUE
Development Rate (Nymph),1 / development time of Engorged Nymph,days-1,Trait: Development Rate (Nymph). Definition: 1 / development time of Engorged Nymph. Unit: days-1.,-1,130,PATO:0000161,rate,medium,"The VecTraits entry describes a general rate of development for nymphs, which aligns with the broad concept of 'rate' as a process occurring per unit time.",TRUE
oviposition,daily average number of eggs / female,eggs,Trait: oviposition. Definition: daily average number of eggs / female. Unit: eggs.,-1,130,NO_CANDIDATES,NO_CANDIDATES,none,No OBA/PATO candidates found via API,FALSE
Development Rate,percent of immature stages remaining x days after attatchment,percent,Trait: Development Rate. Definition: percent of immature stages remaining x days after attatchment. Unit: percent.,-1,130,NO_MATCH,NO_MATCH,high,"None of the candidate ontology terms specifically describe the development rate of immature stages in a general context, as described in the VecTraits entry.",FALSE
Development Rate,Percent of emerging males who develop on day X after attatchment (premolt period),percent,Trait: Development Rate. Definition: Percent of emerging males who develop on day X after attatchment (premolt period). Unit: percent.,-1,130,PATO:0000161,rate,medium,"The VecTraits entry describes a development rate, which aligns with the general concept of 'rate' as a process occurring per unit time, but lacks specificity to match any more detailed ontology terms.",TRUE
Development Rate,Percent of emerging females who develop on day X after attatchment (premolt period),percent,Trait: Development Rate. Definition: Percent of emerging females who develop on day X after attatchment (premolt period). Unit: percent.,-1,130,PATO:0000161,rate,medium,"The VecTraits entry describes a rate of development, but none of the specific development rates in the ontology match the context of emerging females, making the general term 'rate' the closest match.",TRUE
metabolic rate,mean CO2 production (VCO2) (RMR: resting metabolic rate),uL h-1,Trait: metabolic rate. Definition: mean CO2 production (VCO2) (RMR: resting metabolic rate). Unit: uL h-1.,0,10,PATO:0000161,rate,medium,"The trait 'metabolic rate' refers to a general rate of metabolic processes, which aligns with the concept of 'rate' as a quality of a process per unit time, but lacks specificity to CO2 production.",TRUE
metabolic rate,mean CO2 production rate as a function of exposure temperature and acclimation temperature (secondstressor),ml CO2 h-1,Trait: metabolic rate. Definition: mean CO2 production rate as a function of exposure temperature and acclimation temperature (secondstressor). Unit: ml CO2 h-1.,0,10,PATO:0000161,rate,medium,"The VecTraits entry describes a metabolic rate, which is a general rate of a biological process, aligning with the PATO term for 'rate'.",TRUE
metabolic rate,mean CO2 production rate,ul CO2 h-1,Trait: metabolic rate. Definition: mean CO2 production rate. Unit: ul CO2 h-1.,0,10,PATO:0000161,rate,medium,"The trait 'metabolic rate' refers to a general rate of CO2 production, which aligns with the concept of a rate as a process occurring per unit time, but lacks specificity to CO2 or metabolism.",TRUE
metabolic rate (active),mean active metabolic rate (AMR),ml CO2 h-1,Trait: metabolic rate (active). Definition: mean active metabolic rate (AMR). Unit: ml CO2 h-1.,0,10,PATO:0000161,rate,medium,"The VecTraits entry describes a metabolic rate, which aligns with the concept of a rate as a process occurring per unit time, but lacks specificity to metabolic processes.",TRUE
metabolic rate,mean respiratory CO2 rate (RCO2),pmol mg-1 s-1,Trait: metabolic rate. Definition: mean respiratory CO2 rate (RCO2). Unit: pmol mg-1 s-1.,0,10,PATO:0000161,rate,medium,"The VecTraits entry describes a general metabolic rate, which aligns with the concept of a rate as a process occurring per unit time, but lacks specificity to a particular metabolic process.",TRUE
metabolic heat rate,mean metabolic heat rate (or 455RCO2),uW mg-1,Trait: metabolic heat rate. Definition: mean metabolic heat rate (or 455RCO2). Unit: uW mg-1.,0,10,PATO:0000161,rate,medium,"The trait 'metabolic heat rate' refers to a rate of a biological process, which aligns with the general concept of 'rate' as a quality of a process per unit time.",TRUE
anabolic rate,mean anabolic rate,uW mg-1,Trait: anabolic rate. Definition: mean anabolic rate. Unit: uW mg-1.,0,10,PATO:0000161,rate,medium,"The term 'rate' is a general descriptor for the occurrence of a process per unit time, which aligns with the concept of 'anabolic rate' as a mean rate of anabolism.",TRUE
metabolic rate (resting),mean oxygen consumption of inactive individuals that produced fewer than 0.3 spikes/sec over several minutes of observation,Ml O2 g thorax-1 h-1,Trait: metabolic rate (resting). Definition: mean oxygen consumption of inactive individuals that produced fewer than 0.3 spikes/sec over several minutes of observation. Unit: Ml O2 g thorax-1 h-1.,0,10,PATO:0000161,rate,medium,"The VecTraits entry describes a metabolic rate, which is a type of rate, but none of the specific ontology terms directly match the concept of resting metabolic rate.",TRUE
metabolic rate,mean oxygen uptake rate,ml O2 g-1 h-1,Trait: metabolic rate. Definition: mean oxygen uptake rate. Unit: ml O2 g-1 h-1.,0,10,PATO:0000161,rate,medium,"The trait 'metabolic rate' refers to a general rate of oxygen uptake, which aligns with the concept of a 'rate' as a process occurring per unit time, but lacks specificity to metabolic processes.",TRUE
metabolic rate (standard),mean CO2 production rate (VCO2),ml CO2 g-1 h-1,Trait: metabolic rate (standard). Definition: mean CO2 production rate (VCO2). Unit: ml CO2 g-1 h-1.,0,10,PATO:0000161,rate,medium,"The VecTraits entry describes a metabolic rate, which is a general rate of a process, aligning with the PATO term for 'rate' as a quality of a process per unit time.",TRUE
conversion efficiency index,percentage of adult female weight post feeding that was converted into egg mass,percent,Trait: conversion efficiency index. Definition: percentage of adult female weight post feeding that was converted into egg mass. Unit: percent.,1,10,PATO:0001029,efficiency,high,"The VecTraits entry describes a conversion efficiency index, which aligns with the concept of efficiency as a ratio of output (egg mass) to input (adult female weight post feeding).",TRUE
conversion efficiency index,total mg eggs produced divided by mg engorged weight,proportion,Trait: conversion efficiency index. Definition: total mg eggs produced divided by mg engorged weight. Unit: proportion.,1,10,PATO:0001029,efficiency,high,"The VecTraits entry describes a ratio of output (eggs produced) to input (engorged weight), which aligns with the definition of efficiency as a ratio of output to input.",TRUE
feed conversion rate,ability to produce eggs relative to the weight at detachment of each engorged female,percent,Trait: feed conversion rate. Definition: ability to produce eggs relative to the weight at detachment of each engorged female. Unit: percent.,1,10,PATO:0000161,rate,medium,"The trait 'feed conversion rate' involves a process occurring over time, which aligns with the general concept of 'rate' as a quality of a process per unit time.",TRUE
conversion efficiency,total number of eggs produced divided by engorged weight,eggs individual-1 mg-1,Trait: conversion efficiency. Definition: total number of eggs produced divided by engorged weight. Unit: eggs individual-1 mg-1.,1,10,PATO:0001029,efficiency,high,"The VecTraits entry describes a ratio of output (eggs produced) to input (engorged weight), which aligns with the definition of efficiency as a ratio of output to input.",TRUE
reproductive efficiency index,mean number of eggs per mg weight of engorged female,eggs individual-1 mg-1,Trait: reproductive efficiency index. Definition: mean number of eggs per mg weight of engorged female. Unit: eggs individual-1 mg-1.,1,10,PATO:0001029,efficiency,high,"The trait 'reproductive efficiency index' is a measure of efficiency, specifically the ratio of eggs produced to the weight of the female, aligning with the definition of 'efficiency' as a ratio of output to input.",TRUE
reproductive efficiency index,ratio of lifetime eggs to engorged female weight,eggs individual-1 day-1,Trait: reproductive efficiency index. Definition: ratio of lifetime eggs to engorged female weight. Unit: eggs individual-1 day-1.,1,10,PATO:0001029,efficiency,medium,"The trait 'reproductive efficiency index' is a ratio of output (lifetime eggs) to input (engorged female weight), aligning with the concept of 'efficiency' as a ratio of output to input.",TRUE
Efficency,Percent weight transfered from engorged female at constant temperature to mass of eggs,percent,Trait: Efficency. Definition: Percent weight transfered from engorged female at constant temperature to mass of eggs. Unit: percent.,1,10,NO_CANDIDATES,NO_CANDIDATES,none,No OBA/PATO candidates found via API,FALSE
conversion efficiency,the ratio of laid eggs to engorged female body mass calculated as the sum of all eggs laid divided by the sum of all females laying eggs,ratio,Trait: conversion efficiency. Definition: the ratio of laid eggs to engorged female body mass calculated as the sum of all eggs laid divided by the sum of all females laying eggs. Unit: ratio.,1,10,PATO:0001029,efficiency,high,"The VecTraits entry describes a ratio of output (eggs laid) to input (female body mass), which aligns with the definition of 'efficiency' as a ratio of output to input.",TRUE
egg conversion ratio,mean weight of eggs / mean weight of engorged females,percent,Trait: egg conversion ratio. Definition: mean weight of eggs / mean weight of engorged females. Unit: percent.,1,10,PATO:0001470,ratio,high,"The trait 'egg conversion ratio' is a ratio of mean weights, which aligns with the definition of 'ratio' as a quality of proportion between two magnitudes.",TRUE
conversion efficiency,Mean index of conversion efficiency- (cumulative egg weight (g)/ replete female tick wt (g) )*100,percent,Trait: conversion efficiency. Definition: Mean index of conversion efficiency- (cumulative egg weight (g)/ replete female tick wt (g) )*100. Unit: percent.,1,10,PATO:0001029,efficiency,high,"The VecTraits entry describes a conversion efficiency as a ratio of outputs to inputs, which aligns with the definition of 'efficiency' in PATO:0001029.",TRUE
gonotrophic cycle,mean number of gonotrophic cycles completed in individuals lifetime,days,Trait: gonotrophic cycle. Definition: mean number of gonotrophic cycles completed in individuals lifetime. Unit: days.,2,5,OBA:0004569,ovulation cycle amount,medium,"The gonotrophic cycle involves the number of cycles completed, which aligns with the concept of 'cycle amount'.",TRUE
gonotrophic cycle,mean duration of gonotrophic cycle (7th),days,Trait: gonotrophic cycle. Definition: mean duration of gonotrophic cycle (7th). Unit: days.,2,5,OBA:0004567,ovulation cycle duration,medium,"The gonotrophic cycle in insects is analogous to an ovulation cycle in terms of duration, but the match is not perfect due to differences in biological context.",TRUE
gonotrophic cycle 1,individual-level duration of first gonotrophic cycle,days,Trait: gonotrophic cycle 1. Definition: individual-level duration of first gonotrophic cycle. Unit: days.,2,5,OBA:0004567,ovulation cycle duration,medium,"The gonotrophic cycle is related to the reproductive cycle, and 'ovulation cycle duration' is the closest match in terms of measuring the duration of a reproductive cycle.",TRUE
gonotrophic cycle 2,individual-level duration of second gonotrophic cycle,days,Trait: gonotrophic cycle 2. Definition: individual-level duration of second gonotrophic cycle. Unit: days.,2,5,OBA:0004567,ovulation cycle duration,medium,"The gonotrophic cycle is similar to an ovulation cycle in that it involves reproductive processes, and the term 'ovulation cycle duration' is the closest match to the duration aspect of the gonotrophic cycle.",TRUE
gonotrophic cycle,individual-level lifetime number of cycles completed,lifetime cycles,Trait: gonotrophic cycle. Definition: individual-level lifetime number of cycles completed. Unit: lifetime cycles.,2,5,OBA:0004569,ovulation cycle amount,medium,"The VecTraits entry describes the number of gonotrophic cycles completed, which is conceptually similar to the amount of ovulation cycles, although not a perfect match.",TRUE
weight loss,nymphal weight loss during molting stage,percent,Trait: weight loss. Definition: nymphal weight loss during molting stage. Unit: percent.,3,5,PATO:0000583,decreased weight,medium,"The VecTraits entry describes weight loss, which aligns with the concept of decreased weight, although it specifically refers to nymphal weight loss during molting.",TRUE
weight loss,Percentage loss in body weight during larval prefeeding period,percent,Trait: weight loss. Definition: Percentage loss in body weight during larval prefeeding period. Unit: percent.,3,5,HP:0001824,Weight loss,medium,"The term 'Weight loss' aligns with the VecTraits entry, but lacks a definition to confirm specificity to larval prefeeding period.",TRUE
weight loss,Percentage loss in body weight during larval molting period,percent,Trait: weight loss. Definition: Percentage loss in body weight during larval molting period. Unit: percent.,3,5,HP:0001824,Weight loss,medium,"The term 'Weight loss' aligns with the VecTraits entry's focus on body weight reduction, although the lack of a definition reduces confidence.",TRUE
weight loss,Percentage loss in body weight during nymphal prefeeding period,percent,Trait: weight loss. Definition: Percentage loss in body weight during nymphal prefeeding period. Unit: percent.,3,5,HP:0001824,Weight loss,medium,"The term 'Weight loss' aligns with the VecTraits entry, but lacks a definition to confirm specificity to nymphal prefeeding period.",TRUE
weight loss,Percentage loss in body weight during nymphal molting period,percent,Trait: weight loss. Definition: Percentage loss in body weight during nymphal molting period. Unit: percent.,3,5,HP:0001824,Weight loss,medium,"The VecTraits entry describes weight loss during a specific period, which aligns with the general concept of 'Weight loss' despite the lack of a specific definition.",TRUE
fecundity,mean lifetime offspring,offspring individual-1,Trait: fecundity. Definition: mean lifetime offspring. Unit: offspring individual-1.,4,68,PATO:0000273,fecundity,high,"The VecTraits entry describes fecundity as mean lifetime offspring, which aligns with the PATO definition of fecundity as a reproductive quality measured by reproductive capacity.",TRUE
fecundity rate,mean number of nymphs produced individual-1 during a period equivalent to the prereporoductive time,nymphs unit time-1,Trait: fecundity rate. Definition: mean number of nymphs produced individual-1 during a period equivalent to the prereporoductive time. Unit: nymphs unit time-1.,4,68,OBA:0003697,multicellular organism fecundity,high,"The VecTraits entry describes fecundity in terms of nymph production, which aligns with the concept of fecundity in multicellular organisms.",TRUE
fecundity,mean lifetime nymphs individual-1,nymphs individual-1,Trait: fecundity. Definition: mean lifetime nymphs individual-1. Unit: nymphs individual-1.,4,68,OBA:0003697,multicellular organism fecundity,high,"The VecTraits entry describes fecundity in terms of mean lifetime nymphs per individual, which aligns with the concept of fecundity in multicellular organisms.",TRUE
fecundity rate,mean eggs individual-1 day-1,eggs individual-1 day-1,Trait: fecundity rate. Definition: mean eggs individual-1 day-1. Unit: eggs individual-1 day-1.,4,68,OBA:0003697,multicellular organism fecundity,high,"The VecTraits entry describes fecundity in terms of egg production rate, which aligns with the concept of fecundity in multicellular organisms.",TRUE
fecundity rate,mean offspring per day,eggs individual-1 day-1,Trait: fecundity rate. Definition: mean offspring per day. Unit: eggs individual-1 day-1.,4,68,OBA:0003697,multicellular organism fecundity,high,"The VecTraits entry describes fecundity in terms of offspring per day, which aligns with the concept of fecundity in multicellular organisms.",TRUE
fecundity,mean number of progeny in a reproductive period equal to development time,progeny indidividual-1,Trait: fecundity. Definition: mean number of progeny in a reproductive period equal to development time. Unit: progeny indidividual-1.,4,68,PATO:0000273,fecundity,high,"The VecTraits entry describes fecundity as a reproductive capacity measured by progeny, aligning with PATO:0000273's definition of fecundity as a reproductive quality measured by gametes.",TRUE
fecundity,mean lifetime eggs individual-1,eggs individual-1,Trait: fecundity. Definition: mean lifetime eggs individual-1. Unit: eggs individual-1.,4,68,PATO:0000273,fecundity,high,"The VecTraits entry describes fecundity as a reproductive quality measured by the number of eggs, which aligns with the PATO definition of fecundity as a reproductive quality measured by the number of gametes.",TRUE
fecundity,mean eggs produced per plant,eggs plant-1,Trait: fecundity. Definition: mean eggs produced per plant. Unit: eggs plant-1.,4,68,PATO:0000273,fecundity,high,"The VecTraits entry describes fecundity as a reproductive quality measured by the number of eggs, which aligns with the PATO definition of fecundity as a reproductive capacity measured by gametes.",TRUE
fecundity,mean number of eggs per cycle,eggs individual-1 cycle-1,Trait: fecundity. Definition: mean number of eggs per cycle. Unit: eggs individual-1 cycle-1.,4,68,PATO:0000273,fecundity,high,The definition of fecundity as a reproductive quality measured by the number of gametes aligns with the VecTraits entry definition of mean number of eggs per cycle.,TRUE
fecundity,mean lifetime egg punctures,egg punctures individual-1,Trait: fecundity. Definition: mean lifetime egg punctures. Unit: egg punctures individual-1.,4,68,PATO:0000273,fecundity,high,"The VecTraits entry describes fecundity in terms of reproductive capacity, which aligns with the PATO definition of fecundity as a reproductive quality measured by gametes.",TRUE
fecundity rate,mean eggs per unit time,eggs individual-1 day-1,Trait: fecundity rate. Definition: mean eggs per unit time. Unit: eggs individual-1 day-1.,4,68,PATO:0000273,fecundity,high,"The VecTraits entry describes fecundity in terms of reproductive capacity, which aligns with the PATO definition of fecundity as a reproductive quality measured by gametes.",TRUE
fecundity rate,mean offspring per unit time,offspring individual-1 day-1,Trait: fecundity rate. Definition: mean offspring per unit time. Unit: offspring individual-1 day-1.,4,68,OBA:0003697,multicellular organism fecundity,high,"The VecTraits entry describes fecundity in terms of offspring per unit time, which aligns with the concept of fecundity in multicellular organisms.",TRUE
reproductive capacity,mean lifetime nymphs (30 days),nymphs individual-1,Trait: reproductive capacity. Definition: mean lifetime nymphs (30 days). Unit: nymphs individual-1.,4,68,PATO:0001434,reproductive quality,high,"The VecTraits entry describes a trait related to the ability to produce offspring, which aligns with the concept of 'reproductive quality'.",TRUE
fecundity,mean lifetime eggs per 10 individuals,eggs 10 individuals-1,Trait: fecundity. Definition: mean lifetime eggs per 10 individuals. Unit: eggs 10 individuals-1.,4,68,PATO:0000273,fecundity,high,"The VecTraits entry describes fecundity as a reproductive quality measured by the number of eggs, aligning with the PATO definition of fecundity as a reproductive quality measured by gametes.",TRUE
age specific fecundity,mean number of female offspring individual-1 at specific age,females individual-1,Trait: age specific fecundity. Definition: mean number of female offspring individual-1 at specific age. Unit: females individual-1.,4,68,NO_MATCH,NO_MATCH,high,"None of the candidate terms specifically capture the concept of age-specific fecundity, which involves fecundity measured at specific ages.",FALSE
fecundity,mean number of female offspring individual-1,females individual-1,Trait: fecundity. Definition: mean number of female offspring individual-1. Unit: females individual-1.,4,68,OBA:0003697,multicellular organism fecundity,high,"The VecTraits entry describes fecundity in terms of female offspring per individual, which aligns with the concept of fecundity in multicellular organisms.",TRUE
fecundity,mean lifetime eggs per individual (across all humdity levels),eggs individual-1,Trait: fecundity. Definition: mean lifetime eggs per individual (across all humdity levels). Unit: eggs individual-1.,4,68,PATO:0000273,fecundity,high,"The VecTraits entry describes fecundity as a reproductive quality measured by the number of eggs, aligning with the PATO definition of fecundity as a reproductive quality measured by gametes.",TRUE
fecundity,mean lifetime eggs per individual,eggs individual-1,Trait: fecundity. Definition: mean lifetime eggs per individual. Unit: eggs individual-1.,4,68,PATO:0000273,fecundity,high,The definition of fecundity as a reproductive quality measured by the number of gametes aligns with the VecTraits entry definition of mean lifetime eggs per individual.,TRUE
fecundity rate,maximum progengy individual-1 day-1,progeny individual-1 day-1,Trait: fecundity rate. Definition: maximum progengy individual-1 day-1. Unit: progeny individual-1 day-1.,4,68,OBA:0003697,multicellular organism fecundity,high,"The VecTraits entry describes fecundity rate in terms of progeny per day, which aligns with the concept of fecundity in multicellular organisms.",TRUE
fecundity,mean number of eggs per cycle (1st),eggs individual-1 cycle-1,Trait: fecundity. Definition: mean number of eggs per cycle (1st). Unit: eggs individual-1 cycle-1.,4,68,PATO:0000273,fecundity,high,"The VecTraits entry describes fecundity as a reproductive quality measured by the number of eggs, which aligns with the PATO definition of fecundity as a reproductive quality measured by the number of gametes.",TRUE
fecundity rate,mean lifetime offspring,offspring individual-1 day-1,Trait: fecundity rate. Definition: mean lifetime offspring. Unit: offspring individual-1 day-1.,4,68,OBA:0003697,multicellular organism fecundity,high,"The VecTraits entry describes fecundity in terms of offspring production, which aligns with the concept of multicellular organism fecundity.",TRUE
fecundity,mean offspring per reproduction day,offspring individual-1 day-1,Trait: fecundity. Definition: mean offspring per reproduction day. Unit: offspring individual-1 day-1.,4,68,OBA:0003697,multicellular organism fecundity,high,"The VecTraits entry describes fecundity in terms of offspring per day, which aligns with the general concept of fecundity in multicellular organisms.",TRUE
fecundity,mean lifetime offspring as a function of size and adult and growth temperature,offspring individual-1,Trait: fecundity. Definition: mean lifetime offspring as a function of size and adult and growth temperature. Unit: offspring individual-1.,4,68,PATO:0000273,fecundity,high,"The VecTraits entry describes fecundity as a reproductive quality related to offspring production, which aligns with the PATO definition of fecundity as a reproductive quality measured by gametes.",TRUE
fecundity rate,mean number of eggs individual-1 day-1,eggs individual-1 day-1,Trait: fecundity rate. Definition: mean number of eggs individual-1 day-1. Unit: eggs individual-1 day-1.,4,68,PATO:0000273,fecundity,high,"The VecTraits entry describes fecundity in terms of reproductive capacity, which aligns with the PATO definition of fecundity as a reproductive quality measured by the number of gametes.",TRUE
fecundity rate,mean number of offspring per reproductive cycle,offspring individual-1 cycle-1,Trait: fecundity rate. Definition: mean number of offspring per reproductive cycle. Unit: offspring individual-1 cycle-1.,4,68,OBA:0003697,multicellular organism fecundity,high,"The VecTraits entry describes fecundity as the mean number of offspring per reproductive cycle, which aligns with the concept of fecundity in multicellular organisms.",TRUE
fecundity,mean lifetime eggs,eggs individual-1,Trait: fecundity. Definition: mean lifetime eggs. Unit: eggs individual-1.,4,68,PATO:0000273,fecundity,high,"The VecTraits entry describes fecundity as mean lifetime eggs, which aligns with the PATO definition of fecundity as a reproductive quality measured by the number of gametes.",TRUE
fecundity,individual-level mean eggs per gonotrophic cycle,eggs cycle-1,Trait: fecundity. Definition: individual-level mean eggs per gonotrophic cycle. Unit: eggs cycle-1.,4,68,PATO:0000273,fecundity,high,The definition of fecundity as a reproductive quality measured by the number of gametes aligns well with the VecTraits entry describing mean eggs per gonotrophic cycle.,TRUE
fecundity,individual-level lifetime eggs,eggs individual-1,Trait: fecundity. Definition: individual-level lifetime eggs. Unit: eggs individual-1.,4,68,OBA:0003697,multicellular organism fecundity,high,"The VecTraits entry describes fecundity at the individual level, which aligns with the concept of multicellular organism fecundity.",TRUE
fecundity,mean lifetime eggs laid per female,eggs individual-1,Trait: fecundity. Definition: mean lifetime eggs laid per female. Unit: eggs individual-1.,4,68,PATO:0000273,fecundity,high,"The VecTraits entry describes fecundity as a reproductive quality measured by eggs laid, which aligns with PATO:0000273's definition of fecundity as a reproductive quality measured by gametes.",TRUE
fecundity,mean lifetime eggs produced by an individual female,eggs individual-1,Trait: fecundity. Definition: mean lifetime eggs produced by an individual female. Unit: eggs individual-1.,4,68,PATO:0000273,fecundity,high,"The definition provided in the VecTraits entry aligns with the PATO definition of fecundity as a reproductive quality measured by the number of gametes, which in this context are eggs.",TRUE
fecundity rate,mean weight of egg mass per day,mg eggs day-1,Trait: fecundity rate. Definition: mean weight of egg mass per day. Unit: mg eggs day-1.,4,68,OBA:0003697,multicellular organism fecundity,high,"The VecTraits entry describes fecundity in terms of egg mass per day, which aligns with the concept of fecundity in multicellular organisms.",TRUE
fecundity,individual-level weight of lifetime eggs per individual,mg eggs individual-1,Trait: fecundity. Definition: individual-level weight of lifetime eggs per individual. Unit: mg eggs individual-1.,4,68,PATO:0000273,fecundity,high,The definition of fecundity as a reproductive quality measured by the number of gametes aligns with the VecTraits entry describing lifetime eggs per individual.,TRUE
fecundity,total number of eggs produced,eggs individual-1,Trait: fecundity. Definition: total number of eggs produced. Unit: eggs individual-1.,4,68,PATO:0000273,fecundity,high,"The definition of PATO:0000273 aligns with the VecTraits entry as it describes fecundity in terms of reproductive capacity measured by the number of gametes, which corresponds to the total number of eggs produced.",TRUE
fecundity,mean number of lifetime eggs by a tick,eggs individual-1,Trait: fecundity. Definition: mean number of lifetime eggs by a tick. Unit: eggs individual-1.,4,68,PATO:0000273,fecundity,high,The definition of fecundity as a reproductive quality measured by the number of gametes aligns with the VecTraits entry definition of mean number of lifetime eggs by a tick.,TRUE
fecundity rate,mean eggs produced by an individual female per day,eggs individual-1 day-1,Trait: fecundity rate. Definition: mean eggs produced by an individual female per day. Unit: eggs individual-1 day-1.,4,68,OBA:0003697,multicellular organism fecundity,high,"The VecTraits entry describes fecundity in terms of egg production by an individual, which aligns with the concept of multicellular organism fecundity.",TRUE
fecundity rate,peak number of eggs per day per individual,eggs individual-1 day-1,Trait: fecundity rate. Definition: peak number of eggs per day per individual. Unit: eggs individual-1 day-1.,4,68,OBA:0003697,multicellular organism fecundity,high,"The VecTraits entry describes fecundity in terms of egg production rate, which aligns with the concept of fecundity in multicellular organisms.",TRUE
fertility,mean number of hatched eggs in an individuals lifetime,eggs individual-1,Trait: fertility. Definition: mean number of hatched eggs in an individuals lifetime. Unit: eggs individual-1.,4,68,OBA:VT0010464,fertility trait,high,"The VecTraits entry describes a general fertility trait of a multicellular organism, which aligns with the definition of OBA:VT0010464.",TRUE
fecundity,mean eggs individual-1,eggs,Trait: fecundity. Definition: mean eggs individual-1. Unit: eggs.,4,68,PATO:0000273,fecundity,high,The definition of fecundity as a reproductive quality measured by the number of gametes aligns with the VecTraits entry definition of mean eggs per individual.,TRUE
fecundity,mean lifetime total number of nymphs,progeny individual-1,Trait: fecundity. Definition: mean lifetime total number of nymphs. Unit: progeny individual-1.,4,68,OBA:0003697,multicellular organism fecundity,high,"The VecTraits entry describes fecundity in terms of the total number of progeny, which aligns with the concept of fecundity in multicellular organisms.",TRUE
fecundity,mean liftetime eggs,eggs individual-1,Trait: fecundity. Definition: mean liftetime eggs. Unit: eggs individual-1.,4,68,PATO:0000273,fecundity,high,"The VecTraits entry describes fecundity as mean lifetime eggs, which aligns with the PATO definition of fecundity as a reproductive quality measured by the number of gametes.",TRUE
fecundity,mean lifetime progeny,progeny individual-1,Trait: fecundity. Definition: mean lifetime progeny. Unit: progeny individual-1.,4,68,PATO:0000273,fecundity,high,"The VecTraits entry 'mean lifetime progeny' aligns with the definition of 'fecundity' as a reproductive quality measured by the number of gametes, which corresponds to potential reproductive capacity.",TRUE
fecundity rate,mean progeny per unit time,progeny individual-1 day-1,Trait: fecundity rate. Definition: mean progeny per unit time. Unit: progeny individual-1 day-1.,4,68,OBA:0003697,multicellular organism fecundity,high,"The VecTraits entry describes fecundity rate as mean progeny per unit time, which aligns with the concept of fecundity in multicellular organisms.",TRUE
fecundity rate,mean maximum progeny per unit time,progeny individual-1 day-1,Trait: fecundity rate. Definition: mean maximum progeny per unit time. Unit: progeny individual-1 day-1.,4,68,OBA:0003697,multicellular organism fecundity,high,"The VecTraits entry describes fecundity rate in terms of progeny per unit time, which aligns with the concept of fecundity in multicellular organisms.",TRUE
fecundity rate,maximum number of offspring per female per day,nymphs individual-1 day-1,Trait: fecundity rate. Definition: maximum number of offspring per female per day. Unit: nymphs individual-1 day-1.,4,68,OBA:0003697,multicellular organism fecundity,high,"The VecTraits entry describes fecundity in terms of offspring per female, which aligns with the concept of multicellular organism fecundity.",TRUE
fecundity rate,mean number of nymphs per day per female,progeny individual-1 day-1,Trait: fecundity rate. Definition: mean number of nymphs per day per female. Unit: progeny individual-1 day-1.,4,68,OBA:0003697,multicellular organism fecundity,high,"The VecTraits entry describes fecundity in terms of progeny per day per female, which aligns with the concept of fecundity in multicellular organisms.",TRUE
fecundity,mean duration of life stage,progeny individual-1,Trait: fecundity. Definition: mean duration of life stage. Unit: progeny individual-1.,4,68,NO_MATCH,NO_MATCH,high,The VecTraits entry describes 'mean duration of life stage' which does not align with the reproductive capacity or number of progeny implied by the ontology terms for fecundity.,FALSE
fecundity rate,maximum progeny per unit time,progeny individual-1 day-1,Trait: fecundity rate. Definition: maximum progeny per unit time. Unit: progeny individual-1 day-1.,4,68,OBA:0003697,multicellular organism fecundity,high,"The VecTraits entry describes fecundity in terms of progeny per unit time, which aligns with the concept of fecundity in multicellular organisms.",TRUE
effective fecundity,mean number of nymphs produced individual-1 during a period equivalent to the prereporoductive time,nymphs unit time-1,Trait: effective fecundity. Definition: mean number of nymphs produced individual-1 during a period equivalent to the prereporoductive time. Unit: nymphs unit time-1.,4,68,OBA:0003697,multicellular organism fecundity,high,"The VecTraits entry describes fecundity in terms of nymph production, which aligns with the general concept of fecundity in multicellular organisms.",TRUE
maximum fecundity,mean duration from onset of reproduction to maximum reproductive output,days,Trait: maximum fecundity. Definition: mean duration from onset of reproduction to maximum reproductive output. Unit: days.,4,68,NO_MATCH,NO_MATCH,high,"None of the candidate terms specifically address the duration from onset of reproduction to maximum reproductive output, which is a temporal aspect of fecundity.",FALSE
fecundity rate,mean duration of life stage,progeny individual-1 day-1,Trait: fecundity rate. Definition: mean duration of life stage. Unit: progeny individual-1 day-1.,4,68,NO_MATCH,NO_MATCH,high,"The VecTraits entry describes a rate related to life stage duration, not directly related to fecundity as defined by the number of progeny or gametes.",FALSE
fecundity (alate),mean lifetime offspring,days,Trait: fecundity (alate). Definition: mean lifetime offspring. Unit: days.,4,68,PATO:0000273,fecundity,high,"The VecTraits entry describes fecundity as a reproductive quality related to offspring production, which aligns with the PATO definition of fecundity as a reproductive quality measured by reproductive capacity.",TRUE
fecundity (apterous),mean lifetime offspring,days,Trait: fecundity (apterous). Definition: mean lifetime offspring. Unit: days.,4,68,PATO:0000273,fecundity,high,"The VecTraits entry describes fecundity as mean lifetime offspring, which aligns with the PATO definition of fecundity as a reproductive quality measured by reproductive capacity.",TRUE
fecundity,mean population-level offspring (100 individuals),days,Trait: fecundity. Definition: mean population-level offspring (100 individuals). Unit: days.,4,68,PATO:0000273,fecundity,high,"The VecTraits entry describes fecundity as a reproductive quality at the population level, which aligns with the PATO definition of fecundity as a reproductive quality measured by the number of gametes.",TRUE
fecundity,total population-level number of offspring produced,offspring,Trait: fecundity. Definition: total population-level number of offspring produced. Unit: offspring.,4,68,PATO:0000273,fecundity,high,"The PATO:0000273 term directly aligns with the VecTraits definition as it describes fecundity in terms of reproductive capacity measured by offspring, which matches the population-level offspring production.",TRUE
fecundity rate,mean offspring per reproduction day,offspring individual-1 day-1,Trait: fecundity rate. Definition: mean offspring per reproduction day. Unit: offspring individual-1 day-1.,4,68,OBA:0003697,multicellular organism fecundity,high,"The VecTraits entry describes fecundity in terms of offspring per day, which aligns with the concept of fecundity in multicellular organisms.",TRUE
fecundity,mean lifetime progeny per female,progeny individual-1,Trait: fecundity. Definition: mean lifetime progeny per female. Unit: progeny individual-1.,4,68,OBA:0003697,multicellular organism fecundity,high,"The VecTraits entry describes fecundity in terms of progeny per female, which aligns with the concept of fecundity in multicellular organisms.",TRUE
fecundity rate (apterous),mean offspring per unit time,offspring individual-1 day-1,Trait: fecundity rate (apterous). Definition: mean offspring per unit time. Unit: offspring individual-1 day-1.,4,68,OBA:0003697,multicellular organism fecundity,high,"The VecTraits entry describes fecundity in terms of offspring per unit time, which aligns with the concept of fecundity in multicellular organisms.",TRUE
fecundity rate (alate),mean offspring per unit time,offspring individual-1 day-1,Trait: fecundity rate (alate). Definition: mean offspring per unit time. Unit: offspring individual-1 day-1.,4,68,OBA:0003697,multicellular organism fecundity,high,"The VecTraits entry describes fecundity in terms of offspring per unit time, which aligns with the concept of fecundity in multicellular organisms.",TRUE
fertility,number of offspring produced,number of offspring,Trait: fertility. Definition: number of offspring produced. Unit: number of offspring.,4,68,OBA:VT0010464,fertility trait,high,"The VecTraits entry describes fertility as the number of offspring produced, which aligns with the general concept of fertility in multicellular organisms as described by OBA:VT0010464.",TRUE
fecundity,mean of daily newborn nymph counts,mean number of nymphs,Trait: fecundity. Definition: mean of daily newborn nymph counts. Unit: mean number of nymphs.,4,68,OBA:0003697,multicellular organism fecundity,high,"The VecTraits entry describes fecundity in terms of nymph counts, which aligns with the concept of fecundity in multicellular organisms.",TRUE
average daily fecundity,daily fecundity of female aphids,mx,Trait: average daily fecundity. Definition: daily fecundity of female aphids. Unit: mx.,4,68,OBA:0003697,multicellular organism fecundity,high,"The term 'multicellular organism fecundity' encompasses the fecundity of female aphids, which are multicellular organisms, and aligns with the concept of average daily fecundity.",TRUE
mean fecundity,number of nymphs deposited,oviparae/gynoparae,Trait: mean fecundity. Definition: number of nymphs deposited. Unit: oviparae/gynoparae.,4,68,OBA:0003697,multicellular organism fecundity,high,"The VecTraits entry describes fecundity in terms of nymphs deposited, which aligns with the general concept of fecundity in multicellular organisms.",TRUE
age-specific daily fecundity,new nymphs produced each day,mean number of nymphs,Trait: age-specific daily fecundity. Definition: new nymphs produced each day. Unit: mean number of nymphs.,4,68,OBA:0003697,multicellular organism fecundity,high,"The VecTraits entry describes fecundity in terms of new nymphs produced, which aligns with the general concept of fecundity in multicellular organisms.",TRUE
mean fecundity,mean number of offspring produced by females,female/female,Trait: mean fecundity. Definition: mean number of offspring produced by females. Unit: female/female.,4,68,OBA:0003697,multicellular organism fecundity,high,"The VecTraits entry describes fecundity in terms of offspring produced by females, which aligns with the concept of fecundity in multicellular organisms.",TRUE
Reproductive average daily fecundity,the number of newborn nymphs (N1) per female per day,nymphs per day,Trait: Reproductive average daily fecundity. Definition: the number of newborn nymphs (N1) per female per day. Unit: nymphs per day.,4,68,OBA:0003697,multicellular organism fecundity,high,"The VecTraits entry describes fecundity in terms of offspring per female per day, which aligns with the general concept of fecundity in multicellular organisms.",TRUE
Reproductive average total fecundity,the number of newborn nymphs (N1) per female,nymphs,Trait: Reproductive average total fecundity. Definition: the number of newborn nymphs (N1) per female. Unit: nymphs.,4,68,OBA:0003697,multicellular organism fecundity,high,"The term 'multicellular organism fecundity' aligns with the concept of fecundity in a multicellular organism, which matches the VecTraits entry describing the number of offspring per female.",TRUE
fecundity,number of aphids produced,number of offspring,Trait: fecundity. Definition: number of aphids produced. Unit: number of offspring.,4,68,OBA:0003697,multicellular organism fecundity,high,"The VecTraits entry describes fecundity in terms of the number of offspring produced by aphids, which aligns with the concept of fecundity in multicellular organisms.",TRUE
fecundity rate,maximum number of eggs produced in a single day by an individual female,eggs individual-1 day-1,Trait: fecundity rate. Definition: maximum number of eggs produced in a single day by an individual female. Unit: eggs individual-1 day-1.,4,68,PATO:0000273,fecundity,high,"The VecTraits entry describes fecundity in terms of reproductive capacity, which aligns with the PATO definition of fecundity as a reproductive quality measured by gamete production.",TRUE
weight,"Weight of developing Hyalomma impeltatum nymphs held at four different temperatures and 75% relative humidity""",mg,"Trait: weight. Definition: Weight of developing Hyalomma impeltatum nymphs held at four different temperatures and 75% relative humidity"". Unit: mg.",5,7,PATO:0000125,mass,high,"The VecTraits entry describes the weight of nymphs, which aligns with the concept of 'mass' as per PATO's guidance to use 'mass' for biological contexts.",TRUE
weight,Weight of undisturbed female Hyalomma impeltatum after molting,mg,Trait: weight. Definition: Weight of undisturbed female Hyalomma impeltatum after molting. Unit: mg.,5,7,PATO:0000125,mass,high,"The VecTraits entry describes the weight of an organism, which aligns with the PATO term 'mass' as it is the appropriate concept for biological weight measurements.",TRUE
weight,Weight of undisturbed female Hyalomma impeltatum after feeding (14 days post-molt),mg,Trait: weight. Definition: Weight of undisturbed female Hyalomma impeltatum after feeding (14 days post-molt). Unit: mg.,5,7,PATO:0000125,mass,high,"The VecTraits entry describes the weight of an organism, which aligns with the PATO term 'mass' as it is intended for biological uses of weight.",TRUE
weight,Weight of undisturbed female Hyalomma impeltatum after engorgement,mg,Trait: weight. Definition: Weight of undisturbed female Hyalomma impeltatum after engorgement. Unit: mg.,5,7,PATO:0000125,mass,high,"The VecTraits entry describes the weight of an organism, which aligns with the PATO term 'mass' as it is used for biological contexts instead of 'weight'.",TRUE
Weight,Weight of undisturbed female Hyalomma impeltatum after molting,mg,Trait: Weight. Definition: Weight of undisturbed female Hyalomma impeltatum after molting. Unit: mg.,5,7,PATO:0000125,mass,high,"The VecTraits entry describes the weight of an organism, which aligns with the PATO term 'mass' as it is intended for biological use to describe weight.",TRUE
Weight,Weight of undisturbed female Hyalomma impeltatum after feeding (14 days post-molt),mg,Trait: Weight. Definition: Weight of undisturbed female Hyalomma impeltatum after feeding (14 days post-molt). Unit: mg.,5,7,PATO:0000125,mass,high,"The VecTraits entry describes the mass of an organism, which aligns with the PATO term for 'mass' as it is the appropriate concept for biological weight.",TRUE
Weight,Weight of undisturbed female Hyalomma impeltatum after engorgement,mg,Trait: Weight. Definition: Weight of undisturbed female Hyalomma impeltatum after engorgement. Unit: mg.,5,7,PATO:0000125,mass,high,"The VecTraits entry describes the weight of a tick, which aligns with the concept of 'mass' as used in biological contexts according to PATO.",TRUE
body size,mean wing length (mm),mm,Trait: body size. Definition: mean wing length (mm). Unit: mm.,6,11,OBA:VT0100005,body size trait,high,"The VecTraits entry describes a trait related to the size of a multicellular organism, specifically mean wing length, which aligns with the concept of 'body size trait'.",TRUE
body size,mean length,mm,Trait: body size. Definition: mean length. Unit: mm.,6,11,OBA:VT0100005,body size trait,high,"The VecTraits entry describes the size of a multicellular organism, which aligns with the definition of 'body size trait'.",TRUE
body size,mean width,mm,Trait: body size. Definition: mean width. Unit: mm.,6,11,OBA:VT0100005,body size trait,high,"The VecTraits entry describes the mean width of a multicellular organism, which aligns with the definition of 'body size trait' as the size of a multicellular organism.",TRUE
body size,mean head width,mm,Trait: body size. Definition: mean head width. Unit: mm.,6,11,OBA:VT0100005,body size trait,high,"The VecTraits entry describes 'body size' as mean head width, which aligns with the concept of the size of a multicellular organism.",TRUE
body size,mean thorax length,mm,Trait: body size. Definition: mean thorax length. Unit: mm.,6,11,OBA:VT0100005,body size trait,high,"The term 'body size trait' refers to the size of a multicellular organism, which aligns with the VecTraits entry describing mean thorax length as a measure of body size.",TRUE
body size,mean wing length,mm,Trait: body size. Definition: mean wing length. Unit: mm.,6,11,OBA:VT0100005,body size trait,high,"The VecTraits entry describes a trait related to the size of a multicellular organism, specifically mean wing length, which aligns with the concept of 'body size trait'.",TRUE
body size (length),mean body length,mm,Trait: body size (length). Definition: mean body length. Unit: mm.,6,11,OBA:VT0001256,body length,high,"The VecTraits entry describes mean body length, which directly corresponds to the ontology term 'body length' defined as the length of a multicellular organism.",TRUE
body size (length),mean body length (adult),mm,Trait: body size (length). Definition: mean body length (adult). Unit: mm.,6,11,OBA:VT0001256,body length,high,"The VecTraits entry specifically refers to the mean body length of an adult organism, which aligns directly with the definition of 'body length' as the length of a multicellular organism.",TRUE
body length,mean length (unfed ),mm,Trait: body length. Definition: mean length (unfed ). Unit: mm.,6,11,OBA:VT0001256,body length,high,"The VecTraits entry 'body length' directly corresponds to the ontology term 'body length' which refers to the length of a multicellular organism, matching the definition provided.",TRUE
body length,mean length (engorged ),mm,Trait: body length. Definition: mean length (engorged ). Unit: mm.,6,11,OBA:VT0001256,body length,high,"The VecTraits entry describes the mean length of an organism, which aligns with the definition of 'body length' as the length of a multicellular organism.",TRUE
body width,mean width (unfed),mm,Trait: body width. Definition: mean width (unfed). Unit: mm.,6,11,OBA:VT0015039,body width,high,The VecTraits entry 'body width' directly corresponds to the ontology term 'body width' which refers to the width of a multicellular organism.,TRUE
body size,mean wet mass,mg,Trait: body size. Definition: mean wet mass. Unit: mg.,7,31,OBA:VT0100005,body size trait,high,"The VecTraits entry describes the size of a multicellular organism, which aligns with the definition of 'body size trait'.",TRUE
body size,mean wet mass (waxless and gravid),mg,Trait: body size. Definition: mean wet mass (waxless and gravid). Unit: mg.,7,31,OBA:VT0100005,body size trait,high,"The VecTraits entry describes the size of a multicellular organism, which aligns with the definition of 'body size trait'.",TRUE
body size,mean dry mass,mg,Trait: body size. Definition: mean dry mass. Unit: mg.,7,31,OBA:VT0100005,body size trait,high,"The term 'body size trait' refers to the size of a multicellular organism, which aligns with the VecTraits entry describing mean dry mass as a measure of body size.",TRUE
body size,mean body weight,mg,Trait: body size. Definition: mean body weight. Unit: mg.,7,31,OBA:VT0100005,body size trait,high,"The term 'body size trait' refers to the size of a multicellular organism, which aligns with the VecTraits entry describing mean body weight.",TRUE
body size,individual-level mass,mg,Trait: body size. Definition: individual-level mass. Unit: mg.,7,31,OBA:VT0100005,body size trait,high,"The VecTraits entry describes the size of a multicellular organism, which aligns with the definition of 'body size trait'.",TRUE
body size,individual-level wet mass,mg,Trait: body size. Definition: individual-level wet mass. Unit: mg.,7,31,OBA:VT0100005,body size trait,high,"The VecTraits entry describes the size of a multicellular organism, which aligns with the definition of 'body size trait' as the size of a multicellular organism.",TRUE
body size,mean wet mass on the day feeding was completed,mg,Trait: body size. Definition: mean wet mass on the day feeding was completed. Unit: mg.,7,31,OBA:VT0100005,body size trait,high,"The VecTraits entry describes the size of a multicellular organism, which aligns with the definition of 'body size trait'.",TRUE
body size,mean weight of nymphs post-feeding,mg,Trait: body size. Definition: mean weight of nymphs post-feeding. Unit: mg.,7,31,OBA:VT0100005,body size trait,high,"The term 'body size trait' refers to the size of a multicellular organism, which aligns with the VecTraits entry describing the mean weight of nymphs post-feeding.",TRUE
body size,mean body weight of engorged adult females,mg,Trait: body size. Definition: mean body weight of engorged adult females. Unit: mg.,7,31,OBA:VT0100005,body size trait,high,"The term 'body size trait' refers to the size of a multicellular organism, which aligns with the VecTraits entry describing the mean body weight of engorged adult females.",TRUE
body size,mean wet mass on the day feeding was completed (engorged),mg,Trait: body size. Definition: mean wet mass on the day feeding was completed (engorged). Unit: mg.,7,31,OBA:VT0100005,body size trait,high,"The VecTraits entry describes the size of a multicellular organism, which aligns with the definition of 'body size trait'.",TRUE
body mass,mean weight of female,mg,Trait: body mass. Definition: mean weight of female. Unit: mg.,7,31,OBA:VT0001259,body mass,high,The VecTraits entry 'body mass' with definition 'mean weight of female' aligns with the ontology term 'body mass' which refers to the mass of a multicellular organism.,TRUE
body size,mean dry mass. relationship between dry mass and wing length,mg,Trait: body size. Definition: mean dry mass. relationship between dry mass and wing length. Unit: mg.,7,31,OBA:VT0100005,body size trait,high,"The VecTraits entry describes the size of a multicellular organism, which aligns with the definition of 'body size trait'.",TRUE
body size,dry mass,mg,Trait: body size. Definition: dry mass. Unit: mg.,7,31,OBA:VT0100005,body size trait,high,"The VecTraits entry describes the size of a multicellular organism, which aligns with the definition of 'body size trait'.",TRUE
body size (alate),mean wet mass,mg,Trait: body size (alate). Definition: mean wet mass. Unit: mg.,7,31,OBA:VT0100005,body size trait,high,"The VecTraits entry describes the size of a multicellular organism, which aligns with the definition of 'body size trait'.",TRUE
body size (apterous),mean wet mass,mg,Trait: body size (apterous). Definition: mean wet mass. Unit: mg.,7,31,OBA:VT0100005,body size trait,high,"The term 'body size trait' refers to the size of a multicellular organism, which aligns with the VecTraits entry describing the mean wet mass of an organism.",TRUE
body size (apterous nymph),mean wet mass,days,Trait: body size (apterous nymph). Definition: mean wet mass. Unit: days.,7,31,OBA:VT0100005,body size trait,high,"The term 'body size trait' refers to the size of a multicellular organism, which aligns with the VecTraits entry describing the mean wet mass of an apterous nymph.",TRUE
body size (mass),mean wet mass,mg,Trait: body size (mass). Definition: mean wet mass. Unit: mg.,7,31,OBA:VT0001259,body mass,high,"The VecTraits entry 'body size (mass)' with definition 'mean wet mass' and unit 'mg' aligns directly with the ontology term 'body mass', which refers to the mass of a multicellular organism.",TRUE
body size,mean of weight (unfed),mg,Trait: body size. Definition: mean of weight (unfed). Unit: mg.,7,31,OBA:VT0100005,body size trait,high,"The VecTraits entry describes the size of a multicellular organism, which aligns with the definition of 'body size trait'.",TRUE
body size,mean of weight (engorged),mg,Trait: body size. Definition: mean of weight (engorged). Unit: mg.,7,31,OBA:VT0100005,body size trait,high,"The VecTraits entry describes the size of a multicellular organism, which aligns with the definition of 'body size trait' as the size of a multicellular organism.",TRUE
body size,mean wet mass of an individual tick post engorgement,mg,Trait: body size. Definition: mean wet mass of an individual tick post engorgement. Unit: mg.,7,31,OBA:VT0100005,body size trait,high,"The term 'body size trait' refers to the size of a multicellular organism, which aligns with the VecTraits entry describing the mean wet mass of an individual tick post engorgement.",TRUE
Weight,mean weight of larvae during their feeding period,mg,Trait: Weight. Definition: mean weight of larvae during their feeding period. Unit: mg.,7,31,PATO:0000125,mass,high,"The VecTraits entry describes the mean weight of larvae, which aligns with the concept of 'mass' as defined in PATO:0000125, where 'mass' is the preferred term over 'weight' for biological contexts.",TRUE
Weight,mean weight of nymphs during their feeding period,mg,Trait: Weight. Definition: mean weight of nymphs during their feeding period. Unit: mg.,7,31,PATO:0000125,mass,high,"The VecTraits entry describes the mean weight of nymphs, which aligns with the concept of 'mass' as defined in PATO:0000125 for biological contexts.",TRUE
Weight,mean weight of engorged nymphs moulting to males,mg,Trait: Weight. Definition: mean weight of engorged nymphs moulting to males. Unit: mg.,7,31,PATO:0000125,mass,high,"The VecTraits entry describes the mean weight of nymphs, which aligns with the concept of 'mass' as defined in PATO:0000125.",TRUE
weight,Mean weight 14 days after hatching,ug,Trait: weight. Definition: Mean weight 14 days after hatching. Unit: ug.,7,31,PATO:0000125,mass,high,"The VecTraits entry describes a mean weight, which aligns with the concept of 'mass' as defined in PATO:0000125 for biological contexts.",TRUE
weight,Mean weight on day of engorgement,ug,Trait: weight. Definition: Mean weight on day of engorgement. Unit: ug.,7,31,PATO:0000125,mass,high,"The VecTraits entry describes 'weight' in terms of 'mass', which aligns with the PATO term that specifies using 'mass' for biological contexts.",TRUE
body size,mean weight of engorged tick,mg,Trait: body size. Definition: mean weight of engorged tick. Unit: mg.,7,31,OBA:VT0100005,body size trait,high,"The term 'body size trait' refers to the size of a multicellular organism, which aligns with the VecTraits entry describing the mean weight of an engorged tick.",TRUE
body size,mean weight of engored nymphs,mg,Trait: body size. Definition: mean weight of engored nymphs. Unit: mg.,7,31,OBA:VT0100005,body size trait,high,"The term 'body size trait' refers to the size of a multicellular organism, which aligns with the VecTraits entry describing the mean weight of engorged nymphs.",TRUE
Body Mass,Weight of an individual engorged female,mg,Trait: Body Mass. Definition: Weight of an individual engorged female. Unit: mg.,7,31,OBA:VT0001259,body mass,high,The trait 'Body Mass' for an engorged female aligns with the general concept of 'body mass' as the mass of a multicellular organism.,TRUE
Body Mass,mean daily weight of larvae during their feeding periods,mg,Trait: Body Mass. Definition: mean daily weight of larvae during their feeding periods. Unit: mg.,7,31,OBA:VT0001259,body mass,high,"The VecTraits entry describes the mass of larvae, which aligns with the definition of 'body mass' as the mass of a multicellular organism.",TRUE
Body Mass,mean daily weight of nymphs during their pharate periods,mg,Trait: Body Mass. Definition: mean daily weight of nymphs during their pharate periods. Unit: mg.,7,31,OBA:VT0001259,body mass,high,"The VecTraits entry describes the mass of nymphs, which aligns with the definition of 'body mass' as the mass of a multicellular organism.",TRUE
Body Mass,mean daily weight of nymphs during their feeding periods,mg,Trait: Body Mass. Definition: mean daily weight of nymphs during their feeding periods. Unit: mg.,7,31,OBA:VT0001259,body mass,high,"The VecTraits entry describes the mass of nymphs, which aligns with the definition of 'body mass' as the mass of a multicellular organism.",TRUE
egg mass,mean egg mass weight,mg,Trait: egg mass. Definition: mean egg mass weight. Unit: mg.,8,6,PATO:0000125,mass,high,"The VecTraits entry 'egg mass' refers to the mean egg mass weight, which aligns with the concept of 'mass' as a physical quality.",TRUE
weight,Mean weight on day of hatching,ug,Trait: weight. Definition: Mean weight on day of hatching. Unit: ug.,8,6,PATO:0000125,mass,high,"The VecTraits entry describes the mean weight (mass) of an organism at hatching, which aligns with the PATO term for 'mass' as it is the appropriate concept for biological weight.",TRUE
weight,Mean egg mass,mg,Trait: weight. Definition: Mean egg mass. Unit: mg.,8,6,PATO:0000125,mass,high,"The VecTraits entry describes 'mean egg mass', which aligns with the concept of 'mass' rather than 'weight' as specified in PATO:0000125.",TRUE
egg mass,Mean egg mass by oviposition day of females raised at constant temps,mg,Trait: egg mass. Definition: Mean egg mass by oviposition day of females raised at constant temps. Unit: mg.,8,6,PATO:0000125,mass,high,"The trait 'egg mass' directly corresponds to the concept of 'mass' as it refers to the mean mass of eggs, and PATO:0000125 is the most appropriate term for mass in a biological context.",TRUE
egg mass,mean weight of eggs,mg,Trait: egg mass. Definition: mean weight of eggs. Unit: mg.,8,6,PATO:0000125,mass,medium,"The VecTraits entry describes the mean weight of eggs, which aligns with the concept of 'mass' in PATO, although it is not specific to eggs.",TRUE
Egg Mass,Weight of eggs laid by an individual female,mg,Trait: Egg Mass. Definition: Weight of eggs laid by an individual female. Unit: mg.,8,6,PATO:0000125,mass,medium,"The trait 'Egg Mass' refers to the weight of eggs, which aligns with the concept of 'mass' in PATO, despite the distinction between mass and weight.",TRUE
survival time,mean survival time of fasting larvae,days,Trait: survival time. Definition: mean survival time of fasting larvae. Unit: days.,9,9,PATO:0001309,duration,medium,The VecTraits entry describes a temporal extent (survival time) which aligns with the concept of 'duration' as a process quality.,TRUE
survival time,mean survival time of larvae post hatch,days,Trait: survival time. Definition: mean survival time of larvae post hatch. Unit: days.,9,9,PATO:0001309,duration,medium,"The VecTraits entry describes a temporal extent (mean survival time), which aligns with the concept of 'duration' as a process quality.",TRUE
survival time,mean survival time of fasting nymphs,days,Trait: survival time. Definition: mean survival time of fasting nymphs. Unit: days.,9,9,PATO:0001309,duration,medium,"The VecTraits entry describes a temporal extent of survival, which aligns with the concept of 'duration' as a process quality.",TRUE
survival time,mean time for egg survival,days,Trait: survival time. Definition: mean time for egg survival. Unit: days.,9,9,PATO:0001309,duration,high,"The VecTraits entry describes the mean time for egg survival, which aligns with the concept of 'duration' as it refers to the temporal extent between the starting and ending point of egg survival.",TRUE
survival time,mean time for unfed larva survival,days,Trait: survival time. Definition: mean time for unfed larva survival. Unit: days.,9,9,PATO:0001309,duration,medium,"The VecTraits entry describes a temporal extent of survival, which aligns with the concept of 'duration' as a process quality.",TRUE
survival time,mean time for engorged nymph survival,days,Trait: survival time. Definition: mean time for engorged nymph survival. Unit: days.,9,9,PATO:0001309,duration,high,"The VecTraits entry describes a temporal extent (mean time for survival), which aligns with the concept of 'duration' as a process quality.",TRUE
survival time,mean time for unfed adult survival,days,Trait: survival time. Definition: mean time for unfed adult survival. Unit: days.,9,9,PATO:0001309,duration,medium,"The VecTraits entry describes a temporal extent (mean time for survival), which aligns with the concept of 'duration' as a process quality.",TRUE
survival time,mean time for engorged adult survival,days,Trait: survival time. Definition: mean time for engorged adult survival. Unit: days.,9,9,PATO:0001309,duration,medium,"The VecTraits entry describes a temporal extent (mean time for survival), which aligns with the concept of 'duration' as a process quality.",TRUE
survival time,average number of days unfed nymphs survived,days,Trait: survival time. Definition: average number of days unfed nymphs survived. Unit: days.,9,9,PATO:0001309,duration,high,"The VecTraits entry describes the average number of days unfed nymphs survived, which aligns with the concept of 'duration' as it refers to the temporal extent between the starting and ending point of survival.",TRUE
molt success rate (larval),percentage that molted,percent,Trait: molt success rate (larval). Definition: percentage that molted. Unit: percent.,10,6,PATO:0000161,rate,medium,"The trait 'molt success rate (larval)' involves a percentage, which aligns with the concept of 'rate' as a quality of a process, but lacks specificity to molting.",TRUE
molt success rate (nymphal),percentage that molted,percent,Trait: molt success rate (nymphal). Definition: percentage that molted. Unit: percent.,10,6,NO_MATCH,NO_MATCH,high,None of the candidate terms specifically relate to molting or the success rate of molting in nymphs.,FALSE
molting ratio (larval),percentage that molted during life stage,percent,Trait: molting ratio (larval). Definition: percentage that molted during life stage. Unit: percent.,10,6,GO:0022404,molting cycle process,medium,"The trait 'molting ratio (larval)' relates to the process of molting, and GO:0022404 'molting cycle process' is the closest match despite the lack of a definition.",TRUE
molting ratio (nymphal),percentage that molted during life stage,percent,Trait: molting ratio (nymphal). Definition: percentage that molted during life stage. Unit: percent.,10,6,GO:0022404,molting cycle process,medium,"The trait 'molting ratio (nymphal)' relates to the process of molting, and GO:0022404 'molting cycle process' is the closest match despite the lack of a definition.",TRUE
molt success rate (larval),percentage that molted during life stage,percent,Trait: molt success rate (larval). Definition: percentage that molted during life stage. Unit: percent.,10,6,PATO:0000161,rate,medium,"The trait 'molt success rate (larval)' involves a percentage, which can be considered a rate, but none of the specific ontology terms directly match the concept of molting success.",TRUE
molt success rate (nymphal),percentage that molted during life stage,percent,Trait: molt success rate (nymphal). Definition: percentage that molted during life stage. Unit: percent.,10,6,PATO:0000161,rate,medium,"The trait 'molt success rate (nymphal)' describes a percentage of a process occurring, which aligns with the general concept of 'rate' as a process occurrence per unit time, although it does not specify time explicitly.",TRUE
incubation period,mean duration of egg incubation period (lay to hatching),days,Trait: incubation period. Definition: mean duration of egg incubation period (lay to hatching). Unit: days.,11,8,PATO:0001309,duration,medium,"The VecTraits entry describes a temporal extent from laying to hatching, which aligns with the general concept of 'duration'.",TRUE
incubation period,median time from oviposition to hatching,days,Trait: incubation period. Definition: median time from oviposition to hatching. Unit: days.,11,8,PATO:0001309,duration,medium,"The VecTraits entry describes a temporal extent from oviposition to hatching, which aligns with the concept of 'duration' as a process quality.",TRUE
incubation period,time from start of oviposition until first eggs hatched,days,Trait: incubation period. Definition: time from start of oviposition until first eggs hatched. Unit: days.,11,8,PATO:0001309,duration,medium,"The VecTraits entry describes a temporal extent from start to end, which aligns with the concept of 'duration'.",TRUE
incubation period,mean duration from oviposition to hatching,days,Trait: incubation period. Definition: mean duration from oviposition to hatching. Unit: days.,11,8,PATO:0001309,duration,medium,"The VecTraits entry describes a temporal extent from oviposition to hatching, which aligns with the concept of 'duration' as a process quality.",TRUE
incubation period,mean Incubation Period in days from egg to larvae at constant temps,days,Trait: incubation period. Definition: mean Incubation Period in days from egg to larvae at constant temps. Unit: days.,11,8,PATO:0001309,duration,medium,"The VecTraits entry describes a temporal extent from egg to larvae, which aligns with the concept of 'duration' as a process quality.",TRUE
incubation period,mean time required for an egg to hatch (from time of completion of egg deposition to eclosion of first larva),days,Trait: incubation period. Definition: mean time required for an egg to hatch (from time of completion of egg deposition to eclosion of first larva). Unit: days.,11,8,PATO:0001309,duration,medium,"The VecTraits entry describes a temporal extent from egg deposition to larva eclosion, which aligns with the concept of 'duration' as a process quality.",TRUE
incubation period,mean egg incubation period,days,Trait: incubation period. Definition: mean egg incubation period. Unit: days.,11,8,PATO:0001309,duration,medium,"The VecTraits entry describes a temporal extent of a biological process, which aligns with the concept of 'duration' as a process quality.",TRUE
incubation period,Mean Incubation Period,days,Trait: incubation period. Definition: Mean Incubation Period. Unit: days.,11,8,PATO:0001309,duration,medium,"The trait 'incubation period' refers to the temporal extent of a process, which aligns with the concept of 'duration' as a process quality.",TRUE
hatching rate,percent surviving life stage,percent,Trait: hatching rate. Definition: percent surviving life stage. Unit: percent.,12,13,PATO:0000161,rate,medium,"The VecTraits entry 'hatching rate' refers to a percentage of survival, which aligns with the general concept of 'rate' as a process occurrence per unit time, but lacks specificity to hatching.",TRUE
hatching rate,mean duration of life stage,percent,Trait: hatching rate. Definition: mean duration of life stage. Unit: percent.,12,13,PATO:0000161,rate,medium,"The VecTraits entry describes a rate related to a life stage, and PATO:0000161 'rate' is a general term for a process occurring per unit time, which aligns with the concept of hatching rate.",TRUE
hatchability,mean percentage of eggs hatching,percent,Trait: hatchability. Definition: mean percentage of eggs hatching. Unit: percent.,12,13,NO_CANDIDATES,NO_CANDIDATES,none,No OBA/PATO candidates found via API,FALSE
hatch rate,mean hatching rate of egg batches,percent,Trait: hatch rate. Definition: mean hatching rate of egg batches. Unit: percent.,12,13,PATO:0001492,growth rate,medium,"Hatch rate involves the change in number of a population, similar to growth rate, but it is not a perfect match.",TRUE
larval hatch rate,percentage of unfertilized eggs that were subsequently fertilized,percent,Trait: larval hatch rate. Definition: percentage of unfertilized eggs that were subsequently fertilized. Unit: percent.,12,13,NO_MATCH,NO_MATCH,high,None of the candidate terms specifically represent the concept of 'larval hatch rate' as defined in the VecTraits entry.,FALSE
hatch rate,percentage of unfertilized eggs that were subsequently fertilized,percent,Trait: hatch rate. Definition: percentage of unfertilized eggs that were subsequently fertilized. Unit: percent.,12,13,NO_MATCH,NO_MATCH,high,"None of the candidate terms specifically represent the concept of hatch rate, which is the percentage of unfertilized eggs that were subsequently fertilized.",FALSE
hatch rate,percentage of egg masses producing larvae,percent,Trait: hatch rate. Definition: percentage of egg masses producing larvae. Unit: percent.,12,13,PATO:0001492,growth rate,medium,"Hatch rate involves the change in number of a population (eggs to larvae), which aligns with the concept of growth rate.",TRUE
hatch ratio,hatching ratio of eggs,percent,Trait: hatch ratio. Definition: hatching ratio of eggs. Unit: percent.,12,13,PATO:0001470,ratio,medium,"The term 'ratio' is a general concept that can encompass the hatching ratio of eggs, but it does not specifically address biological traits related to hatching.",TRUE
hatchability,the percent of laid eggs that successfully hatched,percent,Trait: hatchability. Definition: the percent of laid eggs that successfully hatched. Unit: percent.,12,13,NO_CANDIDATES,NO_CANDIDATES,none,No OBA/PATO candidates found via API,FALSE
hatchability,percent of eggs successfully hatching based on the day of oviposition during which it was laid,percent,Trait: hatchability. Definition: percent of eggs successfully hatching based on the day of oviposition during which it was laid. Unit: percent.,12,13,NO_CANDIDATES,NO_CANDIDATES,none,No OBA/PATO candidates found via API,FALSE
hatching period,mean time from initiation to completion of hatching,days,Trait: hatching period. Definition: mean time from initiation to completion of hatching. Unit: days.,12,13,PATO:0001309,duration,medium,"The VecTraits entry describes a temporal extent from start to finish of hatching, which aligns with the concept of 'duration'.",TRUE
hatchability,percent surviving life stage,percent,Trait: hatchability. Definition: percent surviving life stage. Unit: percent.,12,13,NO_CANDIDATES,NO_CANDIDATES,none,No OBA/PATO candidates found via API,FALSE
egg hatch,Mean percentage of eggs hatched,percent,Trait: egg hatch. Definition: Mean percentage of eggs hatched. Unit: percent.,12,13,GO:0009792,embryo development ending in birth or egg hatching,high,"The term 'embryo development ending in birth or egg hatching' encompasses the process of egg hatching, aligning with the VecTraits entry definition of the mean percentage of eggs hatched.",TRUE
longevity,aphid lifespan,days,Trait: longevity. Definition: aphid lifespan. Unit: days.,13,5,OBA:VT0005372,life span determination trait,high,"The VecTraits entry 'longevity' defined as 'aphid lifespan' aligns well with the ontology term 'life span determination trait' which pertains to the determination of adult lifespan, and both involve measuring lifespan in days.",TRUE
longevity,lifespan of aphids,days,Trait: longevity. Definition: lifespan of aphids. Unit: days.,13,5,OBA:VT0005372,life span determination trait,high,"The VecTraits entry 'longevity' referring to 'lifespan of aphids' aligns well with the ontology term 'life span determination trait', which involves the determination of adult lifespan.",TRUE
longevity,adult aphid survival,days,Trait: longevity. Definition: adult aphid survival. Unit: days.,13,5,OBA:VT0005372,life span determination trait,high,"The VecTraits entry 'longevity' defined as 'adult aphid survival' in days aligns well with the ontology term 'life span determination trait', which involves the determination of adult lifespan.",TRUE
adult longevity,lifespan of adult aphids,days,Trait: adult longevity. Definition: lifespan of adult aphids. Unit: days.,13,5,OBA:VT0005372,life span determination trait,high,The term 'life span determination trait' closely aligns with the concept of 'adult longevity' as it pertains to the determination of adult lifespan.,TRUE
aphid longevity,lifespan of aphids,days,Trait: aphid longevity. Definition: lifespan of aphids. Unit: days.,13,5,OBA:VT0005372,life span determination trait,high,"The VecTraits entry 'aphid longevity' directly corresponds to the determination of lifespan, which aligns with the ontology term 'life span determination trait'.",TRUE
reproductive period,mean duration of life stage,days,Trait: reproductive period. Definition: mean duration of life stage. Unit: days.,14,39,PATO:0001309,duration,high,"The VecTraits entry describes the mean duration of a life stage, which aligns with the concept of 'duration' as a process quality related to temporal extent.",TRUE
ovipositional period,mean duration of life stage,days,Trait: ovipositional period. Definition: mean duration of life stage. Unit: days.,14,39,PATO:0001309,duration,medium,"The VecTraits entry describes a mean duration of a life stage, which aligns with the general concept of 'duration' as a process quality.",TRUE
pre-oviposition period,mean duration from adult emergence to onset of reproduction,days,Trait: pre-oviposition period. Definition: mean duration from adult emergence to onset of reproduction. Unit: days.,14,39,PATO:0001309,duration,medium,"The trait 'pre-oviposition period' refers to a temporal extent, which aligns with the concept of 'duration' as a process quality.",TRUE
post-oviposition period,mean duration of life stage,days,Trait: post-oviposition period. Definition: mean duration of life stage. Unit: days.,14,39,PATO:0001309,duration,medium,"The VecTraits entry describes a temporal extent of a life stage, which aligns with the general concept of 'duration'.",TRUE
pre-reproductive period,mean duration of life stage,days,Trait: pre-reproductive period. Definition: mean duration of life stage. Unit: days.,14,39,PATO:0001309,duration,medium,"The VecTraits entry describes a temporal extent of a life stage, which aligns with the concept of 'duration' as a process quality.",TRUE
pre-reproductive period,mean duration from adult emergence to onset of reproduction,days,Trait: pre-reproductive period. Definition: mean duration from adult emergence to onset of reproduction. Unit: days.,14,39,PATO:0001309,duration,medium,"The VecTraits entry describes a temporal extent from adult emergence to reproduction, which aligns with the general concept of 'duration'.",TRUE
age at first reproduction,mean age at first reproduction,days,Trait: age at first reproduction. Definition: mean age at first reproduction. Unit: days.,14,39,PATO:0000011,age,medium,"The trait 'age at first reproduction' relates to the time quality of age, but none of the terms specifically address reproductive age, making 'age' the closest match.",TRUE
pre-reproductive period,mean duration to production of first larva,days,Trait: pre-reproductive period. Definition: mean duration to production of first larva. Unit: days.,14,39,PATO:0001309,duration,medium,"The trait 'pre-reproductive period' refers to the time duration until the production of the first larva, which aligns with the concept of 'duration' as a process quality.",TRUE
preoviposition period,mean duration of prereproductive period (end of feeding until oviposition),days,Trait: preoviposition period. Definition: mean duration of prereproductive period (end of feeding until oviposition). Unit: days.,14,39,PATO:0001309,duration,medium,"The VecTraits entry describes a temporal extent from the end of feeding to oviposition, which aligns with the concept of 'duration' as a process quality.",TRUE
ovipositional period,mean duration of reproductive period,days,Trait: ovipositional period. Definition: mean duration of reproductive period. Unit: days.,14,39,PATO:0001309,duration,medium,"The VecTraits entry describes a temporal extent of a reproductive process, which aligns with the concept of 'duration' as a process quality.",TRUE
preoviposition period,mean duration of period before oviposition,days,Trait: preoviposition period. Definition: mean duration of period before oviposition. Unit: days.,14,39,PATO:0001309,duration,medium,"The trait 'preoviposition period' refers to the duration of time before oviposition, which aligns with the concept of 'duration' as a process quality.",TRUE
ovipositional period,mean duration of ovipositional period,days,Trait: ovipositional period. Definition: mean duration of ovipositional period. Unit: days.,14,39,PATO:0001309,duration,medium,"The trait 'ovipositional period' refers to the duration of a process, which aligns with the general concept of 'duration' in PATO:0001309.",TRUE
preoviposition period,mean duration of life stage,days,Trait: preoviposition period. Definition: mean duration of life stage. Unit: days.,14,39,PATO:0001309,duration,high,"The VecTraits entry describes the mean duration of a life stage, which aligns with the concept of 'duration' as a process quality.",TRUE
preoviposition period,mean duration from adult emergence to onset of reproduction,days,Trait: preoviposition period. Definition: mean duration from adult emergence to onset of reproduction. Unit: days.,14,39,PATO:0001309,duration,medium,"The trait 'preoviposition period' refers to the duration of time from adult emergence to reproduction, which aligns with the general concept of 'duration' as a process quality.",TRUE
total preoviposition period,mean duration from egg to onset of reproduction,days,Trait: total preoviposition period. Definition: mean duration from egg to onset of reproduction. Unit: days.,14,39,NO_MATCH,NO_MATCH,high,None of the candidate ontology terms represent the concept of the duration from egg to onset of reproduction.,FALSE
oviposition period,mean duration of life stage,days,Trait: oviposition period. Definition: mean duration of life stage. Unit: days.,14,39,PATO:0001309,duration,high,"The VecTraits entry describes the mean duration of a life stage, which aligns with the concept of 'duration' as a process quality.",TRUE
reproductive and post-reproductive periods,mean duration of life stage,days,Trait: reproductive and post-reproductive periods. Definition: mean duration of life stage. Unit: days.,14,39,NO_MATCH,NO_MATCH,high,None of the candidate terms specifically address the duration of reproductive and post-reproductive periods in terms of time or life stage duration.,FALSE
age at first reproduction,mean duration of life stage,days,Trait: age at first reproduction. Definition: mean duration of life stage. Unit: days.,14,39,PATO:0000011,age,medium,"The trait 'age at first reproduction' relates to the duration of existence, which aligns with the general concept of 'age' as a time quality.",TRUE
age at first reproduction,mean duration from birth to onset of reproduction,days,Trait: age at first reproduction. Definition: mean duration from birth to onset of reproduction. Unit: days.,14,39,PATO:0000011,age,medium,"The trait 'age at first reproduction' relates to a time quality, which aligns with the general concept of 'age' as a time quality inhering in a bearer.",TRUE
age at first reproduction,mean age at the onset of reproduction,days,Trait: age at first reproduction. Definition: mean age at the onset of reproduction. Unit: days.,14,39,PATO:0000011,age,medium,"The VecTraits entry describes a time quality related to the age at which reproduction begins, which aligns with the general concept of 'age' as a time quality.",TRUE
post-reproductive period,mean duration of life stage,days,Trait: post-reproductive period. Definition: mean duration of life stage. Unit: days.,14,39,PATO:0001309,duration,medium,"The VecTraits entry describes a mean duration of a life stage, which aligns with the general concept of 'duration' as a process quality.",TRUE
pre-reproductive period,mean rate of life stage completion,days,Trait: pre-reproductive period. Definition: mean rate of life stage completion. Unit: days.,14,39,PATO:0001309,duration,medium,"The VecTraits entry describes a temporal extent of a life stage, which aligns with the concept of 'duration' as a process quality.",TRUE
reproductive period,mean rate of life stage completion,days,Trait: reproductive period. Definition: mean rate of life stage completion. Unit: days.,14,39,PATO:0001309,duration,medium,"The VecTraits entry describes a temporal extent of a life stage completion, which aligns with the concept of 'duration' as a process quality.",TRUE
post-reproductive period,mean rate of life stage completion,days,Trait: post-reproductive period. Definition: mean rate of life stage completion. Unit: days.,14,39,PATO:0001309,duration,medium,"The VecTraits entry describes a temporal extent of a life stage, which aligns with the concept of 'duration' as a process quality.",TRUE
oviposition,period of oviposition in days,days,Trait: oviposition. Definition: period of oviposition in days. Unit: days.,14,39,NO_CANDIDATES,NO_CANDIDATES,none,No OBA/PATO candidates found via API,FALSE
pre-reproduction period,duration of developmental phases in days,days,Trait: pre-reproduction period. Definition: duration of developmental phases in days. Unit: days.,14,39,PATO:0001309,duration,medium,"The VecTraits entry describes a temporal extent of developmental phases, which aligns with the concept of 'duration' as a process quality.",TRUE
reproduction period,duration of developmental phases in days,days,Trait: reproduction period. Definition: duration of developmental phases in days. Unit: days.,14,39,PATO:0001309,duration,medium,"The VecTraits entry describes a temporal extent of developmental phases, which aligns with the concept of 'duration' as a process quality.",TRUE
post-reproduction period,duration of developmental phases in days,days,Trait: post-reproduction period. Definition: duration of developmental phases in days. Unit: days.,14,39,PATO:0001309,duration,medium,"The VecTraits entry describes a temporal extent, which aligns with the concept of 'duration' as a process quality.",TRUE
preoviposition period,mean days in preoviposition,days,Trait: preoviposition period. Definition: mean days in preoviposition. Unit: days.,14,39,PATO:0001309,duration,medium,"The trait 'preoviposition period' refers to a temporal extent, which aligns with the concept of 'duration' as a process quality.",TRUE
preoviposition period,individual-level duration of prereproductive period (end of feeding until oviposition),days,Trait: preoviposition period. Definition: individual-level duration of prereproductive period (end of feeding until oviposition). Unit: days.,14,39,PATO:0001309,duration,medium,"The trait 'preoviposition period' refers to the duration of a specific biological process, which aligns with the general concept of 'duration' as defined by PATO:0001309.",TRUE
ovipositional period,individual-level duration of reproductive period,days,Trait: ovipositional period. Definition: individual-level duration of reproductive period. Unit: days.,14,39,PATO:0001309,duration,medium,"The trait 'ovipositional period' refers to the duration of a reproductive process, which aligns with the general concept of 'duration' as a process quality.",TRUE
preoviposition period,mean Preoviposition Period in days at adult female state at const temps,days,Trait: preoviposition period. Definition: mean Preoviposition Period in days at adult female state at const temps. Unit: days.,14,39,PATO:0001309,duration,medium,"The trait 'preoviposition period' refers to a temporal extent, which aligns with the concept of 'duration' as a process quality.",TRUE
oviposition period,mean Oviposition Period in days at adult female state at const temps,days,Trait: oviposition period. Definition: mean Oviposition Period in days at adult female state at const temps. Unit: days.,14,39,PATO:0001309,duration,medium,"The trait 'oviposition period' refers to the temporal extent of a process, which aligns with the concept of 'duration'.",TRUE
preoviposition period,mean time required for an engorged female tick to begin laying eggs,days,Trait: preoviposition period. Definition: mean time required for an engorged female tick to begin laying eggs. Unit: days.,14,39,PATO:0001309,duration,medium,"The trait 'preoviposition period' refers to the time duration for a process, which aligns with the concept of 'duration' as a process quality.",TRUE
preoviposition period,mean time until onset of oviposition,days,Trait: preoviposition period. Definition: mean time until onset of oviposition. Unit: days.,14,39,PATO:0001309,duration,medium,"The trait 'preoviposition period' refers to the time duration until oviposition, which aligns with the concept of 'duration' as a process quality.",TRUE
preoviposition,Mean preoviposition period in days,days,Trait: preoviposition. Definition: Mean preoviposition period in days. Unit: days.,14,39,NO_CANDIDATES,NO_CANDIDATES,none,No OBA/PATO candidates found via API,FALSE
oviposition,Mean ovipostion period in days,days,Trait: oviposition. Definition: Mean ovipostion period in days. Unit: days.,14,39,NO_CANDIDATES,NO_CANDIDATES,none,No OBA/PATO candidates found via API,FALSE
Oviposition Period,Oviposition Period 1/period(day) in engorged females,days-1,Trait: Oviposition Period. Definition: Oviposition Period 1/period(day) in engorged females. Unit: days-1.,14,39,PATO:0001309,duration,medium,"The trait 'Oviposition Period' refers to the temporal extent of a process, which aligns with the concept of 'duration'.",TRUE
preoviposition period,Mean Pre-Oviposition Period,days,Trait: preoviposition period. Definition: Mean Pre-Oviposition Period. Unit: days.,14,39,PATO:0001309,duration,medium,"The preoviposition period is a temporal extent between starting and ending points, aligning with the concept of 'duration'.",TRUE
development time,mean duration of life stage,days,Trait: development time. Definition: mean duration of life stage. Unit: days.,15,31,PATO:0001309,duration,high,"The VecTraits entry describes the mean duration of a life stage, which aligns with the concept of 'duration' as a process quality related to temporal extent.",TRUE
development time,median duration of life stage,days,Trait: development time. Definition: median duration of life stage. Unit: days.,15,31,PATO:0001309,duration,high,"The VecTraits entry describes the median duration of a life stage, which aligns with the concept of 'duration' as a process quality related to temporal extent.",TRUE
development time,mean duration period from aphid birth to its first reproduction,days,Trait: development time. Definition: mean duration period from aphid birth to its first reproduction. Unit: days.,15,31,PATO:0001309,duration,medium,"The VecTraits entry describes a temporal extent from birth to reproduction, which aligns with the concept of 'duration' as a process quality.",TRUE
development rate,mean rate of life stage completion,days-1,Trait: development rate. Definition: mean rate of life stage completion. Unit: days-1.,15,31,PATO:0000161,rate,medium,"The VecTraits entry describes a general rate of life stage completion, which aligns with the broad concept of 'rate' as a process per unit time.",TRUE
development rate,rate of life stage completion,days-1,Trait: development rate. Definition: rate of life stage completion. Unit: days-1.,15,31,PATO:0000161,rate,medium,"The VecTraits entry describes a general rate of life stage completion, which aligns with the broad concept of 'rate' as a process per unit time, but lacks specificity to match any of the more specific ontology terms.",TRUE
development time,mean duration of life cycle (egg-to-egg),days,Trait: development time. Definition: mean duration of life cycle (egg-to-egg). Unit: days.,15,31,PATO:0001309,duration,medium,"The VecTraits entry describes the duration of a life cycle, which aligns with the concept of 'duration' as a process quality related to temporal extent.",TRUE
development time,mean duration of life stage (across all humidity levels),days,Trait: development time. Definition: mean duration of life stage (across all humidity levels). Unit: days.,15,31,PATO:0001309,duration,high,"The VecTraits entry describes the mean duration of a life stage, which aligns with the concept of 'duration' as a process quality related to temporal extent.",TRUE
development time,mean duration for 50 percent of eggs to hatch,days,Trait: development time. Definition: mean duration for 50 percent of eggs to hatch. Unit: days.,15,31,PATO:0001309,duration,medium,"The VecTraits entry describes the duration of a developmental process, which aligns with the concept of 'duration' as a process quality.",TRUE
development time,median duration for egg development,days,Trait: development time. Definition: median duration for egg development. Unit: days.,15,31,PATO:0001309,duration,medium,"The VecTraits entry describes the duration of egg development, which aligns with the concept of 'duration' as a process quality related to temporal extent.",TRUE
development time,mean duration for egg development,days,Trait: development time. Definition: mean duration for egg development. Unit: days.,15,31,PATO:0001309,duration,medium,"The VecTraits entry describes the mean duration for egg development, which aligns with the concept of 'duration' as a process quality related to temporal extent.",TRUE
development time,duration of life stage,days,Trait: development time. Definition: duration of life stage. Unit: days.,15,31,PATO:0001309,duration,high,"The VecTraits entry 'development time' refers to the temporal extent of a life stage, which aligns with the definition of 'duration' as the magnitude of the temporal extent between the starting and ending point of a process.",TRUE
development rate,mean duration of life stage,days,Trait: development rate. Definition: mean duration of life stage. Unit: days.,15,31,PATO:0000161,rate,medium,"The VecTraits entry describes a general rate of development for a life stage, which aligns with the broad concept of 'rate' as a process per unit time.",TRUE
development time,mean duration of life cycle,days,Trait: development time. Definition: mean duration of life cycle. Unit: days.,15,31,PATO:0001309,duration,high,"The VecTraits entry describes the mean duration of a life cycle, which aligns with the concept of 'duration' as a process quality related to temporal extent.",TRUE
development time,individual-level duration of life stage,days,Trait: development time. Definition: individual-level duration of life stage. Unit: days.,15,31,PATO:0001309,duration,high,"The VecTraits entry describes the duration of a life stage, which aligns with the concept of 'duration' as a process quality related to temporal extent.",TRUE
development rate,individual-level rate of life stage completion,days-1,Trait: development rate. Definition: individual-level rate of life stage completion. Unit: days-1.,15,31,PATO:0000161,rate,medium,"The VecTraits entry describes a general rate of life stage completion, which aligns with the broad concept of 'rate' as a process occurring per unit time, but lacks specificity to match any of the more specific ontology terms.",TRUE
development time,mean duration of larval attachment developmental phase,days,Trait: development time. Definition: mean duration of larval attachment developmental phase. Unit: days.,15,31,PATO:0001309,duration,medium,"The VecTraits entry describes the mean duration of a developmental phase, which aligns with the concept of 'duration' as a process quality related to temporal extent.",TRUE
development rate,mean development rate per day,percent day-1,Trait: development rate. Definition: mean development rate per day. Unit: percent day-1.,15,31,PATO:0000161,rate,medium,"The VecTraits entry describes a general development rate per day, which aligns with the concept of a rate as a process occurring per unit time, but lacks specificity to match any of the more specific ontology terms.",TRUE
development time,mean duration from when eggs were deposited to hatch,days,Trait: development time. Definition: mean duration from when eggs were deposited to hatch. Unit: days.,15,31,PATO:0001309,duration,medium,"The VecTraits entry describes the duration of a developmental process, which aligns with the concept of 'duration' as a process quality.",TRUE
development time,mean time to complete nymphal devlopment,days,Trait: development time. Definition: mean time to complete nymphal devlopment. Unit: days.,15,31,PATO:0001309,duration,medium,"The VecTraits entry describes the mean time to complete nymphal development, which aligns with the concept of 'duration' as the temporal extent of a process.",TRUE
developmental time,mean duration of life stage,days,Trait: developmental time. Definition: mean duration of life stage. Unit: days.,15,31,PATO:0001309,duration,high,"The VecTraits entry describes the mean duration of a life stage, which aligns with the concept of 'duration' as a process quality related to temporal extent.",TRUE
development rate,replicate-level mean rate of life stage completion,days-1,Trait: development rate. Definition: replicate-level mean rate of life stage completion. Unit: days-1.,15,31,PATO:0000161,rate,medium,"The VecTraits entry describes a general rate of life stage completion, which aligns with the general concept of 'rate' as a process per unit time, but lacks specificity to match any particular development rate term.",TRUE
development time,mean duration of juvenile stages and from adult emergence to the onset of reproduction,days,Trait: development time. Definition: mean duration of juvenile stages and from adult emergence to the onset of reproduction. Unit: days.,15,31,PATO:0001309,duration,medium,"The VecTraits entry describes the duration of developmental stages, which aligns with the concept of 'duration' as a process quality related to temporal extent.",TRUE
development rate,inverse of the mean duration of life stage,days-1,Trait: development rate. Definition: inverse of the mean duration of life stage. Unit: days-1.,15,31,PATO:0000161,rate,medium,"The VecTraits entry describes a general rate of development, which aligns with the broad concept of 'rate' as a process per unit time, but lacks specificity to a particular biological structure or process.",TRUE
development time,mean duration of life stage as a function of rearing food type (secondstressor) and temperature,days,Trait: development time. Definition: mean duration of life stage as a function of rearing food type (secondstressor) and temperature. Unit: days.,15,31,PATO:0001309,duration,medium,"The VecTraits entry describes the mean duration of a life stage, which aligns with the concept of 'duration' as a process quality related to temporal extent.",TRUE
development time,nymphal development time,days,Trait: development time. Definition: nymphal development time. Unit: days.,15,31,PATO:0001309,duration,medium,"The VecTraits entry describes 'nymphal development time' in days, which aligns with the concept of 'duration' as the temporal extent of a process.",TRUE
developmental time,number of days at each developmental stage,days,Trait: developmental time. Definition: number of days at each developmental stage. Unit: days.,15,31,PATO:0001309,duration,high,"The VecTraits entry describes the number of days at each developmental stage, which aligns with the concept of 'duration' as the temporal extent between starting and ending points.",TRUE
development time,mean nymphal development time,days,Trait: development time. Definition: mean nymphal development time. Unit: days.,15,31,PATO:0001309,duration,medium,"The VecTraits entry describes a temporal extent of nymphal development, which aligns with the concept of 'duration' as a process quality.",TRUE
development time,mean duration of incubation period,days,Trait: development time. Definition: mean duration of incubation period. Unit: days.,15,31,PATO:0001309,duration,high,"The VecTraits entry describes the mean duration of the incubation period, which aligns with the concept of 'duration' as a process quality related to temporal extent.",TRUE
development time,mean duration of attachment period,days,Trait: development time. Definition: mean duration of attachment period. Unit: days.,15,31,PATO:0001309,duration,medium,"The VecTraits entry describes a temporal extent of a process, which aligns with the concept of 'duration' as a process quality.",TRUE
development time,mean duration of premoulting period,days,Trait: development time. Definition: mean duration of premoulting period. Unit: days.,15,31,PATO:0001309,duration,medium,"The VecTraits entry describes the mean duration of a developmental period, which aligns with the concept of 'duration' as a process quality related to temporal extent.",TRUE
Development time,Mean time from engorgement to moulting,days,Trait: Development time. Definition: Mean time from engorgement to moulting. Unit: days.,15,31,PATO:0001309,duration,medium,"The VecTraits entry describes the time from engorgement to moulting, which aligns with the concept of 'duration' as the temporal extent between starting and ending points of a process.",TRUE
longevity,mean duration of life stage,days,Trait: longevity. Definition: mean duration of life stage. Unit: days.,16,29,OBA:VT0005372,life span determination trait,high,"The VecTraits entry 'longevity' defined as 'mean duration of life stage' aligns with the concept of determining adult lifespan, which is captured by the ontology term 'life span determination trait'.",TRUE
longevity,median duration of life stage,days,Trait: longevity. Definition: median duration of life stage. Unit: days.,16,29,OBA:VT0005372,life span determination trait,medium,"The VecTraits entry 'longevity' refers to the duration of a life stage, which aligns with the concept of determining lifespan, but the ontology term specifically mentions adult lifespan, which may not fully encompass all life stages.",TRUE
mortality,percent not surviving life stage,percent,Trait: mortality. Definition: percent not surviving life stage. Unit: percent.,16,29,NO_MATCH,NO_MATCH,high,"The VecTraits entry describes a general mortality trait as a percentage, which does not correspond to any specific protein level measurement in the candidate ontology terms.",FALSE
longevity,median adult lifespan,days,Trait: longevity. Definition: median adult lifespan. Unit: days.,16,29,OBA:VT0005372,life span determination trait,high,"The VecTraits entry 'longevity' defined as 'median adult lifespan' aligns well with the ontology term 'life span determination trait', which involves the process quality of determining adult lifespan.",TRUE
mortality rate,mean per capita rate of mortality during life stage,individual-1 day-1,Trait: mortality rate. Definition: mean per capita rate of mortality during life stage. Unit: individual-1 day-1.,16,29,PATO:0000161,rate,medium,"The term 'rate' is a general concept that encompasses the occurrence of any process per unit time, which aligns with the definition of mortality rate as a mean per capita rate of mortality during a life stage.",TRUE
mortality,mean duration of life stage,days,Trait: mortality. Definition: mean duration of life stage. Unit: days.,16,29,NO_MATCH,NO_MATCH,high,"The VecTraits entry describes the mean duration of a life stage in days, which is unrelated to the levels of mortality factor proteins in blood or cerebrospinal fluid.",FALSE
mortality,cummulative mortality percentage across immature stages,percent,Trait: mortality. Definition: cummulative mortality percentage across immature stages. Unit: percent.,16,29,NO_MATCH,NO_MATCH,high,"The VecTraits entry describes cumulative mortality percentage across immature stages, which is unrelated to the levels of specific proteins in blood or cerebrospinal fluid.",FALSE
mortality,proportion not surviving life stage,proportion,Trait: mortality. Definition: proportion not surviving life stage. Unit: proportion.,16,29,NO_MATCH,NO_MATCH,high,"The VecTraits entry describes mortality as a proportion not surviving a life stage, which is unrelated to the levels of specific proteins in blood or cerebrospinal fluid.",FALSE
mortality,time to 50% mortality,days,Trait: mortality. Definition: time to 50% mortality. Unit: days.,16,29,NO_MATCH,NO_MATCH,high,"The VecTraits entry describes a time-based measure of mortality, while the candidate ontology terms refer to protein levels in various fluids, which are unrelated concepts.",FALSE
mortality rate,mean death rate during life stage,individual-1 day-1,Trait: mortality rate. Definition: mean death rate during life stage. Unit: individual-1 day-1.,16,29,PATO:0000161,rate,medium,"The term 'rate' is a general concept that encompasses the occurrence of any process per unit time, which aligns with the definition of 'mortality rate' as a mean death rate during a life stage.",TRUE
longevity,individual-level duration of life stage,days,Trait: longevity. Definition: individual-level duration of life stage. Unit: days.,16,29,OBA:VT0005372,life span determination trait,medium,"The VecTraits entry 'longevity' aligns with the concept of determining lifespan, but the ontology term emphasizes the process quality of determination, which may not fully capture the individual-level duration aspect.",TRUE
mortality rate,individual-level per capita daily rate of mortality,indivdual-1 day-1,Trait: mortality rate. Definition: individual-level per capita daily rate of mortality. Unit: indivdual-1 day-1.,16,29,PATO:0000161,rate,medium,"The term 'rate' is a general concept that encompasses the occurrence of any process per unit time, which aligns with the definition of 'mortality rate' as an individual-level per capita daily rate of mortality.",TRUE
longevity,duration for 50% mortality,days,Trait: longevity. Definition: duration for 50% mortality. Unit: days.,16,29,OBA:VT0005372,life span determination trait,high,"The VecTraits entry 'longevity' defined as 'duration for 50% mortality' aligns with the concept of determining adult lifespan, which is captured by the ontology term 'life span determination trait'.",TRUE
lifespan,mean duration of entire life,days,Trait: lifespan. Definition: mean duration of entire life. Unit: days.,16,29,OBA:VT0005372,life span determination trait,high,"The VecTraits entry describes the mean duration of life, which aligns with the concept of determining lifespan as a trait.",TRUE
mortality (adult),mean duration for 100% mortality (unfed adults),weeks,Trait: mortality (adult). Definition: mean duration for 100% mortality (unfed adults). Unit: weeks.,16,29,NO_MATCH,NO_MATCH,high,None of the candidate ontology terms relate to the concept of adult mortality duration in weeks.,FALSE
longevity,mean duration of life stage as a function of body size,days,Trait: longevity. Definition: mean duration of life stage as a function of body size. Unit: days.,16,29,NO_MATCH,NO_MATCH,high,"The VecTraits entry describes longevity as a function of body size, which is not directly covered by the candidate term focused on lifespan determination.",FALSE
mortality,percentage not surviving life stage,percent,Trait: mortality. Definition: percentage not surviving life stage. Unit: percent.,16,29,NO_MATCH,NO_MATCH,high,"The VecTraits entry describes mortality as a percentage not surviving a life stage, which is unrelated to the levels of specific proteins in blood or cerebrospinal fluid.",FALSE
longevity,mean duration of life,days,Trait: longevity. Definition: mean duration of life. Unit: days.,16,29,OBA:VT0005372,life span determination trait,high,"The VecTraits entry 'longevity' defined as 'mean duration of life' aligns well with the ontology term 'life span determination trait', which involves the determination of adult lifespan.",TRUE
mortality,mean percent not surviving life stage,percent,Trait: mortality. Definition: mean percent not surviving life stage. Unit: percent.,16,29,NO_MATCH,NO_MATCH,high,"The VecTraits entry describes mortality as a percentage of individuals not surviving a life stage, which is unrelated to the levels of specific proteins in blood or cerebrospinal fluid.",FALSE
longevity,percent not surviving life stage,days,Trait: longevity. Definition: percent not surviving life stage. Unit: days.,16,29,NO_MATCH,NO_MATCH,high,"The VecTraits entry describes a measure of survival rate, not the determination of lifespan, which is what the candidate ontology term represents.",FALSE
longevity,mean rate of life stage completion,days,Trait: longevity. Definition: mean rate of life stage completion. Unit: days.,16,29,NO_MATCH,NO_MATCH,high,"The VecTraits entry describes the mean rate of life stage completion, which is not the same as determining adult lifespan as described by the candidate ontology term.",FALSE
longevity,mean duration of life stage as a function of rearing food type (secondstressor) and temperature,days,Trait: longevity. Definition: mean duration of life stage as a function of rearing food type (secondstressor) and temperature. Unit: days.,16,29,OBA:VT0005372,life span determination trait,high,"The VecTraits entry describes the mean duration of a life stage, which aligns with the determination of lifespan as described by the ontology term.",TRUE
longevity,mean duration of adult lifespan as a function of temperature and the number of instars completed prior to reproductive adulthood (secondstressor),days,Trait: longevity. Definition: mean duration of adult lifespan as a function of temperature and the number of instars completed prior to reproductive adulthood (secondstressor). Unit: days.,16,29,OBA:VT0005372,life span determination trait,high,"The VecTraits entry describes the determination of adult lifespan, which aligns with the ontology term's focus on the process quality of lifespan determination.",TRUE
longevity (apterous),mean duration of life stage,days,Trait: longevity (apterous). Definition: mean duration of life stage. Unit: days.,16,29,OBA:VT0005372,life span determination trait,high,"The VecTraits entry 'longevity (apterous)' refers to the mean duration of a life stage, which aligns with the determination of adult lifespan described by the ontology term.",TRUE
longevity (alate),mean duration of life stage,days,Trait: longevity (alate). Definition: mean duration of life stage. Unit: days.,16,29,OBA:VT0005372,life span determination trait,high,"The VecTraits entry 'longevity (alate)' refers to the mean duration of a life stage, which aligns with the concept of determining adult lifespan as described by the ontology term.",TRUE
adult longevity,lifespan over time,days,Trait: adult longevity. Definition: lifespan over time. Unit: days.,16,29,OBA:VT0005372,life span determination trait,high,"The term 'life span determination trait' closely aligns with the concept of 'adult longevity' as it pertains to the determination of lifespan, which matches the VecTraits entry definition of lifespan over time.",TRUE
mean longevity,mean lifespan in days,days,Trait: mean longevity. Definition: mean lifespan in days. Unit: days.,16,29,OBA:VT0005372,life span determination trait,high,The VecTraits entry 'mean longevity' aligns with the ontology term 'life span determination trait' as both pertain to the measurement of lifespan.,TRUE
Longevity,"sum of all life stage periods in study (pre-reproductive, reproductive, and post-reproductive)",days,"Trait: Longevity. Definition: sum of all life stage periods in study (pre-reproductive, reproductive, and post-reproductive). Unit: days.",16,29,OBA:VT0005372,life span determination trait,high,"The VecTraits entry for Longevity, defined as the sum of all life stage periods, aligns with the concept of determining lifespan, which is captured by the ontology term 'life span determination trait'.",TRUE
longevity,individual-level duration of adult female life stage,days,Trait: longevity. Definition: individual-level duration of adult female life stage. Unit: days.,16,29,OBA:VT0005372,life span determination trait,high,"The VecTraits entry describes the duration of the adult female life stage, which aligns with the determination of adult lifespan as described by the ontology term.",TRUE
survival,proportion surviving life stage,proportion,Trait: survival. Definition: proportion surviving life stage. Unit: proportion.,17,6,PATO:0000719,viable,medium,"The term 'viable' relates to the ability to survive, which aligns with the VecTraits entry describing the proportion surviving a life stage.",TRUE
survival,percent surviving life stage,percent,Trait: survival. Definition: percent surviving life stage. Unit: percent.,17,6,PATO:0000719,viable,medium,"The term 'viable' relates to the ability to survive, which aligns with the VecTraits entry describing the percent surviving a life stage, although it is not an exact match.",TRUE
survival rate,percent surviving life stage,percent,Trait: survival rate. Definition: percent surviving life stage. Unit: percent.,17,6,NO_MATCH,NO_MATCH,high,"None of the candidate terms specifically represent the concept of survival rate, which is the percentage of individuals surviving a life stage, not a rate of a process per unit time.",FALSE
survival,proportion of individuals surviving life stage (emergence rate),proportion,Trait: survival. Definition: proportion of individuals surviving life stage (emergence rate). Unit: proportion.,17,6,PATO:0000719,viable,medium,"The term 'viable' relates to the ability to survive, which aligns with the VecTraits entry describing the proportion of individuals surviving a life stage.",TRUE
survival,percentage of individuals surviving life stage (emergence rate),individuals,Trait: survival. Definition: percentage of individuals surviving life stage (emergence rate). Unit: individuals.,17,6,PATO:0000719,viable,medium,"The term 'viable' relates to the ability to survive, which aligns with the concept of survival rate in a population, although it is not a perfect match for 'emergence rate'.",TRUE
survival rate,mean percentage surviving life stage,percent,Trait: survival rate. Definition: mean percentage surviving life stage. Unit: percent.,17,6,PATO:0000161,rate,medium,"The term 'rate' is a general concept that can encompass survival rate, although it does not specifically refer to survival, it is the closest match available.",TRUE
survival rate,percentage of ticks that survived the larval stage,percent,Trait: survival rate. Definition: percentage of ticks that survived the larval stage. Unit: percent.,18,12,NO_MATCH,NO_MATCH,high,"None of the candidate terms specifically refer to survival rate, which is a measure of the percentage of individuals surviving a stage, not a rate of a process per unit time.",FALSE
survival rate,percentage of ticks that survived the larval moult,percent,Trait: survival rate. Definition: percentage of ticks that survived the larval moult. Unit: percent.,18,12,NO_MATCH,NO_MATCH,high,"None of the candidate ontology terms specifically represent the concept of survival rate, which is the percentage of individuals surviving a specific life stage transition.",FALSE
survival rate,percentage of ticks that survived the nymphal moult,percent,Trait: survival rate. Definition: percentage of ticks that survived the nymphal moult. Unit: percent.,18,12,PATO:0001492,growth rate,medium,"The survival rate of ticks through a developmental stage can be conceptually linked to the growth rate of a population, as it involves the change in number of surviving individuals.",TRUE
survival rate,percentage of ticks that survived adult engorgement,percent,Trait: survival rate. Definition: percentage of ticks that survived adult engorgement. Unit: percent.,18,12,NO_MATCH,NO_MATCH,high,"None of the candidate terms specifically represent the concept of survival rate, which is the percentage of individuals surviving a specific process, not a rate per unit time.",FALSE
survival rate,percentage of ticks that survived the nymphal stage,percent,Trait: survival rate. Definition: percentage of ticks that survived the nymphal stage. Unit: percent.,18,12,NO_MATCH,NO_MATCH,high,"None of the candidate terms specifically refer to the survival rate of ticks or any survival rate, which is a distinct biological concept from the rates of specific processes or reflexes.",FALSE
survival rate,percentage of ticks that survived the adult stage,percent,Trait: survival rate. Definition: percentage of ticks that survived the adult stage. Unit: percent.,18,12,NO_MATCH,NO_MATCH,high,"None of the candidate terms specifically represent the concept of survival rate, which is the percentage of individuals surviving a life stage, not a rate per unit time.",FALSE
survival rate,percentage of starved larval ticks that survived to the days listed,percent,Trait: survival rate. Definition: percentage of starved larval ticks that survived to the days listed. Unit: percent.,18,12,PATO:0000161,rate,medium,"The trait 'survival rate' refers to a percentage over time, which aligns with the general concept of 'rate' as a process occurrence per unit time, but lacks specificity in the ontology terms provided.",TRUE
survival rate,percentage of ticks that survived at 5 degrees celcius,percent,Trait: survival rate. Definition: percentage of ticks that survived at 5 degrees celcius. Unit: percent.,18,12,PATO:0000161,rate,medium,"The term 'rate' is a general concept that can encompass survival rate, but it does not specifically refer to survival, hence the medium confidence.",TRUE
survival rate,percentage of ticks that survived at 17 degrees celcius,percent,Trait: survival rate. Definition: percentage of ticks that survived at 17 degrees celcius. Unit: percent.,18,12,PATO:0000161,rate,medium,"The trait 'survival rate' is a measure of occurrence per unit time, which aligns with the general concept of 'rate'.",TRUE
survival rate,percentage of ticks that survived at 24 degrees celcius,percent,Trait: survival rate. Definition: percentage of ticks that survived at 24 degrees celcius. Unit: percent.,18,12,PATO:0001492,growth rate,medium,"The concept of 'survival rate' aligns with the idea of change in number of a population, as it reflects the percentage of individuals surviving over time.",TRUE
survival rate,percentage of ticks that survived at 30 degrees celcius,percent,Trait: survival rate. Definition: percentage of ticks that survived at 30 degrees celcius. Unit: percent.,18,12,NO_MATCH,NO_MATCH,high,"None of the candidate terms specifically represent the concept of survival rate, which is distinct from general rates or specific biological processes.",FALSE
survival rate,percentage of larval ticks that molted following engorgement,percent,Trait: survival rate. Definition: percentage of larval ticks that molted following engorgement. Unit: percent.,18,12,PATO:0001492,growth rate,medium,"The survival rate of larval ticks molting after engorgement can be considered a type of growth in population size, aligning with the concept of growth rate.",TRUE
prefeeding period (larval),mean duration of life stage,days,Trait: prefeeding period (larval). Definition: mean duration of life stage. Unit: days.,19,8,PATO:0001309,duration,medium,"The VecTraits entry describes the duration of a life stage, which aligns with the concept of 'duration' as a process quality.",TRUE
feeding period (larval),mean duration of life stage,days,Trait: feeding period (larval). Definition: mean duration of life stage. Unit: days.,19,8,PATO:0001309,duration,medium,"The VecTraits entry describes the mean duration of a life stage, which aligns with the concept of 'duration' as a process quality, but lacks specificity to the larval feeding period.",TRUE
prefeeding period (nymphal),mean duration of life stage,days,Trait: prefeeding period (nymphal). Definition: mean duration of life stage. Unit: days.,19,8,PATO:0001309,duration,high,"The VecTraits entry describes the mean duration of a life stage, which aligns with the concept of 'duration' as a process quality.",TRUE
feeding period (nymphal),mean duration of life stage,days,Trait: feeding period (nymphal). Definition: mean duration of life stage. Unit: days.,19,8,PATO:0001309,duration,high,"The VecTraits entry describes the mean duration of a life stage, which aligns with the concept of 'duration' as a process quality.",TRUE
prefeeding period (adult),mean duration of life stage,days,Trait: prefeeding period (adult). Definition: mean duration of life stage. Unit: days.,19,8,PATO:0001309,duration,medium,"The VecTraits entry describes a temporal extent of a life stage, which aligns with the concept of 'duration' as a process quality.",TRUE
feeding period (adult),mean duration of life stage,days,Trait: feeding period (adult). Definition: mean duration of life stage. Unit: days.,19,8,PATO:0001309,duration,high,"The VecTraits entry describes the mean duration of a life stage, which aligns with the concept of 'duration' as a process quality related to temporal extent.",TRUE
feeding period,mean Feeding Period in days at nymph state at constant temps,days,Trait: feeding period. Definition: mean Feeding Period in days at nymph state at constant temps. Unit: days.,19,8,PATO:0001309,duration,high,"The VecTraits entry describes the mean duration of a feeding period in days, which aligns with the concept of 'duration' as a process quality.",TRUE
feeding period,mean time required for nymphs to feed,days,Trait: feeding period. Definition: mean time required for nymphs to feed. Unit: days.,19,8,PATO:0001309,duration,medium,"The VecTraits entry describes the mean time required for nymphs to feed, which aligns with the concept of 'duration' as a process quality related to temporal extent.",TRUE
premolt period (nymphal),mean duration of nymphal premolting phase,days,Trait: premolt period (nymphal). Definition: mean duration of nymphal premolting phase. Unit: days.,20,12,PATO:0001309,duration,high,"The trait 'premolt period (nymphal)' refers to the temporal extent of a biological process, which aligns with the concept of 'duration' as defined in PATO:0001309.",TRUE
premolt period (larval),mean duration of larval premolting phase,days,Trait: premolt period (larval). Definition: mean duration of larval premolting phase. Unit: days.,20,12,PATO:0001309,duration,medium,"The VecTraits entry describes the duration of a specific phase, which aligns with the concept of 'duration' as a process quality.",TRUE
molting time,mean duration of nymphal molting phase,days,Trait: molting time. Definition: mean duration of nymphal molting phase. Unit: days.,20,12,PATO:0001309,duration,medium,"The VecTraits entry describes the duration of a biological process, which aligns with the concept of 'duration' as a process quality.",TRUE
premolt period (nymphal),mean time to complete nymphal moulting,days,Trait: premolt period (nymphal). Definition: mean time to complete nymphal moulting. Unit: days.,20,12,PATO:0001309,duration,medium,"The trait 'premolt period (nymphal)' refers to the time duration of a biological process, which aligns with the concept of 'duration' as a process quality.",TRUE
premolt period (larval),mean time to complete larval moulting,days,Trait: premolt period (larval). Definition: mean time to complete larval moulting. Unit: days.,20,12,PATO:0001309,duration,medium,"The trait 'premolt period (larval)' refers to the time duration of a process, which aligns with the concept of 'duration' as a process quality.",TRUE
premolt period (larval),mean duration of life stage,days,Trait: premolt period (larval). Definition: mean duration of life stage. Unit: days.,20,12,PATO:0001309,duration,medium,"The VecTraits entry describes the mean duration of a larval life stage, which aligns with the concept of 'duration' as a process quality.",TRUE
premolt period,mean duration of life stage,days,Trait: premolt period. Definition: mean duration of life stage. Unit: days.,20,12,PATO:0001309,duration,medium,"The VecTraits entry describes a mean duration of a life stage, which aligns with the general concept of 'duration' as a process quality.",TRUE
premolt period (nymphal),mean duration of life stage,days,Trait: premolt period (nymphal). Definition: mean duration of life stage. Unit: days.,20,12,PATO:0001309,duration,high,"The trait 'premolt period (nymphal)' refers to the mean duration of a life stage, which aligns with the concept of 'duration' as a process quality related to temporal extent.",TRUE
molting period (nymphal),mean duration of life stage,days,Trait: molting period (nymphal). Definition: mean duration of life stage. Unit: days.,20,12,PATO:0001309,duration,medium,"The VecTraits entry describes the mean duration of a life stage, which aligns with the concept of 'duration' as a process quality.",TRUE
premolting period,mean Premolting Period in days at larval state at const temps,days,Trait: premolting period. Definition: mean Premolting Period in days at larval state at const temps. Unit: days.,20,12,PATO:0001309,duration,medium,"The trait 'premolting period' refers to the temporal extent of a process, which aligns with the concept of 'duration'.",TRUE
premolting period,mean Premolting Period in days at nymph state at constant temps,days,Trait: premolting period. Definition: mean Premolting Period in days at nymph state at constant temps. Unit: days.,20,12,PATO:0001309,duration,medium,"The trait 'premolting period' refers to the temporal extent of a process, which aligns with the concept of 'duration'.",TRUE
moulting period,mean time required for nymphs to moult,days,Trait: moulting period. Definition: mean time required for nymphs to moult. Unit: days.,20,12,PATO:0001309,duration,medium,"The trait 'moulting period' refers to the time duration for nymphs to moult, which aligns with the concept of 'duration' as a process quality.",TRUE
