trait_name,trait_def,trait_unit,best_match_id,best_match_label,confidence,reasoning
mortality rate,per capita daily mortality,individual-1 day-1,PATO:0000161,rate,medium,"The VecTraits entry describes a mortality rate, which is a type of rate, but no specific ontology term for mortality rate is available among the candidates."
blood feeding frequency,mean lifetime blood meals individual-1,blood meals,PATO:0000044,frequency,medium,"The trait 'blood feeding frequency' refers to the number of repetitive actions (blood meals) over a lifetime, aligning with the general concept of 'frequency' as defined by PATO:0000044."
egg viability,mean percentage of viable eggs produced per female,eggs individual-1,PATO:0000169,viability,medium,"The trait 'egg viability' refers to the percentage of eggs that are viable, which aligns with the general concept of 'viability' as the disposition to survive and develop normally."
fat content,mean lipid content per individual,ug mg-1 individual-1,PATO:0000025,composition,medium,"The trait 'fat content' refers to the composition of lipids in an individual, which aligns with the general concept of 'composition' in PATO:0000025."
pre-blood meal period,average duration from emergence to first blood meal,days,PATO:0001309,duration,medium,"The trait 'pre-blood meal period' refers to the temporal extent of a process, which aligns with the concept of 'duration'."
resource consumption rate,mean daily resource consumption rate,cm2 day-1,PATO:0000161,rate,medium,"The VecTraits entry describes a rate of resource consumption, which aligns with the general concept of 'rate' as a process occurring per unit time."
blood feeding,percent taking one bloodmeal,percent,OBA:1000748,feeding behavior quality,high,"The trait 'blood feeding' refers to a behavior related to feeding, which aligns with the concept of 'feeding behavior quality'."
lipid content,mean lipid content per individual,ug,OBA:VT0001547,lipid amount,high,"The VecTraits entry 'lipid content' refers to the amount of lipid measured per individual, which aligns with the ontology term 'lipid amount' that describes the amount of lipid measured in an anatomical entity."
protein content,mean protein content per individual,ug,PATO:0103004,total amount,medium,"The trait 'protein content' refers to the total amount of protein, which aligns with the concept of a quantitative quality representing the sum of all 'amount' qualities."
ovariole number,mean number of ovarioles per individual,ovarioles individual-1,PATO:0001555,has number of,high,"The trait 'ovariole number' refers to the count of a specific type of part (ovarioles) in an individual, which aligns with the relational quality described by 'has number of'."
resource consumption rate,mean lifetime prey consumed,individual prey individual-1,PATO:0000161,rate,medium,"The VecTraits entry describes a rate of prey consumption, which aligns with the general concept of 'rate' as a process occurrence per unit time, although it lacks specificity regarding prey consumption."
survival,percent surviving life stage (across all humidity levels),percent,PATO:0000719,viable,medium,"The VecTraits entry describes survival as a percentage, which aligns with the concept of viability in terms of the ability to survive, but lacks specificity regarding life stages or environmental conditions."
hatch time,mean duration of life stage,hours,PATO:0001309,duration,high,"The term 'duration' directly corresponds to the mean duration of a life stage, which is the definition of 'hatch time'."
chill-coma recovery time,mean duration for individuals to regain full movement after being cold shocked as function of growth temperature,minutes,PATO:0001309,duration,medium,"The trait 'chill-coma recovery time' is best described by the temporal extent between the starting and ending point of recovery, aligning with the concept of 'duration'."
chill-coma recovery time,mean duration for individuals to regain full movement after being cold shocked as function of adult temperature,minutes,PATO:0001309,duration,high,"The trait 'chill-coma recovery time' is best described by the temporal extent between the starting and ending point of recovery, which aligns with the definition of 'duration'."
heat knockdown time,mean duration individuals can tolerate heat exposure before movement ceases as a function of adult temperature,minutes,PATO:0001309,duration,high,"The trait 'heat knockdown time' is fundamentally about the temporal extent of tolerance to heat, which aligns with the concept of 'duration'."
heat knockdown time,mean duration individuals can tolerate heat exposure before movement ceases as a function of sex and growth temperature,minutes,PATO:0001309,duration,medium,"The trait 'heat knockdown time' refers to the temporal extent of heat tolerance, aligning with the concept of 'duration'."
consumption rate,mean relative consumption rate,mg of aphids,PATO:0000161,rate,medium,"The VecTraits entry describes a consumption rate, which aligns with the general concept of a rate as a process occurring per unit time, but lacks specificity regarding food consumption."
growth rate,mean daily growth rate (the product of ln pupal weight divided by larval development time),ln(mg day-1),PATO:0040046,single organismal growth rate,high,"The VecTraits entry describes the growth rate of an individual organism, which aligns with the definition of 'single organismal growth rate' as the change in size of an individual entity."
weight loss,proportionate weight loss in relation to temperature and population,proportion,HP:0001824,Weight loss,medium,"The VecTraits entry describes weight loss, which aligns with the label of HP:0001824, despite the lack of a definition."
feeding rate,mean lifetime feeding punctures,feeding punctures individual-1,OBA:1000748,feeding behavior quality,high,"The VecTraits entry describes a trait related to feeding behavior, specifically the mean lifetime feeding punctures, which aligns with the concept of 'feeding behavior quality'."
EIP (extrinsic incubation period),day sporozoites first detected in salivary glands,days,PATO:0001309,duration,medium,"The trait 'extrinsic incubation period' refers to the duration of time until sporozoites are detected, which aligns with the concept of 'duration' as a process quality."
oocyst intensity,not stated,not stated,PATO:0000049,intensity,medium,"The term 'intensity' is a general match for 'oocyst intensity' as it refers to a quality of degree or effect, but lacks specificity to oocysts."
copulation duration,mean copulation duration,hours individual-1 lifetime-1,PATO:0001309,duration,medium,"The VecTraits entry describes a temporal extent of copulation, which aligns with the general concept of 'duration' as a process quality."
prey consumption,mean number of prey consumed,number of individual prey individual-1,OBA:1000690,food consumption quality,medium,"Prey consumption can be considered a type of food consumption, but the term does not specifically address prey, leading to medium confidence."
parasite maturation time,mean duration time from infective feed to mature infection,days,PATO:0001309,duration,medium,"The VecTraits entry describes a temporal extent from start to end of a process, which aligns with the concept of 'duration'."
interlarval period,mean frequency of larval production,days,PATO:0001309,duration,medium,"The trait 'interlarval period' refers to the time between larval productions, which aligns with the concept of 'duration' as a temporal extent."
survival,probability of survival after exposure to extreme temperatures,probability,PATO:0000719,viable,medium,"The term 'viable' relates to the ability to survive, which aligns with the VecTraits entry's focus on survival probability after exposure to extreme temperatures."
fat consumption rate,mean daily rate of fat consumption,mg day-1,PATO:0000161,rate,medium,"The trait 'fat consumption rate' refers to a rate of consumption, which aligns with the general concept of 'rate' as a process occurring per unit time."
blood feeding,mean lifetime blood feeds,blood meals individual-1,OBA:1000748,feeding behavior quality,high,"The trait 'blood feeding' refers to a behavior related to feeding, which aligns with the concept of 'feeding behavior quality'."
relative activity,amount of activity as a percentage of maximum recorded activity,percent,PATO:0001414,catalytic activity,medium,"The VecTraits entry describes a percentage of maximum activity, which aligns with the concept of catalytic activity as a measure of action, though not explicitly relative."
starvation tolerance,individual-level starvation tolerance as a function of temperature and body size (interactor1size),days,PATO:0002393,increased tolerance to,medium,"The VecTraits entry describes starvation tolerance as a function of temperature and body size, which aligns with the concept of increased ability to endure a stimulus."
recovery time,individual-level duration to recover movement after exposure to extreme temperature,seconds,PATO:0001309,duration,high,The trait 'recovery time' is best described by the term 'duration' as it refers to the temporal extent between the starting and ending point of recovery after exposure to extreme temperature.
survival,individual-level binomial survival,1 = survived life stage,PATO:0000719,viable,medium,"The VecTraits entry describes survival as a binary trait, which aligns with the concept of viability in terms of the ability to survive."
bloodmeal weight,individual-level weight of bloodmeal,mg,PATO:0000125,mass,medium,"The trait 'bloodmeal weight' refers to the mass of the bloodmeal, which aligns with the concept of 'mass' in PATO."
knockdown time,mean time for 50% knockdown of femelaes under exposure to deltamethrin concentration (see notes),minutes,PATO:0001309,duration,medium,"The trait 'knockdown time' refers to the temporal extent of a process, which aligns with the definition of 'duration' as a process quality related to time."
feeding time,mean duration of adult female feeding developmental phase,days,PATO:0001309,duration,high,"The VecTraits entry describes the mean duration of a feeding phase, which aligns with the concept of 'duration' as a process quality."
egg size,mean weight of egg mass produced by adult female ticks,mg,PATO:0000117,size,medium,"The VecTraits entry describes the mean weight of egg mass, which relates to the physical magnitude or size of the eggs, but none of the terms specifically address egg weight, making this a partial match."
sex ratio,ratio of male ticks to female ticks,ratio,PATO:0001338,mixed sex,medium,"The term 'mixed sex' encompasses a mixture of males and females, which aligns with the concept of a sex ratio."
feeding time,mean duration of feeding developmental phase,days,PATO:0001309,duration,high,"The VecTraits entry describes the mean duration of a feeding phase, which aligns with the concept of 'duration' as a process quality related to temporal extent."
fertility,percentage of females that laid fertile eggs,percent,OBA:VT0001923,female fertility trait,high,"The VecTraits entry specifically refers to the fertility of females, which aligns with the definition of 'female fertility trait'."
oviposition failure,mean probability of failure to oviposit,probability,PATO:0001511,non-functional,medium,"The term 'non-functional' aligns with the concept of 'failure to oviposit' as it implies an inability to perform a regular function, which in this case is oviposition."
weight loss,cumulative weight loss across time (see notes for time intervals),percent,HP:0001824,Weight loss,medium,"The VecTraits entry describes weight loss over time, which aligns with the general concept of 'Weight loss' despite the lack of a detailed definition."
weight loss,mean weight loss,mg,HP:0001824,Weight loss,high,"The VecTraits entry 'weight loss' directly corresponds to the ontology term 'Weight loss' with the same name, despite the lack of a definition."
feeding preference,mean number of individual ticks selecting to feed on human (see notes for %),individuals,NBO:0000141,food preference,medium,"The VecTraits entry describes a preference for feeding on humans, which aligns with the concept of 'food preference' despite the lack of a definition for the ontology term."
molting period (larval),mean duration of life stage,days,PATO:0001309,duration,medium,"The VecTraits entry describes the mean duration of a life stage, which aligns with the concept of 'duration' as a process quality."
pre-hatch period,number of days until hatching,days,PATO:0001309,duration,medium,"The trait 'pre-hatch period' refers to the temporal extent of a process, which aligns with the concept of 'duration'."
reproductive capacity,proportion of individuals that laid eggs after first blood meal,proportion,PATO:0001434,reproductive quality,high,"The VecTraits entry describes a trait related to the ability to produce offspring, which aligns with the concept of 'reproductive quality' as an organismal quality."
lifespan,mean duration of entrie lifespan (from egg to adult death),days,OBA:VT0005372,life span determination trait,high,"The VecTraits entry describes the mean duration of an organism's lifespan, which aligns with the process quality of determining adult lifespan as described by OBA:VT0005372."
head capsule width,mean width of head capsule,mm,OBA:VT0000027,head width,high,The VecTraits entry 'head capsule width' closely aligns with the ontology term 'head width' as both refer to the width of a head structure.
mortality rate,inverse of mean longevity,days-1,PATO:0000161,rate,medium,"The term 'rate' is a general concept that aligns with the definition of mortality rate as a process occurring per unit time, but it lacks specificity to mortality."
life cycle,mean duration of entire life cycle,days,PATO:0000050,life span,high,"The VecTraits entry describes the mean duration of an organism's life cycle, which aligns with the concept of life span as a time quality related to the organism's age."
growth rate,mean relative growth rate (ln(adult moult weight (ug)) - ln(birth wt (ug))/development time),ug ug-1 day-1,PATO:0001492,growth rate,high,"The PATO:0001492 term 'growth rate' directly aligns with the VecTraits entry definition as it describes the rate of change in size of an individual entity, which matches the calculation of growth rate in the VecTraits entry."
body length,replicate-level mean body length,mm,OBA:VT0001256,body length,high,"The VecTraits entry 'body length' directly corresponds to the ontology term 'body length' which refers to the length of a multicellular organism, matching both the trait name and definition."
body size (alate nymph),mean wet mass,days,OBA:VT0100005,body size trait,high,"The term 'body size trait' refers to the size of a multicellular organism, which aligns with the VecTraits entry describing the mean wet mass of an alate nymph."
development duration,period at 4th instar,days,PATO:0001309,duration,medium,"The VecTraits entry describes a temporal extent of a developmental stage, which aligns with the general concept of 'duration' as a process quality."
pre-reproductive period,period of time before female aphids reproduce,days,PATO:0001309,duration,medium,"The trait 'pre-reproductive period' refers to a temporal extent, which aligns with the concept of 'duration' as a process quality."
reproductive period,period of time where female aphids reproduce,days,PATO:0001309,duration,medium,"The VecTraits entry describes a temporal extent of a reproductive process, which aligns with the concept of 'duration'."
survival,cumulative daily survival,lx,PATO:0000719,viable,medium,"The term 'viable' relates to the ability to survive, which aligns with the concept of cumulative daily survival, although it is not a perfect match."
adult longevity,period from adult emergence until death,days,OBA:VT0005372,life span determination trait,high,The term 'life span determination trait' closely aligns with the concept of 'adult longevity' as it pertains to the determination of adult lifespan.
percent survival,percent of adult aphids that were still alive each day,percent,PATO:0000719,viable,medium,"The term 'viable' relates to the ability to survive, which aligns with the concept of 'percent survival' in aphids, although it is not a perfect match."
feeding behavior,initiation of stylet penetration of leaf tissue,percent,OBA:1000748,feeding behavior quality,medium,"The VecTraits entry describes a specific aspect of feeding behavior, which aligns with the quality of feeding behavior, but the match is not perfect due to the lack of a precise definition."
Reproductive average,Period from the adult stage (genital plate appeared and the complete development of the cauda) until the end of reproduction,days,PATO:0001434,reproductive quality,medium,"The VecTraits entry describes a period related to reproduction, which aligns with the concept of reproductive quality as it pertains to the ability to produce offspring."
hypostome length,mean length of hypostome (appendage on the mouth),mm,PATO:0000122,length,medium,"The VecTraits entry describes a measurement of length, which aligns with the general concept of 'length' in PATO, but lacks specificity to hypostome."
body width,mean width (engorged),mm,OBA:VT0015039,body width,high,"The VecTraits entry 'body width' directly corresponds to the ontology term 'body width' which refers to the width of a multicellular organism, matching the context of the trait."
feeding period,mean duration of feeding period,days,PATO:0001309,duration,medium,"The VecTraits entry describes the mean duration of a feeding period, which aligns with the concept of 'duration' as a process quality related to temporal extent."
Pre-Oviposition Period,Pre-oviposition period of ticks held at constant temperature,days,PATO:0001309,duration,medium,"The trait 'Pre-Oviposition Period' refers to the duration of time before oviposition, which aligns with the concept of 'duration' as a process quality."
Oviposition Rate,mean number of eggs per female,eggs,PATO:0000161,rate,medium,"The term 'rate' is a general concept that can encompass the mean number of eggs per female, but it lacks specificity to oviposition."
Weight,Weight of eggs laid by an individual engorged female raised at constant temp,g,PATO:0000125,mass,high,"The VecTraits entry describes the weight of eggs, which aligns with the concept of 'mass' as per PATO's definition for biological contexts."
Weight,Weight of an individual engorged female in grams held at constant temperature,g,PATO:0000125,mass,high,"The VecTraits entry describes the weight of an organism, which aligns with the PATO term 'mass' as it is used for biological contexts."
Incubation Period,Incubation period of ticks held at constant temperature,days,PATO:0001309,duration,medium,"The term 'duration' encompasses the concept of a temporal extent, which aligns with the incubation period of ticks, but lacks specificity regarding incubation."
Molting Period,number of days required for an individual engorged nymph to molt into an adult,days,GO:0022404,molting cycle process,medium,"The VecTraits entry describes a specific aspect of the molting cycle, which aligns with the general concept of a molting cycle process."
Feeding Period,number of days required for nymphs to fully engorge,days,PATO:0001309,duration,medium,"The VecTraits entry describes a temporal extent (number of days) for a biological process (feeding period), which aligns with the concept of 'duration'."
Feeding Period of Nymphs (Days),number of days required for nymphs to fully engorge,days,PATO:0001309,duration,medium,"The trait 'Feeding Period of Nymphs (Days)' refers to the temporal extent of a process, which aligns with the concept of 'duration'."
feeding period,mean Feeding Period in days at larval state at constant temps,days,PATO:0001309,duration,high,"The VecTraits entry describes the duration of a feeding period in days, which aligns with the concept of 'duration' as a process quality."
feeding period,mean Feeding Period in days at adult female state at const temps,days,PATO:0001309,duration,medium,"The VecTraits entry describes the duration of a feeding period, which aligns with the concept of 'duration' as a process quality."
weight loss,Percentage loss in body weight during female prefeeding period,percent,HP:0001824,Weight loss,medium,"The trait 'weight loss' during the prefeeding period aligns with the general concept of 'Weight loss', despite the lack of a specific definition in the ontology term."
hardening period,mean time for a tick to become hardened,days,PATO:0001309,duration,medium,"The trait 'hardening period' refers to the time duration for a tick to become hardened, which aligns with the concept of 'duration' as a process quality."
engorgement period,mean time required for females to become engorged,days,PATO:0001309,duration,medium,"The trait 'engorgement period' refers to the time duration for a process, which aligns with the concept of 'duration' as a process quality."
egg count,mean number of eggs layed,mg,OBA:VT1000294,egg quantity,high,"The trait 'egg count' refers to the number of eggs laid, which aligns with the concept of 'egg quantity' as the amount of egg cells."
premolting period,average pre-moulting period engorged on calves,days,PATO:0001309,duration,medium,"The trait 'premolting period' refers to the temporal extent of a process, which aligns with the concept of 'duration'."
engorgement period,average duration of engorgement on calves,days,PATO:0001309,duration,medium,"The trait 'engorgement period' refers to the duration of a process, which aligns with the concept of 'duration' in PATO:0001309, although it is not specific to engorgement."
engorgement period,average duration of engorgement on rabbits,days,PATO:0001309,duration,medium,"The trait 'engorgement period' refers to the duration of a process, which aligns with the general concept of 'duration' in PATO:0001309, though it lacks specificity to engorgement."
feeding time,time required for larval ticks to reach engorgement post attachment,days,PATO:0001309,duration,high,"The VecTraits entry describes the time required for a process (feeding) to complete, which aligns with the concept of 'duration' as a process quality."
molting period,time required for engorged larval ticks to molt,days,GO:0022404,molting cycle process,medium,"The VecTraits entry describes a specific aspect of the molting cycle, which is the time required for larval ticks to molt, aligning with the concept of a molting cycle process."
pre hatching period,mean time until hatching,days,PATO:0001309,duration,medium,"The VecTraits entry describes a temporal extent (mean time until hatching), which aligns with the concept of 'duration' as a process quality."
lipid content,median proportion of lipid content of the tick- calculated by (dried weight - lipid weight) / dried weight,NA,OBA:VT0001547,lipid amount,high,"The VecTraits entry describes the proportion of lipid content in ticks, which aligns with the measurement of lipid amount in an anatomical entity."
Questing Height,questing height -- Average (across 38 hours and interactor1number of ticks) mm from the lower end of the tube - measured along the length of the tube. Tube is at a 15* incline,mm,PATO:0000119,height,medium,"The trait 'questing height' refers to a vertical dimension of extension, which aligns with the general concept of 'height' in PATO:0000119."
Distance Traveled,Average distance covered per hour while questing,mm,PATO:0040032,increased linear velocity,medium,"The trait 'Distance Traveled' involves measuring distance over time, which aligns with the concept of linear velocity, although the term 'increased' may not fully match the average aspect."
Questing Time,Mean proportion of time tick seen questing (legs spread more than 50 percent) across the 38 hours,percent,PATO:0001309,duration,medium,"The trait 'Questing Time' involves measuring the temporal extent of a behavior, which aligns with the concept of 'duration' as a process quality."
Questing Height,questing height -- Average (across 43 hours and interactor1number of ticks) mm from the lower end of the tube - measured along the length of the tube. Tube is at a 15* incline,mm,PATO:0000119,height,medium,"The trait 'questing height' refers to a vertical dimension of extension, which aligns with the general concept of 'height' in PATO:0000119."
Mortality Rate,number that survived the 38 hours,count,PATO:0001492,growth rate,low,"The concept of mortality rate involves counting survivors, which is somewhat related to population change, but none of the terms directly match mortality rate."
Mortality Rate,number that survived the 43 hours,count,PATO:0001492,growth rate,low,"The concept of 'mortality rate' involves a change in number of a population, which is somewhat related to 'growth rate', but the match is not exact."
Water loss,Water loss of ticks exposed to dry air for 24 hours,mg/cm2,PATO:0001801,decreased water composition,medium,"The VecTraits entry describes water loss, which aligns with a reduction in water amount, but the context of 'composition' may not fully capture the specific measurement of water loss in ticks."
Weight loss,Weight loss of ticks exposed to dry air for 24 hours,percent,PATO:0000583,decreased weight,medium,"The VecTraits entry describes weight loss, which aligns with the concept of decreased weight, although the specific context of ticks and dry air is not captured in the ontology term."
Water loss,Water loss of dead engorged ticks exposed to dry air at a certain temperature for 30 mins,mg/cm2,PATO:0001801,decreased water composition,medium,"The trait describes water loss, which aligns with a reduction in water amount, but the context of dead ticks and specific conditions makes the match less direct."
mortality rate,per capita daily mortality,individual-1 day-1,PATO:0000161,rate,medium,"The term 'rate' is a general concept that encompasses the occurrence of a process per unit time, which aligns with the definition of 'mortality rate' as per capita daily mortality."
blood feeding frequency,mean lifetime blood meals individual-1,blood meals,PATO:0000044,frequency,high,"The trait 'blood feeding frequency' refers to the number of repetitive actions (blood meals) over a lifetime, which aligns with the definition of 'frequency' as a physical quality related to repetitive actions."
egg viability,mean percentage of viable eggs produced per female,eggs individual-1,PATO:0000169,viability,medium,"The trait 'egg viability' refers to the ability of eggs to survive and develop, which aligns with the general concept of 'viability' as an organismal quality."
fat content,mean lipid content per individual,ug mg-1 individual-1,PATO:0000025,composition,medium,"The trait 'fat content' refers to the lipid composition of an individual, which aligns with the general concept of 'composition' in PATO:0000025."
pre-blood meal period,average duration from emergence to first blood meal,days,PATO:0001309,duration,medium,"The trait 'pre-blood meal period' refers to a temporal extent, which aligns with the concept of 'duration' as a process quality."
resource consumption rate,mean daily resource consumption rate,cm2 day-1,PATO:0000161,rate,high,"The trait 'resource consumption rate' is best described by the general concept of 'rate', which refers to a process occurring per unit time, aligning with the definition and unit provided."
blood feeding,percent taking one bloodmeal,percent,OBA:1000748,feeding behavior quality,high,The trait 'blood feeding' with definition 'percent taking one bloodmeal' aligns with the concept of 'feeding behavior quality' as it describes a specific aspect of feeding behavior.
lipid content,mean lipid content per individual,ug,OBA:VT0001547,lipid amount,high,The VecTraits entry 'lipid content' aligns with the ontology term 'lipid amount' as both refer to the measurement of lipid quantity in a biological context.
protein content,mean protein content per individual,ug,PATO:0103004,total amount,medium,"The trait 'protein content' refers to a quantitative measure of protein, which aligns with the concept of 'total amount' as a sum of all protein components."
ovariole number,mean number of ovarioles per individual,ovarioles individual-1,PATO:0001555,has number of,high,"The trait 'ovariole number' refers to the count of a specific type of part (ovarioles) in an organism, which aligns with the relational quality described by 'has number of'."
resource consumption rate,mean lifetime prey consumed,individual prey individual-1,PATO:0000161,rate,medium,"The VecTraits entry describes a rate of prey consumption, which aligns with the general concept of 'rate' as a process occurring per unit time, although it does not specify prey consumption explicitly."
survival,percent surviving life stage (across all humidity levels),percent,PATO:0000719,viable,medium,"The VecTraits entry describes survival as a percentage, which aligns with the concept of viability in a population's ability to survive."
hatch time,mean duration of life stage,hours,PATO:0001309,duration,high,"The term 'duration' directly corresponds to the mean duration of a life stage, which is the definition of 'hatch time'."
chill-coma recovery time,mean duration for individuals to regain full movement after being cold shocked as function of growth temperature,minutes,PATO:0001309,duration,high,"The trait 'chill-coma recovery time' is best described by the temporal extent between the starting and ending point of recovery, which aligns with the definition of 'duration'."
chill-coma recovery time,mean duration for individuals to regain full movement after being cold shocked as function of adult temperature,minutes,PATO:0001309,duration,medium,"The trait 'chill-coma recovery time' refers to the duration of a process, which aligns with the definition of 'duration' as the temporal extent between starting and ending points."
heat knockdown time,mean duration individuals can tolerate heat exposure before movement ceases as a function of adult temperature,minutes,PATO:0001309,duration,high,"The trait 'heat knockdown time' is fundamentally about the temporal extent of a process, which aligns with the concept of 'duration'."
heat knockdown time,mean duration individuals can tolerate heat exposure before movement ceases as a function of sex and growth temperature,minutes,PATO:0001309,duration,medium,"The trait 'heat knockdown time' refers to the duration individuals can tolerate heat, which aligns with the concept of 'duration' as a process quality."
consumption rate,mean relative consumption rate,mg of aphids,PATO:0000161,rate,medium,"The VecTraits entry describes a consumption rate, which aligns with the general concept of 'rate' as a process occurring per unit time, but lacks specificity regarding the type of consumption."
growth rate,mean daily growth rate (the product of ln pupal weight divided by larval development time),ln(mg day-1),PATO:0040046,single organismal growth rate,high,"The VecTraits entry describes the growth rate of an individual organism, which aligns with the definition of 'single organismal growth rate' as the rate of change in size of an individual entity."
weight loss,proportionate weight loss in relation to temperature and population,proportion,PATO:0000583,decreased weight,medium,"The VecTraits entry describes weight loss, which aligns with the concept of decreased weight, although it lacks specific context regarding temperature and population."
feeding rate,mean lifetime feeding punctures,feeding punctures individual-1,OBA:1000748,feeding behavior quality,high,"The VecTraits entry describes a trait related to feeding behavior, specifically the mean lifetime feeding punctures, which aligns with the concept of 'feeding behavior quality'."
EIP (extrinsic incubation period),day sporozoites first detected in salivary glands,days,PATO:0001309,duration,medium,"The trait 'extrinsic incubation period' refers to the duration of time for a process, which aligns with the concept of 'duration' as a process quality."
oocyst intensity,not stated,not stated,PATO:0000049,intensity,medium,"The term 'intensity' is a general concept that can encompass 'oocyst intensity', but without a specific definition, the match is not highly confident."
copulation duration,mean copulation duration,hours individual-1 lifetime-1,PATO:0001309,duration,medium,"The VecTraits entry describes a temporal extent of copulation, which aligns with the general concept of 'duration' as a process quality."
prey consumption,mean number of prey consumed,number of individual prey individual-1,OBA:1000690,food consumption quality,medium,"Prey consumption can be considered a type of food consumption, but the term does not specifically address prey, hence medium confidence."
parasite maturation time,mean duration time from infective feed to mature infection,days,PATO:0001309,duration,medium,"The VecTraits entry describes a temporal extent from start to end of a process, which aligns with the concept of 'duration'."
interlarval period,mean frequency of larval production,days,PATO:0001309,duration,medium,"The trait 'interlarval period' refers to the temporal extent between larval productions, which aligns with the concept of 'duration' as a process quality."
survival,probability of survival after exposure to extreme temperatures,probability,PATO:0000719,viable,medium,"The term 'viable' relates to the ability to survive, which aligns with the VecTraits entry's focus on survival probability after exposure to extreme temperatures."
fat consumption rate,mean daily rate of fat consumption,mg day-1,PATO:0000161,rate,medium,"The trait 'fat consumption rate' refers to a rate of consumption per unit time, which aligns with the general concept of 'rate' in PATO:0000161."
blood feeding,mean lifetime blood feeds,blood meals individual-1,OBA:1000748,feeding behavior quality,high,"The trait 'blood feeding' refers to a behavior related to feeding, which aligns with the concept of 'feeding behavior quality'."
relative activity,amount of activity as a percentage of maximum recorded activity,percent,PATO:0001414,catalytic activity,medium,"The VecTraits entry describes a percentage of maximum activity, which aligns with the concept of catalytic activity as a measure of action, though not explicitly relative."
starvation tolerance,individual-level starvation tolerance as a function of temperature and body size (interactor1size),days,PATO:0002393,increased tolerance to,medium,"The VecTraits entry describes starvation tolerance, which aligns with the concept of increased ability to endure a stimulus, but the specific context of starvation is not explicitly covered by the ontology term."
recovery time,individual-level duration to recover movement after exposure to extreme temperature,seconds,PATO:0001309,duration,high,The trait 'recovery time' is best described by the term 'duration' as it refers to the temporal extent between the starting and ending point of recovery after exposure to extreme temperature.
survival,individual-level binomial survival,1 = survived life stage,PATO:0000719,viable,medium,"The VecTraits entry describes individual-level survival, which aligns with the concept of viability as the ability to survive."
bloodmeal weight,individual-level weight of bloodmeal,mg,PATO:0000125,mass,high,"The trait 'bloodmeal weight' refers to the mass of the bloodmeal, which aligns with the PATO term for 'mass'."
knockdown time,mean time for 50% knockdown of femelaes under exposure to deltamethrin concentration (see notes),minutes,PATO:0001309,duration,high,"The trait 'knockdown time' refers to the temporal extent of a process, which aligns with the definition of 'duration' as a process quality."
feeding time,mean duration of adult female feeding developmental phase,days,PATO:0001309,duration,high,"The VecTraits entry describes the mean duration of a developmental phase, which aligns with the concept of 'duration' as a process quality."
egg size,mean weight of egg mass produced by adult female ticks,mg,PATO:0000117,size,medium,"The trait 'egg size' refers to the physical magnitude of the egg, which aligns with the general concept of 'size' in PATO ontology."
sex ratio,ratio of male ticks to female ticks,ratio,PATO:0001338,mixed sex,medium,"The term 'mixed sex' encompasses a mixture of males and females, which aligns with the concept of a sex ratio."
feeding time,mean duration of feeding developmental phase,days,PATO:0001309,duration,high,"The VecTraits entry describes the mean duration of a feeding phase, which aligns with the concept of 'duration' as a process quality related to temporal extent."
fertility,percentage of females that laid fertile eggs,percent,OBA:VT0001923,female fertility trait,high,"The VecTraits entry specifically refers to the fertility of females, which aligns with the 'female fertility trait' term."
oviposition failure,mean probability of failure to oviposit,probability,PATO:0001511,non-functional,medium,"The term 'non-functional' aligns with the concept of 'failure to oviposit' as it implies an inability to perform a regular function, which in this case is oviposition."
weight loss,cumulative weight loss across time (see notes for time intervals),percent,HP:0001824,Weight loss,high,"The VecTraits entry 'weight loss' aligns with the ontology term 'Weight loss' (HP:0001824), which, despite lacking a definition, directly matches the concept of cumulative weight loss."
weight loss,mean weight loss,mg,HP:0001824,Weight loss,high,"The VecTraits entry 'weight loss' aligns with the ontology term 'Weight loss' (HP:0001824) as both refer to a reduction in weight, despite the lack of a definition for the ontology term."
feeding preference,mean number of individual ticks selecting to feed on human (see notes for %),individuals,NBO:0000141,food preference,medium,"The VecTraits entry describes a preference for feeding on humans, which aligns with the concept of 'food preference' despite the lack of a definition for the term."
survival rate,percent surviving to oviposition,percent,PATO:0001492,growth rate,medium,"The concept of 'survival rate' as a percentage surviving to oviposition is somewhat related to 'growth rate' in terms of population change, but it is not a perfect match."
molting period (larval),mean duration of life stage,days,PATO:0001309,duration,medium,"The VecTraits entry describes the duration of a life stage, which aligns with the concept of 'duration' as a process quality."
pre-hatch period,number of days until hatching,days,PATO:0001309,duration,medium,"The trait 'pre-hatch period' refers to the temporal extent of a process, which aligns with the concept of 'duration'."
reproductive capacity,proportion of individuals that laid eggs after first blood meal,proportion,PATO:0001434,reproductive quality,high,"The VecTraits entry describes a trait related to the ability to produce offspring, which aligns with the definition of 'reproductive quality'."
lifespan,mean duration of entrie lifespan (from egg to adult death),days,OBA:VT0005372,life span determination trait,high,"The VecTraits entry describes the mean duration of an organism's lifespan, which aligns with the process quality of determining adult lifespan as described by OBA:VT0005372."
head capsule width,mean width of head capsule,mm,OBA:VT0000027,head width,high,The trait 'head capsule width' closely aligns with 'head width' as both refer to the width of a head structure.
mortality rate,inverse of mean longevity,days-1,PATO:0000161,rate,medium,"The term 'rate' is a general concept that encompasses the occurrence of a process per unit time, which aligns with the definition of mortality rate as the inverse of mean longevity."
life cycle,mean duration of entire life cycle,days,PATO:0000050,life span,high,"The VecTraits entry describes the mean duration of an organism's life cycle in days, which aligns with the concept of life span as a time quality related to an organism's age."
growth rate,mean relative growth rate (ln(adult moult weight (ug)) - ln(birth wt (ug))/development time),ug ug-1 day-1,PATO:0040046,single organismal growth rate,high,"The VecTraits entry describes the growth rate of an individual organism, which aligns with the definition of 'single organismal growth rate' as the rate of change in size of an individual entity."
body length,replicate-level mean body length,mm,OBA:VT0001256,body length,high,"The VecTraits entry 'body length' directly corresponds to the ontology term 'body length' which refers to the length of a multicellular organism, matching both the trait name and definition."
body size (alate nymph),mean wet mass,days,OBA:VT0100005,body size trait,high,"The term 'body size trait' refers to the size of a multicellular organism, which aligns with the VecTraits entry describing the mean wet mass of an alate nymph."
development duration,period at 4th instar,days,PATO:0001309,duration,medium,"The VecTraits entry describes a temporal extent of a developmental stage, which aligns with the general concept of 'duration' as a process quality."
pre-reproductive period,period of time before female aphids reproduce,days,PATO:0001309,duration,medium,"The trait 'pre-reproductive period' refers to a temporal extent, which aligns with the concept of 'duration', but lacks specificity regarding the biological context of aphid reproduction."
reproductive period,period of time where female aphids reproduce,days,PATO:0001309,duration,medium,"The VecTraits entry describes a temporal extent of a reproductive process, which aligns with the concept of 'duration'."
survival,cumulative daily survival,lx,PATO:0000719,viable,medium,"The term 'viable' relates to the ability to survive, which aligns with the concept of cumulative daily survival, although it is not a perfect match."
adult longevity,period from adult emergence until death,days,OBA:VT0005372,life span determination trait,high,The term 'life span determination trait' closely aligns with the concept of 'adult longevity' as it pertains to the determination of adult lifespan.
percent survival,percent of adult aphids that were still alive each day,percent,PATO:0000719,viable,medium,"The term 'viable' relates to the ability to survive, which aligns with the concept of 'percent survival' in aphids, although it is not a perfect match."
feeding behavior,initiation of stylet penetration of leaf tissue,percent,OBA:1000748,feeding behavior quality,medium,"The VecTraits entry describes a specific aspect of feeding behavior, which aligns with the quality of feeding behavior, but the match is not perfect due to the lack of a precise definition."
Reproductive average,Period from the adult stage (genital plate appeared and the complete development of the cauda) until the end of reproduction,days,PATO:0001434,reproductive quality,medium,"The VecTraits entry describes a period related to the ability to reproduce, which aligns with the concept of 'reproductive quality' as it pertains to the ability to produce offspring."
hypostome length,mean length of hypostome (appendage on the mouth),mm,PATO:0000122,length,medium,"The VecTraits entry describes a measurement of length, which aligns with the general concept of 'length' in PATO, but lacks specificity to hypostome."
body width,mean width (engorged),mm,OBA:VT0015039,body width,high,The VecTraits entry 'body width' with definition 'mean width (engorged)' aligns with the ontology term 'body width' which refers to the width of a multicellular organism.
feeding period,mean duration of feeding period,days,PATO:0001309,duration,high,"The VecTraits entry describes the mean duration of a feeding period, which aligns with the concept of 'duration' as a process quality related to temporal extent."
Pre-Oviposition Period,Pre-oviposition period of ticks held at constant temperature,days,PATO:0001309,duration,medium,"The trait 'Pre-Oviposition Period' refers to a temporal extent, which aligns with the concept of 'duration' as a process quality."
Oviposition Rate,mean number of eggs per female,eggs,PATO:0000161,rate,medium,"The term 'rate' is a general concept that can encompass the mean number of eggs per female, but it lacks specificity to oviposition."
Weight,Weight of eggs laid by an individual engorged female raised at constant temp,g,PATO:0000125,mass,high,"The VecTraits entry describes the mass of eggs, and PATO:0000125 'mass' is the most appropriate term for this biological concept."
Weight,Weight of an individual engorged female in grams held at constant temperature,g,PATO:0000125,mass,high,"The VecTraits entry describes the weight of an engorged female in grams, which aligns with the concept of 'mass' as per PATO's definition."
Incubation Period,Incubation period of ticks held at constant temperature,days,PATO:0001309,duration,medium,"The term 'duration' encompasses the concept of a temporal extent, which aligns with the incubation period measured in days, but lacks specificity to incubation."
Molting Period,number of days required for an individual engorged nymph to molt into an adult,days,GO:0022404,molting cycle process,medium,"The term 'molting cycle process' is the closest match to the concept of a molting period, although it lacks a definition, it is related to the molting process."
Feeding Period,number of days required for nymphs to fully engorge,days,PATO:0001309,duration,medium,"The VecTraits entry describes the temporal extent of a feeding process, which aligns with the concept of 'duration' as a process quality."
Feeding Period of Nymphs (Days),number of days required for nymphs to fully engorge,days,PATO:0001309,duration,medium,"The VecTraits entry describes a temporal extent of a process, which aligns with the concept of 'duration'."
feeding period,mean Feeding Period in days at larval state at constant temps,days,PATO:0001309,duration,high,"The trait 'feeding period' refers to the temporal extent of feeding at the larval stage, which aligns with the concept of 'duration' as a process quality."
feeding period,mean Feeding Period in days at adult female state at const temps,days,PATO:0001309,duration,medium,"The VecTraits entry describes a temporal extent of feeding in days, which aligns with the concept of 'duration' as a process quality."
weight loss,Percentage loss in body weight during female prefeeding period,percent,HP:0001824,Weight loss,medium,"The term 'Weight loss' aligns with the VecTraits entry on weight loss during the prefeeding period, although the lack of a definition reduces confidence."
hardening period,mean time for a tick to become hardened,days,PATO:0001309,duration,medium,"The trait 'hardening period' refers to the time duration for a tick to become hardened, which aligns with the concept of 'duration' as a process quality."
engorgement period,mean time required for females to become engorged,days,PATO:0001309,duration,medium,"The trait 'engorgement period' refers to the time duration for a process, which aligns with the concept of 'duration' as a process quality."
egg count,mean number of eggs layed,mg,OBA:VT1000294,egg quantity,high,"The trait 'egg count' refers to the number of eggs laid, which aligns with the concept of 'egg quantity' as the amount of egg cells."
premolting period,average pre-moulting period engorged on calves,days,PATO:0001309,duration,medium,"The trait 'premolting period' refers to the temporal extent of a process, which aligns with the concept of 'duration'."
engorgement period,average duration of engorgement on calves,days,PATO:0001309,duration,medium,"The trait 'engorgement period' refers to the temporal extent of a process, which aligns with the concept of 'duration'."
engorgement period,average duration of engorgement on rabbits,days,PATO:0001309,duration,medium,"The trait 'engorgement period' refers to the temporal extent of a process, which aligns with the concept of 'duration' as a process quality."
feeding time,time required for larval ticks to reach engorgement post attachment,days,PATO:0001309,duration,high,"The VecTraits entry describes the time required for a process (feeding) to complete, which aligns with the concept of 'duration' as the temporal extent between starting and ending points."
molting period,time required for engorged larval ticks to molt,days,GO:0022404,molting cycle process,medium,"The VecTraits entry describes a specific aspect of the molting cycle, which is the time required for larval ticks to molt, aligning with the concept of a molting cycle process."
pre hatching period,mean time until hatching,days,PATO:0001309,duration,medium,"The VecTraits entry describes a temporal extent from start to end, which aligns with the concept of 'duration'."
lipid content,median proportion of lipid content of the tick- calculated by (dried weight - lipid weight) / dried weight,NA,OBA:VT0001547,lipid amount,high,"The VecTraits entry describes the proportion of lipid content in ticks, which aligns with the measurement of lipid amount in an anatomical entity."
Questing Height,questing height -- Average (across 38 hours and interactor1number of ticks) mm from the lower end of the tube - measured along the length of the tube. Tube is at a 15* incline,mm,PATO:0000119,height,medium,"The trait 'questing height' refers to a vertical measurement, aligning with the general concept of 'height' as a 1-D extent quality."
Distance Traveled,Average distance covered per hour while questing,mm,PATO:0040032,increased linear velocity,medium,"The trait 'Distance Traveled' relates to the concept of distance covered over time, which aligns with the idea of linear velocity, although the term 'increased' may not perfectly match the average aspect."
Questing Time,Mean proportion of time tick seen questing (legs spread more than 50 percent) across the 38 hours,percent,PATO:0001309,duration,medium,"The trait 'Questing Time' involves measuring the temporal extent of a behavior, which aligns with the concept of 'duration'."
Questing Height,questing height -- Average (across 43 hours and interactor1number of ticks) mm from the lower end of the tube - measured along the length of the tube. Tube is at a 15* incline,mm,PATO:0000119,height,medium,"The term 'height' in PATO:0000119 is a general descriptor of vertical dimension, which aligns with the measurement of questing height in ticks, although it lacks specificity to the context of questing behavior."
Mortality Rate,number that survived the 38 hours,count,PATO:0001492,growth rate,low,"The concept of mortality rate as a count of survivors over time is somewhat related to population change, but none of the terms directly match mortality rate."
Mortality Rate,number that survived the 43 hours,count,PATO:0001492,growth rate,low,"The concept of mortality rate involves the change in number of a population, but the definition provided does not directly align with any candidate terms."
Water loss,Water loss of ticks exposed to dry air for 24 hours,mg/cm2,PATO:0001801,decreased water composition,medium,"The VecTraits entry describes water loss, which aligns with a reduction in water amount, but the context of 'composition' may not fully capture the specific measurement of water loss in ticks."
Weight loss,Weight loss of ticks exposed to dry air for 24 hours,percent,PATO:0000583,decreased weight,medium,"The VecTraits entry describes weight loss, which aligns with the concept of decreased weight, although it lacks specificity regarding the cause being dry air exposure."
Water loss,Water loss of dead engorged ticks exposed to dry air at a certain temperature for 30 mins,mg/cm2,PATO:0001801,decreased water composition,medium,"The VecTraits entry describes a reduction in water content, which aligns with the concept of decreased water composition."
Mortality Rate,Percent mortality in engorged ticks before moulting,percent,PATO:0000161,rate,medium,"The term 'rate' is a general concept that can encompass mortality rate, but it lacks specificity to mortality in ticks."
Pre-Oviposition Period in engorged females,Pre-Oviposition Period in engorged females,days-1,PATO:0001309,duration,medium,"The trait 'Pre-Oviposition Period in engorged females' refers to a temporal extent, which aligns with the concept of 'duration'."
Development Rate (Egg),1 / time for egg incubation across const temps,days-1,OBA:0002217,embryo development rate,high,"The VecTraits entry describes the rate of egg development, which aligns with the concept of embryo development rate."
Development Rate (Larva),1 / development time of Engorged Larva,days-1,PATO:0000161,rate,medium,"The VecTraits entry describes a rate of development, which aligns with the general concept of 'rate' as a process occurring per unit time, but lacks specificity to larval development."
Development Rate (Nymph),1 / development time of Engorged Nymph,days-1,PATO:0000161,rate,medium,"The VecTraits entry describes a general rate of development for nymphs, which aligns with the broad concept of 'rate' as a process occurring per unit time."
Development Rate,Percent of emerging males who develop on day X after attatchment (premolt period),percent,PATO:0000161,rate,medium,"The VecTraits entry describes a development rate, which aligns with the general concept of 'rate' as a process occurring per unit time, but lacks specificity to match any more detailed ontology terms."
Development Rate,Percent of emerging females who develop on day X after attatchment (premolt period),percent,PATO:0000161,rate,medium,"The VecTraits entry describes a rate of development, but none of the specific development rates in the ontology match the context of emerging females, making the general term 'rate' the closest match."
metabolic rate,mean CO2 production (VCO2) (RMR: resting metabolic rate),uL h-1,PATO:0000161,rate,medium,"The trait 'metabolic rate' refers to a general rate of metabolic processes, which aligns with the concept of 'rate' as a quality of a process per unit time, but lacks specificity to CO2 production."
metabolic rate,mean CO2 production rate as a function of exposure temperature and acclimation temperature (secondstressor),ml CO2 h-1,PATO:0000161,rate,medium,"The VecTraits entry describes a metabolic rate, which is a general rate of a biological process, aligning with the PATO term for 'rate'."
metabolic rate,mean CO2 production rate,ul CO2 h-1,PATO:0000161,rate,medium,"The trait 'metabolic rate' refers to a general rate of CO2 production, which aligns with the concept of a rate as a process occurring per unit time, but lacks specificity to CO2 or metabolism."
metabolic rate (active),mean active metabolic rate (AMR),ml CO2 h-1,PATO:0000161,rate,medium,"The VecTraits entry describes a metabolic rate, which aligns with the concept of a rate as a process occurring per unit time, but lacks specificity to metabolic processes."
metabolic rate,mean respiratory CO2 rate (RCO2),pmol mg-1 s-1,PATO:0000161,rate,medium,"The VecTraits entry describes a general metabolic rate, which aligns with the concept of a rate as a process occurring per unit time, but lacks specificity to a particular metabolic process."
metabolic heat rate,mean metabolic heat rate (or 455RCO2),uW mg-1,PATO:0000161,rate,medium,"The trait 'metabolic heat rate' refers to a rate of a biological process, which aligns with the general concept of 'rate' as a quality of a process per unit time."
anabolic rate,mean anabolic rate,uW mg-1,PATO:0000161,rate,medium,"The term 'rate' is a general descriptor for the occurrence of a process per unit time, which aligns with the concept of 'anabolic rate' as a mean rate of anabolism."
metabolic rate (resting),mean oxygen consumption of inactive individuals that produced fewer than 0.3 spikes/sec over several minutes of observation,Ml O2 g thorax-1 h-1,PATO:0000161,rate,medium,"The VecTraits entry describes a metabolic rate, which is a type of rate, but none of the specific ontology terms directly match the concept of resting metabolic rate."
metabolic rate,mean oxygen uptake rate,ml O2 g-1 h-1,PATO:0000161,rate,medium,"The trait 'metabolic rate' refers to a general rate of oxygen uptake, which aligns with the concept of a 'rate' as a process occurring per unit time, but lacks specificity to metabolic processes."
metabolic rate (standard),mean CO2 production rate (VCO2),ml CO2 g-1 h-1,PATO:0000161,rate,medium,"The VecTraits entry describes a metabolic rate, which is a general rate of a process, aligning with the PATO term for 'rate' as a quality of a process per unit time."
conversion efficiency index,percentage of adult female weight post feeding that was converted into egg mass,percent,PATO:0001029,efficiency,high,"The VecTraits entry describes a conversion efficiency index, which aligns with the concept of efficiency as a ratio of output (egg mass) to input (adult female weight post feeding)."
conversion efficiency index,total mg eggs produced divided by mg engorged weight,proportion,PATO:0001029,efficiency,high,"The VecTraits entry describes a ratio of output (eggs produced) to input (engorged weight), which aligns with the definition of efficiency as a ratio of output to input."
feed conversion rate,ability to produce eggs relative to the weight at detachment of each engorged female,percent,PATO:0000161,rate,medium,"The trait 'feed conversion rate' involves a process occurring over time, which aligns with the general concept of 'rate' as a quality of a process per unit time."
conversion efficiency,total number of eggs produced divided by engorged weight,eggs individual-1 mg-1,PATO:0001029,efficiency,high,"The VecTraits entry describes a ratio of output (eggs produced) to input (engorged weight), which aligns with the definition of efficiency as a ratio of output to input."
reproductive efficiency index,mean number of eggs per mg weight of engorged female,eggs individual-1 mg-1,PATO:0001029,efficiency,high,"The trait 'reproductive efficiency index' is a measure of efficiency, specifically the ratio of eggs produced to the weight of the female, aligning with the definition of 'efficiency' as a ratio of output to input."
reproductive efficiency index,ratio of lifetime eggs to engorged female weight,eggs individual-1 day-1,PATO:0001029,efficiency,medium,"The trait 'reproductive efficiency index' is a ratio of output (lifetime eggs) to input (engorged female weight), aligning with the concept of 'efficiency' as a ratio of output to input."
conversion efficiency,the ratio of laid eggs to engorged female body mass calculated as the sum of all eggs laid divided by the sum of all females laying eggs,ratio,PATO:0001029,efficiency,high,"The VecTraits entry describes a ratio of output (eggs laid) to input (female body mass), which aligns with the definition of 'efficiency' as a ratio of output to input."
egg conversion ratio,mean weight of eggs / mean weight of engorged females,percent,PATO:0001470,ratio,high,"The trait 'egg conversion ratio' is a ratio of mean weights, which aligns with the definition of 'ratio' as a quality of proportion between two magnitudes."
conversion efficiency,Mean index of conversion efficiency- (cumulative egg weight (g)/ replete female tick wt (g) )*100,percent,PATO:0001029,efficiency,high,"The VecTraits entry describes a conversion efficiency as a ratio of outputs to inputs, which aligns with the definition of 'efficiency' in PATO:0001029."
gonotrophic cycle,mean number of gonotrophic cycles completed in individuals lifetime,days,OBA:0004569,ovulation cycle amount,medium,"The gonotrophic cycle involves the number of cycles completed, which aligns with the concept of 'cycle amount'."
gonotrophic cycle,mean duration of gonotrophic cycle (7th),days,OBA:0004567,ovulation cycle duration,medium,"The gonotrophic cycle in insects is analogous to an ovulation cycle in terms of duration, but the match is not perfect due to differences in biological context."
gonotrophic cycle 1,individual-level duration of first gonotrophic cycle,days,OBA:0004567,ovulation cycle duration,medium,"The gonotrophic cycle is related to the reproductive cycle, and 'ovulation cycle duration' is the closest match in terms of measuring the duration of a reproductive cycle."
gonotrophic cycle 2,individual-level duration of second gonotrophic cycle,days,OBA:0004567,ovulation cycle duration,medium,"The gonotrophic cycle is similar to an ovulation cycle in that it involves reproductive processes, and the term 'ovulation cycle duration' is the closest match to the duration aspect of the gonotrophic cycle."
gonotrophic cycle,individual-level lifetime number of cycles completed,lifetime cycles,OBA:0004569,ovulation cycle amount,medium,"The VecTraits entry describes the number of gonotrophic cycles completed, which is conceptually similar to the amount of ovulation cycles, although not a perfect match."
weight loss,nymphal weight loss during molting stage,percent,PATO:0000583,decreased weight,medium,"The VecTraits entry describes weight loss, which aligns with the concept of decreased weight, although it specifically refers to nymphal weight loss during molting."
weight loss,Percentage loss in body weight during larval prefeeding period,percent,HP:0001824,Weight loss,medium,"The term 'Weight loss' aligns with the VecTraits entry, but lacks a definition to confirm specificity to larval prefeeding period."
weight loss,Percentage loss in body weight during larval molting period,percent,HP:0001824,Weight loss,medium,"The term 'Weight loss' aligns with the VecTraits entry's focus on body weight reduction, although the lack of a definition reduces confidence."
weight loss,Percentage loss in body weight during nymphal prefeeding period,percent,HP:0001824,Weight loss,medium,"The term 'Weight loss' aligns with the VecTraits entry, but lacks a definition to confirm specificity to nymphal prefeeding period."
weight loss,Percentage loss in body weight during nymphal molting period,percent,HP:0001824,Weight loss,medium,"The VecTraits entry describes weight loss during a specific period, which aligns with the general concept of 'Weight loss' despite the lack of a specific definition."
fecundity,mean lifetime offspring,offspring individual-1,PATO:0000273,fecundity,high,"The VecTraits entry describes fecundity as mean lifetime offspring, which aligns with the PATO definition of fecundity as a reproductive quality measured by reproductive capacity."
fecundity rate,mean number of nymphs produced individual-1 during a period equivalent to the prereporoductive time,nymphs unit time-1,OBA:0003697,multicellular organism fecundity,high,"The VecTraits entry describes fecundity in terms of nymph production, which aligns with the concept of fecundity in multicellular organisms."
fecundity,mean lifetime nymphs individual-1,nymphs individual-1,OBA:0003697,multicellular organism fecundity,high,"The VecTraits entry describes fecundity in terms of mean lifetime nymphs per individual, which aligns with the concept of fecundity in multicellular organisms."
fecundity rate,mean eggs individual-1 day-1,eggs individual-1 day-1,OBA:0003697,multicellular organism fecundity,high,"The VecTraits entry describes fecundity in terms of egg production rate, which aligns with the concept of fecundity in multicellular organisms."
fecundity rate,mean offspring per day,eggs individual-1 day-1,OBA:0003697,multicellular organism fecundity,high,"The VecTraits entry describes fecundity in terms of offspring per day, which aligns with the concept of fecundity in multicellular organisms."
fecundity,mean number of progeny in a reproductive period equal to development time,progeny indidividual-1,PATO:0000273,fecundity,high,"The VecTraits entry describes fecundity as a reproductive capacity measured by progeny, aligning with PATO:0000273's definition of fecundity as a reproductive quality measured by gametes."
fecundity,mean lifetime eggs individual-1,eggs individual-1,PATO:0000273,fecundity,high,"The VecTraits entry describes fecundity as a reproductive quality measured by the number of eggs, which aligns with the PATO definition of fecundity as a reproductive quality measured by the number of gametes."
fecundity,mean eggs produced per plant,eggs plant-1,PATO:0000273,fecundity,high,"The VecTraits entry describes fecundity as a reproductive quality measured by the number of eggs, which aligns with the PATO definition of fecundity as a reproductive capacity measured by gametes."
fecundity,mean number of eggs per cycle,eggs individual-1 cycle-1,PATO:0000273,fecundity,high,The definition of fecundity as a reproductive quality measured by the number of gametes aligns with the VecTraits entry definition of mean number of eggs per cycle.
fecundity,mean lifetime egg punctures,egg punctures individual-1,PATO:0000273,fecundity,high,"The VecTraits entry describes fecundity in terms of reproductive capacity, which aligns with the PATO definition of fecundity as a reproductive quality measured by gametes."
fecundity rate,mean eggs per unit time,eggs individual-1 day-1,PATO:0000273,fecundity,high,"The VecTraits entry describes fecundity in terms of reproductive capacity, which aligns with the PATO definition of fecundity as a reproductive quality measured by gametes."
fecundity rate,mean offspring per unit time,offspring individual-1 day-1,OBA:0003697,multicellular organism fecundity,high,"The VecTraits entry describes fecundity in terms of offspring per unit time, which aligns with the concept of fecundity in multicellular organisms."
reproductive capacity,mean lifetime nymphs (30 days),nymphs individual-1,PATO:0001434,reproductive quality,high,"The VecTraits entry describes a trait related to the ability to produce offspring, which aligns with the concept of 'reproductive quality'."
fecundity,mean lifetime eggs per 10 individuals,eggs 10 individuals-1,PATO:0000273,fecundity,high,"The VecTraits entry describes fecundity as a reproductive quality measured by the number of eggs, aligning with the PATO definition of fecundity as a reproductive quality measured by gametes."
fecundity,mean number of female offspring individual-1,females individual-1,OBA:0003697,multicellular organism fecundity,high,"The VecTraits entry describes fecundity in terms of female offspring per individual, which aligns with the concept of fecundity in multicellular organisms."
fecundity,mean lifetime eggs per individual (across all humdity levels),eggs individual-1,PATO:0000273,fecundity,high,"The VecTraits entry describes fecundity as a reproductive quality measured by the number of eggs, aligning with the PATO definition of fecundity as a reproductive quality measured by gametes."
fecundity,mean lifetime eggs per individual,eggs individual-1,PATO:0000273,fecundity,high,The definition of fecundity as a reproductive quality measured by the number of gametes aligns with the VecTraits entry definition of mean lifetime eggs per individual.
fecundity rate,maximum progengy individual-1 day-1,progeny individual-1 day-1,OBA:0003697,multicellular organism fecundity,high,"The VecTraits entry describes fecundity rate in terms of progeny per day, which aligns with the concept of fecundity in multicellular organisms."
fecundity,mean number of eggs per cycle (1st),eggs individual-1 cycle-1,PATO:0000273,fecundity,high,"The VecTraits entry describes fecundity as a reproductive quality measured by the number of eggs, which aligns with the PATO definition of fecundity as a reproductive quality measured by the number of gametes."
fecundity rate,mean lifetime offspring,offspring individual-1 day-1,OBA:0003697,multicellular organism fecundity,high,"The VecTraits entry describes fecundity in terms of offspring production, which aligns with the concept of multicellular organism fecundity."
fecundity,mean offspring per reproduction day,offspring individual-1 day-1,OBA:0003697,multicellular organism fecundity,high,"The VecTraits entry describes fecundity in terms of offspring per day, which aligns with the general concept of fecundity in multicellular organisms."
fecundity,mean lifetime offspring as a function of size and adult and growth temperature,offspring individual-1,PATO:0000273,fecundity,high,"The VecTraits entry describes fecundity as a reproductive quality related to offspring production, which aligns with the PATO definition of fecundity as a reproductive quality measured by gametes."
fecundity rate,mean number of eggs individual-1 day-1,eggs individual-1 day-1,PATO:0000273,fecundity,high,"The VecTraits entry describes fecundity in terms of reproductive capacity, which aligns with the PATO definition of fecundity as a reproductive quality measured by the number of gametes."
fecundity rate,mean number of offspring per reproductive cycle,offspring individual-1 cycle-1,OBA:0003697,multicellular organism fecundity,high,"The VecTraits entry describes fecundity as the mean number of offspring per reproductive cycle, which aligns with the concept of fecundity in multicellular organisms."
fecundity,mean lifetime eggs,eggs individual-1,PATO:0000273,fecundity,high,"The VecTraits entry describes fecundity as mean lifetime eggs, which aligns with the PATO definition of fecundity as a reproductive quality measured by the number of gametes."
fecundity,individual-level mean eggs per gonotrophic cycle,eggs cycle-1,PATO:0000273,fecundity,high,The definition of fecundity as a reproductive quality measured by the number of gametes aligns well with the VecTraits entry describing mean eggs per gonotrophic cycle.
fecundity,individual-level lifetime eggs,eggs individual-1,OBA:0003697,multicellular organism fecundity,high,"The VecTraits entry describes fecundity at the individual level, which aligns with the concept of multicellular organism fecundity."
fecundity,mean lifetime eggs laid per female,eggs individual-1,PATO:0000273,fecundity,high,"The VecTraits entry describes fecundity as a reproductive quality measured by eggs laid, which aligns with PATO:0000273's definition of fecundity as a reproductive quality measured by gametes."
fecundity,mean lifetime eggs produced by an individual female,eggs individual-1,PATO:0000273,fecundity,high,"The definition provided in the VecTraits entry aligns with the PATO definition of fecundity as a reproductive quality measured by the number of gametes, which in this context are eggs."
fecundity rate,mean weight of egg mass per day,mg eggs day-1,OBA:0003697,multicellular organism fecundity,high,"The VecTraits entry describes fecundity in terms of egg mass per day, which aligns with the concept of fecundity in multicellular organisms."
fecundity,individual-level weight of lifetime eggs per individual,mg eggs individual-1,PATO:0000273,fecundity,high,The definition of fecundity as a reproductive quality measured by the number of gametes aligns with the VecTraits entry describing lifetime eggs per individual.
fecundity,total number of eggs produced,eggs individual-1,PATO:0000273,fecundity,high,"The definition of PATO:0000273 aligns with the VecTraits entry as it describes fecundity in terms of reproductive capacity measured by the number of gametes, which corresponds to the total number of eggs produced."
fecundity,mean number of lifetime eggs by a tick,eggs individual-1,PATO:0000273,fecundity,high,The definition of fecundity as a reproductive quality measured by the number of gametes aligns with the VecTraits entry definition of mean number of lifetime eggs by a tick.
fecundity rate,mean eggs produced by an individual female per day,eggs individual-1 day-1,OBA:0003697,multicellular organism fecundity,high,"The VecTraits entry describes fecundity in terms of egg production by an individual, which aligns with the concept of multicellular organism fecundity."
fecundity rate,peak number of eggs per day per individual,eggs individual-1 day-1,OBA:0003697,multicellular organism fecundity,high,"The VecTraits entry describes fecundity in terms of egg production rate, which aligns with the concept of fecundity in multicellular organisms."
fertility,mean number of hatched eggs in an individuals lifetime,eggs individual-1,OBA:VT0010464,fertility trait,high,"The VecTraits entry describes a general fertility trait of a multicellular organism, which aligns with the definition of OBA:VT0010464."
fecundity,mean eggs individual-1,eggs,PATO:0000273,fecundity,high,The definition of fecundity as a reproductive quality measured by the number of gametes aligns with the VecTraits entry definition of mean eggs per individual.
fecundity,mean lifetime total number of nymphs,progeny individual-1,OBA:0003697,multicellular organism fecundity,high,"The VecTraits entry describes fecundity in terms of the total number of progeny, which aligns with the concept of fecundity in multicellular organisms."
fecundity,mean liftetime eggs,eggs individual-1,PATO:0000273,fecundity,high,"The VecTraits entry describes fecundity as mean lifetime eggs, which aligns with the PATO definition of fecundity as a reproductive quality measured by the number of gametes."
fecundity,mean lifetime progeny,progeny individual-1,PATO:0000273,fecundity,high,"The VecTraits entry 'mean lifetime progeny' aligns with the definition of 'fecundity' as a reproductive quality measured by the number of gametes, which corresponds to potential reproductive capacity."
fecundity rate,mean progeny per unit time,progeny individual-1 day-1,OBA:0003697,multicellular organism fecundity,high,"The VecTraits entry describes fecundity rate as mean progeny per unit time, which aligns with the concept of fecundity in multicellular organisms."
fecundity rate,mean maximum progeny per unit time,progeny individual-1 day-1,OBA:0003697,multicellular organism fecundity,high,"The VecTraits entry describes fecundity rate in terms of progeny per unit time, which aligns with the concept of fecundity in multicellular organisms."
fecundity rate,maximum number of offspring per female per day,nymphs individual-1 day-1,OBA:0003697,multicellular organism fecundity,high,"The VecTraits entry describes fecundity in terms of offspring per female, which aligns with the concept of multicellular organism fecundity."
fecundity rate,mean number of nymphs per day per female,progeny individual-1 day-1,OBA:0003697,multicellular organism fecundity,high,"The VecTraits entry describes fecundity in terms of progeny per day per female, which aligns with the concept of fecundity in multicellular organisms."
fecundity rate,maximum progeny per unit time,progeny individual-1 day-1,OBA:0003697,multicellular organism fecundity,high,"The VecTraits entry describes fecundity in terms of progeny per unit time, which aligns with the concept of fecundity in multicellular organisms."
effective fecundity,mean number of nymphs produced individual-1 during a period equivalent to the prereporoductive time,nymphs unit time-1,OBA:0003697,multicellular organism fecundity,high,"The VecTraits entry describes fecundity in terms of nymph production, which aligns with the general concept of fecundity in multicellular organisms."
fecundity (alate),mean lifetime offspring,days,PATO:0000273,fecundity,high,"The VecTraits entry describes fecundity as a reproductive quality related to offspring production, which aligns with the PATO definition of fecundity as a reproductive quality measured by reproductive capacity."
fecundity (apterous),mean lifetime offspring,days,PATO:0000273,fecundity,high,"The VecTraits entry describes fecundity as mean lifetime offspring, which aligns with the PATO definition of fecundity as a reproductive quality measured by reproductive capacity."
fecundity,mean population-level offspring (100 individuals),days,PATO:0000273,fecundity,high,"The VecTraits entry describes fecundity as a reproductive quality at the population level, which aligns with the PATO definition of fecundity as a reproductive quality measured by the number of gametes."
fecundity,total population-level number of offspring produced,offspring,PATO:0000273,fecundity,high,"The PATO:0000273 term directly aligns with the VecTraits definition as it describes fecundity in terms of reproductive capacity measured by offspring, which matches the population-level offspring production."
fecundity rate,mean offspring per reproduction day,offspring individual-1 day-1,OBA:0003697,multicellular organism fecundity,high,"The VecTraits entry describes fecundity in terms of offspring per day, which aligns with the concept of fecundity in multicellular organisms."
fecundity,mean lifetime progeny per female,progeny individual-1,OBA:0003697,multicellular organism fecundity,high,"The VecTraits entry describes fecundity in terms of progeny per female, which aligns with the concept of fecundity in multicellular organisms."
fecundity rate (apterous),mean offspring per unit time,offspring individual-1 day-1,OBA:0003697,multicellular organism fecundity,high,"The VecTraits entry describes fecundity in terms of offspring per unit time, which aligns with the concept of fecundity in multicellular organisms."
fecundity rate (alate),mean offspring per unit time,offspring individual-1 day-1,OBA:0003697,multicellular organism fecundity,high,"The VecTraits entry describes fecundity in terms of offspring per unit time, which aligns with the concept of fecundity in multicellular organisms."
fertility,number of offspring produced,number of offspring,OBA:VT0010464,fertility trait,high,"The VecTraits entry describes fertility as the number of offspring produced, which aligns with the general concept of fertility in multicellular organisms as described by OBA:VT0010464."
fecundity,mean of daily newborn nymph counts,mean number of nymphs,OBA:0003697,multicellular organism fecundity,high,"The VecTraits entry describes fecundity in terms of nymph counts, which aligns with the concept of fecundity in multicellular organisms."
average daily fecundity,daily fecundity of female aphids,mx,OBA:0003697,multicellular organism fecundity,high,"The term 'multicellular organism fecundity' encompasses the fecundity of female aphids, which are multicellular organisms, and aligns with the concept of average daily fecundity."
mean fecundity,number of nymphs deposited,oviparae/gynoparae,OBA:0003697,multicellular organism fecundity,high,"The VecTraits entry describes fecundity in terms of nymphs deposited, which aligns with the general concept of fecundity in multicellular organisms."
age-specific daily fecundity,new nymphs produced each day,mean number of nymphs,OBA:0003697,multicellular organism fecundity,high,"The VecTraits entry describes fecundity in terms of new nymphs produced, which aligns with the general concept of fecundity in multicellular organisms."
mean fecundity,mean number of offspring produced by females,female/female,OBA:0003697,multicellular organism fecundity,high,"The VecTraits entry describes fecundity in terms of offspring produced by females, which aligns with the concept of fecundity in multicellular organisms."
Reproductive average daily fecundity,the number of newborn nymphs (N1) per female per day,nymphs per day,OBA:0003697,multicellular organism fecundity,high,"The VecTraits entry describes fecundity in terms of offspring per female per day, which aligns with the general concept of fecundity in multicellular organisms."
Reproductive average total fecundity,the number of newborn nymphs (N1) per female,nymphs,OBA:0003697,multicellular organism fecundity,high,"The term 'multicellular organism fecundity' aligns with the concept of fecundity in a multicellular organism, which matches the VecTraits entry describing the number of offspring per female."
fecundity,number of aphids produced,number of offspring,OBA:0003697,multicellular organism fecundity,high,"The VecTraits entry describes fecundity in terms of the number of offspring produced by aphids, which aligns with the concept of fecundity in multicellular organisms."
fecundity rate,maximum number of eggs produced in a single day by an individual female,eggs individual-1 day-1,PATO:0000273,fecundity,high,"The VecTraits entry describes fecundity in terms of reproductive capacity, which aligns with the PATO definition of fecundity as a reproductive quality measured by gamete production."
weight,"Weight of developing Hyalomma impeltatum nymphs held at four different temperatures and 75% relative humidity""",mg,PATO:0000125,mass,high,"The VecTraits entry describes the weight of nymphs, which aligns with the concept of 'mass' as per PATO's guidance to use 'mass' for biological contexts."
weight,Weight of undisturbed female Hyalomma impeltatum after molting,mg,PATO:0000125,mass,high,"The VecTraits entry describes the weight of an organism, which aligns with the PATO term 'mass' as it is the appropriate concept for biological weight measurements."
weight,Weight of undisturbed female Hyalomma impeltatum after feeding (14 days post-molt),mg,PATO:0000125,mass,high,"The VecTraits entry describes the weight of an organism, which aligns with the PATO term 'mass' as it is intended for biological uses of weight."
weight,Weight of undisturbed female Hyalomma impeltatum after engorgement,mg,PATO:0000125,mass,high,"The VecTraits entry describes the weight of an organism, which aligns with the PATO term 'mass' as it is used for biological contexts instead of 'weight'."
Weight,Weight of undisturbed female Hyalomma impeltatum after molting,mg,PATO:0000125,mass,high,"The VecTraits entry describes the weight of an organism, which aligns with the PATO term 'mass' as it is intended for biological use to describe weight."
Weight,Weight of undisturbed female Hyalomma impeltatum after feeding (14 days post-molt),mg,PATO:0000125,mass,high,"The VecTraits entry describes the mass of an organism, which aligns with the PATO term for 'mass' as it is the appropriate concept for biological weight."
Weight,Weight of undisturbed female Hyalomma impeltatum after engorgement,mg,PATO:0000125,mass,high,"The VecTraits entry describes the weight of a tick, which aligns with the concept of 'mass' as used in biological contexts according to PATO."
body size,mean wing length (mm),mm,OBA:VT0100005,body size trait,high,"The VecTraits entry describes a trait related to the size of a multicellular organism, specifically mean wing length, which aligns with the concept of 'body size trait'."
body size,mean length,mm,OBA:VT0100005,body size trait,high,"The VecTraits entry describes the size of a multicellular organism, which aligns with the definition of 'body size trait'."
body size,mean width,mm,OBA:VT0100005,body size trait,high,"The VecTraits entry describes the mean width of a multicellular organism, which aligns with the definition of 'body size trait' as the size of a multicellular organism."
body size,mean head width,mm,OBA:VT0100005,body size trait,high,"The VecTraits entry describes 'body size' as mean head width, which aligns with the concept of the size of a multicellular organism."
body size,mean thorax length,mm,OBA:VT0100005,body size trait,high,"The term 'body size trait' refers to the size of a multicellular organism, which aligns with the VecTraits entry describing mean thorax length as a measure of body size."
body size,mean wing length,mm,OBA:VT0100005,body size trait,high,"The VecTraits entry describes a trait related to the size of a multicellular organism, specifically mean wing length, which aligns with the concept of 'body size trait'."
body size (length),mean body length,mm,OBA:VT0001256,body length,high,"The VecTraits entry describes mean body length, which directly corresponds to the ontology term 'body length' defined as the length of a multicellular organism."
body size (length),mean body length (adult),mm,OBA:VT0001256,body length,high,"The VecTraits entry specifically refers to the mean body length of an adult organism, which aligns directly with the definition of 'body length' as the length of a multicellular organism."
body length,mean length (unfed ),mm,OBA:VT0001256,body length,high,"The VecTraits entry 'body length' directly corresponds to the ontology term 'body length' which refers to the length of a multicellular organism, matching the definition provided."
body length,mean length (engorged ),mm,OBA:VT0001256,body length,high,"The VecTraits entry describes the mean length of an organism, which aligns with the definition of 'body length' as the length of a multicellular organism."
body width,mean width (unfed),mm,OBA:VT0015039,body width,high,The VecTraits entry 'body width' directly corresponds to the ontology term 'body width' which refers to the width of a multicellular organism.
body size,mean wet mass,mg,OBA:VT0100005,body size trait,high,"The VecTraits entry describes the size of a multicellular organism, which aligns with the definition of 'body size trait'."
body size,mean wet mass (waxless and gravid),mg,OBA:VT0100005,body size trait,high,"The VecTraits entry describes the size of a multicellular organism, which aligns with the definition of 'body size trait'."
body size,mean dry mass,mg,OBA:VT0100005,body size trait,high,"The term 'body size trait' refers to the size of a multicellular organism, which aligns with the VecTraits entry describing mean dry mass as a measure of body size."
body size,mean body weight,mg,OBA:VT0100005,body size trait,high,"The term 'body size trait' refers to the size of a multicellular organism, which aligns with the VecTraits entry describing mean body weight."
body size,individual-level mass,mg,OBA:VT0100005,body size trait,high,"The VecTraits entry describes the size of a multicellular organism, which aligns with the definition of 'body size trait'."
body size,individual-level wet mass,mg,OBA:VT0100005,body size trait,high,"The VecTraits entry describes the size of a multicellular organism, which aligns with the definition of 'body size trait' as the size of a multicellular organism."
body size,mean wet mass on the day feeding was completed,mg,OBA:VT0100005,body size trait,high,"The VecTraits entry describes the size of a multicellular organism, which aligns with the definition of 'body size trait'."
body size,mean weight of nymphs post-feeding,mg,OBA:VT0100005,body size trait,high,"The term 'body size trait' refers to the size of a multicellular organism, which aligns with the VecTraits entry describing the mean weight of nymphs post-feeding."
body size,mean body weight of engorged adult females,mg,OBA:VT0100005,body size trait,high,"The term 'body size trait' refers to the size of a multicellular organism, which aligns with the VecTraits entry describing the mean body weight of engorged adult females."
body size,mean wet mass on the day feeding was completed (engorged),mg,OBA:VT0100005,body size trait,high,"The VecTraits entry describes the size of a multicellular organism, which aligns with the definition of 'body size trait'."
body mass,mean weight of female,mg,OBA:VT0001259,body mass,high,The VecTraits entry 'body mass' with definition 'mean weight of female' aligns with the ontology term 'body mass' which refers to the mass of a multicellular organism.
body size,mean dry mass. relationship between dry mass and wing length,mg,OBA:VT0100005,body size trait,high,"The VecTraits entry describes the size of a multicellular organism, which aligns with the definition of 'body size trait'."
body size,dry mass,mg,OBA:VT0100005,body size trait,high,"The VecTraits entry describes the size of a multicellular organism, which aligns with the definition of 'body size trait'."
body size (alate),mean wet mass,mg,OBA:VT0100005,body size trait,high,"The VecTraits entry describes the size of a multicellular organism, which aligns with the definition of 'body size trait'."
body size (apterous),mean wet mass,mg,OBA:VT0100005,body size trait,high,"The term 'body size trait' refers to the size of a multicellular organism, which aligns with the VecTraits entry describing the mean wet mass of an organism."
body size (apterous nymph),mean wet mass,days,OBA:VT0100005,body size trait,high,"The term 'body size trait' refers to the size of a multicellular organism, which aligns with the VecTraits entry describing the mean wet mass of an apterous nymph."
body size (mass),mean wet mass,mg,OBA:VT0001259,body mass,high,"The VecTraits entry 'body size (mass)' with definition 'mean wet mass' and unit 'mg' aligns directly with the ontology term 'body mass', which refers to the mass of a multicellular organism."
body size,mean of weight (unfed),mg,OBA:VT0100005,body size trait,high,"The VecTraits entry describes the size of a multicellular organism, which aligns with the definition of 'body size trait'."
body size,mean of weight (engorged),mg,OBA:VT0100005,body size trait,high,"The VecTraits entry describes the size of a multicellular organism, which aligns with the definition of 'body size trait' as the size of a multicellular organism."
body size,mean wet mass of an individual tick post engorgement,mg,OBA:VT0100005,body size trait,high,"The term 'body size trait' refers to the size of a multicellular organism, which aligns with the VecTraits entry describing the mean wet mass of an individual tick post engorgement."
Weight,mean weight of larvae during their feeding period,mg,PATO:0000125,mass,high,"The VecTraits entry describes the mean weight of larvae, which aligns with the concept of 'mass' as defined in PATO:0000125, where 'mass' is the preferred term over 'weight' for biological contexts."
Weight,mean weight of nymphs during their feeding period,mg,PATO:0000125,mass,high,"The VecTraits entry describes the mean weight of nymphs, which aligns with the concept of 'mass' as defined in PATO:0000125 for biological contexts."
Weight,mean weight of engorged nymphs moulting to males,mg,PATO:0000125,mass,high,"The VecTraits entry describes the mean weight of nymphs, which aligns with the concept of 'mass' as defined in PATO:0000125."
weight,Mean weight 14 days after hatching,ug,PATO:0000125,mass,high,"The VecTraits entry describes a mean weight, which aligns with the concept of 'mass' as defined in PATO:0000125 for biological contexts."
weight,Mean weight on day of engorgement,ug,PATO:0000125,mass,high,"The VecTraits entry describes 'weight' in terms of 'mass', which aligns with the PATO term that specifies using 'mass' for biological contexts."
body size,mean weight of engorged tick,mg,OBA:VT0100005,body size trait,high,"The term 'body size trait' refers to the size of a multicellular organism, which aligns with the VecTraits entry describing the mean weight of an engorged tick."
body size,mean weight of engored nymphs,mg,OBA:VT0100005,body size trait,high,"The term 'body size trait' refers to the size of a multicellular organism, which aligns with the VecTraits entry describing the mean weight of engorged nymphs."
Body Mass,Weight of an individual engorged female,mg,OBA:VT0001259,body mass,high,The trait 'Body Mass' for an engorged female aligns with the general concept of 'body mass' as the mass of a multicellular organism.
Body Mass,mean daily weight of larvae during their feeding periods,mg,OBA:VT0001259,body mass,high,"The VecTraits entry describes the mass of larvae, which aligns with the definition of 'body mass' as the mass of a multicellular organism."
Body Mass,mean daily weight of nymphs during their pharate periods,mg,OBA:VT0001259,body mass,high,"The VecTraits entry describes the mass of nymphs, which aligns with the definition of 'body mass' as the mass of a multicellular organism."
Body Mass,mean daily weight of nymphs during their feeding periods,mg,OBA:VT0001259,body mass,high,"The VecTraits entry describes the mass of nymphs, which aligns with the definition of 'body mass' as the mass of a multicellular organism."
egg mass,mean egg mass weight,mg,PATO:0000125,mass,high,"The VecTraits entry 'egg mass' refers to the mean egg mass weight, which aligns with the concept of 'mass' as a physical quality."
weight,Mean weight on day of hatching,ug,PATO:0000125,mass,high,"The VecTraits entry describes the mean weight (mass) of an organism at hatching, which aligns with the PATO term for 'mass' as it is the appropriate concept for biological weight."
weight,Mean egg mass,mg,PATO:0000125,mass,high,"The VecTraits entry describes 'mean egg mass', which aligns with the concept of 'mass' rather than 'weight' as specified in PATO:0000125."
egg mass,Mean egg mass by oviposition day of females raised at constant temps,mg,PATO:0000125,mass,high,"The trait 'egg mass' directly corresponds to the concept of 'mass' as it refers to the mean mass of eggs, and PATO:0000125 is the most appropriate term for mass in a biological context."
egg mass,mean weight of eggs,mg,PATO:0000125,mass,medium,"The VecTraits entry describes the mean weight of eggs, which aligns with the concept of 'mass' in PATO, although it is not specific to eggs."
Egg Mass,Weight of eggs laid by an individual female,mg,PATO:0000125,mass,medium,"The trait 'Egg Mass' refers to the weight of eggs, which aligns with the concept of 'mass' in PATO, despite the distinction between mass and weight."
survival time,mean survival time of fasting larvae,days,PATO:0001309,duration,medium,The VecTraits entry describes a temporal extent (survival time) which aligns with the concept of 'duration' as a process quality.
survival time,mean survival time of larvae post hatch,days,PATO:0001309,duration,medium,"The VecTraits entry describes a temporal extent (mean survival time), which aligns with the concept of 'duration' as a process quality."
survival time,mean survival time of fasting nymphs,days,PATO:0001309,duration,medium,"The VecTraits entry describes a temporal extent of survival, which aligns with the concept of 'duration' as a process quality."
survival time,mean time for egg survival,days,PATO:0001309,duration,high,"The VecTraits entry describes the mean time for egg survival, which aligns with the concept of 'duration' as it refers to the temporal extent between the starting and ending point of egg survival."
survival time,mean time for unfed larva survival,days,PATO:0001309,duration,medium,"The VecTraits entry describes a temporal extent of survival, which aligns with the concept of 'duration' as a process quality."
survival time,mean time for engorged nymph survival,days,PATO:0001309,duration,high,"The VecTraits entry describes a temporal extent (mean time for survival), which aligns with the concept of 'duration' as a process quality."
survival time,mean time for unfed adult survival,days,PATO:0001309,duration,medium,"The VecTraits entry describes a temporal extent (mean time for survival), which aligns with the concept of 'duration' as a process quality."
survival time,mean time for engorged adult survival,days,PATO:0001309,duration,medium,"The VecTraits entry describes a temporal extent (mean time for survival), which aligns with the concept of 'duration' as a process quality."
survival time,average number of days unfed nymphs survived,days,PATO:0001309,duration,high,"The VecTraits entry describes the average number of days unfed nymphs survived, which aligns with the concept of 'duration' as it refers to the temporal extent between the starting and ending point of survival."
molt success rate (larval),percentage that molted,percent,PATO:0000161,rate,medium,"The trait 'molt success rate (larval)' involves a percentage, which aligns with the concept of 'rate' as a quality of a process, but lacks specificity to molting."
molting ratio (larval),percentage that molted during life stage,percent,GO:0022404,molting cycle process,medium,"The trait 'molting ratio (larval)' relates to the process of molting, and GO:0022404 'molting cycle process' is the closest match despite the lack of a definition."
molting ratio (nymphal),percentage that molted during life stage,percent,GO:0022404,molting cycle process,medium,"The trait 'molting ratio (nymphal)' relates to the process of molting, and GO:0022404 'molting cycle process' is the closest match despite the lack of a definition."
molt success rate (larval),percentage that molted during life stage,percent,PATO:0000161,rate,medium,"The trait 'molt success rate (larval)' involves a percentage, which can be considered a rate, but none of the specific ontology terms directly match the concept of molting success."
molt success rate (nymphal),percentage that molted during life stage,percent,PATO:0000161,rate,medium,"The trait 'molt success rate (nymphal)' describes a percentage of a process occurring, which aligns with the general concept of 'rate' as a process occurrence per unit time, although it does not specify time explicitly."
incubation period,mean duration of egg incubation period (lay to hatching),days,PATO:0001309,duration,medium,"The VecTraits entry describes a temporal extent from laying to hatching, which aligns with the general concept of 'duration'."
incubation period,median time from oviposition to hatching,days,PATO:0001309,duration,medium,"The VecTraits entry describes a temporal extent from oviposition to hatching, which aligns with the concept of 'duration' as a process quality."
incubation period,time from start of oviposition until first eggs hatched,days,PATO:0001309,duration,medium,"The VecTraits entry describes a temporal extent from start to end, which aligns with the concept of 'duration'."
incubation period,mean duration from oviposition to hatching,days,PATO:0001309,duration,medium,"The VecTraits entry describes a temporal extent from oviposition to hatching, which aligns with the concept of 'duration' as a process quality."
incubation period,mean Incubation Period in days from egg to larvae at constant temps,days,PATO:0001309,duration,medium,"The VecTraits entry describes a temporal extent from egg to larvae, which aligns with the concept of 'duration' as a process quality."
incubation period,mean time required for an egg to hatch (from time of completion of egg deposition to eclosion of first larva),days,PATO:0001309,duration,medium,"The VecTraits entry describes a temporal extent from egg deposition to larva eclosion, which aligns with the concept of 'duration' as a process quality."
incubation period,mean egg incubation period,days,PATO:0001309,duration,medium,"The VecTraits entry describes a temporal extent of a biological process, which aligns with the concept of 'duration' as a process quality."
incubation period,Mean Incubation Period,days,PATO:0001309,duration,medium,"The trait 'incubation period' refers to the temporal extent of a process, which aligns with the concept of 'duration' as a process quality."
hatching rate,percent surviving life stage,percent,PATO:0000161,rate,medium,"The VecTraits entry 'hatching rate' refers to a percentage of survival, which aligns with the general concept of 'rate' as a process occurrence per unit time, but lacks specificity to hatching."
hatching rate,mean duration of life stage,percent,PATO:0000161,rate,medium,"The VecTraits entry describes a rate related to a life stage, and PATO:0000161 'rate' is a general term for a process occurring per unit time, which aligns with the concept of hatching rate."
hatch rate,mean hatching rate of egg batches,percent,PATO:0001492,growth rate,medium,"Hatch rate involves the change in number of a population, similar to growth rate, but it is not a perfect match."
hatch rate,percentage of egg masses producing larvae,percent,PATO:0001492,growth rate,medium,"Hatch rate involves the change in number of a population (eggs to larvae), which aligns with the concept of growth rate."
hatch ratio,hatching ratio of eggs,percent,PATO:0001470,ratio,medium,"The term 'ratio' is a general concept that can encompass the hatching ratio of eggs, but it does not specifically address biological traits related to hatching."
hatching period,mean time from initiation to completion of hatching,days,PATO:0001309,duration,medium,"The VecTraits entry describes a temporal extent from start to finish of hatching, which aligns with the concept of 'duration'."
egg hatch,Mean percentage of eggs hatched,percent,GO:0009792,embryo development ending in birth or egg hatching,high,"The term 'embryo development ending in birth or egg hatching' encompasses the process of egg hatching, aligning with the VecTraits entry definition of the mean percentage of eggs hatched."
longevity,aphid lifespan,days,OBA:VT0005372,life span determination trait,high,"The VecTraits entry 'longevity' defined as 'aphid lifespan' aligns well with the ontology term 'life span determination trait' which pertains to the determination of adult lifespan, and both involve measuring lifespan in days."
longevity,lifespan of aphids,days,OBA:VT0005372,life span determination trait,high,"The VecTraits entry 'longevity' referring to 'lifespan of aphids' aligns well with the ontology term 'life span determination trait', which involves the determination of adult lifespan."
longevity,adult aphid survival,days,OBA:VT0005372,life span determination trait,high,"The VecTraits entry 'longevity' defined as 'adult aphid survival' in days aligns well with the ontology term 'life span determination trait', which involves the determination of adult lifespan."
adult longevity,lifespan of adult aphids,days,OBA:VT0005372,life span determination trait,high,The term 'life span determination trait' closely aligns with the concept of 'adult longevity' as it pertains to the determination of adult lifespan.
aphid longevity,lifespan of aphids,days,OBA:VT0005372,life span determination trait,high,"The VecTraits entry 'aphid longevity' directly corresponds to the determination of lifespan, which aligns with the ontology term 'life span determination trait'."
reproductive period,mean duration of life stage,days,PATO:0001309,duration,high,"The VecTraits entry describes the mean duration of a life stage, which aligns with the concept of 'duration' as a process quality related to temporal extent."
ovipositional period,mean duration of life stage,days,PATO:0001309,duration,medium,"The VecTraits entry describes a mean duration of a life stage, which aligns with the general concept of 'duration' as a process quality."
pre-oviposition period,mean duration from adult emergence to onset of reproduction,days,PATO:0001309,duration,medium,"The trait 'pre-oviposition period' refers to a temporal extent, which aligns with the concept of 'duration' as a process quality."
post-oviposition period,mean duration of life stage,days,PATO:0001309,duration,medium,"The VecTraits entry describes a temporal extent of a life stage, which aligns with the general concept of 'duration'."
pre-reproductive period,mean duration of life stage,days,PATO:0001309,duration,medium,"The VecTraits entry describes a temporal extent of a life stage, which aligns with the concept of 'duration' as a process quality."
pre-reproductive period,mean duration from adult emergence to onset of reproduction,days,PATO:0001309,duration,medium,"The VecTraits entry describes a temporal extent from adult emergence to reproduction, which aligns with the general concept of 'duration'."
age at first reproduction,mean age at first reproduction,days,PATO:0000011,age,medium,"The trait 'age at first reproduction' relates to the time quality of age, but none of the terms specifically address reproductive age, making 'age' the closest match."
pre-reproductive period,mean duration to production of first larva,days,PATO:0001309,duration,medium,"The trait 'pre-reproductive period' refers to the time duration until the production of the first larva, which aligns with the concept of 'duration' as a process quality."
preoviposition period,mean duration of prereproductive period (end of feeding until oviposition),days,PATO:0001309,duration,medium,"The VecTraits entry describes a temporal extent from the end of feeding to oviposition, which aligns with the concept of 'duration' as a process quality."
ovipositional period,mean duration of reproductive period,days,PATO:0001309,duration,medium,"The VecTraits entry describes a temporal extent of a reproductive process, which aligns with the concept of 'duration' as a process quality."
preoviposition period,mean duration of period before oviposition,days,PATO:0001309,duration,medium,"The trait 'preoviposition period' refers to the duration of time before oviposition, which aligns with the concept of 'duration' as a process quality."
ovipositional period,mean duration of ovipositional period,days,PATO:0001309,duration,medium,"The trait 'ovipositional period' refers to the duration of a process, which aligns with the general concept of 'duration' in PATO:0001309."
preoviposition period,mean duration of life stage,days,PATO:0001309,duration,high,"The VecTraits entry describes the mean duration of a life stage, which aligns with the concept of 'duration' as a process quality."
preoviposition period,mean duration from adult emergence to onset of reproduction,days,PATO:0001309,duration,medium,"The trait 'preoviposition period' refers to the duration of time from adult emergence to reproduction, which aligns with the general concept of 'duration' as a process quality."
oviposition period,mean duration of life stage,days,PATO:0001309,duration,high,"The VecTraits entry describes the mean duration of a life stage, which aligns with the concept of 'duration' as a process quality."
age at first reproduction,mean duration of life stage,days,PATO:0000011,age,medium,"The trait 'age at first reproduction' relates to the duration of existence, which aligns with the general concept of 'age' as a time quality."
age at first reproduction,mean duration from birth to onset of reproduction,days,PATO:0000011,age,medium,"The trait 'age at first reproduction' relates to a time quality, which aligns with the general concept of 'age' as a time quality inhering in a bearer."
age at first reproduction,mean age at the onset of reproduction,days,PATO:0000011,age,medium,"The VecTraits entry describes a time quality related to the age at which reproduction begins, which aligns with the general concept of 'age' as a time quality."
post-reproductive period,mean duration of life stage,days,PATO:0001309,duration,medium,"The VecTraits entry describes a mean duration of a life stage, which aligns with the general concept of 'duration' as a process quality."
pre-reproductive period,mean rate of life stage completion,days,PATO:0001309,duration,medium,"The VecTraits entry describes a temporal extent of a life stage, which aligns with the concept of 'duration' as a process quality."
reproductive period,mean rate of life stage completion,days,PATO:0001309,duration,medium,"The VecTraits entry describes a temporal extent of a life stage completion, which aligns with the concept of 'duration' as a process quality."
post-reproductive period,mean rate of life stage completion,days,PATO:0001309,duration,medium,"The VecTraits entry describes a temporal extent of a life stage, which aligns with the concept of 'duration' as a process quality."
pre-reproduction period,duration of developmental phases in days,days,PATO:0001309,duration,medium,"The VecTraits entry describes a temporal extent of developmental phases, which aligns with the concept of 'duration' as a process quality."
reproduction period,duration of developmental phases in days,days,PATO:0001309,duration,medium,"The VecTraits entry describes a temporal extent of developmental phases, which aligns with the concept of 'duration' as a process quality."
post-reproduction period,duration of developmental phases in days,days,PATO:0001309,duration,medium,"The VecTraits entry describes a temporal extent, which aligns with the concept of 'duration' as a process quality."
preoviposition period,mean days in preoviposition,days,PATO:0001309,duration,medium,"The trait 'preoviposition period' refers to a temporal extent, which aligns with the concept of 'duration' as a process quality."
preoviposition period,individual-level duration of prereproductive period (end of feeding until oviposition),days,PATO:0001309,duration,medium,"The trait 'preoviposition period' refers to the duration of a specific biological process, which aligns with the general concept of 'duration' as defined by PATO:0001309."
ovipositional period,individual-level duration of reproductive period,days,PATO:0001309,duration,medium,"The trait 'ovipositional period' refers to the duration of a reproductive process, which aligns with the general concept of 'duration' as a process quality."
preoviposition period,mean Preoviposition Period in days at adult female state at const temps,days,PATO:0001309,duration,medium,"The trait 'preoviposition period' refers to a temporal extent, which aligns with the concept of 'duration' as a process quality."
oviposition period,mean Oviposition Period in days at adult female state at const temps,days,PATO:0001309,duration,medium,"The trait 'oviposition period' refers to the temporal extent of a process, which aligns with the concept of 'duration'."
preoviposition period,mean time required for an engorged female tick to begin laying eggs,days,PATO:0001309,duration,medium,"The trait 'preoviposition period' refers to the time duration for a process, which aligns with the concept of 'duration' as a process quality."
preoviposition period,mean time until onset of oviposition,days,PATO:0001309,duration,medium,"The trait 'preoviposition period' refers to the time duration until oviposition, which aligns with the concept of 'duration' as a process quality."
Oviposition Period,Oviposition Period 1/period(day) in engorged females,days-1,PATO:0001309,duration,medium,"The trait 'Oviposition Period' refers to the temporal extent of a process, which aligns with the concept of 'duration'."
preoviposition period,Mean Pre-Oviposition Period,days,PATO:0001309,duration,medium,"The preoviposition period is a temporal extent between starting and ending points, aligning with the concept of 'duration'."
development time,mean duration of life stage,days,PATO:0001309,duration,high,"The VecTraits entry describes the mean duration of a life stage, which aligns with the concept of 'duration' as a process quality related to temporal extent."
development time,median duration of life stage,days,PATO:0001309,duration,high,"The VecTraits entry describes the median duration of a life stage, which aligns with the concept of 'duration' as a process quality related to temporal extent."
development time,mean duration period from aphid birth to its first reproduction,days,PATO:0001309,duration,medium,"The VecTraits entry describes a temporal extent from birth to reproduction, which aligns with the concept of 'duration' as a process quality."
development rate,mean rate of life stage completion,days-1,PATO:0000161,rate,medium,"The VecTraits entry describes a general rate of life stage completion, which aligns with the broad concept of 'rate' as a process per unit time."
development rate,rate of life stage completion,days-1,PATO:0000161,rate,medium,"The VecTraits entry describes a general rate of life stage completion, which aligns with the broad concept of 'rate' as a process per unit time, but lacks specificity to match any of the more specific ontology terms."
development time,mean duration of life cycle (egg-to-egg),days,PATO:0001309,duration,medium,"The VecTraits entry describes the duration of a life cycle, which aligns with the concept of 'duration' as a process quality related to temporal extent."
development time,mean duration of life stage (across all humidity levels),days,PATO:0001309,duration,high,"The VecTraits entry describes the mean duration of a life stage, which aligns with the concept of 'duration' as a process quality related to temporal extent."
development time,mean duration for 50 percent of eggs to hatch,days,PATO:0001309,duration,medium,"The VecTraits entry describes the duration of a developmental process, which aligns with the concept of 'duration' as a process quality."
development time,median duration for egg development,days,PATO:0001309,duration,medium,"The VecTraits entry describes the duration of egg development, which aligns with the concept of 'duration' as a process quality related to temporal extent."
development time,mean duration for egg development,days,PATO:0001309,duration,medium,"The VecTraits entry describes the mean duration for egg development, which aligns with the concept of 'duration' as a process quality related to temporal extent."
development time,duration of life stage,days,PATO:0001309,duration,high,"The VecTraits entry 'development time' refers to the temporal extent of a life stage, which aligns with the definition of 'duration' as the magnitude of the temporal extent between the starting and ending point of a process."
development rate,mean duration of life stage,days,PATO:0000161,rate,medium,"The VecTraits entry describes a general rate of development for a life stage, which aligns with the broad concept of 'rate' as a process per unit time."
development time,mean duration of life cycle,days,PATO:0001309,duration,high,"The VecTraits entry describes the mean duration of a life cycle, which aligns with the concept of 'duration' as a process quality related to temporal extent."
development time,individual-level duration of life stage,days,PATO:0001309,duration,high,"The VecTraits entry describes the duration of a life stage, which aligns with the concept of 'duration' as a process quality related to temporal extent."
development rate,individual-level rate of life stage completion,days-1,PATO:0000161,rate,medium,"The VecTraits entry describes a general rate of life stage completion, which aligns with the broad concept of 'rate' as a process occurring per unit time, but lacks specificity to match any of the more specific ontology terms."
development time,mean duration of larval attachment developmental phase,days,PATO:0001309,duration,medium,"The VecTraits entry describes the mean duration of a developmental phase, which aligns with the concept of 'duration' as a process quality related to temporal extent."
development rate,mean development rate per day,percent day-1,PATO:0000161,rate,medium,"The VecTraits entry describes a general development rate per day, which aligns with the concept of a rate as a process occurring per unit time, but lacks specificity to match any of the more specific ontology terms."
development time,mean duration from when eggs were deposited to hatch,days,PATO:0001309,duration,medium,"The VecTraits entry describes the duration of a developmental process, which aligns with the concept of 'duration' as a process quality."
development time,mean time to complete nymphal devlopment,days,PATO:0001309,duration,medium,"The VecTraits entry describes the mean time to complete nymphal development, which aligns with the concept of 'duration' as the temporal extent of a process."
developmental time,mean duration of life stage,days,PATO:0001309,duration,high,"The VecTraits entry describes the mean duration of a life stage, which aligns with the concept of 'duration' as a process quality related to temporal extent."
development rate,replicate-level mean rate of life stage completion,days-1,PATO:0000161,rate,medium,"The VecTraits entry describes a general rate of life stage completion, which aligns with the general concept of 'rate' as a process per unit time, but lacks specificity to match any particular development rate term."
development time,mean duration of juvenile stages and from adult emergence to the onset of reproduction,days,PATO:0001309,duration,medium,"The VecTraits entry describes the duration of developmental stages, which aligns with the concept of 'duration' as a process quality related to temporal extent."
development rate,inverse of the mean duration of life stage,days-1,PATO:0000161,rate,medium,"The VecTraits entry describes a general rate of development, which aligns with the broad concept of 'rate' as a process per unit time, but lacks specificity to a particular biological structure or process."
development time,mean duration of life stage as a function of rearing food type (secondstressor) and temperature,days,PATO:0001309,duration,medium,"The VecTraits entry describes the mean duration of a life stage, which aligns with the concept of 'duration' as a process quality related to temporal extent."
development time,nymphal development time,days,PATO:0001309,duration,medium,"The VecTraits entry describes 'nymphal development time' in days, which aligns with the concept of 'duration' as the temporal extent of a process."
developmental time,number of days at each developmental stage,days,PATO:0001309,duration,high,"The VecTraits entry describes the number of days at each developmental stage, which aligns with the concept of 'duration' as the temporal extent between starting and ending points."
development time,mean nymphal development time,days,PATO:0001309,duration,medium,"The VecTraits entry describes a temporal extent of nymphal development, which aligns with the concept of 'duration' as a process quality."
development time,mean duration of incubation period,days,PATO:0001309,duration,high,"The VecTraits entry describes the mean duration of the incubation period, which aligns with the concept of 'duration' as a process quality related to temporal extent."
development time,mean duration of attachment period,days,PATO:0001309,duration,medium,"The VecTraits entry describes a temporal extent of a process, which aligns with the concept of 'duration' as a process quality."
development time,mean duration of premoulting period,days,PATO:0001309,duration,medium,"The VecTraits entry describes the mean duration of a developmental period, which aligns with the concept of 'duration' as a process quality related to temporal extent."
Development time,Mean time from engorgement to moulting,days,PATO:0001309,duration,medium,"The VecTraits entry describes the time from engorgement to moulting, which aligns with the concept of 'duration' as the temporal extent between starting and ending points of a process."
longevity,mean duration of life stage,days,OBA:VT0005372,life span determination trait,high,"The VecTraits entry 'longevity' defined as 'mean duration of life stage' aligns with the concept of determining adult lifespan, which is captured by the ontology term 'life span determination trait'."
longevity,median duration of life stage,days,OBA:VT0005372,life span determination trait,medium,"The VecTraits entry 'longevity' refers to the duration of a life stage, which aligns with the concept of determining lifespan, but the ontology term specifically mentions adult lifespan, which may not fully encompass all life stages."
longevity,median adult lifespan,days,OBA:VT0005372,life span determination trait,high,"The VecTraits entry 'longevity' defined as 'median adult lifespan' aligns well with the ontology term 'life span determination trait', which involves the process quality of determining adult lifespan."
mortality rate,mean per capita rate of mortality during life stage,individual-1 day-1,PATO:0000161,rate,medium,"The term 'rate' is a general concept that encompasses the occurrence of any process per unit time, which aligns with the definition of mortality rate as a mean per capita rate of mortality during a life stage."
mortality rate,mean death rate during life stage,individual-1 day-1,PATO:0000161,rate,medium,"The term 'rate' is a general concept that encompasses the occurrence of any process per unit time, which aligns with the definition of 'mortality rate' as a mean death rate during a life stage."
longevity,individual-level duration of life stage,days,OBA:VT0005372,life span determination trait,medium,"The VecTraits entry 'longevity' aligns with the concept of determining lifespan, but the ontology term emphasizes the process quality of determination, which may not fully capture the individual-level duration aspect."
mortality rate,individual-level per capita daily rate of mortality,indivdual-1 day-1,PATO:0000161,rate,medium,"The term 'rate' is a general concept that encompasses the occurrence of any process per unit time, which aligns with the definition of 'mortality rate' as an individual-level per capita daily rate of mortality."
longevity,duration for 50% mortality,days,OBA:VT0005372,life span determination trait,high,"The VecTraits entry 'longevity' defined as 'duration for 50% mortality' aligns with the concept of determining adult lifespan, which is captured by the ontology term 'life span determination trait'."
lifespan,mean duration of entire life,days,OBA:VT0005372,life span determination trait,high,"The VecTraits entry describes the mean duration of life, which aligns with the concept of determining lifespan as a trait."
longevity,mean duration of life,days,OBA:VT0005372,life span determination trait,high,"The VecTraits entry 'longevity' defined as 'mean duration of life' aligns well with the ontology term 'life span determination trait', which involves the determination of adult lifespan."
longevity,mean duration of life stage as a function of rearing food type (secondstressor) and temperature,days,OBA:VT0005372,life span determination trait,high,"The VecTraits entry describes the mean duration of a life stage, which aligns with the determination of lifespan as described by the ontology term."
longevity,mean duration of adult lifespan as a function of temperature and the number of instars completed prior to reproductive adulthood (secondstressor),days,OBA:VT0005372,life span determination trait,high,"The VecTraits entry describes the determination of adult lifespan, which aligns with the ontology term's focus on the process quality of lifespan determination."
longevity (apterous),mean duration of life stage,days,OBA:VT0005372,life span determination trait,high,"The VecTraits entry 'longevity (apterous)' refers to the mean duration of a life stage, which aligns with the determination of adult lifespan described by the ontology term."
longevity (alate),mean duration of life stage,days,OBA:VT0005372,life span determination trait,high,"The VecTraits entry 'longevity (alate)' refers to the mean duration of a life stage, which aligns with the concept of determining adult lifespan as described by the ontology term."
adult longevity,lifespan over time,days,OBA:VT0005372,life span determination trait,high,"The term 'life span determination trait' closely aligns with the concept of 'adult longevity' as it pertains to the determination of lifespan, which matches the VecTraits entry definition of lifespan over time."
mean longevity,mean lifespan in days,days,OBA:VT0005372,life span determination trait,high,The VecTraits entry 'mean longevity' aligns with the ontology term 'life span determination trait' as both pertain to the measurement of lifespan.
Longevity,"sum of all life stage periods in study (pre-reproductive, reproductive, and post-reproductive)",days,OBA:VT0005372,life span determination trait,high,"The VecTraits entry for Longevity, defined as the sum of all life stage periods, aligns with the concept of determining lifespan, which is captured by the ontology term 'life span determination trait'."
longevity,individual-level duration of adult female life stage,days,OBA:VT0005372,life span determination trait,high,"The VecTraits entry describes the duration of the adult female life stage, which aligns with the determination of adult lifespan as described by the ontology term."
survival,proportion surviving life stage,proportion,PATO:0000719,viable,medium,"The term 'viable' relates to the ability to survive, which aligns with the VecTraits entry describing the proportion surviving a life stage."
survival,percent surviving life stage,percent,PATO:0000719,viable,medium,"The term 'viable' relates to the ability to survive, which aligns with the VecTraits entry describing the percent surviving a life stage, although it is not an exact match."
survival,proportion of individuals surviving life stage (emergence rate),proportion,PATO:0000719,viable,medium,"The term 'viable' relates to the ability to survive, which aligns with the VecTraits entry describing the proportion of individuals surviving a life stage."
survival,percentage of individuals surviving life stage (emergence rate),individuals,PATO:0000719,viable,medium,"The term 'viable' relates to the ability to survive, which aligns with the concept of survival rate in a population, although it is not a perfect match for 'emergence rate'."
survival rate,mean percentage surviving life stage,percent,PATO:0000161,rate,medium,"The term 'rate' is a general concept that can encompass survival rate, although it does not specifically refer to survival, it is the closest match available."
survival rate,percentage of ticks that survived the nymphal moult,percent,PATO:0001492,growth rate,medium,"The survival rate of ticks through a developmental stage can be conceptually linked to the growth rate of a population, as it involves the change in number of surviving individuals."
survival rate,percentage of starved larval ticks that survived to the days listed,percent,PATO:0000161,rate,medium,"The trait 'survival rate' refers to a percentage over time, which aligns with the general concept of 'rate' as a process occurrence per unit time, but lacks specificity in the ontology terms provided."
survival rate,percentage of ticks that survived at 5 degrees celcius,percent,PATO:0000161,rate,medium,"The term 'rate' is a general concept that can encompass survival rate, but it does not specifically refer to survival, hence the medium confidence."
survival rate,percentage of ticks that survived at 17 degrees celcius,percent,PATO:0000161,rate,medium,"The trait 'survival rate' is a measure of occurrence per unit time, which aligns with the general concept of 'rate'."
survival rate,percentage of ticks that survived at 24 degrees celcius,percent,PATO:0001492,growth rate,medium,"The concept of 'survival rate' aligns with the idea of change in number of a population, as it reflects the percentage of individuals surviving over time."
survival rate,percentage of larval ticks that molted following engorgement,percent,PATO:0001492,growth rate,medium,"The survival rate of larval ticks molting after engorgement can be considered a type of growth in population size, aligning with the concept of growth rate."
prefeeding period (larval),mean duration of life stage,days,PATO:0001309,duration,medium,"The VecTraits entry describes the duration of a life stage, which aligns with the concept of 'duration' as a process quality."
feeding period (larval),mean duration of life stage,days,PATO:0001309,duration,medium,"The VecTraits entry describes the mean duration of a life stage, which aligns with the concept of 'duration' as a process quality, but lacks specificity to the larval feeding period."
prefeeding period (nymphal),mean duration of life stage,days,PATO:0001309,duration,high,"The VecTraits entry describes the mean duration of a life stage, which aligns with the concept of 'duration' as a process quality."
feeding period (nymphal),mean duration of life stage,days,PATO:0001309,duration,high,"The VecTraits entry describes the mean duration of a life stage, which aligns with the concept of 'duration' as a process quality."
prefeeding period (adult),mean duration of life stage,days,PATO:0001309,duration,medium,"The VecTraits entry describes a temporal extent of a life stage, which aligns with the concept of 'duration' as a process quality."
feeding period (adult),mean duration of life stage,days,PATO:0001309,duration,high,"The VecTraits entry describes the mean duration of a life stage, which aligns with the concept of 'duration' as a process quality related to temporal extent."
feeding period,mean Feeding Period in days at nymph state at constant temps,days,PATO:0001309,duration,high,"The VecTraits entry describes the mean duration of a feeding period in days, which aligns with the concept of 'duration' as a process quality."
feeding period,mean time required for nymphs to feed,days,PATO:0001309,duration,medium,"The VecTraits entry describes the mean time required for nymphs to feed, which aligns with the concept of 'duration' as a process quality related to temporal extent."
premolt period (nymphal),mean duration of nymphal premolting phase,days,PATO:0001309,duration,high,"The trait 'premolt period (nymphal)' refers to the temporal extent of a biological process, which aligns with the concept of 'duration' as defined in PATO:0001309."
premolt period (larval),mean duration of larval premolting phase,days,PATO:0001309,duration,medium,"The VecTraits entry describes the duration of a specific phase, which aligns with the concept of 'duration' as a process quality."
molting time,mean duration of nymphal molting phase,days,PATO:0001309,duration,medium,"The VecTraits entry describes the duration of a biological process, which aligns with the concept of 'duration' as a process quality."
premolt period (nymphal),mean time to complete nymphal moulting,days,PATO:0001309,duration,medium,"The trait 'premolt period (nymphal)' refers to the time duration of a biological process, which aligns with the concept of 'duration' as a process quality."
premolt period (larval),mean time to complete larval moulting,days,PATO:0001309,duration,medium,"The trait 'premolt period (larval)' refers to the time duration of a process, which aligns with the concept of 'duration' as a process quality."
premolt period (larval),mean duration of life stage,days,PATO:0001309,duration,medium,"The VecTraits entry describes the mean duration of a larval life stage, which aligns with the concept of 'duration' as a process quality."
premolt period,mean duration of life stage,days,PATO:0001309,duration,medium,"The VecTraits entry describes a mean duration of a life stage, which aligns with the general concept of 'duration' as a process quality."
premolt period (nymphal),mean duration of life stage,days,PATO:0001309,duration,high,"The trait 'premolt period (nymphal)' refers to the mean duration of a life stage, which aligns with the concept of 'duration' as a process quality related to temporal extent."
molting period (nymphal),mean duration of life stage,days,PATO:0001309,duration,medium,"The VecTraits entry describes the mean duration of a life stage, which aligns with the concept of 'duration' as a process quality."
premolting period,mean Premolting Period in days at larval state at const temps,days,PATO:0001309,duration,medium,"The trait 'premolting period' refers to the temporal extent of a process, which aligns with the concept of 'duration'."
premolting period,mean Premolting Period in days at nymph state at constant temps,days,PATO:0001309,duration,medium,"The trait 'premolting period' refers to the temporal extent of a process, which aligns with the concept of 'duration'."
moulting period,mean time required for nymphs to moult,days,PATO:0001309,duration,medium,"The trait 'moulting period' refers to the time duration for nymphs to moult, which aligns with the concept of 'duration' as a process quality."
