query_trait,ontology,term_id,term_label,term_definition
Body Mass,OBA,OBA:VT0001259,body mass,The mass of a multicellular organism.
Body Mass,OBA,OBA:VT0010482,body fat mass,The mass of a adipose tissue.
Body Mass,OBA,OBA:2045456,body mass to body extent ratio,A compound attribute that is the ratio of body mass to body extent.
Body Mass,OBA,OBA:2045455,body mass to height ratio,A compound attribute that is the ratio of body mass to body height.
Body Mass,OBA,OBA:2030004,total skin mass,The mass of a skin of body.
Body Mass,PATO,PATO:0000125,mass,"For any biological use of PATO, the concept that should be used is 'mass' and not 'weight'. For example, increased weight of an organism."
Body Mass,PATO,PATO:0001019,mass density,A physical quality which inheres in a bearer by virtue of some influence is exerted by the bearer's mass per unit size.
Body Mass,PATO,PATO:0001562,decreased mass,A mass which is lower than normal or average.
Body Mass,PATO,PATO:0001563,increased mass,A mass which is higher than normal or average.
Body Mass,PATO,PATO:0001681,molar mass,A physical quality that inheres in a homogeneous substance containing 6.02 x 1023 atoms or molecules.
Development Rate,OBA,OBA:0002217,embryo development rate,The rate of a embryo development.
Development Rate,OBA,OBA:0003600,artery development rate,The rate of a artery development.
Development Rate,OBA,OBA:0003599,ovarian follicle development rate,The rate of a ovarian follicle development.
Development Rate,OBA,OBA:0004171,lung alveolus development rate,The rate of a lung alveolus development.
Development Rate,OBA,OBA:0005316,mesenchymal cell proliferation involved in lung development rate,The rate of a mesenchymal cell proliferation involved in lung development.
Development Rate,PATO,PATO:0000161,rate,A quality of a single process inhering in a bearer by virtue of the bearer's occurrence per unit time.
Development Rate,PATO,PATO:0000911,decreased rate,A rate which is relatively low.
Development Rate,PATO,PATO:0000912,increased rate,A rate which is relatively high.
Development Rate,PATO,PATO:0001492,growth rate,The rate or speed of the change in size of an individual entity or change in number of a population.
Development Rate,PATO,PATO:0001574,flow rate,A physical quality inhering in a bearer by virtue of the bearer's motion characteristic.
Development Rate (Egg),OBA,OBA:0002217,embryo development rate,The rate of a embryo development.
Development Rate (Egg),OBA,OBA:0003600,artery development rate,The rate of a artery development.
Development Rate (Egg),OBA,OBA:0003599,ovarian follicle development rate,The rate of a ovarian follicle development.
Development Rate (Egg),OBA,OBA:0004171,lung alveolus development rate,The rate of a lung alveolus development.
Development Rate (Egg),OBA,OBA:0005316,mesenchymal cell proliferation involved in lung development rate,The rate of a mesenchymal cell proliferation involved in lung development.
Development Rate (Egg),PATO,PATO:0000161,rate,A quality of a single process inhering in a bearer by virtue of the bearer's occurrence per unit time.
Development Rate (Egg),PATO,PATO:0000911,decreased rate,A rate which is relatively low.
Development Rate (Egg),PATO,PATO:0000912,increased rate,A rate which is relatively high.
Development Rate (Egg),PATO,PATO:0001492,growth rate,The rate or speed of the change in size of an individual entity or change in number of a population.
Development Rate (Egg),PATO,PATO:0001574,flow rate,A physical quality inhering in a bearer by virtue of the bearer's motion characteristic.
Development Rate (Larva),OBA,OBA:0002217,embryo development rate,The rate of a embryo development.
Development Rate (Larva),OBA,OBA:0003600,artery development rate,The rate of a artery development.
Development Rate (Larva),OBA,OBA:0003599,ovarian follicle development rate,The rate of a ovarian follicle development.
Development Rate (Larva),OBA,OBA:0004171,lung alveolus development rate,The rate of a lung alveolus development.
Development Rate (Larva),OBA,OBA:0005316,mesenchymal cell proliferation involved in lung development rate,The rate of a mesenchymal cell proliferation involved in lung development.
Development Rate (Larva),PATO,PATO:0000161,rate,A quality of a single process inhering in a bearer by virtue of the bearer's occurrence per unit time.
Development Rate (Larva),PATO,PATO:0000911,decreased rate,A rate which is relatively low.
Development Rate (Larva),PATO,PATO:0000912,increased rate,A rate which is relatively high.
Development Rate (Larva),PATO,PATO:0001492,growth rate,The rate or speed of the change in size of an individual entity or change in number of a population.
Development Rate (Larva),PATO,PATO:0001574,flow rate,A physical quality inhering in a bearer by virtue of the bearer's motion characteristic.
Development Rate (Nymph),OBA,OBA:0002217,embryo development rate,The rate of a embryo development.
Development Rate (Nymph),OBA,OBA:0003600,artery development rate,The rate of a artery development.
Development Rate (Nymph),OBA,OBA:0003599,ovarian follicle development rate,The rate of a ovarian follicle development.
Development Rate (Nymph),OBA,OBA:0004171,lung alveolus development rate,The rate of a lung alveolus development.
Development Rate (Nymph),OBA,OBA:0005316,mesenchymal cell proliferation involved in lung development rate,The rate of a mesenchymal cell proliferation involved in lung development.
Development Rate (Nymph),PATO,PATO:0000161,rate,A quality of a single process inhering in a bearer by virtue of the bearer's occurrence per unit time.
Development Rate (Nymph),PATO,PATO:0000911,decreased rate,A rate which is relatively low.
Development Rate (Nymph),PATO,PATO:0000912,increased rate,A rate which is relatively high.
Development Rate (Nymph),PATO,PATO:0001492,growth rate,The rate or speed of the change in size of an individual entity or change in number of a population.
Development Rate (Nymph),PATO,PATO:0001574,flow rate,A physical quality inhering in a bearer by virtue of the bearer's motion characteristic.
Development time,OBA,OBA:0002217,embryo development rate,The rate of a embryo development.
Development time,OBA,OBA:0003600,artery development rate,The rate of a artery development.
Development time,OBA,OBA:0004100,blastocyst development morphology,The morphology of a blastocyst development.
Development time,OBA,OBA:0004352,spermatid development occurrence,The occurrence of a spermatid development.
Development time,OBA,OBA:1000796,cloaca development quality,The quality of a cloaca development.
Development time,PATO,PATO:0000165,time,A quality in which events occur in sequence.
Development time,PATO,PATO:0000498,increased duration,A duration quality of a process which is relatively high.
Development time,PATO,PATO:0000499,decreased duration,A duration quality of a process which is relatively low.
Development time,PATO,PATO:0001309,duration,A process quality inhering in a bearer by virtue of the bearer's magnitude of the temporal extent between the starting and ending point.
Development time,PATO,PATO:0040049,male with DSD,A biological sex quality inhering in an individual or a population who are otherwise male of a non-hermaphroditic species who has ambiguous or atypical congenital development of the reproductive system.
Distance Traveled,OBA,OBA:1000003,inter-canthal distance,The length of a anatomical line between inner canthi.
Distance Traveled,OBA,OBA:1000004,distance between ears,The length of a anatomical line between outer ears.
Distance Traveled,OBA,OBA:1000005,inter-pupillar distance,The length of a anatomical line between pupils.
Distance Traveled,OBA,HP:0006610,Wide intermamillary distance,NA
Distance Traveled,OBA,HP:0040157,Abnormal intermamillary distance,NA
Distance Traveled,PATO,PATO:0000040,distance,A quality that is the extent of space between two entities.
Distance Traveled,PATO,PATO:0000374,increased distance,A distance which is greater relative to the normal or average.
Distance Traveled,PATO,PATO:0000375,decreased distance,A distance which is lesser relative to the normal or average.
Distance Traveled,PATO,PATO:0045014,normal distance,A distance which is relatively normal or average.
Distance Traveled,PATO,PATO:0040032,increased linear velocity,A distance traveled in a specific time that is relatively high.
EIP (extrinsic incubation period),OBA,OBA:VT0002292,gestation period duration,The duration of a female pregnancy.
EIP (extrinsic incubation period),OBA,OBA:1000286,extrinsic muscle of tongue quality,The quality of a extrinsic muscle of tongue.
EIP (extrinsic incubation period),OBA,OBA:1000391,"blood coagulation, extrinsic pathway quality","The quality of a blood coagulation, extrinsic pathway."
EIP (extrinsic incubation period),OBA,OBA:2051617,level of period circadian protein homolog 3 in blood,The amount of a period circadian protein homolog 3 when measured in blood.
EIP (extrinsic incubation period),OBA,GO:0007598,"blood coagulation, extrinsic pathway","See also the biological process term 'blood coagulation, intrinsic pathway ; GO:0007597' and 'blood coagulation, common pathway ; GO:0072377'."
EIP (extrinsic incubation period),PATO,PATO:0000499,decreased duration,A duration quality of a process which is relatively low.
EIP (extrinsic incubation period),PATO,PATO:0001309,duration,A process quality inhering in a bearer by virtue of the bearer's magnitude of the temporal extent between the starting and ending point.
EIP (extrinsic incubation period),PATO,PATO:0000498,increased duration,A duration quality of a process which is relatively high.
EIP (extrinsic incubation period),PATO,UBERON:0001575,extrinsic muscle of tongue,A muscle organ that attaches the tongue to some other structure.
EIP (extrinsic incubation period),PATO,UBERON:0011332,extrinsic tongue pre-muscle mass,NA
Egg Mass,OBA,OBA:VT1000294,egg quantity,The amount of a egg cell.
Egg Mass,OBA,OBA:1001091,egg shell trait,The quality of a eggshell.
Egg Mass,OBA,OBA:1001092,egg shell color,The color of a eggshell.
Egg Mass,OBA,OBA:2040151,shelled egg length,The length of a shelled egg.
Egg Mass,OBA,OBA:2040152,shelled egg width,The width of a shelled egg.
Egg Mass,PATO,PATO:0000125,mass,"For any biological use of PATO, the concept that should be used is 'mass' and not 'weight'. For example, increased weight of an organism."
Egg Mass,PATO,PATO:0001019,mass density,A physical quality which inheres in a bearer by virtue of some influence is exerted by the bearer's mass per unit size.
Egg Mass,PATO,PATO:0001562,decreased mass,A mass which is lower than normal or average.
Egg Mass,PATO,PATO:0001563,increased mass,A mass which is higher than normal or average.
Egg Mass,PATO,PATO:0001681,molar mass,A physical quality that inheres in a homogeneous substance containing 6.02 x 1023 atoms or molecules.
Feeding Period,OBA,OBA:VT0002292,gestation period duration,The duration of a female pregnancy.
Feeding Period,OBA,OBA:1000748,feeding behavior quality,The quality of a feeding behavior.
Feeding Period,OBA,OBA:2051617,level of period circadian protein homolog 3 in blood,The amount of a period circadian protein homolog 3 when measured in blood.
Feeding Period,OBA,GO:0007631,feeding behavior,See also the biological process term 'behavior ; GO:0007610'.
Feeding Period,OBA,HP:0011968,Feeding difficulties,"Difficulties with eating and drinking, resulting in decreased oral nutrition"
Feeding Period,PATO,PATO:0000499,decreased duration,A duration quality of a process which is relatively low.
Feeding Period,PATO,PATO:0001309,duration,A process quality inhering in a bearer by virtue of the bearer's magnitude of the temporal extent between the starting and ending point.
Feeding Period,PATO,PATO:0000498,increased duration,A duration quality of a process which is relatively high.
Feeding Period,PATO,PATO:0000695,synchronous,A quality of a single process inhering in a bearer by virtue of the bearer's occurring or existing at the same time or having the same period or phase.
Feeding Period,PATO,PATO:0000688,asynchronous,A quality of a single process inhering in a bearer by virtue of the bearer's not occurring or existing at the same time or having the same period or phase.
Feeding Period of Nymphs (Days),OBA,OBA:VT0002292,gestation period duration,The duration of a female pregnancy.
Feeding Period of Nymphs (Days),OBA,OBA:1000748,feeding behavior quality,The quality of a feeding behavior.
Feeding Period of Nymphs (Days),OBA,OBA:2051617,level of period circadian protein homolog 3 in blood,The amount of a period circadian protein homolog 3 when measured in blood.
Feeding Period of Nymphs (Days),OBA,GO:0060259,regulation of feeding behavior,NA
Feeding Period of Nymphs (Days),OBA,NBO:0002436,regulation of feeding behavior,NA
Feeding Period of Nymphs (Days),PATO,PATO:0000499,decreased duration,A duration quality of a process which is relatively low.
Feeding Period of Nymphs (Days),PATO,PATO:0001309,duration,A process quality inhering in a bearer by virtue of the bearer's magnitude of the temporal extent between the starting and ending point.
Feeding Period of Nymphs (Days),PATO,PATO:0000498,increased duration,A duration quality of a process which is relatively high.
Feeding Period of Nymphs (Days),PATO,PATO:0000033,concentration of,A quality inhering in a substance by virtue of the amount of the bearer's there is mixed with another substance.
Feeding Period of Nymphs (Days),PATO,PATO:0001905,has normal numbers of parts of type,"The bearer of this quality has_part = n, where n is the normal amount for a comparable organism. Note that the bearer of the quality is the whole, not the part."
Incubation Period,OBA,OBA:VT0002292,gestation period duration,The duration of a female pregnancy.
Incubation Period,OBA,OBA:2051617,level of period circadian protein homolog 3 in blood,The amount of a period circadian protein homolog 3 when measured in blood.
Incubation Period,OBA,PR:000050150,period circadian protein homolog,Category=family.
Incubation Period,OBA,PR:000012549,period circadian protein homolog 3,Category=gene.
Incubation Period,OBA,PR:O70361,period circadian protein homolog 3 (mouse),Category=organism-gene.
Incubation Period,PATO,PATO:0000499,decreased duration,A duration quality of a process which is relatively low.
Incubation Period,PATO,PATO:0001309,duration,A process quality inhering in a bearer by virtue of the bearer's magnitude of the temporal extent between the starting and ending point.
Incubation Period,PATO,PATO:0000498,increased duration,A duration quality of a process which is relatively high.
Incubation Period,PATO,PATO:0000695,synchronous,A quality of a single process inhering in a bearer by virtue of the bearer's occurring or existing at the same time or having the same period or phase.
Incubation Period,PATO,PATO:0000688,asynchronous,A quality of a single process inhering in a bearer by virtue of the bearer's not occurring or existing at the same time or having the same period or phase.
Longevity,OBA,OBA:VT0005372,life span determination trait,The process quality of a determination of adult lifespan.
Molting Period,OBA,OBA:VT0002292,gestation period duration,The duration of a female pregnancy.
Molting Period,OBA,GO:0042303,molting cycle,NA
Molting Period,OBA,GO:0022404,molting cycle process,NA
Molting Period,OBA,OBA:2051617,level of period circadian protein homolog 3 in blood,The amount of a period circadian protein homolog 3 when measured in blood.
Molting Period,OBA,PR:000050150,period circadian protein homolog,Category=family.
Molting Period,PATO,PATO:0000499,decreased duration,A duration quality of a process which is relatively low.
Molting Period,PATO,PATO:0001309,duration,A process quality inhering in a bearer by virtue of the bearer's magnitude of the temporal extent between the starting and ending point.
Molting Period,PATO,PATO:0000498,increased duration,A duration quality of a process which is relatively high.
Molting Period,PATO,PATO:0000695,synchronous,A quality of a single process inhering in a bearer by virtue of the bearer's occurring or existing at the same time or having the same period or phase.
Molting Period,PATO,PATO:0000688,asynchronous,A quality of a single process inhering in a bearer by virtue of the bearer's not occurring or existing at the same time or having the same period or phase.
Mortality Rate,OBA,OBA:0002011,micturition rate,The rate of a micturition.
Mortality Rate,OBA,OBA:0002200,reflex rate,The rate of a reflex.
Mortality Rate,OBA,OBA:0002672,gluconeogenesis rate,The rate of a gluconeogenesis.
Mortality Rate,OBA,OBA:0002850,spermatogenesis rate,The rate of a spermatogenesis.
Mortality Rate,OBA,OBA:0003172,anagen rate,The rate of a anagen.
Mortality Rate,PATO,PATO:0000161,rate,A quality of a single process inhering in a bearer by virtue of the bearer's occurrence per unit time.
Mortality Rate,PATO,PATO:0000911,decreased rate,A rate which is relatively low.
Mortality Rate,PATO,PATO:0000912,increased rate,A rate which is relatively high.
Mortality Rate,PATO,PATO:0001492,growth rate,The rate or speed of the change in size of an individual entity or change in number of a population.
Mortality Rate,PATO,PATO:0001574,flow rate,A physical quality inhering in a bearer by virtue of the bearer's motion characteristic.
Oviposition Period,OBA,OBA:VT0002292,gestation period duration,The duration of a female pregnancy.
Oviposition Period,OBA,OBA:2051617,level of period circadian protein homolog 3 in blood,The amount of a period circadian protein homolog 3 when measured in blood.
Oviposition Period,OBA,PR:000050150,period circadian protein homolog,Category=family.
Oviposition Period,OBA,PR:000012549,period circadian protein homolog 3,Category=gene.
Oviposition Period,OBA,PR:O70361,period circadian protein homolog 3 (mouse),Category=organism-gene.
Oviposition Period,PATO,PATO:0000499,decreased duration,A duration quality of a process which is relatively low.
Oviposition Period,PATO,PATO:0001309,duration,A process quality inhering in a bearer by virtue of the bearer's magnitude of the temporal extent between the starting and ending point.
Oviposition Period,PATO,PATO:0000498,increased duration,A duration quality of a process which is relatively high.
Oviposition Period,PATO,PATO:0000695,synchronous,A quality of a single process inhering in a bearer by virtue of the bearer's occurring or existing at the same time or having the same period or phase.
Oviposition Period,PATO,PATO:0000688,asynchronous,A quality of a single process inhering in a bearer by virtue of the bearer's not occurring or existing at the same time or having the same period or phase.
Oviposition Rate,OBA,OBA:0002011,micturition rate,The rate of a micturition.
Oviposition Rate,OBA,OBA:0002200,reflex rate,The rate of a reflex.
Oviposition Rate,OBA,OBA:0002672,gluconeogenesis rate,The rate of a gluconeogenesis.
Oviposition Rate,OBA,OBA:0002850,spermatogenesis rate,The rate of a spermatogenesis.
Oviposition Rate,OBA,OBA:0003172,anagen rate,The rate of a anagen.
Oviposition Rate,PATO,PATO:0000161,rate,A quality of a single process inhering in a bearer by virtue of the bearer's occurrence per unit time.
Oviposition Rate,PATO,PATO:0000911,decreased rate,A rate which is relatively low.
Oviposition Rate,PATO,PATO:0000912,increased rate,A rate which is relatively high.
Oviposition Rate,PATO,PATO:0001492,growth rate,The rate or speed of the change in size of an individual entity or change in number of a population.
Oviposition Rate,PATO,PATO:0001574,flow rate,A physical quality inhering in a bearer by virtue of the bearer's motion characteristic.
Post-reproductive average,OBA,OBA:2050113,LDL particle size,The size of a low-density lipoprotein particle.
Post-reproductive average,OBA,OBA:2050114,VLDL particle size,The size of a very-low-density lipoprotein particle.
Post-reproductive average,OBA,OBA:2050115,HDL particle size,The size of a high-density lipoprotein particle.
Post-reproductive average,OBA,OBA:2040030,trait in response to ethanol,A trait that affects the response to a stimulus with ethanol.
Post-reproductive average,OBA,OBA:VT0001253,body height,The height of a multicellular organism.
Post-reproductive average,PATO,PATO:0000461,normal,A quality inhering in a bearer by virtue of the bearer's exhibiting no deviation from normal or average.
Post-reproductive average,PATO,PATO:0002297,decreased cellular motility,A cellular motility which is lower relative to the normal or average.
Post-reproductive average,PATO,PATO:0002298,increased cellular motility,A cellular motility which is higher relative to the normal or average.
Post-reproductive average,PATO,PATO:0000374,increased distance,A distance which is greater relative to the normal or average.
Post-reproductive average,PATO,PATO:0000375,decreased distance,A distance which is lesser relative to the normal or average.
Pre-Oviposition Period,OBA,OBA:VT0002292,gestation period duration,The duration of a female pregnancy.
Pre-Oviposition Period,OBA,OBA:2051617,level of period circadian protein homolog 3 in blood,The amount of a period circadian protein homolog 3 when measured in blood.
Pre-Oviposition Period,OBA,PR:000050150,period circadian protein homolog,Category=family.
Pre-Oviposition Period,OBA,PR:000012549,period circadian protein homolog 3,Category=gene.
Pre-Oviposition Period,OBA,PR:O70361,period circadian protein homolog 3 (mouse),Category=organism-gene.
Pre-Oviposition Period,PATO,PATO:0000499,decreased duration,A duration quality of a process which is relatively low.
Pre-Oviposition Period,PATO,PATO:0001309,duration,A process quality inhering in a bearer by virtue of the bearer's magnitude of the temporal extent between the starting and ending point.
Pre-Oviposition Period,PATO,PATO:0000498,increased duration,A duration quality of a process which is relatively high.
Pre-Oviposition Period,PATO,PATO:0000695,synchronous,A quality of a single process inhering in a bearer by virtue of the bearer's occurring or existing at the same time or having the same period or phase.
Pre-Oviposition Period,PATO,PATO:0000688,asynchronous,A quality of a single process inhering in a bearer by virtue of the bearer's not occurring or existing at the same time or having the same period or phase.
Pre-Oviposition Period in engorged females,OBA,HP:0008647,Pubertal developmental failure in females,NA
Pre-Oviposition Period in engorged females,OBA,OBA:2051617,level of period circadian protein homolog 3 in blood,The amount of a period circadian protein homolog 3 when measured in blood.
Pre-Oviposition Period in engorged females,OBA,OBA:VT0002292,gestation period duration,The duration of a female pregnancy.
Pre-Oviposition Period in engorged females,OBA,OBA:1000116,axon located in,The located in of a axon.
Pre-Oviposition Period in engorged females,OBA,PR:000050150,period circadian protein homolog,Category=family.
Pre-Oviposition Period in engorged females,PATO,PATO:0000499,decreased duration,A duration quality of a process which is relatively low.
Pre-Oviposition Period in engorged females,PATO,PATO:0001309,duration,A process quality inhering in a bearer by virtue of the bearer's magnitude of the temporal extent between the starting and ending point.
Pre-Oviposition Period in engorged females,PATO,PATO:0000498,increased duration,A duration quality of a process which is relatively high.
Pre-Oviposition Period in engorged females,PATO,PATO:0001537,soluble in,A solubility quality inhering in a substance by virtue of the bearer's disposition to dissolve in a liquid.
Pre-Oviposition Period in engorged females,PATO,PATO:0001538,insoluble in,A solubility quality inhering in a substance by virtue of the bearer's inability of a substance to dissolve in a liquid.
Pre-reproductive average,OBA,OBA:2050113,LDL particle size,The size of a low-density lipoprotein particle.
Pre-reproductive average,OBA,OBA:2050114,VLDL particle size,The size of a very-low-density lipoprotein particle.
Pre-reproductive average,OBA,OBA:2050115,HDL particle size,The size of a high-density lipoprotein particle.
Pre-reproductive average,OBA,OBA:2040030,trait in response to ethanol,A trait that affects the response to a stimulus with ethanol.
Pre-reproductive average,OBA,OBA:VT0001253,body height,The height of a multicellular organism.
Pre-reproductive average,PATO,PATO:0000461,normal,A quality inhering in a bearer by virtue of the bearer's exhibiting no deviation from normal or average.
Pre-reproductive average,PATO,PATO:0002297,decreased cellular motility,A cellular motility which is lower relative to the normal or average.
Pre-reproductive average,PATO,PATO:0002298,increased cellular motility,A cellular motility which is higher relative to the normal or average.
Pre-reproductive average,PATO,PATO:0000374,increased distance,A distance which is greater relative to the normal or average.
Pre-reproductive average,PATO,PATO:0000375,decreased distance,A distance which is lesser relative to the normal or average.
Questing Height,OBA,OBA:0002073,forehead height,The height of a forehead.
Questing Height,OBA,OBA:0003407,ilium height,The height of a ilium.
Questing Height,OBA,OBA:0003758,ureter height,The height of a ureter.
Questing Height,OBA,OBA:0003869,lip height,The height of a lip.
Questing Height,OBA,OBA:0004448,cranium height,The height of a cranium.
Questing Height,PATO,PATO:0000119,height,A 1-D extent quality inhering in a bearer by virtue of the bearer's vertical dimension of extension.
Questing Height,PATO,PATO:0000569,decreased height,A height which is relatively low.
Questing Height,PATO,PATO:0000570,increased height,A height which is relatively high.
Questing Height,PATO,PATO:0045053,normal height,A height which is relatively normal or average
Questing Height,PATO,PATO:0001874,discoid,"A shape quality inhering in a bearer by virtue of the bearer's being cylindrical, in which the height is less than the diameter."
Questing Time,OBA,PATO:0000165,time,NA
Questing Time,OBA,OBA:2040171,sleep duration trait,The duration of a sleep.
Questing Time,OBA,OBA:2040011,trait in response to mycophenolic acid,A trait that affects the response to a stimulus with mycophenolic acid.
Questing Time,OBA,OBA:2045215,menstrual cycle attribute,The quality of a menstrual cycle.
Questing Time,OBA,OBA:2001010,age of onset of essential hypertension,The age at which essential hypertension manifestations first appear.
Questing Time,PATO,PATO:0000165,time,A quality in which events occur in sequence.
Questing Time,PATO,PATO:0000498,increased duration,A duration quality of a process which is relatively high.
Questing Time,PATO,PATO:0000499,decreased duration,A duration quality of a process which is relatively low.
Questing Time,PATO,PATO:0001309,duration,A process quality inhering in a bearer by virtue of the bearer's magnitude of the temporal extent between the starting and ending point.
Questing Time,PATO,PATO:0001005,latency,"This class is a candidate for obsoletion. The definition is not clear, and the placement under ""delayed"" is not consistent with the definition."
Reproductive average,OBA,OBA:0002007,reproductive system size,The size of a reproductive system.
Reproductive average,OBA,OBA:0002409,reproductive system displaced,The displaced of a reproductive system.
Reproductive average,OBA,OBA:2050117,reproductive behavior trait,The quality of a reproductive behavior.
Reproductive average,OBA,OBA:VT0005389,reproductive system trait,The quality when measured in reproductive system.
Reproductive average,OBA,OBA:0004643,male reproductive organ morphology,The morphology of a male reproductive organ.
Reproductive average,PATO,PATO:0001434,reproductive quality,An organismal quality inhering in a bearer by virtue of the bearer's ability to produce new life or offspring.
Reproductive average,PATO,PATO:0000461,normal,A quality inhering in a bearer by virtue of the bearer's exhibiting no deviation from normal or average.
Reproductive average,PATO,GO:0019098,reproductive behavior,The specific behavior of an organism that is associated with reproduction.
Reproductive average,PATO,GO:0022414,reproductive process,A biological process that directly contributes to the process of producing new individuals by one or two organisms. The new individuals inherit some proportion of their genetic material from the parent or parents.
Reproductive average,PATO,UBERON:0000990,reproductive system,Anatomical system that has as its parts the organs concerned with reproduction.
Reproductive average daily fecundity,OBA,OBA:0003697,multicellular organism fecundity,The fecundity of a multicellular organism.
Reproductive average daily fecundity,OBA,PATO:0000273,fecundity,NA
Reproductive average daily fecundity,OBA,OBA:0002007,reproductive system size,The size of a reproductive system.
Reproductive average daily fecundity,OBA,OBA:0002409,reproductive system displaced,The displaced of a reproductive system.
Reproductive average daily fecundity,OBA,OBA:2050117,reproductive behavior trait,The quality of a reproductive behavior.
Reproductive average daily fecundity,PATO,PATO:0000273,fecundity,A reproductive quality inhering in an organism or population by virtue of the bearer's potential reproductive capacity ad measured by the number of gametes.
Reproductive average daily fecundity,PATO,PATO:0001695,increased fecundity,A fecundity which is relatively high.
Reproductive average daily fecundity,PATO,PATO:0001696,decreased fecundity,A fecundity which is relatively low.
Reproductive average daily fecundity,PATO,PATO:0045017,normal fecundity,A fecundity which is relatively normal or average.
Reproductive average daily fecundity,PATO,PATO:0001434,reproductive quality,An organismal quality inhering in a bearer by virtue of the bearer's ability to produce new life or offspring.
Reproductive average total fecundity,OBA,OBA:0003697,multicellular organism fecundity,The fecundity of a multicellular organism.
Reproductive average total fecundity,OBA,PATO:0000273,fecundity,NA
Reproductive average total fecundity,OBA,OBA:0002007,reproductive system size,The size of a reproductive system.
Reproductive average total fecundity,OBA,OBA:0002409,reproductive system displaced,The displaced of a reproductive system.
Reproductive average total fecundity,OBA,OBA:2050117,reproductive behavior trait,The quality of a reproductive behavior.
Reproductive average total fecundity,PATO,PATO:0000273,fecundity,A reproductive quality inhering in an organism or population by virtue of the bearer's potential reproductive capacity ad measured by the number of gametes.
Reproductive average total fecundity,PATO,PATO:0001695,increased fecundity,A fecundity which is relatively high.
Reproductive average total fecundity,PATO,PATO:0001696,decreased fecundity,A fecundity which is relatively low.
Reproductive average total fecundity,PATO,PATO:0045017,normal fecundity,A fecundity which is relatively normal or average.
Reproductive average total fecundity,PATO,PATO:0001434,reproductive quality,An organismal quality inhering in a bearer by virtue of the bearer's ability to produce new life or offspring.
Water loss,OBA,OBA:0003744,regulation of water loss via skin rate,regulation of water loss via skin (GO_0033561) was obsoleted
Water loss,OBA,OBA:VT0003853,skin water amount,The amount of a water when measured in zone of skin.
Water loss,OBA,OBA:VT1000432,muscle water amount,The amount of a water when measured in muscle organ.
Water loss,OBA,OBA:0002165,skin of body water composition,The water composition of a skin of body.
Water loss,OBA,OBA:0003876,zone of skin water composition,The water composition of a zone of skin.
Water loss,PATO,PATO:0001800,water composition,A composition quality inhering in an bearer by virtue of the quantities or relative ratios of water of the inhering entity.
Water loss,PATO,PATO:0001801,decreased water composition,A composition quality inhering in an bearer by virtue of the reduction in amount of water the bearer contains.
Water loss,PATO,PATO:0001999,lacks parts or has fewer parts of type,"The bearer of this quality has_part < n of the indicated entity type, where n is the normal amount for a comparable organism. Note that the bearer of the quality is the whole, not the part. Formally: If a bearer entity e has fewer parts of type X at time t, then the number of instances x of X at t such that x part_of e is < n, where n is either the normal number for comparable entities, or n is stated explicitly. This case includes the limit case, where the bearer lacks all parts of the specified type."
Water loss,PATO,PATO:0002461,wilty,To bend or hang downwards due to loss of water
Water loss,PATO,PATO:0001885,hydrophobic,A quality inhering in a bearer by virtue of the bearer's lacking affinity for water; tending to repel and not absorb water; tending not to dissolve in or mix with or be wetted by water.
Weight,OBA,OBA:VT0004257,placenta mass,The mass of a placenta.
Weight,OBA,OBA:2057477,level of low molecular weight phosphotyrosine protein phosphatase (human) in cerebrospinal fluid,The amount of a low molecular weight phosphotyrosine protein phosphatase (human) when measured in cerebrospinal fluid.
Weight,OBA,HP:0001824,Weight loss,NA
Weight,OBA,HP:0004324,Increased body weight,Abnormally increased body weight.
Weight,OBA,HP:0004325,Decreased body weight,Abnormally low body weight.
Weight,PATO,PATO:0000128,weight,"For any biological use of PATO, the concept that should be used is 'mass' and not 'weight'. For example, increased weight of an organism."
Weight,PATO,PATO:0000582,increased weight,A weight which is relatively high.
Weight,PATO,PATO:0000583,decreased weight,A weight which is relatively low.
Weight,PATO,PATO:0000125,mass,"For any biological use of PATO, the concept that should be used is 'mass' and not 'weight'. For example, increased weight of an organism."
Weight,PATO,PATO:0001470,ratio,A quality inhering in a bearer by virtue of the bearer's magnitude in proportion to the magnitude of another entity.
Weight loss,OBA,HP:0001824,Weight loss,NA
Weight loss,OBA,OBA:0003744,regulation of water loss via skin rate,regulation of water loss via skin (GO_0033561) was obsoleted
Weight loss,OBA,OBA:VT0004257,placenta mass,The mass of a placenta.
Weight loss,OBA,OBA:2051506,level of loss of heterozygosity 11 chromosomal region 2 gene A protein in blood,The amount of a loss of heterozygosity 11 chromosomal region 2 gene A protein when measured in blood.
Weight loss,OBA,HP:0000572,Visual loss,NA
Weight loss,PATO,PATO:0000128,weight,"For any biological use of PATO, the concept that should be used is 'mass' and not 'weight'. For example, increased weight of an organism."
Weight loss,PATO,PATO:0000582,increased weight,A weight which is relatively high.
Weight loss,PATO,PATO:0000583,decreased weight,A weight which is relatively low.
Weight loss,PATO,PATO:0001999,lacks parts or has fewer parts of type,"The bearer of this quality has_part < n of the indicated entity type, where n is the normal amount for a comparable organism. Note that the bearer of the quality is the whole, not the part. Formally: If a bearer entity e has fewer parts of type X at time t, then the number of instances x of X at t such that x part_of e is < n, where n is either the normal number for comparable entities, or n is stated explicitly. This case includes the limit case, where the bearer lacks all parts of the specified type."
Weight loss,PATO,PATO:0002461,wilty,To bend or hang downwards due to loss of water
adult longevity,OBA,OBA:1000037,adult organism mass,The mass of a adult organism.
adult longevity,OBA,OBA:2041551,level of fetal and adult testis-expressed transcript protein in blood serum,The amount of a fetal and adult testis-expressed transcript protein when measured in blood serum.
adult longevity,OBA,OBA:2080239,level of fetal and adult testis-expressed transcript protein (human) in cerebrospinal fluid,The amount of a fetal and adult testis-expressed transcript protein (human) when measured in cerebrospinal fluid.
adult longevity,OBA,OBA:VT0005372,life span determination trait,The process quality of a determination of adult lifespan.
adult longevity,OBA,UBERON:0007023,adult organism,NA
adult longevity,PATO,CL:0008017,adult skeletal muscle myoblast,"The vast majority of these cells develop from skeletal muscle satellite cells, although there are some reports of other origins."
adult longevity,PATO,UBERON:0000066,fully formed stage,"The stage of development at which the animal is fully formed, including immaturity and maturity. Includes both sexually immature stage, and adult stage."
adult longevity,PATO,UBERON:0002200,vasculature of head,Vasculature that is part of a head [Automatically generated definition].
adult longevity,PATO,UBERON:0003457,head bone,Different sources vary regarding which bones are craniofacial; e.g. hyoid bone
adult longevity,PATO,UBERON:0003566,head connective tissue,A portion of connective tissue that is part of a head [Automatically generated definition].
age at first reproduction,OBA,OBA:2042685,level of out at first protein in blood serum,The amount of a out at first protein when measured in blood serum.
age at first reproduction,OBA,OBA:2045410,multicellular organism age,The age of a multicellular organism.
age at first reproduction,OBA,OBA:2059570,level of out at first protein homolog (human) in cerebrospinal fluid,The amount of a out at first protein homolog (human) when measured in cerebrospinal fluid.
age at first reproduction,OBA,OBA:2001001,age of onset of asthma,The age at which asthma manifestations first appear.
age at first reproduction,OBA,OBA:2001004,age of onset of cataract,The age at which cataract manifestations first appear.
age at first reproduction,PATO,PATO:0000011,age,A time quality inhering in a bearer by virtue of how long the bearer has existed.
age at first reproduction,PATO,PATO:0001486,chronological age,An age quality that exists by virtue of the time (years and months) that the bearer has existed.
age at first reproduction,PATO,PATO:0001764,increased age,An age which is high relative to the normal or average.
age at first reproduction,PATO,PATO:0001765,decreased age,An age which is low relative to the normal or average.
age at first reproduction,PATO,PATO:0045005,normal age,An age which is relatively normal or average.
age specific fecundity,OBA,OBA:0003697,multicellular organism fecundity,The fecundity of a multicellular organism.
age specific fecundity,OBA,PATO:0000273,fecundity,NA
age specific fecundity,OBA,OBA:2045410,multicellular organism age,The age of a multicellular organism.
age specific fecundity,OBA,PATO:0001695,increased fecundity,NA
age specific fecundity,OBA,PATO:0001696,decreased fecundity,NA
age specific fecundity,PATO,PATO:0000273,fecundity,A reproductive quality inhering in an organism or population by virtue of the bearer's potential reproductive capacity ad measured by the number of gametes.
age specific fecundity,PATO,PATO:0001695,increased fecundity,A fecundity which is relatively high.
age specific fecundity,PATO,PATO:0001696,decreased fecundity,A fecundity which is relatively low.
age specific fecundity,PATO,PATO:0045017,normal fecundity,A fecundity which is relatively normal or average.
age specific fecundity,PATO,PATO:0000011,age,A time quality inhering in a bearer by virtue of how long the bearer has existed.
age-specific daily fecundity,OBA,OBA:0003697,multicellular organism fecundity,The fecundity of a multicellular organism.
age-specific daily fecundity,OBA,PATO:0000273,fecundity,NA
age-specific daily fecundity,OBA,PATO:0001695,increased fecundity,NA
age-specific daily fecundity,OBA,PATO:0001696,decreased fecundity,NA
age-specific daily fecundity,OBA,PATO:0045017,normal fecundity,A fecundity which is relatively normal or average.
age-specific daily fecundity,PATO,PATO:0000273,fecundity,A reproductive quality inhering in an organism or population by virtue of the bearer's potential reproductive capacity ad measured by the number of gametes.
age-specific daily fecundity,PATO,PATO:0001695,increased fecundity,A fecundity which is relatively high.
age-specific daily fecundity,PATO,PATO:0001696,decreased fecundity,A fecundity which is relatively low.
age-specific daily fecundity,PATO,PATO:0045017,normal fecundity,A fecundity which is relatively normal or average.
age-specific daily fecundity,PATO,PCO:0000003,quality of a population,A quality that inheres in a population of organisms.
anabolic rate,OBA,OBA:0002011,micturition rate,The rate of a micturition.
anabolic rate,OBA,OBA:0002200,reflex rate,The rate of a reflex.
anabolic rate,OBA,OBA:0002672,gluconeogenesis rate,The rate of a gluconeogenesis.
anabolic rate,OBA,OBA:0002850,spermatogenesis rate,The rate of a spermatogenesis.
anabolic rate,OBA,OBA:0003172,anagen rate,The rate of a anagen.
anabolic rate,PATO,PATO:0000161,rate,A quality of a single process inhering in a bearer by virtue of the bearer's occurrence per unit time.
anabolic rate,PATO,PATO:0000911,decreased rate,A rate which is relatively low.
anabolic rate,PATO,PATO:0000912,increased rate,A rate which is relatively high.
anabolic rate,PATO,PATO:0001492,growth rate,The rate or speed of the change in size of an individual entity or change in number of a population.
anabolic rate,PATO,PATO:0001574,flow rate,A physical quality inhering in a bearer by virtue of the bearer's motion characteristic.
aphid longevity,OBA,OBA:VT0005372,life span determination trait,The process quality of a determination of adult lifespan.
average daily fecundity,OBA,OBA:0003697,multicellular organism fecundity,The fecundity of a multicellular organism.
average daily fecundity,OBA,PATO:0000273,fecundity,NA
average daily fecundity,OBA,PATO:0001695,increased fecundity,NA
average daily fecundity,OBA,PATO:0001696,decreased fecundity,NA
average daily fecundity,OBA,PATO:0045017,normal fecundity,A fecundity which is relatively normal or average.
average daily fecundity,PATO,PATO:0000273,fecundity,A reproductive quality inhering in an organism or population by virtue of the bearer's potential reproductive capacity ad measured by the number of gametes.
average daily fecundity,PATO,PATO:0001695,increased fecundity,A fecundity which is relatively high.
average daily fecundity,PATO,PATO:0001696,decreased fecundity,A fecundity which is relatively low.
average daily fecundity,PATO,PATO:0045017,normal fecundity,A fecundity which is relatively normal or average.
average daily fecundity,PATO,PATO:0000461,normal,A quality inhering in a bearer by virtue of the bearer's exhibiting no deviation from normal or average.
blood feeding,OBA,OBA:1000748,feeding behavior quality,The quality of a feeding behavior.
blood feeding,OBA,OBA:0003648,blood volume,The volume of a blood.
blood feeding,OBA,OBA:0004561,blood osmolality,The osmolality of a blood.
blood feeding,OBA,OBA:0004999,blood size,The size of a blood.
blood feeding,OBA,OBA:2045409,blood pH,The acidity of a blood.
blood feeding,PATO,UBERON:0000178,blood,A fluid that is composed of blood plasma and erythrocytes.
blood feeding,PATO,CL:0000081,blood cell,A cell found predominately in the blood.
blood feeding,PATO,CL:4030029,blood lymphocyte,A lymphocyte located in blood.
blood feeding,PATO,GO:0008015,blood circulation,"The flow of blood through the body of an animal, enabling the transport of nutrients to the tissues and the removal of waste products."
blood feeding,PATO,UBERON:0001969,blood plasma,"The liquid component of blood, in which erythrocytes are suspended."
blood feeding frequency,OBA,OBA:1000748,feeding behavior quality,The quality of a feeding behavior.
blood feeding frequency,OBA,OBA:0002283,defecation frequency,The frequency of a defecation.
blood feeding frequency,OBA,OBA:0003672,micturition frequency,The frequency of a micturition.
blood feeding frequency,OBA,OBA:0004805,fertilization frequency,The frequency of a fertilization.
blood feeding frequency,OBA,OBA:0000060,cilium beat frequency,check this
blood feeding frequency,PATO,PATO:0000044,frequency,A physical quality which inheres in a bearer by virtue of the number of the bearer's repetitive actions in a particular time.
blood feeding frequency,PATO,PATO:0000380,increased frequency,A frequency which is relatively high.
blood feeding frequency,PATO,PATO:0000381,decreased frequency,A frequency which is relatively low.
blood feeding frequency,PATO,PATO:0001520,sound frequency,The frequency of transmitted vibrations.
blood feeding frequency,PATO,PATO:0045087,normal frequency,A frequency which is relatively normal.
bloodmeal weight,OBA,OBA:VT0004257,placenta mass,The mass of a placenta.
bloodmeal weight,OBA,OBA:2057477,level of low molecular weight phosphotyrosine protein phosphatase (human) in cerebrospinal fluid,The amount of a low molecular weight phosphotyrosine protein phosphatase (human) when measured in cerebrospinal fluid.
bloodmeal weight,OBA,HP:0001824,Weight loss,NA
bloodmeal weight,OBA,HP:0004324,Increased body weight,Abnormally increased body weight.
bloodmeal weight,OBA,HP:0004325,Decreased body weight,Abnormally low body weight.
bloodmeal weight,PATO,PATO:0000128,weight,"For any biological use of PATO, the concept that should be used is 'mass' and not 'weight'. For example, increased weight of an organism."
bloodmeal weight,PATO,PATO:0000582,increased weight,A weight which is relatively high.
bloodmeal weight,PATO,PATO:0000583,decreased weight,A weight which is relatively low.
bloodmeal weight,PATO,PATO:0000125,mass,"For any biological use of PATO, the concept that should be used is 'mass' and not 'weight'. For example, increased weight of an organism."
bloodmeal weight,PATO,PATO:0001470,ratio,A quality inhering in a bearer by virtue of the bearer's magnitude in proportion to the magnitude of another entity.
body length,OBA,OBA:VT0001256,body length,The length of a multicellular organism.
body length,OBA,OBA:2045456,body mass to body extent ratio,A compound attribute that is the ratio of body mass to body extent.
body length,OBA,OBA:0000102,microvillus length,The length of a microvillus.
body length,OBA,OBA:0002056,face length,The length of a face.
body length,OBA,OBA:0002069,chin length,The length of a chin.
body length,PATO,PATO:0000122,length,"Length often refers to the longer or longest dimension of an object, however, this is not always true. See https://github.com/pato-ontology/pato/issues/337 for full discussion."
body length,PATO,PATO:0000573,increased length,A length quality which is relatively large.
body length,PATO,PATO:0000574,decreased length,A length quality which is relatively small.
body length,PATO,PATO:0045054,normal length,A length quality which is relatively normal or average
body length,PATO,PATO:0040030,decreased width and length,"A width and length quality which is relatively small, where both width and length are decreased."
body mass,OBA,OBA:VT0001259,body mass,The mass of a multicellular organism.
body mass,OBA,OBA:VT0010482,body fat mass,The mass of a adipose tissue.
body mass,OBA,OBA:2045456,body mass to body extent ratio,A compound attribute that is the ratio of body mass to body extent.
body mass,OBA,OBA:2045455,body mass to height ratio,A compound attribute that is the ratio of body mass to body height.
body mass,OBA,OBA:2030004,total skin mass,The mass of a skin of body.
body mass,PATO,PATO:0000125,mass,"For any biological use of PATO, the concept that should be used is 'mass' and not 'weight'. For example, increased weight of an organism."
body mass,PATO,PATO:0001019,mass density,A physical quality which inheres in a bearer by virtue of some influence is exerted by the bearer's mass per unit size.
body mass,PATO,PATO:0001562,decreased mass,A mass which is lower than normal or average.
body mass,PATO,PATO:0001563,increased mass,A mass which is higher than normal or average.
body mass,PATO,PATO:0001681,molar mass,A physical quality that inheres in a homogeneous substance containing 6.02 x 1023 atoms or molecules.
body size,OBA,OBA:0000107,multivesicular body size,The size of a multivesicular body.
body size,OBA,OBA:0002793,ciliary body size,The size of a ciliary body.
body size,OBA,OBA:0003321,pineal body size,The size of a pineal body.
body size,OBA,OBA:VT0100005,body size trait,The size of a multicellular organism.
body size,OBA,OBA:0002168,skin of body size,The size of a skin of body.
body size,PATO,PATO:0000117,size,A morphology quality inhering in a bearer by virtue of the bearer's physical magnitude.
body size,PATO,PATO:0000276,brood size,A reproductive quality inhering in the young of an animal by virtue of their number.
body size,PATO,PATO:0000586,increased size,A size quality which is relatively high.
body size,PATO,PATO:0000587,decreased size,A size quality which is relatively low.
body size,PATO,PATO:0005015,tapered size,A size quality inhering in an entity or set of entities in which size increases or decreases along the extent of the entity or set.
body size (alate nymph),OBA,OBA:0000107,multivesicular body size,The size of a multivesicular body.
body size (alate nymph),OBA,OBA:0002793,ciliary body size,The size of a ciliary body.
body size (alate nymph),OBA,OBA:0003321,pineal body size,The size of a pineal body.
body size (alate nymph),OBA,OBA:VT0100005,body size trait,The size of a multicellular organism.
body size (alate nymph),OBA,OBA:0002168,skin of body size,The size of a skin of body.
body size (alate nymph),PATO,PATO:0000117,size,A morphology quality inhering in a bearer by virtue of the bearer's physical magnitude.
body size (alate nymph),PATO,PATO:0000276,brood size,A reproductive quality inhering in the young of an animal by virtue of their number.
body size (alate nymph),PATO,PATO:0000586,increased size,A size quality which is relatively high.
body size (alate nymph),PATO,PATO:0000587,decreased size,A size quality which is relatively low.
body size (alate nymph),PATO,PATO:0005015,tapered size,A size quality inhering in an entity or set of entities in which size increases or decreases along the extent of the entity or set.
body size (alate),OBA,OBA:0000107,multivesicular body size,The size of a multivesicular body.
body size (alate),OBA,OBA:0002793,ciliary body size,The size of a ciliary body.
body size (alate),OBA,OBA:0003321,pineal body size,The size of a pineal body.
body size (alate),OBA,OBA:VT0100005,body size trait,The size of a multicellular organism.
body size (alate),OBA,OBA:0002168,skin of body size,The size of a skin of body.
body size (alate),PATO,PATO:0000117,size,A morphology quality inhering in a bearer by virtue of the bearer's physical magnitude.
body size (alate),PATO,PATO:0000276,brood size,A reproductive quality inhering in the young of an animal by virtue of their number.
body size (alate),PATO,PATO:0000586,increased size,A size quality which is relatively high.
body size (alate),PATO,PATO:0000587,decreased size,A size quality which is relatively low.
body size (alate),PATO,PATO:0005015,tapered size,A size quality inhering in an entity or set of entities in which size increases or decreases along the extent of the entity or set.
body size (apterous nymph),OBA,OBA:0000107,multivesicular body size,The size of a multivesicular body.
body size (apterous nymph),OBA,OBA:0002793,ciliary body size,The size of a ciliary body.
body size (apterous nymph),OBA,OBA:0003321,pineal body size,The size of a pineal body.
body size (apterous nymph),OBA,OBA:VT0100005,body size trait,The size of a multicellular organism.
body size (apterous nymph),OBA,OBA:0002168,skin of body size,The size of a skin of body.
body size (apterous nymph),PATO,PATO:0000117,size,A morphology quality inhering in a bearer by virtue of the bearer's physical magnitude.
body size (apterous nymph),PATO,PATO:0000276,brood size,A reproductive quality inhering in the young of an animal by virtue of their number.
body size (apterous nymph),PATO,PATO:0000586,increased size,A size quality which is relatively high.
body size (apterous nymph),PATO,PATO:0000587,decreased size,A size quality which is relatively low.
body size (apterous nymph),PATO,PATO:0005015,tapered size,A size quality inhering in an entity or set of entities in which size increases or decreases along the extent of the entity or set.
body size (apterous),OBA,OBA:0000107,multivesicular body size,The size of a multivesicular body.
body size (apterous),OBA,OBA:0002793,ciliary body size,The size of a ciliary body.
body size (apterous),OBA,OBA:0003321,pineal body size,The size of a pineal body.
body size (apterous),OBA,OBA:VT0100005,body size trait,The size of a multicellular organism.
body size (apterous),OBA,OBA:0002168,skin of body size,The size of a skin of body.
body size (apterous),PATO,PATO:0000117,size,A morphology quality inhering in a bearer by virtue of the bearer's physical magnitude.
body size (apterous),PATO,PATO:0000276,brood size,A reproductive quality inhering in the young of an animal by virtue of their number.
body size (apterous),PATO,PATO:0000586,increased size,A size quality which is relatively high.
body size (apterous),PATO,PATO:0000587,decreased size,A size quality which is relatively low.
body size (apterous),PATO,PATO:0005015,tapered size,A size quality inhering in an entity or set of entities in which size increases or decreases along the extent of the entity or set.
body size (length),OBA,OBA:VT0001256,body length,The length of a multicellular organism.
body size (length),OBA,OBA:0000107,multivesicular body size,The size of a multivesicular body.
body size (length),OBA,OBA:0002793,ciliary body size,The size of a ciliary body.
body size (length),OBA,OBA:0003321,pineal body size,The size of a pineal body.
body size (length),OBA,OBA:VT0100005,body size trait,The size of a multicellular organism.
body size (length),PATO,PATO:0000122,length,"Length often refers to the longer or longest dimension of an object, however, this is not always true. See https://github.com/pato-ontology/pato/issues/337 for full discussion."
body size (length),PATO,PATO:0000573,increased length,A length quality which is relatively large.
body size (length),PATO,PATO:0000574,decreased length,A length quality which is relatively small.
body size (length),PATO,PATO:0045054,normal length,A length quality which is relatively normal or average
body size (length),PATO,PATO:0000117,size,A morphology quality inhering in a bearer by virtue of the bearer's physical magnitude.
body size (mass),OBA,OBA:VT0001259,body mass,The mass of a multicellular organism.
body size (mass),OBA,OBA:VT0010482,body fat mass,The mass of a adipose tissue.
body size (mass),OBA,OBA:2045456,body mass to body extent ratio,A compound attribute that is the ratio of body mass to body extent.
body size (mass),OBA,OBA:0000107,multivesicular body size,The size of a multivesicular body.
body size (mass),OBA,OBA:0002793,ciliary body size,The size of a ciliary body.
body size (mass),PATO,PATO:0001019,mass density,A physical quality which inheres in a bearer by virtue of some influence is exerted by the bearer's mass per unit size.
body size (mass),PATO,PATO:0103001,total mass,"A quantitative quality that represents the sum of all 'mass' qualities of the component parts that constitute a whole entity. The total mass quality inheres in the whole entity and reflects the aggregate measure of mass across all its components, such that changes in the mass of individual components may not necessarily correspond to equivalent changes in the total mass of the whole.

Example of usage: ""total body mass"" represents the sum of the masses of all tissues and organs in the body, while ""liver mass"" represents only the mass of the liver. An increase in liver mass does not necessarily mean an increase in total body mass, as the mass of other organs or tissues may decrease simultaneously."
body size (mass),PATO,PATO:0000125,mass,"For any biological use of PATO, the concept that should be used is 'mass' and not 'weight'. For example, increased weight of an organism."
body size (mass),PATO,PATO:0001562,decreased mass,A mass which is lower than normal or average.
body size (mass),PATO,PATO:0001563,increased mass,A mass which is higher than normal or average.
body width,OBA,OBA:VT0015039,body width,The width of a multicellular organism.
body width,OBA,OBA:1000085,nucleus width,The width of a nucleus.
body width,OBA,OBA:2040146,cell width,The width of a cell.
body width,OBA,OBA:VT0000027,head width,The width of a head.
body width,OBA,OBA:VT0000132,epiphysis width,The width of a epiphysis.
body width,PATO,PATO:0000921,width,"Width often refers to the dimension that is greater than the extent in only one of the other two orthogonal dimensions, however, this is not always true. See https://github.com/pato-ontology/pato/issues/337 for full discussion."
body width,PATO,PATO:0000599,decreased width,A width which is relatively small.
body width,PATO,PATO:0000600,increased width,A width which is relatively large.
body width,PATO,PATO:0045061,normal width,A width which is relatively normal or average
body width,PATO,PATO:0040030,decreased width and length,"A width and length quality which is relatively small, where both width and length are decreased."
chill-coma recovery time,OBA,PATO:0000165,time,NA
chill-coma recovery time,OBA,OBA:2040171,sleep duration trait,The duration of a sleep.
chill-coma recovery time,OBA,OBA:2040011,trait in response to mycophenolic acid,A trait that affects the response to a stimulus with mycophenolic acid.
chill-coma recovery time,OBA,OBA:2045215,menstrual cycle attribute,The quality of a menstrual cycle.
chill-coma recovery time,OBA,OBA:2001010,age of onset of essential hypertension,The age at which essential hypertension manifestations first appear.
chill-coma recovery time,PATO,PATO:0000165,time,A quality in which events occur in sequence.
chill-coma recovery time,PATO,PATO:0000498,increased duration,A duration quality of a process which is relatively high.
chill-coma recovery time,PATO,PATO:0000499,decreased duration,A duration quality of a process which is relatively low.
chill-coma recovery time,PATO,PATO:0001309,duration,A process quality inhering in a bearer by virtue of the bearer's magnitude of the temporal extent between the starting and ending point.
chill-coma recovery time,PATO,PATO:0001005,latency,"This class is a candidate for obsoletion. The definition is not clear, and the placement under ""delayed"" is not consistent with the definition."
cold hardiness,OBA,OBA:2041033,level of cold-inducible RNA-binding protein in blood serum,The amount of a cold-inducible RNA-binding protein when measured in blood serum.
cold hardiness,OBA,OBA:2058752,level of cold-inducible RNA-binding protein (human) in cerebrospinal fluid,The amount of a cold-inducible RNA-binding protein (human) when measured in cerebrospinal fluid.
cold hardiness,OBA,OBA:2041165,level of cold shock domain-containing protein C2 in blood serum,The amount of a cold shock domain-containing protein C2 when measured in blood serum.
cold hardiness,OBA,OBA:2041166,level of cold shock domain-containing protein E1 in blood serum,The amount of a cold shock domain-containing protein E1 when measured in blood serum.
cold hardiness,OBA,OBA:2056371,level of cold shock domain-containing protein E1 (human) in cerebrospinal fluid,The amount of a cold shock domain-containing protein E1 (human) when measured in cerebrospinal fluid.
cold hardiness,PATO,PATO:0001306,decreased temperature,A temperature which is relatively low.
consumption rate,OBA,OBA:1000654,saccharin consumption quality,The quality of a saccharin consumption.
consumption rate,OBA,OBA:1000679,cocaine consumption quality,The quality of a cocaine consumption.
consumption rate,OBA,OBA:1000690,food consumption quality,The quality of a food consumption.
consumption rate,OBA,OBA:1000840,alcohol consumption quality,The quality of a alcohol consumption.
consumption rate,OBA,OBA:0002011,micturition rate,The rate of a micturition.
consumption rate,PATO,PATO:0000161,rate,A quality of a single process inhering in a bearer by virtue of the bearer's occurrence per unit time.
consumption rate,PATO,PATO:0000911,decreased rate,A rate which is relatively low.
consumption rate,PATO,PATO:0000912,increased rate,A rate which is relatively high.
consumption rate,PATO,PATO:0001492,growth rate,The rate or speed of the change in size of an individual entity or change in number of a population.
consumption rate,PATO,PATO:0001574,flow rate,A physical quality inhering in a bearer by virtue of the bearer's motion characteristic.
conversion efficiency,OBA,GO:0014862,regulation of skeletal muscle contraction by chemo-mechanical energy conversion,NA
conversion efficiency,OBA,OBA:2040170,sleep quality,The quality of a sleep.
conversion efficiency,OBA,OBA:VT0015058,brain physiology trait,The functionality of a brain.
conversion efficiency,OBA,OBA:2045295,brain connectivity attribute,The structure of a brain.
conversion efficiency,OBA,CHEBI:62803,fuel additive,Any additive that enhances the efficiency of fuel.
conversion efficiency,PATO,PATO:0001029,efficiency,A physical quality inhering in a bearer by virtue of ratio of the bearer's output to the bearer's input.
conversion efficiency,PATO,PATO:0001675,decreased efficiency,An efficiency which is relatively low.
conversion efficiency,PATO,PATO:0001676,increased efficiency,An efficiency which is relatively high.
conversion efficiency,PATO,PATO:0045015,normal efficiency,An efficiency which is relatively normal or average.
conversion efficiency,PATO,PATO:0001677,inefficient,An efficiency quality inhering in a bearer by virtue of the bearer's lacking efficiency.
conversion efficiency index,OBA,OBA:2045455,body mass to height ratio,A compound attribute that is the ratio of body mass to body height.
conversion efficiency index,OBA,OBA:2045456,body mass to body extent ratio,A compound attribute that is the ratio of body mass to body extent.
conversion efficiency index,OBA,GO:0014862,regulation of skeletal muscle contraction by chemo-mechanical energy conversion,NA
conversion efficiency index,OBA,OBA:2045282,facial pigmentation,The degree of pigmentation of a face.
conversion efficiency index,OBA,OBA:0003330,calcaneus size,The size of a calcaneus.
conversion efficiency index,PATO,PATO:0001029,efficiency,A physical quality inhering in a bearer by virtue of ratio of the bearer's output to the bearer's input.
conversion efficiency index,PATO,PATO:0001675,decreased efficiency,An efficiency which is relatively low.
conversion efficiency index,PATO,PATO:0001676,increased efficiency,An efficiency which is relatively high.
conversion efficiency index,PATO,PATO:0045015,normal efficiency,An efficiency which is relatively normal or average.
conversion efficiency index,PATO,PATO:0001677,inefficient,An efficiency quality inhering in a bearer by virtue of the bearer's lacking efficiency.
copulation duration,OBA,OBA:0004003,parturition duration,The duration of a parturition.
copulation duration,OBA,OBA:1001086,QRS duration,See also EFO_0005054
copulation duration,OBA,OBA:VT1000653,lactation duration,The length of a lactation.
copulation duration,OBA,GO:0007620,copulation,NA
copulation duration,OBA,OBA:0003416,penile erection duration,The duration of a penile erection.
copulation duration,PATO,PATO:0001309,duration,A process quality inhering in a bearer by virtue of the bearer's magnitude of the temporal extent between the starting and ending point.
copulation duration,PATO,PATO:0000498,increased duration,A duration quality of a process which is relatively high.
copulation duration,PATO,PATO:0000499,decreased duration,A duration quality of a process which is relatively low.
copulation duration,PATO,PATO:0001416,regular duration,A duration which has regular start and/or end times.
copulation duration,PATO,PATO:0001417,irregular duration,A duration quality of a process inhering in a bearer by virtue of the bearer's duration which has irregular start and/or end times.
development duration,OBA,OBA:0004003,parturition duration,The duration of a parturition.
development duration,OBA,OBA:1001086,QRS duration,See also EFO_0005054
development duration,OBA,OBA:VT1000653,lactation duration,The length of a lactation.
development duration,OBA,OBA:0003416,penile erection duration,The duration of a penile erection.
development duration,OBA,OBA:0004567,ovulation cycle duration,The duration of a ovulation cycle.
development duration,PATO,PATO:0001309,duration,A process quality inhering in a bearer by virtue of the bearer's magnitude of the temporal extent between the starting and ending point.
development duration,PATO,PATO:0000498,increased duration,A duration quality of a process which is relatively high.
development duration,PATO,PATO:0000499,decreased duration,A duration quality of a process which is relatively low.
development duration,PATO,PATO:0001416,regular duration,A duration which has regular start and/or end times.
development duration,PATO,PATO:0001417,irregular duration,A duration quality of a process inhering in a bearer by virtue of the bearer's duration which has irregular start and/or end times.
development rate,OBA,OBA:0002217,embryo development rate,The rate of a embryo development.
development rate,OBA,OBA:0003600,artery development rate,The rate of a artery development.
development rate,OBA,OBA:0003599,ovarian follicle development rate,The rate of a ovarian follicle development.
development rate,OBA,OBA:0004171,lung alveolus development rate,The rate of a lung alveolus development.
development rate,OBA,OBA:0005316,mesenchymal cell proliferation involved in lung development rate,The rate of a mesenchymal cell proliferation involved in lung development.
development rate,PATO,PATO:0000161,rate,A quality of a single process inhering in a bearer by virtue of the bearer's occurrence per unit time.
development rate,PATO,PATO:0000911,decreased rate,A rate which is relatively low.
development rate,PATO,PATO:0000912,increased rate,A rate which is relatively high.
development rate,PATO,PATO:0001492,growth rate,The rate or speed of the change in size of an individual entity or change in number of a population.
development rate,PATO,PATO:0001574,flow rate,A physical quality inhering in a bearer by virtue of the bearer's motion characteristic.
development time,OBA,OBA:0002217,embryo development rate,The rate of a embryo development.
development time,OBA,OBA:0003600,artery development rate,The rate of a artery development.
development time,OBA,OBA:0004100,blastocyst development morphology,The morphology of a blastocyst development.
development time,OBA,OBA:0004352,spermatid development occurrence,The occurrence of a spermatid development.
development time,OBA,OBA:1000796,cloaca development quality,The quality of a cloaca development.
development time,PATO,PATO:0000165,time,A quality in which events occur in sequence.
development time,PATO,PATO:0000498,increased duration,A duration quality of a process which is relatively high.
development time,PATO,PATO:0000499,decreased duration,A duration quality of a process which is relatively low.
development time,PATO,PATO:0001309,duration,A process quality inhering in a bearer by virtue of the bearer's magnitude of the temporal extent between the starting and ending point.
development time,PATO,PATO:0040049,male with DSD,A biological sex quality inhering in an individual or a population who are otherwise male of a non-hermaphroditic species who has ambiguous or atypical congenital development of the reproductive system.
developmental time,OBA,OBA:0002199,developmental process onset quality,The onset quality of a developmental process.
developmental time,OBA,OBA:2041354,level of developmental pluripotency-associated protein 4 in blood serum,The amount of a developmental pluripotency-associated protein 4 when measured in blood serum.
developmental time,OBA,OBA:2041986,level of interferon-related developmental regulator 1 in blood serum,The amount of a interferon-related developmental regulator 1 when measured in blood serum.
developmental time,OBA,OBA:2055948,level of interferon-related developmental regulator 1 (human) in cerebrospinal fluid,The amount of a interferon-related developmental regulator 1 (human) when measured in cerebrospinal fluid.
developmental time,OBA,OBA:2059480,level of developmental pluripotency-associated protein 4 (human) in cerebrospinal fluid,The amount of a developmental pluripotency-associated protein 4 (human) when measured in cerebrospinal fluid.
developmental time,PATO,PATO:0000165,time,A quality in which events occur in sequence.
developmental time,PATO,PATO:0000498,increased duration,A duration quality of a process which is relatively high.
developmental time,PATO,PATO:0000499,decreased duration,A duration quality of a process which is relatively low.
developmental time,PATO,PATO:0001309,duration,A process quality inhering in a bearer by virtue of the bearer's magnitude of the temporal extent between the starting and ending point.
developmental time,PATO,GO:0021700,developmental maturation,"A developmental process, independent of morphogenetic (shape) change, that is required for an anatomical structure, cell or cellular component to attain its fully functional state."
effective fecundity,OBA,OBA:0003697,multicellular organism fecundity,The fecundity of a multicellular organism.
effective fecundity,OBA,PATO:0000273,fecundity,NA
effective fecundity,OBA,PATO:0001695,increased fecundity,NA
effective fecundity,OBA,PATO:0001696,decreased fecundity,NA
effective fecundity,OBA,PATO:0045017,normal fecundity,A fecundity which is relatively normal or average.
effective fecundity,PATO,PATO:0000273,fecundity,A reproductive quality inhering in an organism or population by virtue of the bearer's potential reproductive capacity ad measured by the number of gametes.
effective fecundity,PATO,PATO:0001695,increased fecundity,A fecundity which is relatively high.
effective fecundity,PATO,PATO:0001696,decreased fecundity,A fecundity which is relatively low.
effective fecundity,PATO,PATO:0045017,normal fecundity,A fecundity which is relatively normal or average.
effective fecundity,PATO,PATO:0000769,coordinated,A coordination quality of inhering in a bearer by virtue of the bearer's having skillful and effective interaction of movement.
egg conversion ratio,OBA,OBA:VT1000294,egg quantity,The amount of a egg cell.
egg conversion ratio,OBA,OBA:1001091,egg shell trait,The quality of a eggshell.
egg conversion ratio,OBA,OBA:1001092,egg shell color,The color of a eggshell.
egg conversion ratio,OBA,OBA:2040151,shelled egg length,The length of a shelled egg.
egg conversion ratio,OBA,OBA:2040152,shelled egg width,The width of a shelled egg.
egg conversion ratio,PATO,PATO:0001470,ratio,A quality inhering in a bearer by virtue of the bearer's magnitude in proportion to the magnitude of another entity.
egg conversion ratio,PATO,PATO:0040042,decreased ratio,Example: decreased proportion of CD4 T cells relative to total T cells.
egg conversion ratio,PATO,PATO:0040043,increased ratio,Example: increased proportion of CD4 T cells relative to total T cells.
egg conversion ratio,PATO,PATO:0040071,nuclear/cytoplasmic ratio,A quality inhering in a cell by virtue of the ratio between the volume of its nucleus and the volume of its cytoplasm.
egg conversion ratio,PATO,PATO:0040072,high nuclear/cytoplasmic ratio,A high nuclear/cytolasmic ratio is 70% or higher.
egg count,OBA,OBA:VT1000294,egg quantity,The amount of a egg cell.
egg count,OBA,OBA:1001091,egg shell trait,The quality of a eggshell.
egg count,OBA,OBA:1001092,egg shell color,The color of a eggshell.
egg count,OBA,OBA:2040151,shelled egg length,The length of a shelled egg.
egg count,OBA,OBA:2040152,shelled egg width,The width of a shelled egg.
egg count,PATO,PATO:0005001,variability of count,A variability quality inhering in the bearer by virtue of the bearer having a variable number or count of an entity.
egg count,PATO,PATO:0001891,ovate,A spheroid quality inhering in a bearer by virtue of the bearer's exhibiting a continuous convex surface with an axis of symmetry and one axis longer than the other; egg-shaped.
egg count,PATO,CL:0000025,egg cell,A female gamete where meiosis has progressed to metaphase II and is able to participate in fertilization.
egg count,PATO,GO:0007343,egg activation,"The process in which the egg becomes metabolically active, initiates protein and DNA synthesis and undergoes structural changes to its cortex and/or cytoplasm."
egg count,PATO,PATO:0000070,amount,"This term was originally named ""presence"". It has been renamed to reduce ambiguity. Consider annotating with the reciprocal relation,PATO:0001555, has_number_of. For example, rather than E=fin ray Q=count in organism C=10, say E=organism Q=has number of E2= fin ray C=10."
egg hatch,OBA,OBA:VT1000294,egg quantity,The amount of a egg cell.
egg hatch,OBA,OBA:1001091,egg shell trait,The quality of a eggshell.
egg hatch,OBA,OBA:1001092,egg shell color,The color of a eggshell.
egg hatch,OBA,OBA:2040151,shelled egg length,The length of a shelled egg.
egg hatch,OBA,OBA:2040152,shelled egg width,The width of a shelled egg.
egg hatch,PATO,PATO:0001891,ovate,A spheroid quality inhering in a bearer by virtue of the bearer's exhibiting a continuous convex surface with an axis of symmetry and one axis longer than the other; egg-shaped.
egg hatch,PATO,CL:0000025,egg cell,A female gamete where meiosis has progressed to metaphase II and is able to participate in fertilization.
egg hatch,PATO,GO:0007343,egg activation,"The process in which the egg becomes metabolically active, initiates protein and DNA synthesis and undergoes structural changes to its cortex and/or cytoplasm."
egg hatch,PATO,GO:0007293,germarium-derived egg chamber formation,"Construction of a stage-1 egg chamber in the anterior part of the germarium, from the progeny of germ-line and somatic stem cells. An example of this is found in Drosophila melanogaster."
egg hatch,PATO,GO:0009792,embryo development ending in birth or egg hatching,"The process whose specific outcome is the progression of an embryo over time, from zygote formation until the end of the embryonic life stage. The end of the embryonic life stage is organism-specific and may be somewhat arbitrary; for mammals it is usually considered to be birth, for insects the hatching of the first instar larva from the eggshell."
egg mass,OBA,OBA:VT1000294,egg quantity,The amount of a egg cell.
egg mass,OBA,OBA:1001091,egg shell trait,The quality of a eggshell.
egg mass,OBA,OBA:1001092,egg shell color,The color of a eggshell.
egg mass,OBA,OBA:2040151,shelled egg length,The length of a shelled egg.
egg mass,OBA,OBA:2040152,shelled egg width,The width of a shelled egg.
egg mass,PATO,PATO:0000125,mass,"For any biological use of PATO, the concept that should be used is 'mass' and not 'weight'. For example, increased weight of an organism."
egg mass,PATO,PATO:0001019,mass density,A physical quality which inheres in a bearer by virtue of some influence is exerted by the bearer's mass per unit size.
egg mass,PATO,PATO:0001562,decreased mass,A mass which is lower than normal or average.
egg mass,PATO,PATO:0001563,increased mass,A mass which is higher than normal or average.
egg mass,PATO,PATO:0001681,molar mass,A physical quality that inheres in a homogeneous substance containing 6.02 x 1023 atoms or molecules.
egg size,OBA,OBA:VT1000294,egg quantity,The amount of a egg cell.
egg size,OBA,OBA:1001091,egg shell trait,The quality of a eggshell.
egg size,OBA,OBA:1001092,egg shell color,The color of a eggshell.
egg size,OBA,OBA:2040151,shelled egg length,The length of a shelled egg.
egg size,OBA,OBA:2040152,shelled egg width,The width of a shelled egg.
egg size,PATO,PATO:0000117,size,A morphology quality inhering in a bearer by virtue of the bearer's physical magnitude.
egg size,PATO,PATO:0000276,brood size,A reproductive quality inhering in the young of an animal by virtue of their number.
egg size,PATO,PATO:0000586,increased size,A size quality which is relatively high.
egg size,PATO,PATO:0000587,decreased size,A size quality which is relatively low.
egg size,PATO,PATO:0005015,tapered size,A size quality inhering in an entity or set of entities in which size increases or decreases along the extent of the entity or set.
egg viability,OBA,OBA:0004486,embryo viability,The viability of a embryo.
egg viability,OBA,OBA:VT1000294,egg quantity,The amount of a egg cell.
egg viability,OBA,OBA:1001091,egg shell trait,The quality of a eggshell.
egg viability,OBA,OBA:1001092,egg shell color,The color of a eggshell.
egg viability,OBA,OBA:2040151,shelled egg length,The length of a shelled egg.
egg viability,PATO,PATO:0000169,viability,An organismal quality inhering in a bearer or a population by virtue of the bearer's disposition to survive and develop normally or the number of surviving individuals in a given population.
egg viability,PATO,PATO:0001497,brood viability,A reproductive quality inhering in the young of an animal by virtue of the bearer's disposition to survive and develop normally.
egg viability,PATO,PATO:0001891,ovate,A spheroid quality inhering in a bearer by virtue of the bearer's exhibiting a continuous convex surface with an axis of symmetry and one axis longer than the other; egg-shaped.
egg viability,PATO,CL:0000025,egg cell,A female gamete where meiosis has progressed to metaphase II and is able to participate in fertilization.
egg viability,PATO,GO:0007343,egg activation,"The process in which the egg becomes metabolically active, initiates protein and DNA synthesis and undergoes structural changes to its cortex and/or cytoplasm."
engorgement period,OBA,OBA:VT0002292,gestation period duration,The duration of a female pregnancy.
engorgement period,OBA,OBA:2051617,level of period circadian protein homolog 3 in blood,The amount of a period circadian protein homolog 3 when measured in blood.
engorgement period,OBA,PR:000050150,period circadian protein homolog,Category=family.
engorgement period,OBA,PR:000012549,period circadian protein homolog 3,Category=gene.
engorgement period,OBA,PR:O70361,period circadian protein homolog 3 (mouse),Category=organism-gene.
engorgement period,PATO,PATO:0000499,decreased duration,A duration quality of a process which is relatively low.
engorgement period,PATO,PATO:0001309,duration,A process quality inhering in a bearer by virtue of the bearer's magnitude of the temporal extent between the starting and ending point.
engorgement period,PATO,PATO:0000498,increased duration,A duration quality of a process which is relatively high.
engorgement period,PATO,PATO:0000695,synchronous,A quality of a single process inhering in a bearer by virtue of the bearer's occurring or existing at the same time or having the same period or phase.
engorgement period,PATO,PATO:0000688,asynchronous,A quality of a single process inhering in a bearer by virtue of the bearer's not occurring or existing at the same time or having the same period or phase.
fat consumption rate,OBA,OBA:1000654,saccharin consumption quality,The quality of a saccharin consumption.
fat consumption rate,OBA,OBA:1000679,cocaine consumption quality,The quality of a cocaine consumption.
fat consumption rate,OBA,OBA:1000690,food consumption quality,The quality of a food consumption.
fat consumption rate,OBA,OBA:1000840,alcohol consumption quality,The quality of a alcohol consumption.
fat consumption rate,OBA,OBA:0002011,micturition rate,The rate of a micturition.
fat consumption rate,PATO,PATO:0000161,rate,A quality of a single process inhering in a bearer by virtue of the bearer's occurrence per unit time.
fat consumption rate,PATO,PATO:0000911,decreased rate,A rate which is relatively low.
fat consumption rate,PATO,PATO:0000912,increased rate,A rate which is relatively high.
fat consumption rate,PATO,PATO:0001492,growth rate,The rate or speed of the change in size of an individual entity or change in number of a population.
fat consumption rate,PATO,PATO:0001574,flow rate,A physical quality inhering in a bearer by virtue of the bearer's motion characteristic.
fat content,OBA,OBA:2045435,stomach content pH,The acidity of a stomach lumen.
fat content,OBA,OBA:VT0010714,milk zinc content,The amount of a zinc atom when measured in milk.
fat content,OBA,OBA:2045301,erythrocyte hemoglobin content trait,The amount of a hemoglobin when measured in erythrocyte.
fat content,OBA,OBA:0004528,fat pad mass,The mass of a fat pad.
fat content,OBA,OBA:2050198,pericardial fat amount,The amount of a pericardial fat.
fat content,PATO,PATO:0000025,composition,"For example calcium composition (which may inhere in bone), haemoglobin composition (which may inhere in blood)."
fat content,PATO,UBERON:0015129,epicardial fat,Visceral intrapericardial fat contiguous with the myocardial surface.
fat content,PATO,UBERON:0035814,pericardial fat,The sum of epicardial and paracardial fat deposits.
fat content,PATO,UBERON:0035815,paracardial fat,Fat deposits in the mediastinum outside the parietal pericardium .
fat content,PATO,UBERON:0035818,visceral fat,Any fat deposit surrounding a visceral organ.
fecundity,OBA,PATO:0000273,fecundity,NA
fecundity,OBA,OBA:0003697,multicellular organism fecundity,The fecundity of a multicellular organism.
fecundity,OBA,PATO:0001695,increased fecundity,NA
fecundity,OBA,PATO:0001696,decreased fecundity,NA
fecundity,OBA,PATO:0045017,normal fecundity,A fecundity which is relatively normal or average.
fecundity,PATO,PATO:0000273,fecundity,A reproductive quality inhering in an organism or population by virtue of the bearer's potential reproductive capacity ad measured by the number of gametes.
fecundity,PATO,PATO:0001695,increased fecundity,A fecundity which is relatively high.
fecundity,PATO,PATO:0001696,decreased fecundity,A fecundity which is relatively low.
fecundity,PATO,PATO:0045017,normal fecundity,A fecundity which is relatively normal or average.
fecundity,PATO,PCO:0000003,quality of a population,A quality that inheres in a population of organisms.
fecundity (alate),OBA,OBA:0003697,multicellular organism fecundity,The fecundity of a multicellular organism.
fecundity (alate),OBA,PATO:0000273,fecundity,NA
fecundity (alate),OBA,PATO:0001695,increased fecundity,NA
fecundity (alate),OBA,PATO:0001696,decreased fecundity,NA
fecundity (alate),OBA,PATO:0045017,normal fecundity,A fecundity which is relatively normal or average.
fecundity (alate),PATO,PATO:0000273,fecundity,A reproductive quality inhering in an organism or population by virtue of the bearer's potential reproductive capacity ad measured by the number of gametes.
fecundity (alate),PATO,PATO:0001695,increased fecundity,A fecundity which is relatively high.
fecundity (alate),PATO,PATO:0001696,decreased fecundity,A fecundity which is relatively low.
fecundity (alate),PATO,PATO:0045017,normal fecundity,A fecundity which is relatively normal or average.
fecundity (alate),PATO,PCO:0000003,quality of a population,A quality that inheres in a population of organisms.
fecundity (apterous),OBA,OBA:0003697,multicellular organism fecundity,The fecundity of a multicellular organism.
fecundity (apterous),OBA,PATO:0000273,fecundity,NA
fecundity (apterous),OBA,PATO:0001695,increased fecundity,NA
fecundity (apterous),OBA,PATO:0001696,decreased fecundity,NA
fecundity (apterous),OBA,PATO:0045017,normal fecundity,A fecundity which is relatively normal or average.
fecundity (apterous),PATO,PATO:0000273,fecundity,A reproductive quality inhering in an organism or population by virtue of the bearer's potential reproductive capacity ad measured by the number of gametes.
fecundity (apterous),PATO,PATO:0001695,increased fecundity,A fecundity which is relatively high.
fecundity (apterous),PATO,PATO:0001696,decreased fecundity,A fecundity which is relatively low.
fecundity (apterous),PATO,PATO:0045017,normal fecundity,A fecundity which is relatively normal or average.
fecundity (apterous),PATO,PCO:0000003,quality of a population,A quality that inheres in a population of organisms.
fecundity rate,OBA,OBA:0003697,multicellular organism fecundity,The fecundity of a multicellular organism.
fecundity rate,OBA,PATO:0000273,fecundity,NA
fecundity rate,OBA,OBA:0002011,micturition rate,The rate of a micturition.
fecundity rate,OBA,OBA:0002200,reflex rate,The rate of a reflex.
fecundity rate,OBA,OBA:0002672,gluconeogenesis rate,The rate of a gluconeogenesis.
fecundity rate,PATO,PATO:0000273,fecundity,A reproductive quality inhering in an organism or population by virtue of the bearer's potential reproductive capacity ad measured by the number of gametes.
fecundity rate,PATO,PATO:0001695,increased fecundity,A fecundity which is relatively high.
fecundity rate,PATO,PATO:0001696,decreased fecundity,A fecundity which is relatively low.
fecundity rate,PATO,PATO:0045017,normal fecundity,A fecundity which is relatively normal or average.
fecundity rate,PATO,PATO:0000161,rate,A quality of a single process inhering in a bearer by virtue of the bearer's occurrence per unit time.
fecundity rate (alate),OBA,OBA:0003697,multicellular organism fecundity,The fecundity of a multicellular organism.
fecundity rate (alate),OBA,PATO:0000273,fecundity,NA
fecundity rate (alate),OBA,OBA:0002011,micturition rate,The rate of a micturition.
fecundity rate (alate),OBA,OBA:0002200,reflex rate,The rate of a reflex.
fecundity rate (alate),OBA,OBA:0002672,gluconeogenesis rate,The rate of a gluconeogenesis.
fecundity rate (alate),PATO,PATO:0000273,fecundity,A reproductive quality inhering in an organism or population by virtue of the bearer's potential reproductive capacity ad measured by the number of gametes.
fecundity rate (alate),PATO,PATO:0001695,increased fecundity,A fecundity which is relatively high.
fecundity rate (alate),PATO,PATO:0001696,decreased fecundity,A fecundity which is relatively low.
fecundity rate (alate),PATO,PATO:0045017,normal fecundity,A fecundity which is relatively normal or average.
fecundity rate (alate),PATO,PATO:0000161,rate,A quality of a single process inhering in a bearer by virtue of the bearer's occurrence per unit time.
fecundity rate (apterous),OBA,OBA:0003697,multicellular organism fecundity,The fecundity of a multicellular organism.
fecundity rate (apterous),OBA,PATO:0000273,fecundity,NA
fecundity rate (apterous),OBA,OBA:0002011,micturition rate,The rate of a micturition.
fecundity rate (apterous),OBA,OBA:0002200,reflex rate,The rate of a reflex.
fecundity rate (apterous),OBA,OBA:0002672,gluconeogenesis rate,The rate of a gluconeogenesis.
fecundity rate (apterous),PATO,PATO:0000273,fecundity,A reproductive quality inhering in an organism or population by virtue of the bearer's potential reproductive capacity ad measured by the number of gametes.
fecundity rate (apterous),PATO,PATO:0001695,increased fecundity,A fecundity which is relatively high.
fecundity rate (apterous),PATO,PATO:0001696,decreased fecundity,A fecundity which is relatively low.
fecundity rate (apterous),PATO,PATO:0045017,normal fecundity,A fecundity which is relatively normal or average.
fecundity rate (apterous),PATO,PATO:0000161,rate,A quality of a single process inhering in a bearer by virtue of the bearer's occurrence per unit time.
feed conversion rate,OBA,OBA:0002011,micturition rate,The rate of a micturition.
feed conversion rate,OBA,OBA:0002200,reflex rate,The rate of a reflex.
feed conversion rate,OBA,OBA:0002672,gluconeogenesis rate,The rate of a gluconeogenesis.
feed conversion rate,OBA,OBA:0002850,spermatogenesis rate,The rate of a spermatogenesis.
feed conversion rate,OBA,OBA:0003172,anagen rate,The rate of a anagen.
feed conversion rate,PATO,PATO:0000161,rate,A quality of a single process inhering in a bearer by virtue of the bearer's occurrence per unit time.
feed conversion rate,PATO,PATO:0000911,decreased rate,A rate which is relatively low.
feed conversion rate,PATO,PATO:0000912,increased rate,A rate which is relatively high.
feed conversion rate,PATO,PATO:0001492,growth rate,The rate or speed of the change in size of an individual entity or change in number of a population.
feed conversion rate,PATO,PATO:0001574,flow rate,A physical quality inhering in a bearer by virtue of the bearer's motion characteristic.
feeding behavior,OBA,GO:0007631,feeding behavior,See also the biological process term 'behavior ; GO:0007610'.
feeding behavior,OBA,NBO:0000079,feeding behavior,"The act of bringing an object or substance into the body by swallowing, surrounding or absorbing it [NBO:SMAC]"
feeding behavior,OBA,OBA:1000748,feeding behavior quality,The quality of a feeding behavior.
feeding behavior,OBA,NBO:0000270,feeding behavior phenotype,NA
feeding behavior,OBA,GO:0060259,regulation of feeding behavior,NA
feeding behavior,PATO,GO:0007610,behavior,"1. Note that this term is in the subset of terms that should not be used for direct gene product annotation. Instead, select a child term or, if no appropriate child term exists, please request a new term. Direct annotations to this term may be amended during annotation reviews.
2. While a broader definition of behavior encompassing plants and single cell organisms would be justified on the basis of some usage (see PMID:20160973 for discussion), GO uses a tight definition that limits behavior to animals and to responses involving the nervous system, excluding plant responses that GO classifies under development, and responses of unicellular organisms that has general classifications for covering the responses of cells in multicellular organisms (e.g. cell chemotaxis)."
feeding behavior,PATO,GO:0019098,reproductive behavior,The specific behavior of an organism that is associated with reproduction.
feeding behavior,PATO,GO:0050795,regulation of behavior,"Any process that modulates the frequency, rate or extent of behavior, the internally coordinated responses (actions or inactions) of whole living organisms (individuals or groups) to internal or external stimuli."
feeding behavior,PATO,GO:0048520,positive regulation of behavior,"Any process that activates or increases the frequency, rate or extent of behavior, the internally coordinated responses (actions or inactions) of whole living organisms (individuals or groups) to internal or external stimuli."
feeding behavior,PATO,GO:0048521,negative regulation of behavior,"Any process that stops, prevents, or reduces the frequency, rate or extent of behavior, the internally coordinated responses (actions or inactions) of whole living organisms (individuals or groups) to internal or external stimuli."
feeding period,OBA,OBA:VT0002292,gestation period duration,The duration of a female pregnancy.
feeding period,OBA,OBA:1000748,feeding behavior quality,The quality of a feeding behavior.
feeding period,OBA,OBA:2051617,level of period circadian protein homolog 3 in blood,The amount of a period circadian protein homolog 3 when measured in blood.
feeding period,OBA,GO:0007631,feeding behavior,See also the biological process term 'behavior ; GO:0007610'.
feeding period,OBA,HP:0011968,Feeding difficulties,"Difficulties with eating and drinking, resulting in decreased oral nutrition"
feeding period,PATO,PATO:0000499,decreased duration,A duration quality of a process which is relatively low.
feeding period,PATO,PATO:0001309,duration,A process quality inhering in a bearer by virtue of the bearer's magnitude of the temporal extent between the starting and ending point.
feeding period,PATO,PATO:0000498,increased duration,A duration quality of a process which is relatively high.
feeding period,PATO,PATO:0000695,synchronous,A quality of a single process inhering in a bearer by virtue of the bearer's occurring or existing at the same time or having the same period or phase.
feeding period,PATO,PATO:0000688,asynchronous,A quality of a single process inhering in a bearer by virtue of the bearer's not occurring or existing at the same time or having the same period or phase.
feeding period (adult),OBA,OBA:VT0002292,gestation period duration,The duration of a female pregnancy.
feeding period (adult),OBA,OBA:1000748,feeding behavior quality,The quality of a feeding behavior.
feeding period (adult),OBA,OBA:2051617,level of period circadian protein homolog 3 in blood,The amount of a period circadian protein homolog 3 when measured in blood.
feeding period (adult),OBA,OBA:1000037,adult organism mass,The mass of a adult organism.
feeding period (adult),OBA,GO:0007631,feeding behavior,See also the biological process term 'behavior ; GO:0007610'.
feeding period (adult),PATO,PATO:0000499,decreased duration,A duration quality of a process which is relatively low.
feeding period (adult),PATO,PATO:0001309,duration,A process quality inhering in a bearer by virtue of the bearer's magnitude of the temporal extent between the starting and ending point.
feeding period (adult),PATO,PATO:0000498,increased duration,A duration quality of a process which is relatively high.
feeding period (adult),PATO,PATO:0000695,synchronous,A quality of a single process inhering in a bearer by virtue of the bearer's occurring or existing at the same time or having the same period or phase.
feeding period (adult),PATO,CL:0008017,adult skeletal muscle myoblast,"The vast majority of these cells develop from skeletal muscle satellite cells, although there are some reports of other origins."
feeding period (larval),OBA,OBA:VT0002292,gestation period duration,The duration of a female pregnancy.
feeding period (larval),OBA,OBA:1000748,feeding behavior quality,The quality of a feeding behavior.
feeding period (larval),OBA,OBA:2051617,level of period circadian protein homolog 3 in blood,The amount of a period circadian protein homolog 3 when measured in blood.
feeding period (larval),OBA,GO:0007631,feeding behavior,See also the biological process term 'behavior ; GO:0007610'.
feeding period (larval),OBA,HP:0011968,Feeding difficulties,"Difficulties with eating and drinking, resulting in decreased oral nutrition"
feeding period (larval),PATO,PATO:0001185,larval,"A maturity quality inhering in a bearer by virtue of the bearer's indirect development, undergoing metamorphosis."
feeding period (larval),PATO,PATO:0000499,decreased duration,A duration quality of a process which is relatively low.
feeding period (larval),PATO,PATO:0001309,duration,A process quality inhering in a bearer by virtue of the bearer's magnitude of the temporal extent between the starting and ending point.
feeding period (larval),PATO,PATO:0000498,increased duration,A duration quality of a process which is relatively high.
feeding period (larval),PATO,PATO:0001187,pupal,A maturity quality inhering in a insect by virtue of the bearer's being in the chrysalis (cocoon) or post larval stage.
feeding period (nymphal),OBA,OBA:VT0002292,gestation period duration,The duration of a female pregnancy.
feeding period (nymphal),OBA,OBA:1000748,feeding behavior quality,The quality of a feeding behavior.
feeding period (nymphal),OBA,OBA:2051617,level of period circadian protein homolog 3 in blood,The amount of a period circadian protein homolog 3 when measured in blood.
feeding period (nymphal),OBA,GO:0007631,feeding behavior,See also the biological process term 'behavior ; GO:0007610'.
feeding period (nymphal),OBA,HP:0011968,Feeding difficulties,"Difficulties with eating and drinking, resulting in decreased oral nutrition"
feeding period (nymphal),PATO,PATO:0000499,decreased duration,A duration quality of a process which is relatively low.
feeding period (nymphal),PATO,PATO:0001309,duration,A process quality inhering in a bearer by virtue of the bearer's magnitude of the temporal extent between the starting and ending point.
feeding period (nymphal),PATO,PATO:0000498,increased duration,A duration quality of a process which is relatively high.
feeding period (nymphal),PATO,PATO:0000695,synchronous,A quality of a single process inhering in a bearer by virtue of the bearer's occurring or existing at the same time or having the same period or phase.
feeding period (nymphal),PATO,PATO:0000688,asynchronous,A quality of a single process inhering in a bearer by virtue of the bearer's not occurring or existing at the same time or having the same period or phase.
feeding preference,OBA,OBA:1000748,feeding behavior quality,The quality of a feeding behavior.
feeding preference,OBA,OBA:1000817,conditioned place preference behavior quality,The quality of a conditioned place preference behavior.
feeding preference,OBA,NBO:0000141,food preference,NA
feeding preference,OBA,NBO:0000133,liquid preference/aversion,NA
feeding preference,OBA,NBO:0000135,food preference/aversion,NA
feeding preference,PATO,PATO:0000773,preference,A discrimination quality in a bearer by virtue of the bearer's liking a perceived stimulus.
feeding preference,PATO,PATO:0000772,indifference,A preference quality in a bearer by virtue of the bearer's having no preference to a perceived stimulus.
feeding preference,PATO,PATO:0000771,aversion,A preference quality in a bearer by virtue of the bearer's disliking a perceived stimulus.
feeding preference,PATO,UBERON:0013765,digestive system element,"Any of the organs or elements that are part of the digestive system. Examples: tongue, esophagus, spleen, crop, lunge feeding organ, tooth elements."
feeding rate,OBA,OBA:1000748,feeding behavior quality,The quality of a feeding behavior.
feeding rate,OBA,OBA:0002011,micturition rate,The rate of a micturition.
feeding rate,OBA,OBA:0002200,reflex rate,The rate of a reflex.
feeding rate,OBA,OBA:0002672,gluconeogenesis rate,The rate of a gluconeogenesis.
feeding rate,OBA,OBA:0002850,spermatogenesis rate,The rate of a spermatogenesis.
feeding rate,PATO,PATO:0000161,rate,A quality of a single process inhering in a bearer by virtue of the bearer's occurrence per unit time.
feeding rate,PATO,PATO:0000911,decreased rate,A rate which is relatively low.
feeding rate,PATO,PATO:0000912,increased rate,A rate which is relatively high.
feeding rate,PATO,PATO:0001492,growth rate,The rate or speed of the change in size of an individual entity or change in number of a population.
feeding rate,PATO,PATO:0001574,flow rate,A physical quality inhering in a bearer by virtue of the bearer's motion characteristic.
feeding time,OBA,OBA:1000748,feeding behavior quality,The quality of a feeding behavior.
feeding time,OBA,GO:0007631,feeding behavior,See also the biological process term 'behavior ; GO:0007610'.
feeding time,OBA,HP:0011968,Feeding difficulties,"Difficulties with eating and drinking, resulting in decreased oral nutrition"
feeding time,OBA,NBO:0000079,feeding behavior,"The act of bringing an object or substance into the body by swallowing, surrounding or absorbing it [NBO:SMAC]"
feeding time,OBA,NBO:0000270,feeding behavior phenotype,NA
feeding time,PATO,PATO:0000165,time,A quality in which events occur in sequence.
feeding time,PATO,PATO:0000498,increased duration,A duration quality of a process which is relatively high.
feeding time,PATO,PATO:0000499,decreased duration,A duration quality of a process which is relatively low.
feeding time,PATO,PATO:0001309,duration,A process quality inhering in a bearer by virtue of the bearer's magnitude of the temporal extent between the starting and ending point.
feeding time,PATO,PATO:0001005,latency,"This class is a candidate for obsoletion. The definition is not clear, and the placement under ""delayed"" is not consistent with the definition."
fertility,OBA,PATO:0000274,fertility,NA
fertility,OBA,OBA:VT0010464,fertility trait,The fertility of a multicellular organism.
fertility,OBA,OBA:VT0001922,male fertility trait,The fertility of a male organism.
fertility,OBA,OBA:VT0001923,female fertility trait,The female fertility of a female organism.
fertility,OBA,OBA:0003685,multicellular organism male fertility,The male fertility of a multicellular organism.
fertility,PATO,PATO:0000274,fertility,"A reproductive quality inhering in a bearer by virtue of the bearer's initiating, sustaining, or supporting reproduction."
fertility,PATO,PATO:0000277,female fertility,"A fertility quality inhering in a female by virtue of the bearer's disposition to initiate, sustain, or support reproduction."
fertility,PATO,PATO:0000279,male fertility,"A fertility quality of inhering in a male by virtue of the bearer's disposition to initiate, sustain, or support reproduction."
fertility,PATO,PATO:0001834,decreased fertility,A fertility which is relatively low.
fertility,PATO,PATO:0001835,increased fertility,A fertility which is relatively high.
glycogen content,OBA,HP:0006568,Increased hepatic glycogen content,Glycogen acts as secondary long-term energy storage in the liver and other organs. Its intracellular concentration can be increased in some disease states such as obesity.
glycogen content,OBA,HP:0009051,Increased muscle glycogen content,NA
glycogen content,OBA,HP:0012269,Abnormal muscle glycogen content,Glycogen functions as a secondary short term energy storage in muscle.
glycogen content,OBA,HP:0012270,Decreased muscle glycogen content,NA
glycogen content,OBA,OBA:VT0002713,glycogen catabolism trait,The quality of a glycogen catabolic process.
glycogen content,PATO,PATO:0000025,composition,"For example calcium composition (which may inhere in bone), haemoglobin composition (which may inhere in blood)."
glycogen content,PATO,PATO:0015009,humidity,A quality inhering in air by virtue of the partial pressure exerted by the bearer's water vapour content.
glycogen content,PATO,PATO:0001540,glutinous,An amylose composition quality inhering in an bearer by virtue of the bearer's having negligible or no amylose content.
glycogen content,PATO,PATO:0001541,non-glutinous,An amylose composition quality inhering in an bearer by virtue of the bearer's having high amount of amylose content.
glycogen content,PATO,UBERON:0004088,orbital region,"The subdivision of the face that includes the eye (eyeball plus adnexa such as eyelids) and the orbit of the skull and associated parts of the face such as the eyebrows, if present."
gonotrophic cycle,OBA,OBA:0004567,ovulation cycle duration,The duration of a ovulation cycle.
gonotrophic cycle,OBA,OBA:0004569,ovulation cycle amount,The amount of a ovulation cycle.
gonotrophic cycle,OBA,OBA:1000268,cell cycle quality,The quality of a cell cycle.
gonotrophic cycle,OBA,OBA:2045215,menstrual cycle attribute,The quality of a menstrual cycle.
gonotrophic cycle,OBA,OBA:VT0000427,hair cycle trait,The quality of a hair cycle.
gonotrophic cycle,PATO,GO:0007049,cell cycle,"The progression of biochemical and morphological phases and events that occur in a cell during successive cell replication or nuclear replication events. Canonically, the cell cycle comprises the replication and segregation of genetic material followed by the division of the cell, but in endocycles or syncytial cells nuclear replication or nuclear division may not be followed by cell division."
gonotrophic cycle,PATO,UBERON:0000104,life cycle,"An entire span of an organism's life. In metazoans, commences with the zygote stage and ends with the death of the organism."
gonotrophic cycle,PATO,GO:0000278,mitotic cell cycle,"Note that this term should not be confused with 'GO:0140014 ; mitotic nuclear division'. 'GO:0000278 ; mitotic cell cycle represents the entire mitotic cell cycle, while 'GO:0140014 ; mitotic nuclear division' specifically represents the actual nuclear division step of the mitotic cell cycle."
gonotrophic cycle,PATO,GO:0007113,endomitotic cell cycle,"Note that this term should not be confused with 'abortive mitotic cell cycle ; GO:0033277'. Although abortive mitosis is sometimes called endomitosis, GO:0033277 refers to a process in which a mitotic spindle forms and chromosome separation begins."
gonotrophic cycle,PATO,GO:0022402,cell cycle process,The cellular process that ensures successive accurate and complete genome replication and chromosome segregation.
gonotrophic cycle 1,OBA,OBA:0004567,ovulation cycle duration,The duration of a ovulation cycle.
gonotrophic cycle 1,OBA,OBA:0004569,ovulation cycle amount,The amount of a ovulation cycle.
gonotrophic cycle 1,OBA,OBA:1000268,cell cycle quality,The quality of a cell cycle.
gonotrophic cycle 1,OBA,OBA:2045215,menstrual cycle attribute,The quality of a menstrual cycle.
gonotrophic cycle 1,OBA,OBA:VT0000427,hair cycle trait,The quality of a hair cycle.
gonotrophic cycle 1,PATO,GO:0007049,cell cycle,"The progression of biochemical and morphological phases and events that occur in a cell during successive cell replication or nuclear replication events. Canonically, the cell cycle comprises the replication and segregation of genetic material followed by the division of the cell, but in endocycles or syncytial cells nuclear replication or nuclear division may not be followed by cell division."
gonotrophic cycle 1,PATO,UBERON:0000104,life cycle,"An entire span of an organism's life. In metazoans, commences with the zygote stage and ends with the death of the organism."
gonotrophic cycle 1,PATO,GO:0000278,mitotic cell cycle,"Note that this term should not be confused with 'GO:0140014 ; mitotic nuclear division'. 'GO:0000278 ; mitotic cell cycle represents the entire mitotic cell cycle, while 'GO:0140014 ; mitotic nuclear division' specifically represents the actual nuclear division step of the mitotic cell cycle."
gonotrophic cycle 1,PATO,GO:0007113,endomitotic cell cycle,"Note that this term should not be confused with 'abortive mitotic cell cycle ; GO:0033277'. Although abortive mitosis is sometimes called endomitosis, GO:0033277 refers to a process in which a mitotic spindle forms and chromosome separation begins."
gonotrophic cycle 1,PATO,GO:0022402,cell cycle process,The cellular process that ensures successive accurate and complete genome replication and chromosome segregation.
gonotrophic cycle 2,OBA,OBA:0004567,ovulation cycle duration,The duration of a ovulation cycle.
gonotrophic cycle 2,OBA,OBA:0004569,ovulation cycle amount,The amount of a ovulation cycle.
gonotrophic cycle 2,OBA,OBA:1000268,cell cycle quality,The quality of a cell cycle.
gonotrophic cycle 2,OBA,OBA:2045215,menstrual cycle attribute,The quality of a menstrual cycle.
gonotrophic cycle 2,OBA,OBA:VT0000427,hair cycle trait,The quality of a hair cycle.
gonotrophic cycle 2,PATO,GO:0007049,cell cycle,"The progression of biochemical and morphological phases and events that occur in a cell during successive cell replication or nuclear replication events. Canonically, the cell cycle comprises the replication and segregation of genetic material followed by the division of the cell, but in endocycles or syncytial cells nuclear replication or nuclear division may not be followed by cell division."
gonotrophic cycle 2,PATO,UBERON:0000104,life cycle,"An entire span of an organism's life. In metazoans, commences with the zygote stage and ends with the death of the organism."
gonotrophic cycle 2,PATO,GO:0000278,mitotic cell cycle,"Note that this term should not be confused with 'GO:0140014 ; mitotic nuclear division'. 'GO:0000278 ; mitotic cell cycle represents the entire mitotic cell cycle, while 'GO:0140014 ; mitotic nuclear division' specifically represents the actual nuclear division step of the mitotic cell cycle."
gonotrophic cycle 2,PATO,GO:0007113,endomitotic cell cycle,"Note that this term should not be confused with 'abortive mitotic cell cycle ; GO:0033277'. Although abortive mitosis is sometimes called endomitosis, GO:0033277 refers to a process in which a mitotic spindle forms and chromosome separation begins."
gonotrophic cycle 2,PATO,GO:0022402,cell cycle process,The cellular process that ensures successive accurate and complete genome replication and chromosome segregation.
growth rate,OBA,PATO:0001492,growth rate,NA
growth rate,OBA,OBA:0002215,growth rate trait,The rate of a growth.
growth rate,OBA,OBA:2045230,growth rate attribute,The growth rate of a growth.
growth rate,OBA,OBA:0002148,growth hormone secretion rate,The rate of a growth hormone secretion.
growth rate,OBA,OBA:0002011,micturition rate,The rate of a micturition.
growth rate,PATO,PATO:0001492,growth rate,The rate or speed of the change in size of an individual entity or change in number of a population.
growth rate,PATO,PATO:0040045,population growth rate,The rate or speed of the change in in number of a population.
growth rate,PATO,PATO:0040046,single organismal growth rate,The rate or speed of the change in size of an individual entity.
growth rate,PATO,PATO:0000161,rate,A quality of a single process inhering in a bearer by virtue of the bearer's occurrence per unit time.
growth rate,PATO,PATO:0000911,decreased rate,A rate which is relatively low.
hardening period,OBA,OBA:VT0002292,gestation period duration,The duration of a female pregnancy.
hardening period,OBA,OBA:2051617,level of period circadian protein homolog 3 in blood,The amount of a period circadian protein homolog 3 when measured in blood.
hardening period,OBA,PR:000050150,period circadian protein homolog,Category=family.
hardening period,OBA,PR:000012549,period circadian protein homolog 3,Category=gene.
hardening period,OBA,PR:O70361,period circadian protein homolog 3 (mouse),Category=organism-gene.
hardening period,PATO,PATO:0000499,decreased duration,A duration quality of a process which is relatively low.
hardening period,PATO,PATO:0001309,duration,A process quality inhering in a bearer by virtue of the bearer's magnitude of the temporal extent between the starting and ending point.
hardening period,PATO,PATO:0000498,increased duration,A duration quality of a process which is relatively high.
hardening period,PATO,PATO:0000695,synchronous,A quality of a single process inhering in a bearer by virtue of the bearer's occurring or existing at the same time or having the same period or phase.
hardening period,PATO,PATO:0000688,asynchronous,A quality of a single process inhering in a bearer by virtue of the bearer's not occurring or existing at the same time or having the same period or phase.
hatch rate,OBA,OBA:0002011,micturition rate,The rate of a micturition.
hatch rate,OBA,OBA:0002200,reflex rate,The rate of a reflex.
hatch rate,OBA,OBA:0002672,gluconeogenesis rate,The rate of a gluconeogenesis.
hatch rate,OBA,OBA:0002850,spermatogenesis rate,The rate of a spermatogenesis.
hatch rate,OBA,OBA:0003172,anagen rate,The rate of a anagen.
hatch rate,PATO,PATO:0000161,rate,A quality of a single process inhering in a bearer by virtue of the bearer's occurrence per unit time.
hatch rate,PATO,PATO:0000911,decreased rate,A rate which is relatively low.
hatch rate,PATO,PATO:0000912,increased rate,A rate which is relatively high.
hatch rate,PATO,PATO:0001492,growth rate,The rate or speed of the change in size of an individual entity or change in number of a population.
hatch rate,PATO,PATO:0001574,flow rate,A physical quality inhering in a bearer by virtue of the bearer's motion characteristic.
hatch ratio,OBA,OBA:2045389,leukocyte ratio,The ratio of a leukocyte.
hatch ratio,OBA,OBA:2045390,basophil ratio,The ratio of a basophil.
hatch ratio,OBA,OBA:2045391,eosinophil ratio,The ratio of a eosinophil.
hatch ratio,OBA,OBA:2045459,digit length ratio,A compound attribute that is the ratio of digit length to digit length.
hatch ratio,OBA,OBA:1000024,subcutaneous adipose tissue ratio,The ratio of a subcutaneous adipose tissue.
hatch ratio,PATO,PATO:0001470,ratio,A quality inhering in a bearer by virtue of the bearer's magnitude in proportion to the magnitude of another entity.
hatch ratio,PATO,PATO:0040042,decreased ratio,Example: decreased proportion of CD4 T cells relative to total T cells.
hatch ratio,PATO,PATO:0040043,increased ratio,Example: increased proportion of CD4 T cells relative to total T cells.
hatch ratio,PATO,PATO:0040071,nuclear/cytoplasmic ratio,A quality inhering in a cell by virtue of the ratio between the volume of its nucleus and the volume of its cytoplasm.
hatch ratio,PATO,PATO:0040072,high nuclear/cytoplasmic ratio,A high nuclear/cytolasmic ratio is 70% or higher.
hatch time,OBA,PATO:0000165,time,NA
hatch time,OBA,OBA:2040171,sleep duration trait,The duration of a sleep.
hatch time,OBA,OBA:2040011,trait in response to mycophenolic acid,A trait that affects the response to a stimulus with mycophenolic acid.
hatch time,OBA,OBA:2045215,menstrual cycle attribute,The quality of a menstrual cycle.
hatch time,OBA,OBA:2001010,age of onset of essential hypertension,The age at which essential hypertension manifestations first appear.
hatch time,PATO,PATO:0000165,time,A quality in which events occur in sequence.
hatch time,PATO,PATO:0000498,increased duration,A duration quality of a process which is relatively high.
hatch time,PATO,PATO:0000499,decreased duration,A duration quality of a process which is relatively low.
hatch time,PATO,PATO:0001309,duration,A process quality inhering in a bearer by virtue of the bearer's magnitude of the temporal extent between the starting and ending point.
hatch time,PATO,PATO:0001005,latency,"This class is a candidate for obsoletion. The definition is not clear, and the placement under ""delayed"" is not consistent with the definition."
hatching period,OBA,OBA:0003853,blastocyst hatching amount,The amount of a blastocyst hatching.
hatching period,OBA,OBA:VT0002292,gestation period duration,The duration of a female pregnancy.
hatching period,OBA,OBA:0003854,blastocyst hatching onset quality,The onset quality of a blastocyst hatching.
hatching period,OBA,GO:0035188,hatching,NA
hatching period,OBA,OBA:2051617,level of period circadian protein homolog 3 in blood,The amount of a period circadian protein homolog 3 when measured in blood.
hatching period,PATO,PATO:0000499,decreased duration,A duration quality of a process which is relatively low.
hatching period,PATO,PATO:0001309,duration,A process quality inhering in a bearer by virtue of the bearer's magnitude of the temporal extent between the starting and ending point.
hatching period,PATO,PATO:0000498,increased duration,A duration quality of a process which is relatively high.
hatching period,PATO,GO:0009792,embryo development ending in birth or egg hatching,"The process whose specific outcome is the progression of an embryo over time, from zygote formation until the end of the embryonic life stage. The end of the embryonic life stage is organism-specific and may be somewhat arbitrary; for mammals it is usually considered to be birth, for insects the hatching of the first instar larva from the eggshell."
hatching period,PATO,UBERON:0000092,post-embryonic stage,"Stage succeeding embryo, including mature structure."
hatching range,OBA,OBA:0003853,blastocyst hatching amount,The amount of a blastocyst hatching.
hatching range,OBA,OBA:0003854,blastocyst hatching onset quality,The onset quality of a blastocyst hatching.
hatching range,OBA,GO:0035188,hatching,NA
hatching range,OBA,GO:0001835,blastocyst hatching,"See also the Anatomical Dictionary for Mouse Development ontology terms 'TS4, zona pellucida ; EMAP:22' and 'TS5, embryo ; EMAP:23'."
hatching range,OBA,GO:0009792,embryo development ending in birth or egg hatching,NA
hatching range,PATO,GO:0009792,embryo development ending in birth or egg hatching,"The process whose specific outcome is the progression of an embryo over time, from zygote formation until the end of the embryonic life stage. The end of the embryonic life stage is organism-specific and may be somewhat arbitrary; for mammals it is usually considered to be birth, for insects the hatching of the first instar larva from the eggshell."
hatching range,PATO,UBERON:0000092,post-embryonic stage,"Stage succeeding embryo, including mature structure."
hatching range,PATO,PATO:0001524,intrasonic,A sound frequency in the range of 0-20 Hz.
hatching range,PATO,PATO:0001526,ultrasonic,A sound frequency in the range of 20 000 + Hz.
hatching range,PATO,PATO:0001292,full-spectrum EM radiation quality,An EM radiation quality that is independent of the EM wavelength range.
hatching rate,OBA,OBA:0003853,blastocyst hatching amount,The amount of a blastocyst hatching.
hatching rate,OBA,OBA:0003854,blastocyst hatching onset quality,The onset quality of a blastocyst hatching.
hatching rate,OBA,OBA:0002011,micturition rate,The rate of a micturition.
hatching rate,OBA,OBA:0002200,reflex rate,The rate of a reflex.
hatching rate,OBA,OBA:0002672,gluconeogenesis rate,The rate of a gluconeogenesis.
hatching rate,PATO,PATO:0000161,rate,A quality of a single process inhering in a bearer by virtue of the bearer's occurrence per unit time.
hatching rate,PATO,PATO:0000911,decreased rate,A rate which is relatively low.
hatching rate,PATO,PATO:0000912,increased rate,A rate which is relatively high.
hatching rate,PATO,PATO:0001492,growth rate,The rate or speed of the change in size of an individual entity or change in number of a population.
hatching rate,PATO,PATO:0001574,flow rate,A physical quality inhering in a bearer by virtue of the bearer's motion characteristic.
head capsule width,OBA,OBA:VT0000027,head width,The width of a head.
head capsule width,OBA,OBA:1000085,nucleus width,The width of a nucleus.
head capsule width,OBA,OBA:2040146,cell width,The width of a cell.
head capsule width,OBA,OBA:VT0000132,epiphysis width,The width of a epiphysis.
head capsule width,OBA,OBA:VT0003588,ureter width,The width of a ureter.
head capsule width,PATO,PATO:0000921,width,"Width often refers to the dimension that is greater than the extent in only one of the other two orthogonal dimensions, however, this is not always true. See https://github.com/pato-ontology/pato/issues/337 for full discussion."
head capsule width,PATO,PATO:0000599,decreased width,A width which is relatively small.
head capsule width,PATO,PATO:0000600,increased width,A width which is relatively large.
head capsule width,PATO,PATO:0045061,normal width,A width which is relatively normal or average
head capsule width,PATO,PATO:0040030,decreased width and length,"A width and length quality which is relatively small, where both width and length are decreased."
heat knockdown time,OBA,OBA:2040442,level of heat shock protein 105 kDa in blood serum,The amount of a heat shock protein 105 kDa when measured in blood serum.
heat knockdown time,OBA,OBA:2041950,level of heat shock protein beta-3 in blood serum,The amount of a heat shock protein beta-3 when measured in blood serum.
heat knockdown time,OBA,OBA:2041951,level of heat shock protein beta-6 in blood serum,The amount of a heat shock protein beta-6 when measured in blood serum.
heat knockdown time,OBA,OBA:2050696,level of heat shock factor 2-binding protein in blood,The amount of a heat shock factor 2-binding protein when measured in blood.
heat knockdown time,OBA,OBA:2051470,level of heat shock factor-binding protein 1 in blood,The amount of a heat shock factor-binding protein 1 when measured in blood.
heat knockdown time,PATO,PATO:0000165,time,A quality in which events occur in sequence.
heat knockdown time,PATO,PATO:0001756,heat conductivity,A conductivity quality inhering in a bearer by virtue of the bearer's disposition to spontaneous transfer of thermal energy from a region of higher temperature to a region of lower temperature.
heat knockdown time,PATO,PATO:0000498,increased duration,A duration quality of a process which is relatively high.
heat knockdown time,PATO,PATO:0000499,decreased duration,A duration quality of a process which is relatively low.
heat knockdown time,PATO,PATO:0001309,duration,A process quality inhering in a bearer by virtue of the bearer's magnitude of the temporal extent between the starting and ending point.
hypostome length,OBA,OBA:0000102,microvillus length,The length of a microvillus.
hypostome length,OBA,OBA:0002056,face length,The length of a face.
hypostome length,OBA,OBA:0002069,chin length,The length of a chin.
hypostome length,OBA,OBA:0002102,neck length,The length of a neck.
hypostome length,OBA,OBA:0002110,eyelash length,The length of a eyelash.
hypostome length,PATO,PATO:0000122,length,"Length often refers to the longer or longest dimension of an object, however, this is not always true. See https://github.com/pato-ontology/pato/issues/337 for full discussion."
hypostome length,PATO,PATO:0000573,increased length,A length quality which is relatively large.
hypostome length,PATO,PATO:0000574,decreased length,A length quality which is relatively small.
hypostome length,PATO,PATO:0045054,normal length,A length quality which is relatively normal or average
hypostome length,PATO,PATO:0040030,decreased width and length,"A width and length quality which is relatively small, where both width and length are decreased."
incubation period,OBA,OBA:VT0002292,gestation period duration,The duration of a female pregnancy.
incubation period,OBA,OBA:2051617,level of period circadian protein homolog 3 in blood,The amount of a period circadian protein homolog 3 when measured in blood.
incubation period,OBA,PR:000050150,period circadian protein homolog,Category=family.
incubation period,OBA,PR:000012549,period circadian protein homolog 3,Category=gene.
incubation period,OBA,PR:O70361,period circadian protein homolog 3 (mouse),Category=organism-gene.
incubation period,PATO,PATO:0000499,decreased duration,A duration quality of a process which is relatively low.
incubation period,PATO,PATO:0001309,duration,A process quality inhering in a bearer by virtue of the bearer's magnitude of the temporal extent between the starting and ending point.
incubation period,PATO,PATO:0000498,increased duration,A duration quality of a process which is relatively high.
incubation period,PATO,PATO:0000695,synchronous,A quality of a single process inhering in a bearer by virtue of the bearer's occurring or existing at the same time or having the same period or phase.
incubation period,PATO,PATO:0000688,asynchronous,A quality of a single process inhering in a bearer by virtue of the bearer's not occurring or existing at the same time or having the same period or phase.
interlarval period,OBA,OBA:VT0002292,gestation period duration,The duration of a female pregnancy.
interlarval period,OBA,OBA:2051617,level of period circadian protein homolog 3 in blood,The amount of a period circadian protein homolog 3 when measured in blood.
interlarval period,OBA,PR:000050150,period circadian protein homolog,Category=family.
interlarval period,OBA,PR:000012549,period circadian protein homolog 3,Category=gene.
interlarval period,OBA,PR:O70361,period circadian protein homolog 3 (mouse),Category=organism-gene.
interlarval period,PATO,PATO:0000499,decreased duration,A duration quality of a process which is relatively low.
interlarval period,PATO,PATO:0001309,duration,A process quality inhering in a bearer by virtue of the bearer's magnitude of the temporal extent between the starting and ending point.
interlarval period,PATO,PATO:0000498,increased duration,A duration quality of a process which is relatively high.
interlarval period,PATO,PATO:0000695,synchronous,A quality of a single process inhering in a bearer by virtue of the bearer's occurring or existing at the same time or having the same period or phase.
interlarval period,PATO,PATO:0000688,asynchronous,A quality of a single process inhering in a bearer by virtue of the bearer's not occurring or existing at the same time or having the same period or phase.
juvenile life span,OBA,OBA:0003653,multicellular organism life span,The life span of a multicellular organism.
juvenile life span,OBA,OBA:VT0005372,life span determination trait,The process quality of a determination of adult lifespan.
juvenile life span,OBA,PATO:0000050,life span,NA
juvenile life span,OBA,PATO:0001603,increased life span,NA
juvenile life span,OBA,PATO:0001604,decreased life span,NA
juvenile life span,PATO,PATO:0000050,life span,A time quality inhering in a bearer by virtue of the bearer's expected maximum age.
juvenile life span,PATO,PATO:0001603,increased life span,A life span which is relatively high.
juvenile life span,PATO,PATO:0001604,decreased life span,A life span which is relatively low.
juvenile life span,PATO,PATO:0045026,normal life span,A life span which is relatively normal or average.
juvenile life span,PATO,PATO:0001190,juvenile,A maturity quality inhering in a bearer by virtue the bearer's being not fully grown or developed.
knockdown time,OBA,PATO:0000165,time,NA
knockdown time,OBA,OBA:2040171,sleep duration trait,The duration of a sleep.
knockdown time,OBA,OBA:2040011,trait in response to mycophenolic acid,A trait that affects the response to a stimulus with mycophenolic acid.
knockdown time,OBA,OBA:2045215,menstrual cycle attribute,The quality of a menstrual cycle.
knockdown time,OBA,OBA:2001010,age of onset of essential hypertension,The age at which essential hypertension manifestations first appear.
knockdown time,PATO,PATO:0000165,time,A quality in which events occur in sequence.
knockdown time,PATO,PATO:0000498,increased duration,A duration quality of a process which is relatively high.
knockdown time,PATO,PATO:0000499,decreased duration,A duration quality of a process which is relatively low.
knockdown time,PATO,PATO:0001309,duration,A process quality inhering in a bearer by virtue of the bearer's magnitude of the temporal extent between the starting and ending point.
knockdown time,PATO,PATO:0001005,latency,"This class is a candidate for obsoletion. The definition is not clear, and the placement under ""delayed"" is not consistent with the definition."
larval hatch rate,OBA,OBA:0002011,micturition rate,The rate of a micturition.
larval hatch rate,OBA,OBA:0002200,reflex rate,The rate of a reflex.
larval hatch rate,OBA,OBA:0002672,gluconeogenesis rate,The rate of a gluconeogenesis.
larval hatch rate,OBA,OBA:0002850,spermatogenesis rate,The rate of a spermatogenesis.
larval hatch rate,OBA,OBA:0003172,anagen rate,The rate of a anagen.
larval hatch rate,PATO,PATO:0001185,larval,"A maturity quality inhering in a bearer by virtue of the bearer's indirect development, undergoing metamorphosis."
larval hatch rate,PATO,PATO:0000161,rate,A quality of a single process inhering in a bearer by virtue of the bearer's occurrence per unit time.
larval hatch rate,PATO,PATO:0000911,decreased rate,A rate which is relatively low.
larval hatch rate,PATO,PATO:0000912,increased rate,A rate which is relatively high.
larval hatch rate,PATO,PATO:0001492,growth rate,The rate or speed of the change in size of an individual entity or change in number of a population.
life cycle,OBA,UBERON:0000104,life cycle,NA
life cycle,OBA,OBA:2020001,life cycle stage trait,The quality of a life cycle stage.
life cycle,OBA,OBA:2045261,quality of life cycle,The quality of a life cycle.
life cycle,OBA,UBERON:0000105,life cycle stage,NA
life cycle,OBA,OBA:0003653,multicellular organism life span,The life span of a multicellular organism.
life cycle,PATO,UBERON:0000104,life cycle,"An entire span of an organism's life. In metazoans, commences with the zygote stage and ends with the death of the organism."
life cycle,PATO,UBERON:0000105,life cycle stage,A spatiotemporal region encompassing some part of the life cycle of an organism.
life cycle,PATO,PATO:0000050,life span,A time quality inhering in a bearer by virtue of the bearer's expected maximum age.
life cycle,PATO,PATO:0001603,increased life span,A life span which is relatively high.
life cycle,PATO,PATO:0001604,decreased life span,A life span which is relatively low.
lifespan,OBA,OBA:VT0005372,life span determination trait,The process quality of a determination of adult lifespan.
lifespan,OBA,GO:0008340,determination of adult lifespan,NA
lifespan,OBA,CHEBI:176497,geroprotector,"Any compound that supports healthy aging, slows the biological aging process, or extends lifespan."
lifespan,OBA,HP:0031467,Dysregulated negative emotional state,"Manifestations may be conveyed through self-report or observed through behavior, allowing applicability across the lifespan and in individuals with limited verbal communication. This term refers to an observed negative emotional state rather than enduring traits of personality or temperament."
lifespan,PATO,UBERON:0000104,life cycle,"An entire span of an organism's life. In metazoans, commences with the zygote stage and ends with the death of the organism."
lipid content,OBA,HP:0009058,Increased muscle lipid content,Increased neutral lipid content may be observed on muscle biopsies specimen with the specific staining of Sudan black or oil red O techniques by optic microscopy.
lipid content,OBA,OBA:2045435,stomach content pH,The acidity of a stomach lumen.
lipid content,OBA,OBA:VT0010714,milk zinc content,The amount of a zinc atom when measured in milk.
lipid content,OBA,OBA:VT0001547,lipid amount,The amount of a lipid when measured in anatomical entity.
lipid content,OBA,OBA:2045301,erythrocyte hemoglobin content trait,The amount of a hemoglobin when measured in erythrocyte.
lipid content,PATO,PATO:0000025,composition,"For example calcium composition (which may inhere in bone), haemoglobin composition (which may inhere in blood)."
lipid content,PATO,CHEBI:18059,lipid,"'Lipids' is a loosely defined term for substances of biological origin that are soluble in nonpolar solvents. They consist of saponifiable lipids, such as glycerides (fats and oils) and phospholipids, as well as nonsaponifiable lipids, principally steroids."
lipid content,PATO,GO:0006869,lipid transport,"The directed movement of lipids into, out of or within a cell, or between cells, by means of some agent such as a transporter or pore. Lipids are compounds soluble in an organic solvent but not, or sparingly, in an aqueous solvent."
lipid content,PATO,GO:0010876,lipid localization,"Any process in which a lipid is transported to, or maintained in, a specific location."
lipid content,PATO,GO:0006629,lipid metabolic process,"The chemical reactions and pathways involving lipids, compounds soluble in an organic solvent but not, or sparingly, in an aqueous solvent. Includes fatty acids; neutral fats, other fatty-acid esters, and soaps; long-chain (fatty) alcohols and waxes; sphingoids and other long-chain bases; glycolipids, phospholipids and sphingolipids; and carotenes, polyprenols, sterols, terpenes and other isoprenoids."
longevity,OBA,OBA:VT0005372,life span determination trait,The process quality of a determination of adult lifespan.
longevity (alate),OBA,OBA:VT0005372,life span determination trait,The process quality of a determination of adult lifespan.
longevity (apterous),OBA,OBA:VT0005372,life span determination trait,The process quality of a determination of adult lifespan.
maximum fecundity,OBA,OBA:0003697,multicellular organism fecundity,The fecundity of a multicellular organism.
maximum fecundity,OBA,PATO:0000273,fecundity,NA
maximum fecundity,OBA,PATO:0001695,increased fecundity,NA
maximum fecundity,OBA,PATO:0001696,decreased fecundity,NA
maximum fecundity,OBA,PATO:0045017,normal fecundity,A fecundity which is relatively normal or average.
maximum fecundity,PATO,PATO:0000273,fecundity,A reproductive quality inhering in an organism or population by virtue of the bearer's potential reproductive capacity ad measured by the number of gametes.
maximum fecundity,PATO,PATO:0001695,increased fecundity,A fecundity which is relatively high.
maximum fecundity,PATO,PATO:0001696,decreased fecundity,A fecundity which is relatively low.
maximum fecundity,PATO,PATO:0045017,normal fecundity,A fecundity which is relatively normal or average.
maximum fecundity,PATO,PATO:0000050,life span,A time quality inhering in a bearer by virtue of the bearer's expected maximum age.
mean fecundity,OBA,OBA:0003697,multicellular organism fecundity,The fecundity of a multicellular organism.
mean fecundity,OBA,PATO:0000273,fecundity,NA
mean fecundity,OBA,PATO:0001695,increased fecundity,NA
mean fecundity,OBA,PATO:0001696,decreased fecundity,NA
mean fecundity,OBA,PATO:0045017,normal fecundity,A fecundity which is relatively normal or average.
mean fecundity,PATO,PATO:0000273,fecundity,A reproductive quality inhering in an organism or population by virtue of the bearer's potential reproductive capacity ad measured by the number of gametes.
mean fecundity,PATO,PATO:0001695,increased fecundity,A fecundity which is relatively high.
mean fecundity,PATO,PATO:0001696,decreased fecundity,A fecundity which is relatively low.
mean fecundity,PATO,PATO:0045017,normal fecundity,A fecundity which is relatively normal or average.
mean fecundity,PATO,PATO:0040060,absence of anatomical entity,"Absence of anatomical entity should only be used when all of the entity is absent. For example, absent teeth would mean all teeth are absent not some teeth are absent."
mean longevity,OBA,HP:0005537,Decreased mean platelet volume,"Mean platelet volume (MPV) is a measure of the average size of platelets, with a typical reference range of 7.5 to 11.5 femtoliters (fL)."
mean longevity,OBA,HP:0011877,Increased mean platelet volume,"Mean platelet volume (MPV) is a measure of the average size of platelets, with a typical reference range of 7.5 to 11.5 femtoliters (fL)."
mean longevity,OBA,OBA:VT0005372,life span determination trait,The process quality of a determination of adult lifespan.
mean longevity,OBA,OBA:0003277,platelet volume,The volume of a platelet.
mean longevity,OBA,OBA:0003460,erythrocyte volume,The volume of a erythrocyte.
mean longevity,PATO,PATO:0040060,absence of anatomical entity,"Absence of anatomical entity should only be used when all of the entity is absent. For example, absent teeth would mean all teeth are absent not some teeth are absent."
mean longevity,PATO,PATO:0103004,total amount,"A quantitative quality that represents the sum of all 'amount' qualities of the component parts that constitute a whole entity. The total amount quality inheres in the whole entity and reflects the aggregate measure across all its components, such that changes in the amount of individual components may not necessarily correspond to equivalent changes in the total amount of the whole.

Example of usage: ""blood total protein amount"" represents the sum of the amounts of all protein types in blood, while ""blood leptin amount"" represents only the amount of leptin proteins. An increase in blood leptin amount does not necessarily mean an increase in blood total protein amount, as other protein levels may decrease simultaneously."
mean longevity,PATO,PATO:0103001,total mass,"A quantitative quality that represents the sum of all 'mass' qualities of the component parts that constitute a whole entity. The total mass quality inheres in the whole entity and reflects the aggregate measure of mass across all its components, such that changes in the mass of individual components may not necessarily correspond to equivalent changes in the total mass of the whole.

Example of usage: ""total body mass"" represents the sum of the masses of all tissues and organs in the body, while ""liver mass"" represents only the mass of the liver. An increase in liver mass does not necessarily mean an increase in total body mass, as the mass of other organs or tissues may decrease simultaneously."
mean longevity,PATO,GO:0030323,respiratory tube development,"The process whose specific outcome is the progression of the respiratory tube over time, from its formation to the mature structure. The respiratory tube is assumed to mean any tube in the respiratory tract."
mean longevity,PATO,GO:0030133,transport vesicle,"Note that the term 'secretory vesicle' is sometimes used in this sense, but can also mean 'secretory granule ; GO:0030141'."
metabolic heat rate,OBA,OBA:0002575,galactose metabolic process rate,The rate of a galactose metabolic process.
metabolic heat rate,OBA,OBA:0003195,fructose metabolic process rate,The rate of a fructose metabolic process.
metabolic heat rate,OBA,OBA:0002011,micturition rate,The rate of a micturition.
metabolic heat rate,OBA,OBA:0002200,reflex rate,The rate of a reflex.
metabolic heat rate,OBA,OBA:0002672,gluconeogenesis rate,The rate of a gluconeogenesis.
metabolic heat rate,PATO,PATO:0001756,heat conductivity,A conductivity quality inhering in a bearer by virtue of the bearer's disposition to spontaneous transfer of thermal energy from a region of higher temperature to a region of lower temperature.
metabolic heat rate,PATO,PATO:0000161,rate,A quality of a single process inhering in a bearer by virtue of the bearer's occurrence per unit time.
metabolic heat rate,PATO,PATO:0000911,decreased rate,A rate which is relatively low.
metabolic heat rate,PATO,PATO:0000912,increased rate,A rate which is relatively high.
metabolic heat rate,PATO,PATO:0001492,growth rate,The rate or speed of the change in size of an individual entity or change in number of a population.
metabolic rate,OBA,OBA:0002575,galactose metabolic process rate,The rate of a galactose metabolic process.
metabolic rate,OBA,OBA:0003195,fructose metabolic process rate,The rate of a fructose metabolic process.
metabolic rate,OBA,OBA:0002011,micturition rate,The rate of a micturition.
metabolic rate,OBA,OBA:0002200,reflex rate,The rate of a reflex.
metabolic rate,OBA,OBA:0002672,gluconeogenesis rate,The rate of a gluconeogenesis.
metabolic rate,PATO,PATO:0000161,rate,A quality of a single process inhering in a bearer by virtue of the bearer's occurrence per unit time.
metabolic rate,PATO,PATO:0000911,decreased rate,A rate which is relatively low.
metabolic rate,PATO,PATO:0000912,increased rate,A rate which is relatively high.
metabolic rate,PATO,PATO:0001492,growth rate,The rate or speed of the change in size of an individual entity or change in number of a population.
metabolic rate,PATO,PATO:0001574,flow rate,A physical quality inhering in a bearer by virtue of the bearer's motion characteristic.
metabolic rate (active),OBA,OBA:0002575,galactose metabolic process rate,The rate of a galactose metabolic process.
metabolic rate (active),OBA,OBA:0003195,fructose metabolic process rate,The rate of a fructose metabolic process.
metabolic rate (active),OBA,OBA:0002011,micturition rate,The rate of a micturition.
metabolic rate (active),OBA,OBA:0002200,reflex rate,The rate of a reflex.
metabolic rate (active),OBA,OBA:0002672,gluconeogenesis rate,The rate of a gluconeogenesis.
metabolic rate (active),PATO,PATO:0002354,active,A quality of an physical object that is currently realizing one of its functions.
metabolic rate (active),PATO,PATO:0001707,behavioural active,A behavioral quality of a process inhering in a bearer by virtue of the bearer's exhibiting marked activity.
metabolic rate (active),PATO,PATO:0002356,constitutively active,A quality of a physical object that has been constantly realizing some of its functions.
metabolic rate (active),PATO,PATO:0002414,chronic-active,"A quality of duration having progressive course of indefinite duration with active, acute-like elements."
metabolic rate (active),PATO,PATO:0000161,rate,A quality of a single process inhering in a bearer by virtue of the bearer's occurrence per unit time.
metabolic rate (resting),OBA,OBA:0002575,galactose metabolic process rate,The rate of a galactose metabolic process.
metabolic rate (resting),OBA,OBA:0003195,fructose metabolic process rate,The rate of a fructose metabolic process.
metabolic rate (resting),OBA,OBA:0000134,resting membrane potential,NA
metabolic rate (resting),OBA,OBA:1000821,resting posture quality,The quality of a resting posture.
metabolic rate (resting),OBA,OBA:1001087,heart rate,The rate of a heart contraction.
metabolic rate (resting),PATO,PATO:0000161,rate,A quality of a single process inhering in a bearer by virtue of the bearer's occurrence per unit time.
metabolic rate (resting),PATO,PATO:0000911,decreased rate,A rate which is relatively low.
metabolic rate (resting),PATO,PATO:0000912,increased rate,A rate which is relatively high.
metabolic rate (resting),PATO,PATO:0001492,growth rate,The rate or speed of the change in size of an individual entity or change in number of a population.
metabolic rate (resting),PATO,PATO:0001574,flow rate,A physical quality inhering in a bearer by virtue of the bearer's motion characteristic.
metabolic rate (standard),OBA,OBA:0002575,galactose metabolic process rate,The rate of a galactose metabolic process.
metabolic rate (standard),OBA,OBA:0003195,fructose metabolic process rate,The rate of a fructose metabolic process.
metabolic rate (standard),OBA,OBA:0002011,micturition rate,The rate of a micturition.
metabolic rate (standard),OBA,OBA:0002200,reflex rate,The rate of a reflex.
metabolic rate (standard),OBA,OBA:0002672,gluconeogenesis rate,The rate of a gluconeogenesis.
metabolic rate (standard),PATO,PATO:0000161,rate,A quality of a single process inhering in a bearer by virtue of the bearer's occurrence per unit time.
metabolic rate (standard),PATO,PATO:0070017,standard pyramidal morphology,A pyramidal family morphology that inheres in neurons which have a standard pyramidal shape with its apical dendrite aligned vertically.
metabolic rate (standard),PATO,PATO:0000911,decreased rate,A rate which is relatively low.
metabolic rate (standard),PATO,PATO:0000912,increased rate,A rate which is relatively high.
metabolic rate (standard),PATO,PATO:0001492,growth rate,The rate or speed of the change in size of an individual entity or change in number of a population.
molt success rate (larval),OBA,OBA:0002011,micturition rate,The rate of a micturition.
molt success rate (larval),OBA,OBA:0002200,reflex rate,The rate of a reflex.
molt success rate (larval),OBA,OBA:0002672,gluconeogenesis rate,The rate of a gluconeogenesis.
molt success rate (larval),OBA,OBA:0002850,spermatogenesis rate,The rate of a spermatogenesis.
molt success rate (larval),OBA,OBA:0003172,anagen rate,The rate of a anagen.
molt success rate (larval),PATO,PATO:0001185,larval,"A maturity quality inhering in a bearer by virtue of the bearer's indirect development, undergoing metamorphosis."
molt success rate (larval),PATO,PATO:0000161,rate,A quality of a single process inhering in a bearer by virtue of the bearer's occurrence per unit time.
molt success rate (larval),PATO,PATO:0000911,decreased rate,A rate which is relatively low.
molt success rate (larval),PATO,PATO:0000912,increased rate,A rate which is relatively high.
molt success rate (larval),PATO,PATO:0001492,growth rate,The rate or speed of the change in size of an individual entity or change in number of a population.
molt success rate (nymphal),OBA,OBA:0002011,micturition rate,The rate of a micturition.
molt success rate (nymphal),OBA,OBA:0002200,reflex rate,The rate of a reflex.
molt success rate (nymphal),OBA,OBA:0002672,gluconeogenesis rate,The rate of a gluconeogenesis.
molt success rate (nymphal),OBA,OBA:0002850,spermatogenesis rate,The rate of a spermatogenesis.
molt success rate (nymphal),OBA,OBA:0003172,anagen rate,The rate of a anagen.
molt success rate (nymphal),PATO,PATO:0000161,rate,A quality of a single process inhering in a bearer by virtue of the bearer's occurrence per unit time.
molt success rate (nymphal),PATO,PATO:0000911,decreased rate,A rate which is relatively low.
molt success rate (nymphal),PATO,PATO:0000912,increased rate,A rate which is relatively high.
molt success rate (nymphal),PATO,PATO:0001492,growth rate,The rate or speed of the change in size of an individual entity or change in number of a population.
molt success rate (nymphal),PATO,PATO:0001574,flow rate,A physical quality inhering in a bearer by virtue of the bearer's motion characteristic.
molting period,OBA,OBA:VT0002292,gestation period duration,The duration of a female pregnancy.
molting period,OBA,GO:0042303,molting cycle,NA
molting period,OBA,GO:0022404,molting cycle process,NA
molting period,OBA,OBA:2051617,level of period circadian protein homolog 3 in blood,The amount of a period circadian protein homolog 3 when measured in blood.
molting period,OBA,PR:000050150,period circadian protein homolog,Category=family.
molting period,PATO,PATO:0000499,decreased duration,A duration quality of a process which is relatively low.
molting period,PATO,PATO:0001309,duration,A process quality inhering in a bearer by virtue of the bearer's magnitude of the temporal extent between the starting and ending point.
molting period,PATO,PATO:0000498,increased duration,A duration quality of a process which is relatively high.
molting period,PATO,PATO:0000695,synchronous,A quality of a single process inhering in a bearer by virtue of the bearer's occurring or existing at the same time or having the same period or phase.
molting period,PATO,PATO:0000688,asynchronous,A quality of a single process inhering in a bearer by virtue of the bearer's not occurring or existing at the same time or having the same period or phase.
molting period (larval),OBA,OBA:VT0002292,gestation period duration,The duration of a female pregnancy.
molting period (larval),OBA,GO:0042303,molting cycle,NA
molting period (larval),OBA,GO:0022404,molting cycle process,NA
molting period (larval),OBA,OBA:2051617,level of period circadian protein homolog 3 in blood,The amount of a period circadian protein homolog 3 when measured in blood.
molting period (larval),OBA,PATO:0001185,larval,NA
molting period (larval),PATO,PATO:0001185,larval,"A maturity quality inhering in a bearer by virtue of the bearer's indirect development, undergoing metamorphosis."
molting period (larval),PATO,PATO:0000499,decreased duration,A duration quality of a process which is relatively low.
molting period (larval),PATO,PATO:0001309,duration,A process quality inhering in a bearer by virtue of the bearer's magnitude of the temporal extent between the starting and ending point.
molting period (larval),PATO,PATO:0000498,increased duration,A duration quality of a process which is relatively high.
molting period (larval),PATO,PATO:0001187,pupal,A maturity quality inhering in a insect by virtue of the bearer's being in the chrysalis (cocoon) or post larval stage.
molting period (nymphal),OBA,OBA:VT0002292,gestation period duration,The duration of a female pregnancy.
molting period (nymphal),OBA,GO:0042303,molting cycle,NA
molting period (nymphal),OBA,GO:0022404,molting cycle process,NA
molting period (nymphal),OBA,OBA:2051617,level of period circadian protein homolog 3 in blood,The amount of a period circadian protein homolog 3 when measured in blood.
molting period (nymphal),OBA,PR:000050150,period circadian protein homolog,Category=family.
molting period (nymphal),PATO,PATO:0000499,decreased duration,A duration quality of a process which is relatively low.
molting period (nymphal),PATO,PATO:0001309,duration,A process quality inhering in a bearer by virtue of the bearer's magnitude of the temporal extent between the starting and ending point.
molting period (nymphal),PATO,PATO:0000498,increased duration,A duration quality of a process which is relatively high.
molting period (nymphal),PATO,PATO:0000695,synchronous,A quality of a single process inhering in a bearer by virtue of the bearer's occurring or existing at the same time or having the same period or phase.
molting period (nymphal),PATO,PATO:0000688,asynchronous,A quality of a single process inhering in a bearer by virtue of the bearer's not occurring or existing at the same time or having the same period or phase.
molting ratio (larval),OBA,GO:0042303,molting cycle,NA
molting ratio (larval),OBA,GO:0022404,molting cycle process,NA
molting ratio (larval),OBA,OBA:2045389,leukocyte ratio,The ratio of a leukocyte.
molting ratio (larval),OBA,OBA:2045390,basophil ratio,The ratio of a basophil.
molting ratio (larval),OBA,OBA:2045391,eosinophil ratio,The ratio of a eosinophil.
molting ratio (larval),PATO,PATO:0001185,larval,"A maturity quality inhering in a bearer by virtue of the bearer's indirect development, undergoing metamorphosis."
molting ratio (larval),PATO,PATO:0001470,ratio,A quality inhering in a bearer by virtue of the bearer's magnitude in proportion to the magnitude of another entity.
molting ratio (larval),PATO,PATO:0040042,decreased ratio,Example: decreased proportion of CD4 T cells relative to total T cells.
molting ratio (larval),PATO,PATO:0040043,increased ratio,Example: increased proportion of CD4 T cells relative to total T cells.
molting ratio (larval),PATO,PATO:0040071,nuclear/cytoplasmic ratio,A quality inhering in a cell by virtue of the ratio between the volume of its nucleus and the volume of its cytoplasm.
molting ratio (nymphal),OBA,GO:0042303,molting cycle,NA
molting ratio (nymphal),OBA,GO:0022404,molting cycle process,NA
molting ratio (nymphal),OBA,OBA:2045389,leukocyte ratio,The ratio of a leukocyte.
molting ratio (nymphal),OBA,OBA:2045390,basophil ratio,The ratio of a basophil.
molting ratio (nymphal),OBA,OBA:2045391,eosinophil ratio,The ratio of a eosinophil.
molting ratio (nymphal),PATO,PATO:0001470,ratio,A quality inhering in a bearer by virtue of the bearer's magnitude in proportion to the magnitude of another entity.
molting ratio (nymphal),PATO,PATO:0040042,decreased ratio,Example: decreased proportion of CD4 T cells relative to total T cells.
molting ratio (nymphal),PATO,PATO:0040043,increased ratio,Example: increased proportion of CD4 T cells relative to total T cells.
molting ratio (nymphal),PATO,PATO:0040071,nuclear/cytoplasmic ratio,A quality inhering in a cell by virtue of the ratio between the volume of its nucleus and the volume of its cytoplasm.
molting ratio (nymphal),PATO,PATO:0040072,high nuclear/cytoplasmic ratio,A high nuclear/cytolasmic ratio is 70% or higher.
molting time,OBA,GO:0042303,molting cycle,NA
molting time,OBA,GO:0022404,molting cycle process,NA
molting time,OBA,PATO:0000165,time,NA
molting time,OBA,OBA:2040171,sleep duration trait,The duration of a sleep.
molting time,OBA,OBA:2040011,trait in response to mycophenolic acid,A trait that affects the response to a stimulus with mycophenolic acid.
molting time,PATO,PATO:0000165,time,A quality in which events occur in sequence.
molting time,PATO,PATO:0000498,increased duration,A duration quality of a process which is relatively high.
molting time,PATO,PATO:0000499,decreased duration,A duration quality of a process which is relatively low.
molting time,PATO,PATO:0001309,duration,A process quality inhering in a bearer by virtue of the bearer's magnitude of the temporal extent between the starting and ending point.
molting time,PATO,PATO:0001005,latency,"This class is a candidate for obsoletion. The definition is not clear, and the placement under ""delayed"" is not consistent with the definition."
mortality,OBA,OBA:2050757,level of mortality factor 4-like protein 1 in blood,The amount of a mortality factor 4-like protein 1 when measured in blood.
mortality,OBA,OBA:2050758,level of mortality factor 4-like protein 2 in blood,The amount of a mortality factor 4-like protein 2 when measured in blood.
mortality,OBA,OBA:2042401,level of mortality factor 4-like protein 1 in blood serum,The amount of a mortality factor 4-like protein 1 when measured in blood serum.
mortality,OBA,OBA:2042402,level of mortality factor 4-like protein 2 in blood serum,The amount of a mortality factor 4-like protein 2 when measured in blood serum.
mortality,OBA,OBA:2058865,level of mortality factor 4-like protein 2 (human) in cerebrospinal fluid,The amount of a mortality factor 4-like protein 2 (human) when measured in cerebrospinal fluid.
mortality (adult),OBA,OBA:2050757,level of mortality factor 4-like protein 1 in blood,The amount of a mortality factor 4-like protein 1 when measured in blood.
mortality (adult),OBA,OBA:2050758,level of mortality factor 4-like protein 2 in blood,The amount of a mortality factor 4-like protein 2 when measured in blood.
mortality (adult),OBA,OBA:2042401,level of mortality factor 4-like protein 1 in blood serum,The amount of a mortality factor 4-like protein 1 when measured in blood serum.
mortality (adult),OBA,OBA:2042402,level of mortality factor 4-like protein 2 in blood serum,The amount of a mortality factor 4-like protein 2 when measured in blood serum.
mortality (adult),OBA,OBA:1000037,adult organism mass,The mass of a adult organism.
mortality (adult),PATO,CL:0008017,adult skeletal muscle myoblast,"The vast majority of these cells develop from skeletal muscle satellite cells, although there are some reports of other origins."
mortality (adult),PATO,UBERON:0000066,fully formed stage,"The stage of development at which the animal is fully formed, including immaturity and maturity. Includes both sexually immature stage, and adult stage."
mortality (adult),PATO,UBERON:0002200,vasculature of head,Vasculature that is part of a head [Automatically generated definition].
mortality (adult),PATO,UBERON:0003457,head bone,Different sources vary regarding which bones are craniofacial; e.g. hyoid bone
mortality (adult),PATO,UBERON:0003566,head connective tissue,A portion of connective tissue that is part of a head [Automatically generated definition].
mortality (larval),OBA,OBA:2050757,level of mortality factor 4-like protein 1 in blood,The amount of a mortality factor 4-like protein 1 when measured in blood.
mortality (larval),OBA,OBA:2050758,level of mortality factor 4-like protein 2 in blood,The amount of a mortality factor 4-like protein 2 when measured in blood.
mortality (larval),OBA,OBA:2042401,level of mortality factor 4-like protein 1 in blood serum,The amount of a mortality factor 4-like protein 1 when measured in blood serum.
mortality (larval),OBA,OBA:2042402,level of mortality factor 4-like protein 2 in blood serum,The amount of a mortality factor 4-like protein 2 when measured in blood serum.
mortality (larval),OBA,OBA:2058865,level of mortality factor 4-like protein 2 (human) in cerebrospinal fluid,The amount of a mortality factor 4-like protein 2 (human) when measured in cerebrospinal fluid.
mortality (larval),PATO,PATO:0001185,larval,"A maturity quality inhering in a bearer by virtue of the bearer's indirect development, undergoing metamorphosis."
mortality (larval),PATO,PATO:0001187,pupal,A maturity quality inhering in a insect by virtue of the bearer's being in the chrysalis (cocoon) or post larval stage.
mortality (larval),PATO,PATO:0001188,prepupal,"A maturity quality inhering in a bearer by virtue of the bearer's being in an inactive stage in the development of some insects, between the larval and the pupal stages."
mortality (larval),PATO,UBERON:0034705,developing neuroepithelium,An embryonic or larval epithelium that is committed to form part of the nervous system.
mortality (larval),PATO,GO:0048598,embryonic morphogenesis,"The process in which anatomical structures are generated and organized during the embryonic phase. The embryonic phase begins with zygote formation. The end of the embryonic phase is organism-specific. For example, it would be at birth for mammals, larval hatching for insects and seed dormancy in plants."
mortality (nymphal),OBA,OBA:2050757,level of mortality factor 4-like protein 1 in blood,The amount of a mortality factor 4-like protein 1 when measured in blood.
mortality (nymphal),OBA,OBA:2050758,level of mortality factor 4-like protein 2 in blood,The amount of a mortality factor 4-like protein 2 when measured in blood.
mortality (nymphal),OBA,OBA:2042401,level of mortality factor 4-like protein 1 in blood serum,The amount of a mortality factor 4-like protein 1 when measured in blood serum.
mortality (nymphal),OBA,OBA:2042402,level of mortality factor 4-like protein 2 in blood serum,The amount of a mortality factor 4-like protein 2 when measured in blood serum.
mortality (nymphal),OBA,OBA:2058865,level of mortality factor 4-like protein 2 (human) in cerebrospinal fluid,The amount of a mortality factor 4-like protein 2 (human) when measured in cerebrospinal fluid.
mortality rate,OBA,OBA:0002011,micturition rate,The rate of a micturition.
mortality rate,OBA,OBA:0002200,reflex rate,The rate of a reflex.
mortality rate,OBA,OBA:0002672,gluconeogenesis rate,The rate of a gluconeogenesis.
mortality rate,OBA,OBA:0002850,spermatogenesis rate,The rate of a spermatogenesis.
mortality rate,OBA,OBA:0003172,anagen rate,The rate of a anagen.
mortality rate,PATO,PATO:0000161,rate,A quality of a single process inhering in a bearer by virtue of the bearer's occurrence per unit time.
mortality rate,PATO,PATO:0000911,decreased rate,A rate which is relatively low.
mortality rate,PATO,PATO:0000912,increased rate,A rate which is relatively high.
mortality rate,PATO,PATO:0001492,growth rate,The rate or speed of the change in size of an individual entity or change in number of a population.
mortality rate,PATO,PATO:0001574,flow rate,A physical quality inhering in a bearer by virtue of the bearer's motion characteristic.
moulting period,OBA,OBA:VT0002292,gestation period duration,The duration of a female pregnancy.
moulting period,OBA,OBA:2051617,level of period circadian protein homolog 3 in blood,The amount of a period circadian protein homolog 3 when measured in blood.
moulting period,OBA,PR:000050150,period circadian protein homolog,Category=family.
moulting period,OBA,PR:000012549,period circadian protein homolog 3,Category=gene.
moulting period,OBA,PR:O70361,period circadian protein homolog 3 (mouse),Category=organism-gene.
moulting period,PATO,PATO:0000499,decreased duration,A duration quality of a process which is relatively low.
moulting period,PATO,PATO:0001309,duration,A process quality inhering in a bearer by virtue of the bearer's magnitude of the temporal extent between the starting and ending point.
moulting period,PATO,PATO:0000498,increased duration,A duration quality of a process which is relatively high.
moulting period,PATO,PATO:0000695,synchronous,A quality of a single process inhering in a bearer by virtue of the bearer's occurring or existing at the same time or having the same period or phase.
moulting period,PATO,PATO:0000688,asynchronous,A quality of a single process inhering in a bearer by virtue of the bearer's not occurring or existing at the same time or having the same period or phase.
nymph production,OBA,OBA:0004453,interferon-alpha production rate,The rate of a interferon-alpha production.
nymph production,OBA,OBA:0004454,interferon-beta production rate,The rate of a interferon-beta production.
nymph production,OBA,OBA:0004465,interleukin-1 production rate,The rate of a interleukin-1 production.
nymph production,OBA,OBA:0004468,interleukin-10 production rate,The rate of a interleukin-10 production.
nymph production,OBA,OBA:0004469,interleukin-12 production rate,The rate of a interleukin-12 production.
nymph production,PATO,GO:0001816,cytokine production,"Note that this term is in the subset of terms that should not be used for direct gene product annotation. Instead, select one of the 'regulation' children terms."
nymph production,PATO,GO:0001817,regulation of cytokine production,"Any process that modulates the frequency, rate, or extent of production of a cytokine."
nymph production,PATO,GO:0001818,negative regulation of cytokine production,"Any process that stops, prevents, or reduces the rate of production of a cytokine."
nymph production,PATO,GO:0001819,positive regulation of cytokine production,"Any process that activates or increases the frequency, rate or extent of production of a cytokine."
nymph production,PATO,GO:0002351,serotonin production involved in inflammatory response,"The synthesis or release of serotonin following a stimulus as part of an inflammatory response, resulting in an increase in its intracellular or extracellular levels."
oocyst intensity,OBA,OBA:VT1000190,estrus intensity,The intensity of a estrus.
oocyst intensity,OBA,OBA:0003827,cellular response to stimulus intensity,The intensity of a cellular response to stimulus.
oocyst intensity,OBA,PATO:0000049,intensity,NA
oocyst intensity,OBA,PATO:0001782,increased intensity,NA
oocyst intensity,OBA,PATO:0001783,decreased intensity,NA
oocyst intensity,PATO,PATO:0000049,intensity,A quality inhering in a bearer by virtue of the bearer's possessing or displaying a distinctive feature in type or degree or effect or force.
oocyst intensity,PATO,PATO:0000394,mild intensity,An intensity which is less than moderate in type or degree or effect or force.
oocyst intensity,PATO,PATO:0000395,moderate intensity,An intensity which is less than extreme in type or degree or effect or force.
oocyst intensity,PATO,PATO:0000396,severe intensity,An intensity which is extremely bad or unpleasant in type or degree or effect or force.
oocyst intensity,PATO,PATO:0001782,increased intensity,An intensity which is relatively high.
oocyst prevalence,OBA,HP:0002315,Headache,"Headache is one of the most common types of recurrent pain as well as one of the most frequent symptoms in neurology. In addition to occasional headaches, there are well-defined headache disorders that vary in incidence, prevalence and duration and can be divided into two broad categories. In secondary headache disorders, headaches are attributed to another condition, such as brain tumor or head injury; for the primary disorders the headache is not due to another condition."
ovariole number,OBA,OBA:0000112,myofibril number,The amount of a myofibril.
ovariole number,OBA,OBA:2045279,number of teeth,The has number of of a dentition.
ovariole number,OBA,OBA:0003174,retina altered number of,The altered number of of a retina.
ovariole number,OBA,OBA:0003275,platelet altered number of,The altered number of of a platelet.
ovariole number,OBA,OBA:0003397,oligodendrocyte altered number of,The altered number of of a oligodendrocyte.
ovariole number,PATO,PATO:0001555,has number of,"The number of parts of a particular type that the bearer entity has. This is a relational quality, and thus holds between two entities: the bearer of the quality, and the type of parts."
ovariole number,PATO,PATO:0002083,altered number of,Having extra or fewer parts.
ovariole number,PATO,PATO:0005001,variability of count,A variability quality inhering in the bearer by virtue of the bearer having a variable number or count of an entity.
ovariole number,PATO,PATO:0002001,has fewer parts of type,Example: [E=hand Q=has_fewer_parts_of_type E2=digit] - applies to an organism that has no less fingers than is normal for organisms of that type.
ovariole number,PATO,PATO:0002002,has extra parts of type,"In polydactyly, the bearer of the quality is the hand, and the entity type being counted is 'finger'. In EQ syntax, E=hand, Q=<this> E2=finger."
oviposition failure,OBA,HP:0001399,Hepatic failure,NA
oviposition failure,OBA,MONDO:0005252,heart failure,NA
oviposition failure,OBA,HP:0001508,Failure to thrive,"Although there is no clear consensus on the exact definition of FTT, it is usually diagnoses in a child growing below the 3rd percentile or in a child whose decreased growth has cross two major growth percentiles (for example, from above the 75th percentile to below the 25th percentile)."
oviposition failure,OBA,HP:0001635,Congestive heart failure,NA
oviposition failure,OBA,HP:0006554,Acute hepatic failure,NA
oviposition failure,PATO,PATO:0001511,non-functional,A disfunctional quality held by the bearer when the latter is unable to perform a regular function(s).
oviposition failure,PATO,PATO:0002291,agenesis,Absence of a tissue or organ due to failure to develop.
oviposition failure,PATO,PATO:0001483,aplastic,"With aplasia, the primordium or precursor develops, but does not proceed in its development to a mature structure"
oviposition failure,PATO,PATO:0002270,increased accumulation,An increased number of physical objects that are accumulated within another physical object usually as a result of a failure to break down or remove objects in a timely manner.
oviposition period,OBA,OBA:VT0002292,gestation period duration,The duration of a female pregnancy.
oviposition period,OBA,OBA:2051617,level of period circadian protein homolog 3 in blood,The amount of a period circadian protein homolog 3 when measured in blood.
oviposition period,OBA,PR:000050150,period circadian protein homolog,Category=family.
oviposition period,OBA,PR:000012549,period circadian protein homolog 3,Category=gene.
oviposition period,OBA,PR:O70361,period circadian protein homolog 3 (mouse),Category=organism-gene.
oviposition period,PATO,PATO:0000499,decreased duration,A duration quality of a process which is relatively low.
oviposition period,PATO,PATO:0001309,duration,A process quality inhering in a bearer by virtue of the bearer's magnitude of the temporal extent between the starting and ending point.
oviposition period,PATO,PATO:0000498,increased duration,A duration quality of a process which is relatively high.
oviposition period,PATO,PATO:0000695,synchronous,A quality of a single process inhering in a bearer by virtue of the bearer's occurring or existing at the same time or having the same period or phase.
oviposition period,PATO,PATO:0000688,asynchronous,A quality of a single process inhering in a bearer by virtue of the bearer's not occurring or existing at the same time or having the same period or phase.
ovipositional period,OBA,OBA:VT0002292,gestation period duration,The duration of a female pregnancy.
ovipositional period,OBA,OBA:2051617,level of period circadian protein homolog 3 in blood,The amount of a period circadian protein homolog 3 when measured in blood.
ovipositional period,OBA,PR:000050150,period circadian protein homolog,Category=family.
ovipositional period,OBA,PR:000012549,period circadian protein homolog 3,Category=gene.
ovipositional period,OBA,PR:O70361,period circadian protein homolog 3 (mouse),Category=organism-gene.
ovipositional period,PATO,PATO:0000499,decreased duration,A duration quality of a process which is relatively low.
ovipositional period,PATO,PATO:0001309,duration,A process quality inhering in a bearer by virtue of the bearer's magnitude of the temporal extent between the starting and ending point.
ovipositional period,PATO,PATO:0000498,increased duration,A duration quality of a process which is relatively high.
ovipositional period,PATO,PATO:0000695,synchronous,A quality of a single process inhering in a bearer by virtue of the bearer's occurring or existing at the same time or having the same period or phase.
ovipositional period,PATO,PATO:0000688,asynchronous,A quality of a single process inhering in a bearer by virtue of the bearer's not occurring or existing at the same time or having the same period or phase.
parasite maturation time,OBA,OBA:0002663,bone maturation occurrence,The occurrence of a bone maturation.
parasite maturation time,OBA,OBA:2050237,ribosome maturation protein SBDS amount,The amount of a ribosome maturation protein SBDS when measured in anatomical entity.
parasite maturation time,OBA,OBA:2059129,level of actin maturation protease (human) in cerebrospinal fluid,The amount of a actin maturation protease (human) when measured in cerebrospinal fluid.
parasite maturation time,OBA,OBA:2056220,level of glia maturation factor gamma (human) in cerebrospinal fluid,The amount of a glia maturation factor gamma (human) when measured in cerebrospinal fluid.
parasite maturation time,OBA,OBA:2058256,level of glia maturation factor beta (human) in cerebrospinal fluid,The amount of a glia maturation factor beta (human) when measured in cerebrospinal fluid.
parasite maturation time,PATO,PATO:0000165,time,A quality in which events occur in sequence.
parasite maturation time,PATO,PATO:0000498,increased duration,A duration quality of a process which is relatively high.
parasite maturation time,PATO,PATO:0000499,decreased duration,A duration quality of a process which is relatively low.
parasite maturation time,PATO,PATO:0001309,duration,A process quality inhering in a bearer by virtue of the bearer's magnitude of the temporal extent between the starting and ending point.
parasite maturation time,PATO,GO:0001556,oocyte maturation,"A developmental process, independent of morphogenetic (shape) change, that is required for an oocyte to attain its fully functional state. Oocyte maturation commences after reinitiation of meiosis commonly starting with germinal vesicle breakdown, and continues up to the second meiotic arrest prior to fertilization."
peak fecundity,OBA,OBA:0003697,multicellular organism fecundity,The fecundity of a multicellular organism.
peak fecundity,OBA,PATO:0000273,fecundity,NA
peak fecundity,OBA,PATO:0001695,increased fecundity,NA
peak fecundity,OBA,PATO:0001696,decreased fecundity,NA
peak fecundity,OBA,PATO:0045017,normal fecundity,A fecundity which is relatively normal or average.
peak fecundity,PATO,PATO:0000273,fecundity,A reproductive quality inhering in an organism or population by virtue of the bearer's potential reproductive capacity ad measured by the number of gametes.
peak fecundity,PATO,PATO:0001695,increased fecundity,A fecundity which is relatively high.
peak fecundity,PATO,PATO:0001696,decreased fecundity,A fecundity which is relatively low.
peak fecundity,PATO,PATO:0045017,normal fecundity,A fecundity which is relatively normal or average.
peak fecundity,PATO,CHEBI:228364,NMR chemical shift reference compound,Any compound that produces a peak used as reference frequency in the delta chemical shift scale.
percent moult,OBA,OBA:2050351,breast density,The mass density of a breast.
percent moult,OBA,HP:0010814,Abnormal position of hair whorl,"Placement of hair whorl should be described as parietal, vertex, eccentric, etc. In addition, the number of hair whorls should be noted. Five percent of the population has two whorls."
percent moult,OBA,HP:0033144,Abnormal circulating ceruloplasmin concentration,"Ceruloplasmin is a serum ferroxidase responsible for 90 percent of copper transport. Also, ceruloplasmin is a positive acute-phase reactant, meaning its levels will increase in inflammatory conditions or cell injury."
percent moult,OBA,HP:0002188,Delayed CNS myelination,"A delay in the process of myelination, which normally begins in the fifth fetal month and is about 90 percent complete at the age of two years. Myelination continues into early adulthood."
percent moult,OBA,HP:0010813,Abnormal number of hair whorls,"Most individuals have one clockwise hair whorl at a single point on the scalp lateral to the midline but close to the vertex of the skull. Five percent of the population has two whorls. A double hair whorl is sometimes referred to as a double crown. In 10%, whorl direction is counter-clockwise."
percent survival,OBA,OBA:2044232,level of survival motor neuron protein in blood serum,The amount of a survival motor neuron protein when measured in blood serum.
percent survival,OBA,OBA:2059004,level of survival motor neuron protein (human) in cerebrospinal fluid,The amount of a survival motor neuron protein (human) when measured in cerebrospinal fluid.
percent survival,OBA,OBA:2050909,level of survival of motor neuron-related-splicing factor 30 in blood,The amount of a survival of motor neuron-related-splicing factor 30 when measured in blood.
percent survival,OBA,OBA:2043556,level of survival of motor neuron-related-splicing factor 30 in blood serum,The amount of a survival of motor neuron-related-splicing factor 30 when measured in blood serum.
percent survival,OBA,OBA:2056414,level of survival of motor neuron-related-splicing factor 30 (human) in cerebrospinal fluid,The amount of a survival of motor neuron-related-splicing factor 30 (human) when measured in cerebrospinal fluid.
percent survival,PATO,PATO:0000718,lethal (sensu genetics),A viability quality inhering in a population by virtue of the bearer's long term survival inability.
percent survival,PATO,PATO:0000719,viable,A viability quality inhering in a bearer or a population by virtue of the bearer's ability to survive or the long term survival ability of a given population.
percent survival,PATO,GO:0043066,negative regulation of apoptotic process,"This term should only be used when it is not possible to determine which phase or subtype of the apoptotic process is negatively regulated by a gene product. Whenever detailed information is available, the more granular children terms should be used."
percent survival,PATO,GO:0043524,negative regulation of neuron apoptotic process,"Any process that stops, prevents, or reduces the frequency, rate or extent of cell death by apoptotic process in neurons."
percent survival,PATO,CHEBI:38323,cholinergic drug,"Any drug used for its actions on cholinergic systems. Included here are agonists and antagonists, drugs that affect the life cycle of acetylcholine, and drugs that affect the survival of cholinergic neurons."
post-oviposition period,OBA,OBA:VT0002292,gestation period duration,The duration of a female pregnancy.
post-oviposition period,OBA,OBA:2051617,level of period circadian protein homolog 3 in blood,The amount of a period circadian protein homolog 3 when measured in blood.
post-oviposition period,OBA,PR:000050150,period circadian protein homolog,Category=family.
post-oviposition period,OBA,PR:000012549,period circadian protein homolog 3,Category=gene.
post-oviposition period,OBA,PR:O70361,period circadian protein homolog 3 (mouse),Category=organism-gene.
post-oviposition period,PATO,PATO:0000499,decreased duration,A duration quality of a process which is relatively low.
post-oviposition period,PATO,PATO:0001309,duration,A process quality inhering in a bearer by virtue of the bearer's magnitude of the temporal extent between the starting and ending point.
post-oviposition period,PATO,PATO:0000498,increased duration,A duration quality of a process which is relatively high.
post-oviposition period,PATO,PATO:0000695,synchronous,A quality of a single process inhering in a bearer by virtue of the bearer's occurring or existing at the same time or having the same period or phase.
post-oviposition period,PATO,PATO:0000688,asynchronous,A quality of a single process inhering in a bearer by virtue of the bearer's not occurring or existing at the same time or having the same period or phase.
post-reproduction period,OBA,OBA:VT0002292,gestation period duration,The duration of a female pregnancy.
post-reproduction period,OBA,OBA:2051617,level of period circadian protein homolog 3 in blood,The amount of a period circadian protein homolog 3 when measured in blood.
post-reproduction period,OBA,PR:000050150,period circadian protein homolog,Category=family.
post-reproduction period,OBA,PR:000012549,period circadian protein homolog 3,Category=gene.
post-reproduction period,OBA,PR:O70361,period circadian protein homolog 3 (mouse),Category=organism-gene.
post-reproduction period,PATO,PATO:0000499,decreased duration,A duration quality of a process which is relatively low.
post-reproduction period,PATO,PATO:0001309,duration,A process quality inhering in a bearer by virtue of the bearer's magnitude of the temporal extent between the starting and ending point.
post-reproduction period,PATO,PATO:0000498,increased duration,A duration quality of a process which is relatively high.
post-reproduction period,PATO,PATO:0000695,synchronous,A quality of a single process inhering in a bearer by virtue of the bearer's occurring or existing at the same time or having the same period or phase.
post-reproduction period,PATO,PATO:0000688,asynchronous,A quality of a single process inhering in a bearer by virtue of the bearer's not occurring or existing at the same time or having the same period or phase.
post-reproductive period,OBA,OBA:VT0002292,gestation period duration,The duration of a female pregnancy.
post-reproductive period,OBA,OBA:2051617,level of period circadian protein homolog 3 in blood,The amount of a period circadian protein homolog 3 when measured in blood.
post-reproductive period,OBA,PR:000050150,period circadian protein homolog,Category=family.
post-reproductive period,OBA,PR:000012549,period circadian protein homolog 3,Category=gene.
post-reproductive period,OBA,PR:O70361,period circadian protein homolog 3 (mouse),Category=organism-gene.
post-reproductive period,PATO,PATO:0000499,decreased duration,A duration quality of a process which is relatively low.
post-reproductive period,PATO,PATO:0001309,duration,A process quality inhering in a bearer by virtue of the bearer's magnitude of the temporal extent between the starting and ending point.
post-reproductive period,PATO,PATO:0000498,increased duration,A duration quality of a process which is relatively high.
post-reproductive period,PATO,PATO:0000695,synchronous,A quality of a single process inhering in a bearer by virtue of the bearer's occurring or existing at the same time or having the same period or phase.
post-reproductive period,PATO,PATO:0000688,asynchronous,A quality of a single process inhering in a bearer by virtue of the bearer's not occurring or existing at the same time or having the same period or phase.
pre hatching period,OBA,OBA:0003853,blastocyst hatching amount,The amount of a blastocyst hatching.
pre hatching period,OBA,OBA:VT0002292,gestation period duration,The duration of a female pregnancy.
pre hatching period,OBA,OBA:0003854,blastocyst hatching onset quality,The onset quality of a blastocyst hatching.
pre hatching period,OBA,GO:0035188,hatching,NA
pre hatching period,OBA,OBA:0005182,pre-Botzinger complex morphology,The morphology of a pre-Botzinger complex.
pre hatching period,PATO,PATO:0000499,decreased duration,A duration quality of a process which is relatively low.
pre hatching period,PATO,PATO:0001309,duration,A process quality inhering in a bearer by virtue of the bearer's magnitude of the temporal extent between the starting and ending point.
pre hatching period,PATO,PATO:0000498,increased duration,A duration quality of a process which is relatively high.
pre hatching period,PATO,UBERON:0005865,pre-muscle condensation,NA
pre hatching period,PATO,UBERON:0005866,pre-cartilage condensation,A delimited region of dense mesenchyme within looser mesenchyme whose cells are committed to become chondroblasts.
pre-blood meal period,OBA,OBA:VT0002292,gestation period duration,The duration of a female pregnancy.
pre-blood meal period,OBA,OBA:2051375,level of pre-pro-epidermal growth factor in blood,The amount of a pre-pro-epidermal growth factor when measured in blood.
pre-blood meal period,OBA,OBA:2043038,level of pre-mRNA-processing factor 19 in blood serum,The amount of a pre-mRNA-processing factor 19 when measured in blood serum.
pre-blood meal period,OBA,OBA:2044144,level of pre-mRNA-splicing regulator WTAP in blood serum,The amount of a pre-mRNA-splicing regulator WTAP when measured in blood serum.
pre-blood meal period,OBA,OBA:2052659,amount of pre-pro-epidermal growth factor (human) in blood,The amount of a pre-pro-epidermal growth factor (human) when measured in blood.
pre-blood meal period,PATO,PATO:0000499,decreased duration,A duration quality of a process which is relatively low.
pre-blood meal period,PATO,PATO:0001309,duration,A process quality inhering in a bearer by virtue of the bearer's magnitude of the temporal extent between the starting and ending point.
pre-blood meal period,PATO,PATO:0000498,increased duration,A duration quality of a process which is relatively high.
pre-blood meal period,PATO,PATO:0000695,synchronous,A quality of a single process inhering in a bearer by virtue of the bearer's occurring or existing at the same time or having the same period or phase.
pre-blood meal period,PATO,PATO:0000688,asynchronous,A quality of a single process inhering in a bearer by virtue of the bearer's not occurring or existing at the same time or having the same period or phase.
pre-hatch period,OBA,OBA:VT0002292,gestation period duration,The duration of a female pregnancy.
pre-hatch period,OBA,OBA:2051617,level of period circadian protein homolog 3 in blood,The amount of a period circadian protein homolog 3 when measured in blood.
pre-hatch period,OBA,PR:000050150,period circadian protein homolog,Category=family.
pre-hatch period,OBA,PR:000012549,period circadian protein homolog 3,Category=gene.
pre-hatch period,OBA,PR:O70361,period circadian protein homolog 3 (mouse),Category=organism-gene.
pre-hatch period,PATO,PATO:0000499,decreased duration,A duration quality of a process which is relatively low.
pre-hatch period,PATO,PATO:0001309,duration,A process quality inhering in a bearer by virtue of the bearer's magnitude of the temporal extent between the starting and ending point.
pre-hatch period,PATO,PATO:0000498,increased duration,A duration quality of a process which is relatively high.
pre-hatch period,PATO,PATO:0000695,synchronous,A quality of a single process inhering in a bearer by virtue of the bearer's occurring or existing at the same time or having the same period or phase.
pre-hatch period,PATO,PATO:0000688,asynchronous,A quality of a single process inhering in a bearer by virtue of the bearer's not occurring or existing at the same time or having the same period or phase.
pre-oviposition period,OBA,OBA:VT0002292,gestation period duration,The duration of a female pregnancy.
pre-oviposition period,OBA,OBA:2051617,level of period circadian protein homolog 3 in blood,The amount of a period circadian protein homolog 3 when measured in blood.
pre-oviposition period,OBA,PR:000050150,period circadian protein homolog,Category=family.
pre-oviposition period,OBA,PR:000012549,period circadian protein homolog 3,Category=gene.
pre-oviposition period,OBA,PR:O70361,period circadian protein homolog 3 (mouse),Category=organism-gene.
pre-oviposition period,PATO,PATO:0000499,decreased duration,A duration quality of a process which is relatively low.
pre-oviposition period,PATO,PATO:0001309,duration,A process quality inhering in a bearer by virtue of the bearer's magnitude of the temporal extent between the starting and ending point.
pre-oviposition period,PATO,PATO:0000498,increased duration,A duration quality of a process which is relatively high.
pre-oviposition period,PATO,PATO:0000695,synchronous,A quality of a single process inhering in a bearer by virtue of the bearer's occurring or existing at the same time or having the same period or phase.
pre-oviposition period,PATO,PATO:0000688,asynchronous,A quality of a single process inhering in a bearer by virtue of the bearer's not occurring or existing at the same time or having the same period or phase.
pre-reproduction period,OBA,OBA:VT0002292,gestation period duration,The duration of a female pregnancy.
pre-reproduction period,OBA,OBA:2051617,level of period circadian protein homolog 3 in blood,The amount of a period circadian protein homolog 3 when measured in blood.
pre-reproduction period,OBA,PR:000050150,period circadian protein homolog,Category=family.
pre-reproduction period,OBA,PR:000012549,period circadian protein homolog 3,Category=gene.
pre-reproduction period,OBA,PR:O70361,period circadian protein homolog 3 (mouse),Category=organism-gene.
pre-reproduction period,PATO,PATO:0000499,decreased duration,A duration quality of a process which is relatively low.
pre-reproduction period,PATO,PATO:0001309,duration,A process quality inhering in a bearer by virtue of the bearer's magnitude of the temporal extent between the starting and ending point.
pre-reproduction period,PATO,PATO:0000498,increased duration,A duration quality of a process which is relatively high.
pre-reproduction period,PATO,PATO:0000695,synchronous,A quality of a single process inhering in a bearer by virtue of the bearer's occurring or existing at the same time or having the same period or phase.
pre-reproduction period,PATO,PATO:0000688,asynchronous,A quality of a single process inhering in a bearer by virtue of the bearer's not occurring or existing at the same time or having the same period or phase.
pre-reproductive period,OBA,OBA:VT0002292,gestation period duration,The duration of a female pregnancy.
pre-reproductive period,OBA,OBA:2051617,level of period circadian protein homolog 3 in blood,The amount of a period circadian protein homolog 3 when measured in blood.
pre-reproductive period,OBA,PR:000050150,period circadian protein homolog,Category=family.
pre-reproductive period,OBA,PR:000012549,period circadian protein homolog 3,Category=gene.
pre-reproductive period,OBA,PR:O70361,period circadian protein homolog 3 (mouse),Category=organism-gene.
pre-reproductive period,PATO,PATO:0000499,decreased duration,A duration quality of a process which is relatively low.
pre-reproductive period,PATO,PATO:0001309,duration,A process quality inhering in a bearer by virtue of the bearer's magnitude of the temporal extent between the starting and ending point.
pre-reproductive period,PATO,PATO:0000498,increased duration,A duration quality of a process which is relatively high.
pre-reproductive period,PATO,PATO:0000695,synchronous,A quality of a single process inhering in a bearer by virtue of the bearer's occurring or existing at the same time or having the same period or phase.
pre-reproductive period,PATO,PATO:0000688,asynchronous,A quality of a single process inhering in a bearer by virtue of the bearer's not occurring or existing at the same time or having the same period or phase.
prefeeding period (adult),OBA,OBA:VT0002292,gestation period duration,The duration of a female pregnancy.
prefeeding period (adult),OBA,OBA:2051617,level of period circadian protein homolog 3 in blood,The amount of a period circadian protein homolog 3 when measured in blood.
prefeeding period (adult),OBA,OBA:1000037,adult organism mass,The mass of a adult organism.
prefeeding period (adult),OBA,PR:000050150,period circadian protein homolog,Category=family.
prefeeding period (adult),OBA,OBA:2041551,level of fetal and adult testis-expressed transcript protein in blood serum,The amount of a fetal and adult testis-expressed transcript protein when measured in blood serum.
prefeeding period (adult),PATO,PATO:0000499,decreased duration,A duration quality of a process which is relatively low.
prefeeding period (adult),PATO,PATO:0001309,duration,A process quality inhering in a bearer by virtue of the bearer's magnitude of the temporal extent between the starting and ending point.
prefeeding period (adult),PATO,PATO:0000498,increased duration,A duration quality of a process which is relatively high.
prefeeding period (adult),PATO,PATO:0000695,synchronous,A quality of a single process inhering in a bearer by virtue of the bearer's occurring or existing at the same time or having the same period or phase.
prefeeding period (adult),PATO,CL:0008017,adult skeletal muscle myoblast,"The vast majority of these cells develop from skeletal muscle satellite cells, although there are some reports of other origins."
prefeeding period (larval),OBA,OBA:VT0002292,gestation period duration,The duration of a female pregnancy.
prefeeding period (larval),OBA,OBA:2051617,level of period circadian protein homolog 3 in blood,The amount of a period circadian protein homolog 3 when measured in blood.
prefeeding period (larval),OBA,PATO:0001185,larval,NA
prefeeding period (larval),OBA,PR:000050150,period circadian protein homolog,Category=family.
prefeeding period (larval),OBA,PR:000012549,period circadian protein homolog 3,Category=gene.
prefeeding period (larval),PATO,PATO:0001185,larval,"A maturity quality inhering in a bearer by virtue of the bearer's indirect development, undergoing metamorphosis."
prefeeding period (larval),PATO,PATO:0000499,decreased duration,A duration quality of a process which is relatively low.
prefeeding period (larval),PATO,PATO:0001309,duration,A process quality inhering in a bearer by virtue of the bearer's magnitude of the temporal extent between the starting and ending point.
prefeeding period (larval),PATO,PATO:0000498,increased duration,A duration quality of a process which is relatively high.
prefeeding period (larval),PATO,PATO:0001187,pupal,A maturity quality inhering in a insect by virtue of the bearer's being in the chrysalis (cocoon) or post larval stage.
prefeeding period (nymphal),OBA,OBA:VT0002292,gestation period duration,The duration of a female pregnancy.
prefeeding period (nymphal),OBA,OBA:2051617,level of period circadian protein homolog 3 in blood,The amount of a period circadian protein homolog 3 when measured in blood.
prefeeding period (nymphal),OBA,PR:000050150,period circadian protein homolog,Category=family.
prefeeding period (nymphal),OBA,PR:000012549,period circadian protein homolog 3,Category=gene.
prefeeding period (nymphal),OBA,PR:O70361,period circadian protein homolog 3 (mouse),Category=organism-gene.
prefeeding period (nymphal),PATO,PATO:0000499,decreased duration,A duration quality of a process which is relatively low.
prefeeding period (nymphal),PATO,PATO:0001309,duration,A process quality inhering in a bearer by virtue of the bearer's magnitude of the temporal extent between the starting and ending point.
prefeeding period (nymphal),PATO,PATO:0000498,increased duration,A duration quality of a process which is relatively high.
prefeeding period (nymphal),PATO,PATO:0000695,synchronous,A quality of a single process inhering in a bearer by virtue of the bearer's occurring or existing at the same time or having the same period or phase.
prefeeding period (nymphal),PATO,PATO:0000688,asynchronous,A quality of a single process inhering in a bearer by virtue of the bearer's not occurring or existing at the same time or having the same period or phase.
premolt period,OBA,OBA:VT0002292,gestation period duration,The duration of a female pregnancy.
premolt period,OBA,OBA:2051617,level of period circadian protein homolog 3 in blood,The amount of a period circadian protein homolog 3 when measured in blood.
premolt period,OBA,PR:000050150,period circadian protein homolog,Category=family.
premolt period,OBA,PR:000012549,period circadian protein homolog 3,Category=gene.
premolt period,OBA,PR:O70361,period circadian protein homolog 3 (mouse),Category=organism-gene.
premolt period,PATO,PATO:0000499,decreased duration,A duration quality of a process which is relatively low.
premolt period,PATO,PATO:0001309,duration,A process quality inhering in a bearer by virtue of the bearer's magnitude of the temporal extent between the starting and ending point.
premolt period,PATO,PATO:0000498,increased duration,A duration quality of a process which is relatively high.
premolt period,PATO,PATO:0000695,synchronous,A quality of a single process inhering in a bearer by virtue of the bearer's occurring or existing at the same time or having the same period or phase.
premolt period,PATO,PATO:0000688,asynchronous,A quality of a single process inhering in a bearer by virtue of the bearer's not occurring or existing at the same time or having the same period or phase.
premolt period (larval),OBA,OBA:VT0002292,gestation period duration,The duration of a female pregnancy.
premolt period (larval),OBA,OBA:2051617,level of period circadian protein homolog 3 in blood,The amount of a period circadian protein homolog 3 when measured in blood.
premolt period (larval),OBA,PATO:0001185,larval,NA
premolt period (larval),OBA,PR:000050150,period circadian protein homolog,Category=family.
premolt period (larval),OBA,PR:000012549,period circadian protein homolog 3,Category=gene.
premolt period (larval),PATO,PATO:0001185,larval,"A maturity quality inhering in a bearer by virtue of the bearer's indirect development, undergoing metamorphosis."
premolt period (larval),PATO,PATO:0000499,decreased duration,A duration quality of a process which is relatively low.
premolt period (larval),PATO,PATO:0001309,duration,A process quality inhering in a bearer by virtue of the bearer's magnitude of the temporal extent between the starting and ending point.
premolt period (larval),PATO,PATO:0000498,increased duration,A duration quality of a process which is relatively high.
premolt period (larval),PATO,PATO:0001187,pupal,A maturity quality inhering in a insect by virtue of the bearer's being in the chrysalis (cocoon) or post larval stage.
premolt period (nymphal),OBA,OBA:VT0002292,gestation period duration,The duration of a female pregnancy.
premolt period (nymphal),OBA,OBA:2051617,level of period circadian protein homolog 3 in blood,The amount of a period circadian protein homolog 3 when measured in blood.
premolt period (nymphal),OBA,PR:000050150,period circadian protein homolog,Category=family.
premolt period (nymphal),OBA,PR:000012549,period circadian protein homolog 3,Category=gene.
premolt period (nymphal),OBA,PR:O70361,period circadian protein homolog 3 (mouse),Category=organism-gene.
premolt period (nymphal),PATO,PATO:0000499,decreased duration,A duration quality of a process which is relatively low.
premolt period (nymphal),PATO,PATO:0001309,duration,A process quality inhering in a bearer by virtue of the bearer's magnitude of the temporal extent between the starting and ending point.
premolt period (nymphal),PATO,PATO:0000498,increased duration,A duration quality of a process which is relatively high.
premolt period (nymphal),PATO,PATO:0000695,synchronous,A quality of a single process inhering in a bearer by virtue of the bearer's occurring or existing at the same time or having the same period or phase.
premolt period (nymphal),PATO,PATO:0000688,asynchronous,A quality of a single process inhering in a bearer by virtue of the bearer's not occurring or existing at the same time or having the same period or phase.
premolting period,OBA,OBA:VT0002292,gestation period duration,The duration of a female pregnancy.
premolting period,OBA,OBA:2051617,level of period circadian protein homolog 3 in blood,The amount of a period circadian protein homolog 3 when measured in blood.
premolting period,OBA,PR:000050150,period circadian protein homolog,Category=family.
premolting period,OBA,PR:000012549,period circadian protein homolog 3,Category=gene.
premolting period,OBA,PR:O70361,period circadian protein homolog 3 (mouse),Category=organism-gene.
premolting period,PATO,PATO:0000499,decreased duration,A duration quality of a process which is relatively low.
premolting period,PATO,PATO:0001309,duration,A process quality inhering in a bearer by virtue of the bearer's magnitude of the temporal extent between the starting and ending point.
premolting period,PATO,PATO:0000498,increased duration,A duration quality of a process which is relatively high.
premolting period,PATO,PATO:0000695,synchronous,A quality of a single process inhering in a bearer by virtue of the bearer's occurring or existing at the same time or having the same period or phase.
premolting period,PATO,PATO:0000688,asynchronous,A quality of a single process inhering in a bearer by virtue of the bearer's not occurring or existing at the same time or having the same period or phase.
preoviposition period,OBA,OBA:VT0002292,gestation period duration,The duration of a female pregnancy.
preoviposition period,OBA,OBA:2051617,level of period circadian protein homolog 3 in blood,The amount of a period circadian protein homolog 3 when measured in blood.
preoviposition period,OBA,PR:000050150,period circadian protein homolog,Category=family.
preoviposition period,OBA,PR:000012549,period circadian protein homolog 3,Category=gene.
preoviposition period,OBA,PR:O70361,period circadian protein homolog 3 (mouse),Category=organism-gene.
preoviposition period,PATO,PATO:0000499,decreased duration,A duration quality of a process which is relatively low.
preoviposition period,PATO,PATO:0001309,duration,A process quality inhering in a bearer by virtue of the bearer's magnitude of the temporal extent between the starting and ending point.
preoviposition period,PATO,PATO:0000498,increased duration,A duration quality of a process which is relatively high.
preoviposition period,PATO,PATO:0000695,synchronous,A quality of a single process inhering in a bearer by virtue of the bearer's occurring or existing at the same time or having the same period or phase.
preoviposition period,PATO,PATO:0000688,asynchronous,A quality of a single process inhering in a bearer by virtue of the bearer's not occurring or existing at the same time or having the same period or phase.
prey consumption,OBA,OBA:1000654,saccharin consumption quality,The quality of a saccharin consumption.
prey consumption,OBA,OBA:1000679,cocaine consumption quality,The quality of a cocaine consumption.
prey consumption,OBA,OBA:1000690,food consumption quality,The quality of a food consumption.
prey consumption,OBA,OBA:1000840,alcohol consumption quality,The quality of a alcohol consumption.
prey consumption,OBA,NBO:0000130,liquid consumption,NA
protein content,OBA,OBA:2045435,stomach content pH,The acidity of a stomach lumen.
protein content,OBA,OBA:VT0010714,milk zinc content,The amount of a zinc atom when measured in milk.
protein content,OBA,OBA:2045301,erythrocyte hemoglobin content trait,The amount of a hemoglobin when measured in erythrocyte.
protein content,OBA,OBA:2045305,reticulocyte corpuscular hemoglobin content attribute,The amount of a hemoglobin when measured in reticulocyte.
protein content,OBA,IAO:0000030,information content entity,NA
protein content,PATO,PATO:0000025,composition,"For example calcium composition (which may inhere in bone), haemoglobin composition (which may inhere in blood)."
protein content,PATO,PATO:0015009,humidity,A quality inhering in air by virtue of the partial pressure exerted by the bearer's water vapour content.
protein content,PATO,PATO:0001540,glutinous,An amylose composition quality inhering in an bearer by virtue of the bearer's having negligible or no amylose content.
protein content,PATO,PATO:0001541,non-glutinous,An amylose composition quality inhering in an bearer by virtue of the bearer's having high amount of amylose content.
protein content,PATO,PATO:0103004,total amount,"A quantitative quality that represents the sum of all 'amount' qualities of the component parts that constitute a whole entity. The total amount quality inheres in the whole entity and reflects the aggregate measure across all its components, such that changes in the amount of individual components may not necessarily correspond to equivalent changes in the total amount of the whole.

Example of usage: ""blood total protein amount"" represents the sum of the amounts of all protein types in blood, while ""blood leptin amount"" represents only the amount of leptin proteins. An increase in blood leptin amount does not necessarily mean an increase in blood total protein amount, as other protein levels may decrease simultaneously."
recovery time,OBA,PATO:0000165,time,NA
recovery time,OBA,OBA:2040171,sleep duration trait,The duration of a sleep.
recovery time,OBA,OBA:2040011,trait in response to mycophenolic acid,A trait that affects the response to a stimulus with mycophenolic acid.
recovery time,OBA,OBA:2045215,menstrual cycle attribute,The quality of a menstrual cycle.
recovery time,OBA,OBA:2001010,age of onset of essential hypertension,The age at which essential hypertension manifestations first appear.
recovery time,PATO,PATO:0000165,time,A quality in which events occur in sequence.
recovery time,PATO,PATO:0000498,increased duration,A duration quality of a process which is relatively high.
recovery time,PATO,PATO:0000499,decreased duration,A duration quality of a process which is relatively low.
recovery time,PATO,PATO:0001309,duration,A process quality inhering in a bearer by virtue of the bearer's magnitude of the temporal extent between the starting and ending point.
recovery time,PATO,PATO:0001005,latency,"This class is a candidate for obsoletion. The definition is not clear, and the placement under ""delayed"" is not consistent with the definition."
relative activity,OBA,OBA:2045259,urine relative density,The concentration of of a urine.
relative activity,OBA,OBA:2045294,asparaginase activity,The process quality of a L-asparagine catabolic process.
relative activity,OBA,OBA:VT0002504,serotonin activity,The functionality of a serotonin when measured in anatomical entity.
relative activity,OBA,OBA:0003310,catalase activity rate,The rate of a catalase activity.
relative activity,OBA,OBA:0005492,glucokinase activity rate,The rate of a glucokinase activity.
relative activity,PATO,PATO:0040010,mobile relative to,"For example, distinct anteroposterior mobility of palatine relative to mesethmoid."
relative activity,PATO,PATO:0040011,immobile relative to,For example: distinct anteroposterior immobility of palatine relative to mesethmoid.
relative activity,PATO,PATO:0002515,increased elevation relative to,An elevation quality inhering in a bearer by virtue the bearer's being in a high position relative to another entity.
relative activity,PATO,PATO:0000014,color,"A composite chromatic quality composed of hue, saturation and intensity parts."
relative activity,PATO,PATO:0001414,catalytic activity,A physical quality inhering in a catalyst by virtue of the amount of the catalyst's action.
reproduction period,OBA,OBA:VT0002292,gestation period duration,The duration of a female pregnancy.
reproduction period,OBA,OBA:2051617,level of period circadian protein homolog 3 in blood,The amount of a period circadian protein homolog 3 when measured in blood.
reproduction period,OBA,GO:0019953,sexual reproduction,"Note that gametes may come from two organisms or from a single organism in the case of self-fertilizing hermaphrodites, e.g. C. elegans, or self-fertilization in plants. Note also that sexual reproduction may be seen as the regular alternation, in the life cycle of haplontic, diplontic and diplohaplontic organisms, of meiosis and fertilization which provides for the production offspring. In diplontic organisms there is a life cycle in which the products of meiosis behave directly as gametes, fusing to form a zygote from which the diploid, or sexually reproductive polyploid, adult organism will develop. In diplohaplontic organisms a haploid phase (gametophyte) exists in the life cycle between meiosis and fertilization (e.g. higher plants, many algae and Fungi); the products of meiosis are spores that develop as haploid individuals from which haploid gametes develop to form a diploid zygote; diplohaplontic organisms show an alternation of haploid and diploid generations. In haplontic organisms meiosis occurs in the zygote, giving rise to four haploid cells (e.g. many algae and protozoa), only the zygote is diploid and this may form a resistant spore, tiding organisms over hard times."
reproduction period,OBA,GO:0003006,developmental process involved in reproduction,NA
reproduction period,OBA,PR:000050150,period circadian protein homolog,Category=family.
reproduction period,PATO,PATO:0000499,decreased duration,A duration quality of a process which is relatively low.
reproduction period,PATO,GO:0019953,sexual reproduction,"Note that gametes may come from two organisms or from a single organism in the case of self-fertilizing hermaphrodites, e.g. C. elegans, or self-fertilization in plants. Note also that sexual reproduction may be seen as the regular alternation, in the life cycle of haplontic, diplontic and diplohaplontic organisms, of meiosis and fertilization which provides for the production offspring. In diplontic organisms there is a life cycle in which the products of meiosis behave directly as gametes, fusing to form a zygote from which the diploid, or sexually reproductive polyploid, adult organism will develop. In diplohaplontic organisms a haploid phase (gametophyte) exists in the life cycle between meiosis and fertilization (e.g. higher plants, many algae and Fungi); the products of meiosis are spores that develop as haploid individuals from which haploid gametes develop to form a diploid zygote; diplohaplontic organisms show an alternation of haploid and diploid generations. In haplontic organisms meiosis occurs in the zygote, giving rise to four haploid cells (e.g. many algae and protozoa), only the zygote is diploid and this may form a resistant spore, tiding organisms over hard times."
reproduction period,PATO,PATO:0001309,duration,A process quality inhering in a bearer by virtue of the bearer's magnitude of the temporal extent between the starting and ending point.
reproduction period,PATO,PATO:0000498,increased duration,A duration quality of a process which is relatively high.
reproduction period,PATO,GO:0003006,developmental process involved in reproduction,"A developmental process in which a progressive change in the state of some part of an organism, germline or somatic, specifically contributes to its ability to form offspring."
reproductive and post-reproductive periods,OBA,OBA:0002007,reproductive system size,The size of a reproductive system.
reproductive and post-reproductive periods,OBA,OBA:0002409,reproductive system displaced,The displaced of a reproductive system.
reproductive and post-reproductive periods,OBA,OBA:2050117,reproductive behavior trait,The quality of a reproductive behavior.
reproductive and post-reproductive periods,OBA,OBA:VT0005389,reproductive system trait,The quality when measured in reproductive system.
reproductive and post-reproductive periods,OBA,OBA:0004643,male reproductive organ morphology,The morphology of a male reproductive organ.
reproductive and post-reproductive periods,PATO,PATO:0001434,reproductive quality,An organismal quality inhering in a bearer by virtue of the bearer's ability to produce new life or offspring.
reproductive and post-reproductive periods,PATO,PATO:0002049,lateral and rotional curvature,A curvature quality inhering in a bearer by virtue of the bearer's being curved around an axis and towards the side.
reproductive and post-reproductive periods,PATO,PATO:0040030,decreased width and length,"A width and length quality which is relatively small, where both width and length are decreased."
reproductive and post-reproductive periods,PATO,PATO:0040031,increased width and length,"A width and length quality that is relatively large, where both width and length are increased."
reproductive and post-reproductive periods,PATO,GO:0019098,reproductive behavior,The specific behavior of an organism that is associated with reproduction.
reproductive capacity,OBA,OBA:VT0001942,lung capacity,The volume of a lung.
reproductive capacity,OBA,OBA:VT0002846,aorta capacity,The volume of a aorta.
reproductive capacity,OBA,OBA:VT0010133,gizzard capacity,The volume of a gizzard.
reproductive capacity,OBA,OBA:VT0010199,stomach capacity,The volume of a stomach.
reproductive capacity,OBA,OBA:VT0010204,proventriculus capacity,The volume of a proventriculus.
reproductive capacity,PATO,PATO:0001434,reproductive quality,An organismal quality inhering in a bearer by virtue of the bearer's ability to produce new life or offspring.
reproductive capacity,PATO,GO:0019098,reproductive behavior,The specific behavior of an organism that is associated with reproduction.
reproductive capacity,PATO,GO:0022414,reproductive process,A biological process that directly contributes to the process of producing new individuals by one or two organisms. The new individuals inherit some proportion of their genetic material from the parent or parents.
reproductive capacity,PATO,UBERON:0000990,reproductive system,Anatomical system that has as its parts the organs concerned with reproduction.
reproductive capacity,PATO,UBERON:0003133,reproductive organ,An organ involved in reproduction.
reproductive efficiency index,OBA,OBA:0002007,reproductive system size,The size of a reproductive system.
reproductive efficiency index,OBA,OBA:0002409,reproductive system displaced,The displaced of a reproductive system.
reproductive efficiency index,OBA,OBA:2050117,reproductive behavior trait,The quality of a reproductive behavior.
reproductive efficiency index,OBA,OBA:VT0005389,reproductive system trait,The quality when measured in reproductive system.
reproductive efficiency index,OBA,OBA:0004643,male reproductive organ morphology,The morphology of a male reproductive organ.
reproductive efficiency index,PATO,PATO:0001029,efficiency,A physical quality inhering in a bearer by virtue of ratio of the bearer's output to the bearer's input.
reproductive efficiency index,PATO,PATO:0001675,decreased efficiency,An efficiency which is relatively low.
reproductive efficiency index,PATO,PATO:0001676,increased efficiency,An efficiency which is relatively high.
reproductive efficiency index,PATO,PATO:0045015,normal efficiency,An efficiency which is relatively normal or average.
reproductive efficiency index,PATO,PATO:0001434,reproductive quality,An organismal quality inhering in a bearer by virtue of the bearer's ability to produce new life or offspring.
reproductive period,OBA,OBA:VT0002292,gestation period duration,The duration of a female pregnancy.
reproductive period,OBA,OBA:0002007,reproductive system size,The size of a reproductive system.
reproductive period,OBA,OBA:0002409,reproductive system displaced,The displaced of a reproductive system.
reproductive period,OBA,OBA:2050117,reproductive behavior trait,The quality of a reproductive behavior.
reproductive period,OBA,OBA:VT0005389,reproductive system trait,The quality when measured in reproductive system.
reproductive period,PATO,PATO:0001434,reproductive quality,An organismal quality inhering in a bearer by virtue of the bearer's ability to produce new life or offspring.
reproductive period,PATO,PATO:0000499,decreased duration,A duration quality of a process which is relatively low.
reproductive period,PATO,PATO:0001309,duration,A process quality inhering in a bearer by virtue of the bearer's magnitude of the temporal extent between the starting and ending point.
reproductive period,PATO,PATO:0000498,increased duration,A duration quality of a process which is relatively high.
reproductive period,PATO,GO:0019098,reproductive behavior,The specific behavior of an organism that is associated with reproduction.
resource consumption rate,OBA,OBA:1000654,saccharin consumption quality,The quality of a saccharin consumption.
resource consumption rate,OBA,OBA:1000679,cocaine consumption quality,The quality of a cocaine consumption.
resource consumption rate,OBA,OBA:1000690,food consumption quality,The quality of a food consumption.
resource consumption rate,OBA,OBA:1000840,alcohol consumption quality,The quality of a alcohol consumption.
resource consumption rate,OBA,OBA:0002011,micturition rate,The rate of a micturition.
resource consumption rate,PATO,PATO:0000161,rate,A quality of a single process inhering in a bearer by virtue of the bearer's occurrence per unit time.
resource consumption rate,PATO,PATO:0000911,decreased rate,A rate which is relatively low.
resource consumption rate,PATO,PATO:0000912,increased rate,A rate which is relatively high.
resource consumption rate,PATO,PATO:0001492,growth rate,The rate or speed of the change in size of an individual entity or change in number of a population.
resource consumption rate,PATO,PATO:0001574,flow rate,A physical quality inhering in a bearer by virtue of the bearer's motion characteristic.
sex ratio,OBA,OBA:1001089,multicellular organism sex,The biological sex of a multicellular organism.
sex ratio,OBA,OBA:VT0002210,sex determination trait,The quality of a sex determination.
sex ratio,OBA,OBA:0002003,multicellular organism phenotypic sex,The phenotypic sex of a multicellular organism.
sex ratio,OBA,OBA:0004263,testis sex cord amount,The amount of a testis sex cord.
sex ratio,OBA,OBA:1000853,primary sex determination quality,The quality of a primary sex determination.
sex ratio,PATO,PATO:0000047,biological sex,An organismal quality inhering in a bearer by virtue of the bearer's ability to undergo sexual reproduction in order to differentiate the individuals or types involved.
sex ratio,PATO,PATO:0001338,mixed sex,For example a mixture of females and male or males and hermaphrodites.
sex ratio,PATO,PATO:0001894,phenotypic sex,An organismal quality inhering in a bearer by virtue of the bearer's physical expression of sexual characteristics.
sex ratio,PATO,PATO:0020000,genotypic sex,"Note that the chromosomal constitution of genotypic sex varies in different organisms. In human, we have XY, XX, though abnormal XXY, X0, XYY, and other combinations are possible."
sex ratio,PATO,PATO:0060001,sex-specific,A quality inhering in a bearer by virtue of the bearer's being present in one sex and absent from the other in members of the same species.
sporozoite prevalence,OBA,HP:0002315,Headache,"Headache is one of the most common types of recurrent pain as well as one of the most frequent symptoms in neurology. In addition to occasional headaches, there are well-defined headache disorders that vary in incidence, prevalence and duration and can be divided into two broad categories. In secondary headache disorders, headaches are attributed to another condition, such as brain tumor or head injury; for the primary disorders the headache is not due to another condition."
starvation tolerance,OBA,GO:0002507,tolerance induction,NA
starvation tolerance,OBA,GO:0002427,mucosal tolerance induction,NA
starvation tolerance,OBA,GO:0002465,peripheral tolerance induction,NA
starvation tolerance,OBA,GO:0002508,central tolerance induction,NA
starvation tolerance,OBA,GO:0010931,macrophage tolerance induction,NA
starvation tolerance,PATO,PATO:0002393,increased tolerance to,A tolerance quality inhering in a bearer by virtue of the bearer's increased ability to endure a stimulus.
starvation tolerance,PATO,PATO:0002394,decreased tolerance to,A tolerance quality inhering in a bearer by virtue of the bearer's decreased ability to endure a stimulus.
starvation tolerance,PATO,PATO:0045070,normal tolerance to,A tolerance to an external stimulus which is relatively normal or average
survival,OBA,OBA:2044232,level of survival motor neuron protein in blood serum,The amount of a survival motor neuron protein when measured in blood serum.
survival,OBA,OBA:2059004,level of survival motor neuron protein (human) in cerebrospinal fluid,The amount of a survival motor neuron protein (human) when measured in cerebrospinal fluid.
survival,OBA,OBA:2050909,level of survival of motor neuron-related-splicing factor 30 in blood,The amount of a survival of motor neuron-related-splicing factor 30 when measured in blood.
survival,OBA,OBA:2043556,level of survival of motor neuron-related-splicing factor 30 in blood serum,The amount of a survival of motor neuron-related-splicing factor 30 when measured in blood serum.
survival,OBA,OBA:2056414,level of survival of motor neuron-related-splicing factor 30 (human) in cerebrospinal fluid,The amount of a survival of motor neuron-related-splicing factor 30 (human) when measured in cerebrospinal fluid.
survival,PATO,PATO:0000718,lethal (sensu genetics),A viability quality inhering in a population by virtue of the bearer's long term survival inability.
survival,PATO,PATO:0000719,viable,A viability quality inhering in a bearer or a population by virtue of the bearer's ability to survive or the long term survival ability of a given population.
survival,PATO,GO:0043066,negative regulation of apoptotic process,"This term should only be used when it is not possible to determine which phase or subtype of the apoptotic process is negatively regulated by a gene product. Whenever detailed information is available, the more granular children terms should be used."
survival,PATO,GO:0043524,negative regulation of neuron apoptotic process,"Any process that stops, prevents, or reduces the frequency, rate or extent of cell death by apoptotic process in neurons."
survival,PATO,CHEBI:38323,cholinergic drug,"Any drug used for its actions on cholinergic systems. Included here are agonists and antagonists, drugs that affect the life cycle of acetylcholine, and drugs that affect the survival of cholinergic neurons."
survival rate,OBA,OBA:0002011,micturition rate,The rate of a micturition.
survival rate,OBA,OBA:0002200,reflex rate,The rate of a reflex.
survival rate,OBA,OBA:0002672,gluconeogenesis rate,The rate of a gluconeogenesis.
survival rate,OBA,OBA:0002850,spermatogenesis rate,The rate of a spermatogenesis.
survival rate,OBA,OBA:0003172,anagen rate,The rate of a anagen.
survival rate,PATO,PATO:0000161,rate,A quality of a single process inhering in a bearer by virtue of the bearer's occurrence per unit time.
survival rate,PATO,PATO:0000911,decreased rate,A rate which is relatively low.
survival rate,PATO,PATO:0000912,increased rate,A rate which is relatively high.
survival rate,PATO,PATO:0001492,growth rate,The rate or speed of the change in size of an individual entity or change in number of a population.
survival rate,PATO,PATO:0001574,flow rate,A physical quality inhering in a bearer by virtue of the bearer's motion characteristic.
survival time,OBA,OBA:2044232,level of survival motor neuron protein in blood serum,The amount of a survival motor neuron protein when measured in blood serum.
survival time,OBA,OBA:2059004,level of survival motor neuron protein (human) in cerebrospinal fluid,The amount of a survival motor neuron protein (human) when measured in cerebrospinal fluid.
survival time,OBA,OBA:2050909,level of survival of motor neuron-related-splicing factor 30 in blood,The amount of a survival of motor neuron-related-splicing factor 30 when measured in blood.
survival time,OBA,OBA:2043556,level of survival of motor neuron-related-splicing factor 30 in blood serum,The amount of a survival of motor neuron-related-splicing factor 30 when measured in blood serum.
survival time,OBA,OBA:2056414,level of survival of motor neuron-related-splicing factor 30 (human) in cerebrospinal fluid,The amount of a survival of motor neuron-related-splicing factor 30 (human) when measured in cerebrospinal fluid.
survival time,PATO,PATO:0000165,time,A quality in which events occur in sequence.
survival time,PATO,PATO:0000498,increased duration,A duration quality of a process which is relatively high.
survival time,PATO,PATO:0000499,decreased duration,A duration quality of a process which is relatively low.
survival time,PATO,PATO:0001309,duration,A process quality inhering in a bearer by virtue of the bearer's magnitude of the temporal extent between the starting and ending point.
survival time,PATO,PATO:0000718,lethal (sensu genetics),A viability quality inhering in a population by virtue of the bearer's long term survival inability.
temperature thresholds for oviposition,OBA,OBA:1000356,temperature homeostasis quality,The quality of a temperature homeostasis.
temperature thresholds for oviposition,OBA,OBA:VT0005535,body temperature trait,The temperature of a multicellular organism.
temperature thresholds for oviposition,OBA,OBA:1000912,circadian temperature homeostasis quality,The quality of a circadian temperature homeostasis.
temperature thresholds for oviposition,OBA,PATO:0000146,temperature,NA
temperature thresholds for oviposition,OBA,GO:0001659,temperature homeostasis,NA
temperature thresholds for oviposition,PATO,PATO:0000146,temperature,A physical quality of the thermal energy of a system.
temperature thresholds for oviposition,PATO,PATO:0001305,increased temperature,A temperature which is relatively high.
temperature thresholds for oviposition,PATO,PATO:0001306,decreased temperature,A temperature which is relatively low.
temperature thresholds for oviposition,PATO,PATO:0001313,invariant temperature,A variability quality inhering in a bearer by virtue of the bearer's lacking or not exhibiting variation of temperature.
temperature thresholds for oviposition,PATO,PATO:0001314,variant temperature,A variability quality inhering in a bearer by virtue of the bearer's having or exhibiting variation of temperature.
total preoviposition period,OBA,OBA:VT0002292,gestation period duration,The duration of a female pregnancy.
total preoviposition period,OBA,OBA:2030004,total skin mass,The mass of a skin of body.
total preoviposition period,OBA,OBA:VT0005567,total blood protein,The total amount of a protein when measured in blood.
total preoviposition period,OBA,OBA:2045563,total serum cholesterol amount,The total amount of a cholesterol when measured in blood serum.
total preoviposition period,OBA,OBA:VT0010028,milk total protein amount,The total amount of a protein when measured in milk.
total preoviposition period,PATO,PATO:0103001,total mass,"A quantitative quality that represents the sum of all 'mass' qualities of the component parts that constitute a whole entity. The total mass quality inheres in the whole entity and reflects the aggregate measure of mass across all its components, such that changes in the mass of individual components may not necessarily correspond to equivalent changes in the total mass of the whole.

Example of usage: ""total body mass"" represents the sum of the masses of all tissues and organs in the body, while ""liver mass"" represents only the mass of the liver. An increase in liver mass does not necessarily mean an increase in total body mass, as the mass of other organs or tissues may decrease simultaneously."
total preoviposition period,PATO,PATO:0103004,total amount,"A quantitative quality that represents the sum of all 'amount' qualities of the component parts that constitute a whole entity. The total amount quality inheres in the whole entity and reflects the aggregate measure across all its components, such that changes in the amount of individual components may not necessarily correspond to equivalent changes in the total amount of the whole.

Example of usage: ""blood total protein amount"" represents the sum of the amounts of all protein types in blood, while ""blood leptin amount"" represents only the amount of leptin proteins. An increase in blood leptin amount does not necessarily mean an increase in blood total protein amount, as other protein levels may decrease simultaneously."
total preoviposition period,PATO,PATO:0103002,increased total mass,A total mass which is higher than normal or average.
total preoviposition period,PATO,PATO:0103003,decreased total mass,A total mass which is lower than normal or average.
total preoviposition period,PATO,PATO:0103005,decreased total amount,A total amount which is relatively low.
transmission potential,OBA,OBA:VT0003635,synaptic transmission trait,The quality of a chemical synaptic transmission.
transmission potential,OBA,OBA:0000099,membrane potential trait,The electric potential of a membrane.
transmission potential,OBA,OBA:0000105,mitochondrial membrane potential,The membrane potential of a mitochondrial membrane.
transmission potential,OBA,OBA:0000134,resting membrane potential,NA
transmission potential,OBA,OBA:0003974,cochlea electric potential,The electric potential of a cochlea.
transmission potential,PATO,PATO:0001462,membrane potential,A quality inhering in a cell's plasma membrane by virtue of the electrical potential difference across it.
transmission potential,PATO,PATO:0001463,action potential,A quality inhering in a cell's plasma membrane by virtue of a brief fluctuation in the bearer's potential caused by the rapid opening and closing of voltage-gated ion channels.
transmission potential,PATO,PATO:0001464,electric potential,"A quality that is equal to the potential energy per unit charge associated with a static (time-invariant) electric field, also called the electrostatic potential."
transmission potential,PATO,GO:0001508,action potential,Action potentials typically propagate across excitable membranes. This class covers both action potentials that propagate and those that fail to do so.
transmission potential,PATO,GO:0007268,chemical synaptic transmission,"The vesicular release of classical neurotransmitter molecules from a presynapse, across a chemical synapse, the subsequent activation of neurotransmitter receptors at the postsynapse of a target cell (neuron, muscle, or secretory cell) and the effects of this activation on the postsynaptic membrane potential and ionic composition of the postsynaptic cytosol. This process encompasses both spontaneous and evoked release of neurotransmitter and all parts of synaptic vesicle exocytosis. Evoked transmission starts with the arrival of an action potential at the presynapse."
viral load,OBA,OBA:0000181,viral protein levels,NA
viral load,OBA,OBA:2051394,level of ecotropic viral integration site 5 protein in blood,The amount of a ecotropic viral integration site 5 protein when measured in blood.
viral load,OBA,GO:0016032,viral process,See also the biological process terms 'viral infectious cycle ; GO:0019058' and 'lysogeny ; GO:0030069'.
viral load,OBA,MONDO:0001507,viral labyrinthitis,NA
viral load,OBA,MONDO:0002270,viral gastritis,NA
viral load,PATO,GO:0030141,secretory granule,"Note that the term 'secretory vesicle' is sometimes used in this sense, but can also mean 'transport vesicle ; GO:0030133'."
viral load,PATO,GO:0032774,RNA biosynthetic process,"Note that, in some cases, viral RNA replication and viral transcription from RNA actually refer to the same process, but may be called differently depending on the focus of a specific research study."
viral load,PATO,GO:0005575,cellular_component,"Note that, in addition to forming the root of the cellular component ontology, this term is recommended for the annotation of gene products whose cellular component is unknown. When this term is used for annotation, it indicates that no information was available about the cellular component of the gene product annotated as of the date the annotation was made; the evidence code 'no data' (ND), is used to indicate this."
viral load,PATO,GO:1903018,regulation of glycoprotein metabolic process,"human serum amyloid P component (SAP) P02743 inhibits viral neuraminidase, NA (exo-alpha-sialidase activity) and thus the metabolism of glycoproteins, demonstrated in Figure 4A PMID:23544079, (IDA), the negative regulation term would be applied to this protein"
viral load,PATO,GO:1903020,positive regulation of glycoprotein metabolic process,"human serum amyloid P component (SAP) P02743 inhibits viral neuraminidase, NA (exo-alpha-sialidase activity) and thus the metabolism of glycoproteins, demonstrated in Figure 4A PMID:23544079, (IDA), the negative regulation term would be applied to this protein"
weight,OBA,OBA:VT0004257,placenta mass,The mass of a placenta.
weight,OBA,OBA:2057477,level of low molecular weight phosphotyrosine protein phosphatase (human) in cerebrospinal fluid,The amount of a low molecular weight phosphotyrosine protein phosphatase (human) when measured in cerebrospinal fluid.
weight,OBA,HP:0001824,Weight loss,NA
weight,OBA,HP:0004324,Increased body weight,Abnormally increased body weight.
weight,OBA,HP:0004325,Decreased body weight,Abnormally low body weight.
weight,PATO,PATO:0000128,weight,"For any biological use of PATO, the concept that should be used is 'mass' and not 'weight'. For example, increased weight of an organism."
weight,PATO,PATO:0000582,increased weight,A weight which is relatively high.
weight,PATO,PATO:0000583,decreased weight,A weight which is relatively low.
weight,PATO,PATO:0000125,mass,"For any biological use of PATO, the concept that should be used is 'mass' and not 'weight'. For example, increased weight of an organism."
weight,PATO,PATO:0001470,ratio,A quality inhering in a bearer by virtue of the bearer's magnitude in proportion to the magnitude of another entity.
weight loss,OBA,HP:0001824,Weight loss,NA
weight loss,OBA,OBA:0003744,regulation of water loss via skin rate,regulation of water loss via skin (GO_0033561) was obsoleted
weight loss,OBA,OBA:VT0004257,placenta mass,The mass of a placenta.
weight loss,OBA,OBA:2051506,level of loss of heterozygosity 11 chromosomal region 2 gene A protein in blood,The amount of a loss of heterozygosity 11 chromosomal region 2 gene A protein when measured in blood.
weight loss,OBA,HP:0000572,Visual loss,NA
weight loss,PATO,PATO:0000128,weight,"For any biological use of PATO, the concept that should be used is 'mass' and not 'weight'. For example, increased weight of an organism."
weight loss,PATO,PATO:0000582,increased weight,A weight which is relatively high.
weight loss,PATO,PATO:0000583,decreased weight,A weight which is relatively low.
weight loss,PATO,PATO:0001999,lacks parts or has fewer parts of type,"The bearer of this quality has_part < n of the indicated entity type, where n is the normal amount for a comparable organism. Note that the bearer of the quality is the whole, not the part. Formally: If a bearer entity e has fewer parts of type X at time t, then the number of instances x of X at t such that x part_of e is < n, where n is either the normal number for comparable entities, or n is stated explicitly. This case includes the limit case, where the bearer lacks all parts of the specified type."
weight loss,PATO,PATO:0002461,wilty,To bend or hang downwards due to loss of water
