n_categories,mean_dominant_share,median_dominant_share,min_dominant_share,mean_dominant_purity,median_dominant_purity,mean_balanced_score,mean_non_noise_share,total_noise_rate,n_clusters,max_cluster_share,n_dominant_cluster_ties,perm_id,order_string,anchor,silhouette,ARI_vs_original,n_clusters_original,noise_rate_original,max_cluster_share_original,degenerate_original,groundtruth_rank,silhouette_rank,degenerate_recomputed,screened_groundtruth_rank
10,0.7742200508721312,0.8983333333333333,0.3333333333333333,0.7321880182421228,0.8072916666666667,0.7212808889857496,0.8928044602456368,0.2299349240780911,19,0.14533622559652928,0,251,name>def>order>unit>family>stage,NA,0.2824,0.7996,19,0.2299,0.1453,FALSE,100,291,FALSE,1
10,0.7738932534865103,0.9015384615384616,0.3333333333333333,0.7308526440879383,0.8008021390374331,0.720952635286209,0.8938665517489047,0.23210412147505424,19,0.1475054229934924,0,250,name>def>order>stage>unit>family,NA,0.2861,0.8187,19,0.2321,0.1475,FALSE,101,268,FALSE,2
10,0.7732130121592101,0.9377289377289377,0.3888888888888889,0.5578947368421052,0.5964912280701754,0.45545655553533393,0.8692157221863104,0.25813449023861174,15,0.37093275488069416,0,650,unit>name>def>family>stage>order,NA,0.1924,0.2911,15,0.2581,0.3709,FALSE,102,542,FALSE,3
10,0.7359128613296475,0.9230769230769231,0.13333333333333333,0.45950920245398774,0.17177914110429449,0.4089342276010537,0.8336432136331706,0.279826464208243,15,0.35357917570498915,0,589,stage>unit>name>def>family>order,NA,0.1871,0.3096,15,0.2798,0.3536,FALSE,103,564,FALSE,4
10,0.7260947519720834,0.8664705882352941,0.2,0.46354738529352835,0.17972851132037668,0.41588290776080516,0.8399971909964736,0.2928416485900217,15,0.3362255965292842,1,590,stage>unit>name>def>order>family,NA,0.1933,0.3361,15,0.2928,0.3362,FALSE,104,538,FALSE,5
10,0.725357305774092,0.8936651583710407,0,0.4576470588235294,0.16470588235294117,0.3963490666923468,0.8227489046900811,0.27114967462039047,14,0.368763557483731,0,651,unit>name>def>order>family>stage,unit_first,0.1873,0.2989,14,0.2711,0.3688,FALSE,105,561,FALSE,6
10,0.7249616295548864,0.7525,0.3333333333333333,0.7328625933245498,0.8701298701298701,0.7060398766565862,0.8820075773899303,0.22559652928416485,21,0.14967462039045554,0,262,name>def>unit>order>stage>family,NA,0.2769,0.8136,21,0.2256,0.1497,FALSE,106,318,FALSE,7
10,0.7243663914596483,0.7733333333333333,0.3333333333333333,0.7306575067444633,0.8701298701298701,0.7071183086939223,0.8828012281835811,0.2386117136659436,20,0.14967462039045554,0,264,name>def>unit>stage>order>family,NA,0.2827,0.8579,20,0.2386,0.1497,FALSE,107,289,FALSE,8
10,0.7226773158293962,0.7582352941176471,0.3333333333333333,0.7321654040404041,0.8680555555555556,0.7056488885550519,0.8838899303311067,0.22559652928416485,21,0.14316702819956617,0,252,name>def>order>unit>stage>family,NA,0.2781,0.7711,21,0.2256,0.1432,FALSE,108,310,FALSE,9
10,0.7225139171365857,0.7435294117647059,0.3333333333333333,0.735985946420729,0.8671497584541064,0.7069171725603125,0.8277649931767579,0.25162689804772237,19,0.14967462039045554,0,259,name>def>unit>family>order>stage,NA,0.285,0.8647,19,0.2516,0.1497,FALSE,109,277,FALSE,10
10,0.7150137375775826,0.7533333333333333,0.3333333333333333,0.7382594468135513,0.778125,0.7052487763133481,0.8627648136177548,0.25162689804772237,21,0.14533622559652928,0,242,name>def>family>order>unit>stage,NA,0.2964,0.8469,21,0.2516,0.1453,FALSE,110,205,FALSE,11
10,0.7150137375775826,0.7533333333333333,0.3333333333333333,0.7382594468135513,0.778125,0.7052487763133481,0.8627648136177548,0.25162689804772237,21,0.14533622559652928,0,245,name>def>family>unit>order>stage,NA,0.2933,0.8584,21,0.2516,0.1453,FALSE,110,233,FALSE,11
10,0.7114848285780854,0.6971153846153846,0.3333333333333333,0.7501039809863339,0.8210227272727273,0.7102293134398397,0.8552676506500035,0.25813449023861174,21,0.1475054229934924,0,258,name>def>stage>unit>order>family,NA,0.2973,0.8672,21,0.2581,0.1475,FALSE,112,191,FALSE,13
10,0.7105786302012987,0.7435294117647059,0.3333333333333333,0.741106719367589,0.8063858695652174,0.7052338956869849,0.8686471665589313,0.24078091106290672,20,0.14316702819956617,0,248,name>def>order>family>unit>stage,NA,0.2941,0.8206,20,0.2408,0.1432,FALSE,113,224,FALSE,14
10,0.7104152315084883,0.7324999999999999,0.3333333333333333,0.7409536541889483,0.8053977272727273,0.7045523003944056,0.8726504345327875,0.2472885032537961,20,0.1475054229934924,0,249,name>def>order>stage>family>unit,NA,0.2956,0.8645,20,0.2473,0.1475,FALSE,114,215,FALSE,15
10,0.7028108359040928,0.6725,0.3333333333333333,0.7650893644195684,0.8315217391304348,0.717238415691956,0.873104646987,0.2559652928416486,20,0.1475054229934924,1,263,name>def>unit>stage>family>order,NA,0.2796,0.8217,20,0.256,0.1475,FALSE,115,301,FALSE,16
10,0.6928405708750042,0.6971153846153846,0.3333333333333333,0.7457557189542483,0.8083333333333333,0.6987154894677237,0.8536868850104145,0.2603036876355748,20,0.1475054229934924,0,246,name>def>family>unit>stage>order,NA,0.2946,0.8555,20,0.2603,0.1475,FALSE,116,222,FALSE,17
10,0.6862711533644101,0.642156862745098,0.3333333333333333,0.7471112914862915,0.8701298701298701,0.7033093417834082,0.838188896071249,0.26898047722342733,20,0.15184381778741865,0,261,name>def>unit>order>family>stage,original,0.2926,1,20,0.269,0.1518,FALSE,117,235,FALSE,18
10,0.684162465861892,0.7307692307692308,0.26666666666666666,0.27870445717093245,0.16753926701570682,0.2867713376488924,0.8175526055325194,0.26898047722342733,17,0.41431670281995664,0,573,stage>order>unit>family>def>name,NA,0.1111,0.181,17,0.269,0.4143,FALSE,118,689,FALSE,19
10,0.6804773230117563,0.6525000000000001,0.26666666666666666,0.7304559920983319,0.803125,0.6832540581704736,0.8413236371471665,0.26898047722342733,22,0.14533622559652928,0,244,name>def>family>stage>unit>order,NA,0.2996,0.8169,22,0.269,0.1453,FALSE,119,167,FALSE,20
10,0.6761203597136165,0.642156862745098,0.3333333333333333,0.7478980986333927,0.8661616161616161,0.6985973575973576,0.8678885297708827,0.25379609544468545,22,0.1475054229934924,0,256,name>def>stage>order>unit>family,NA,0.2928,0.8703,22,0.2538,0.1475,FALSE,120,234,FALSE,21
10,0.6754933755866324,0.642156862745098,0.3333333333333333,0.7604897859188904,0.8618881118881119,0.7040820514351833,0.8051492135315664,0.2993492407809111,20,0.14533622559652928,0,260,name>def>unit>family>stage>order,NA,0.305,0.9024,20,0.2993,0.1453,FALSE,121,125,FALSE,22
10,0.6695554670899004,0.6127450980392157,0.26666666666666666,0.7258297258297258,0.8452380952380952,0.6814146480827687,0.8564455883666787,0.2754880694143167,22,0.14316702819956617,0,255,name>def>stage>order>family>unit,NA,0.3026,0.8725,22,0.2755,0.1432,FALSE,122,142,FALSE,23
10,0.6690125165763616,0.6066176470588236,0.3333333333333333,0.7703337725076855,0.9090909090909091,0.699716127173574,0.8217239100768512,0.2928416485900217,20,0.14967462039045554,0,253,name>def>stage>family>order>unit,NA,0.3064,0.9012,20,0.2928,0.1497,FALSE,123,117,FALSE,24
10,0.6671917882850451,0.6213235294117647,0.3333333333333333,0.7385230986333927,0.8661616161616161,0.6889082409314967,0.8684837678661208,0.2472885032537961,22,0.1475054229934924,1,247,name>def>order>family>stage>unit,NA,0.2924,0.8618,22,0.2473,0.1475,FALSE,124,238,FALSE,25
10,0.6597239652583986,0.5919117647058824,0.26666666666666666,0.7516757246376812,0.9,0.6790273063311266,0.8567699130934425,0.25813449023861174,24,0.14967462039045554,0,243,name>def>family>stage>order>unit,NA,0.2948,0.8328,24,0.2581,0.1497,FALSE,125,221,FALSE,26
10,0.656956961020806,0.6066176470588236,0.26666666666666666,0.7183266630940028,0.8346153846153846,0.6706068262216335,0.855987035839977,0.2559652928416486,23,0.14533622559652928,0,241,name>def>family>order>stage>unit,NA,0.2992,0.8338,23,0.256,0.1453,FALSE,126,171,FALSE,27
10,0.6495309726141864,0.5919117647058824,0,0.8257545271629778,0.9859154929577465,0.7120481187986413,0.7928435603134312,0.30151843817787416,22,0.1540130151843818,0,337,name>unit>def>family>order>stage,NA,0.3111,0.7576,22,0.3015,0.154,FALSE,127,85,FALSE,28
10,0.6431150062276317,0.6274509803921569,0,0.8601989716074223,0.9859154929577465,0.7196382866208355,0.795951403450686,0.2993492407809111,23,0.1540130151843818,0,340,name>unit>def>order>stage>family,NA,0.3066,0.7673,23,0.2993,0.154,FALSE,128,113,FALSE,29
10,0.6407690678522816,0.5919117647058824,0,0.8225924553166954,0.9859154929577465,0.7061399450579778,0.8162245126943836,0.2754880694143167,22,0.1540130151843818,0,341,name>unit>def>stage>family>order,NA,0.2997,0.8171,22,0.2755,0.154,FALSE,129,165,FALSE,30
10,0.6362282387626721,0.5919117647058824,0.3333333333333333,0.7492073183864228,0.8613636363636363,0.6776576886621277,0.7937015370250664,0.29067245119305857,21,0.14533622559652928,0,254,name>def>stage>family>unit>order,NA,0.3006,0.8312,21,0.2907,0.1453,FALSE,130,157,FALSE,31
10,0.6361442051492266,0.5772058823529411,0.26666666666666666,0.7387191382658898,0.8363636363636364,0.6730493640538031,0.7840936938878116,0.3080260303687636,20,0.14533622559652928,1,257,name>def>stage>unit>family>order,NA,0.3039,0.8402,20,0.308,0.1453,FALSE,131,131,FALSE,32
10,0.6360071630903769,0.5919117647058824,0,0.8613492063492063,0.9928571428571429,0.7148840632750629,0.7882483222181931,0.29067245119305857,23,0.15184381778741865,0,342,name>unit>def>stage>order>family,NA,0.3048,0.7728,23,0.2907,0.1518,FALSE,132,127,FALSE,33
10,0.6360071630903769,0.5919117647058824,0,0.8613492063492063,0.9928571428571429,0.7148840632750629,0.7888435603134312,0.3123644251626898,23,0.15184381778741865,0,338,name>unit>def>family>stage>order,NA,0.3088,0.7427,23,0.3124,0.1518,FALSE,132,96,FALSE,33
10,0.6321420837252975,0.5919117647058824,0,0.8254037267080745,0.9857142857142858,0.7033004022579403,0.7810210005202831,0.2885032537960954,22,0.15184381778741865,0,339,name>unit>def>order>family>stage,NA,0.3012,0.7372,22,0.2885,0.1518,FALSE,134,152,FALSE,35
10,0.6288383443433658,0.5339366515837104,0.3333333333333333,0.8547029175239069,0.950956937799043,0.6947917439836186,0.7950457849180949,0.279826464208243,24,0.1540130151843818,0,350,name>unit>order>def>stage>family,NA,0.3043,0.7376,24,0.2798,0.154,FALSE,135,130,FALSE,36
10,0.6133509108458893,0.6733333333333333,0,0.4984848484848485,0.41954022988505746,0.4754637534266411,0.6948769504049275,0.3600867678958785,14,0.25162689804772237,0,97,def>unit>family>name>order>stage,NA,0.1789,0.4379,14,0.3601,0.2516,FALSE,136,586,FALSE,37
10,0.6087604157360255,0.5060975609756098,0.26666666666666666,0.8850950683303624,0.9494949494949495,0.7019138087321449,0.7779090327813427,0.29718004338394793,25,0.1475054229934924,0,349,name>unit>order>def>family>stage,NA,0.3075,0.7277,25,0.2972,0.1475,FALSE,137,108,FALSE,38
10,0.608067713013911,0.6102642276422765,0.13333333333333333,0.4092289719626168,0.23095794392523367,0.4273376384044684,0.6956117111009507,0.3557483731019523,13,0.23210412147505424,0,112,def>unit>order>name>stage>family,NA,0.1635,0.4253,13,0.3557,0.2321,FALSE,138,608,FALSE,39
10,0.605442129447151,0.5313725490196078,0.28,0.27249940636016584,0.21923347398030943,0.3553479494641363,0.7948656872379971,0.31019522776572667,9,0.34273318872017355,1,485,stage>def>family>unit>name>order,NA,0.1042,0.3225,9,0.3102,0.3427,FALSE,139,698,FALSE,40
10,0.5994464029514245,0.5447058823529412,0.07692307692307693,0.7924249912018629,0.9403508771929825,0.6650389246582187,0.7451624649859944,0.2885032537960954,24,0.1540130151843818,0,353,name>unit>order>stage>def>family,NA,0.3,0.7517,24,0.2885,0.154,FALSE,140,162,FALSE,41
10,0.5960555389135016,0.5685975609756098,0.26666666666666666,0.7959290158371041,0.9321266968325792,0.6597558418491083,0.7393820271072782,0.3492407809110629,22,0.13882863340563992,0,533,stage>name>def>unit>family>order,NA,0.2795,0.6473,22,0.3492,0.1388,FALSE,141,303,FALSE,42
10,0.5866849291311271,0.589430894308943,0.13333333333333333,0.40421240266441505,0.23297213622291024,0.42111621406851024,0.6709576853881014,0.3969631236442516,12,0.22125813449023862,0,114,def>unit>order>stage>name>family,NA,0.1604,0.4202,12,0.397,0.2213,FALSE,142,612,FALSE,43
10,0.5837261147110502,0.5108333333333333,0.13333333333333333,0.5335314685314685,0.5279720279720279,0.4883240183157963,0.6709259393563555,0.3644251626898048,16,0.22559652928416485,0,63,def>order>stage>name>family>unit,NA,0.1975,0.4145,16,0.3644,0.2256,FALSE,143,525,FALSE,44
10,0.5802697142646928,0.5772357723577235,0,0.4784756527875794,0.39943542695836276,0.45389844830254933,0.6854880615160386,0.368763557483731,14,0.23644251626898047,0,99,def>unit>family>order>name>stage,NA,0.1794,0.4284,14,0.3688,0.2364,FALSE,144,582,FALSE,45
10,0.5801726805794237,0.5933333333333333,0.13333333333333333,0.5080500658761529,0.4488361879666227,0.48630272055094353,0.6578256376972302,0.37310195227765725,15,0.21475054229934923,0,64,def>order>stage>name>unit>family,NA,0.1963,0.4163,15,0.3731,0.2148,FALSE,145,530,FALSE,46
10,0.5795846581284171,0.5814479638009049,0,0.4866011396011396,0.4294871794871795,0.46168332953147045,0.6720518741580435,0.3600867678958785,14,0.23427331887201736,0,27,def>name>family>stage>order>unit,NA,0.2062,0.415,14,0.3601,0.2343,FALSE,146,500,FALSE,47
10,0.5782516147171815,0.551594746716698,0.23076923076923078,0.5801564625850341,0.6950000000000001,0.504924937129117,0.6840648129170367,0.3882863340563991,15,0.21258134490238612,0,109,def>unit>order>family>name>stage,NA,0.1792,0.4344,15,0.3883,0.2126,FALSE,147,584,FALSE,48
10,0.5770388040144138,0.5656213704994193,0.06666666666666667,0.7480171462524404,0.9305555555555556,0.6355702827526574,0.7069796712931576,0.3210412147505423,22,0.1475054229934924,0,355,name>unit>stage>def>family>order,NA,0.2972,0.7255,22,0.321,0.1475,FALSE,148,196,FALSE,49
10,0.5763435830867681,0.6190476190476191,0.2,0.5902882483370289,0.6214285714285714,0.5632771244455371,0.6712766259724653,0.3926247288503254,19,0.12147505422993492,0,103,def>unit>name>family>order>stage,NA,0.2235,0.4786,19,0.3926,0.1215,FALSE,149,453,FALSE,50
10,0.5763014602964388,0.5772357723577235,0,0.48288454664601455,0.403997378768021,0.45651677432401994,0.678021959628129,0.3644251626898048,14,0.23644251626898047,0,26,def>name>family>order>unit>stage,NA,0.207,0.4127,14,0.3644,0.2364,FALSE,150,495,FALSE,51
10,0.5761849291311271,0.589430894308943,0.06666666666666667,0.48012820512820514,0.4198717948717948,0.46711464872920894,0.6758423007727168,0.3644251626898048,14,0.22559652928416485,0,31,def>name>order>family>stage>unit,NA,0.2012,0.4412,14,0.3644,0.2256,FALSE,151,516,FALSE,52
10,0.5756604346554132,0.535569105691057,0,0.5067289719626168,0.3841121495327103,0.46364871144658887,0.6677239608789106,0.3752711496746204,15,0.23210412147505424,0,29,def>name>family>unit>order>stage,NA,0.2175,0.4103,15,0.3753,0.2321,FALSE,152,468,FALSE,53
10,0.5734447045860245,0.6063888888888889,0,0.41011904761904766,0.21845238095238095,0.40673747938046856,0.6491607893939314,0.403470715835141,12,0.227765726681128,0,118,def>unit>stage>name>order>family,NA,0.1638,0.367,12,0.4035,0.2278,FALSE,153,607,FALSE,54
10,0.572813349730136,0.6102642276422765,0.13333333333333333,0.38980440409011835,0.24558742415885274,0.4119058113154018,0.6667963722074195,0.3752711496746204,13,0.21258134490238612,0,66,def>order>stage>unit>name>family,NA,0.1703,0.4255,13,0.3753,0.2126,FALSE,154,599,FALSE,55
10,0.5714669804131783,0.589430894308943,0.13333333333333333,0.4763909634055265,0.42071197411003236,0.4651717542892772,0.6740655285253564,0.3492407809110629,15,0.22342733188720174,0,32,def>name>order>family>unit>stage,NA,0.2017,0.4164,15,0.3492,0.2234,FALSE,155,514,FALSE,56
10,0.568976317481339,0.5208034433285509,0,0.7682031225568378,0.9663312693498451,0.622048033196739,0.7299304747540042,0.2993492407809111,23,0.1475054229934924,0,359,name>unit>stage>order>def>family,NA,0.2925,0.7127,23,0.2993,0.1475,FALSE,156,237,FALSE,57
10,0.568111691831204,0.5576923076923077,0,0.4082231021990058,0.23493975903614456,0.3866727101921543,0.6578011300830526,0.37093275488069416,13,0.3600867678958785,0,38,def>name>stage>family>unit>order,NA,0.1354,0.3167,13,0.3709,0.3601,FALSE,157,649,FALSE,58
10,0.5678843473599571,0.5060975609756098,0,0.7863636718368939,0.9222222222222223,0.6420705540664409,0.709502654845553,0.30585683297180044,24,0.14533622559652928,0,356,name>unit>stage>def>order>family,NA,0.2996,0.7014,24,0.3059,0.1453,FALSE,158,167,FALSE,59
10,0.5670481769943749,0.589430894308943,0,0.48724106082596647,0.4310595065312046,0.46075115393809096,0.6619544174142452,0.3600867678958785,15,0.2299349240780911,0,35,def>name>order>unit>family>stage,NA,0.2042,0.3969,15,0.3601,0.2299,FALSE,159,504,FALSE,60
10,0.5661145726583316,0.5686274509803921,0.13333333333333333,0.4852606330867201,0.4370629370629371,0.46394342275063294,0.6610208130782018,0.38177874186550975,14,0.21475054229934923,0,34,def>name>order>stage>unit>family,NA,0.2061,0.4147,14,0.3818,0.2148,FALSE,160,501,FALSE,61
10,0.5659486653948634,0.49419279907084784,0.26666666666666666,0.5237982503607503,0.595959595959596,0.5238325065586527,0.6809807871866695,0.351409978308026,18,0.13882863340563992,0,659,unit>name>family>stage>def>order,NA,0.276,0.5488,18,0.3514,0.1388,FALSE,161,322,FALSE,62
10,0.565564050010248,0.49419279907084784,0.07692307692307693,0.6727128427128427,0.7357954545454546,0.5920990255419407,0.7339785247432307,0.2928416485900217,22,0.15184381778741865,0,358,name>unit>stage>family>order>def,NA,0.2732,0.7066,22,0.2928,0.1518,FALSE,162,333,FALSE,63
10,0.5636149598050603,0.5429864253393666,0,0.4822418358340689,0.39223300970873787,0.44332123286639163,0.6626932869457977,0.38611713665943603,14,0.22342733188720174,0,43,def>name>unit>family>order>stage,NA,0.2113,0.4174,14,0.3861,0.2234,FALSE,163,484,FALSE,64
10,0.5631186306918015,0.4742063492063492,0.32,0.6758893280632411,0.9090909090909092,0.5673230511360456,0.7793625961954513,0.31670281995661603,26,0.1193058568329718,0,708,unit>stage>family>order>name>def,NA,0.2711,0.4471,26,0.3167,0.1193,FALSE,164,341,FALSE,65
10,0.5620788815839031,0.5216503267973855,0.3333333333333333,0.09897793263646923,0.06097560975609756,0.149750539081023,0.8724732045413538,0.19088937093275488,10,0.44468546637744033,0,173,family>order>def>unit>name>stage,NA,0.1867,0.0793,10,0.1909,0.4447,FALSE,165,566,FALSE,66
10,0.5611091526041311,0.5900562851782364,0,0.479645969793753,0.41942294159042925,0.45898025041500373,0.6458840609414498,0.3752711496746204,14,0.21258134490238612,0,28,def>name>family>stage>unit>order,NA,0.2064,0.4264,14,0.3753,0.2126,FALSE,166,498,FALSE,67
10,0.5605954010121872,0.526930894308943,0.23076923076923078,0.5574226804123711,0.675,0.4854633975776241,0.6547249795477916,0.40130151843817785,14,0.210412147505423,0,119,def>unit>stage>order>family>name,NA,0.1823,0.4121,14,0.4013,0.2104,FALSE,167,576,FALSE,68
10,0.5591377051133148,0.5130420054200542,0.3333333333333333,0.10062123859444767,0.06127450980392157,0.15078586635059368,0.8761986947374322,0.19522776572668113,10,0.44251626898047725,0,172,family>order>def>stage>unit>name,NA,0.2017,0.0812,10,0.1952,0.4425,FALSE,168,514,FALSE,69
10,0.5583674688136668,0.49419279907084784,0.15384615384615385,0.5699801587301587,0.6339285714285714,0.5450920113630972,0.6857361919126626,0.36225596529284165,18,0.14316702819956617,0,662,unit>name>order>def>stage>family,NA,0.2757,0.5508,18,0.3623,0.1432,FALSE,169,323,FALSE,70
10,0.5583310183360398,0.5160975609756098,0.26666666666666666,0.6248251748251749,0.6345454545454545,0.5329186697375552,0.8067607555842851,0.25379609544468545,25,0.14099783080260303,0,271,name>family>order>def>stage>unit,NA,0.2844,0.4666,25,0.2538,0.141,FALSE,170,280,FALSE,71
10,0.555622904196075,0.4880952380952381,0.36,0.6969480151992885,0.8214285714285714,0.5755825841986381,0.7884704393327062,0.31453362255965295,24,0.13449023861171366,0,469,order>unit>name>def>family>stage,NA,0.2882,0.4467,24,0.3145,0.1345,FALSE,171,259,FALSE,72
10,0.5551676196432294,0.4880952380952381,0.3076923076923077,0.521083432167176,0.3773209549071618,0.4662423943157301,0.716096566831861,0.37093275488069416,17,0.12581344902386118,1,674,unit>order>def>family>stage>name,NA,0.2172,0.4022,17,0.3709,0.1258,FALSE,172,469,FALSE,73
10,0.5548445001515303,0.46058823529411763,0.2,0.8501675407925408,0.953962703962704,0.6492392413250225,0.6928051346867703,0.36225596529284165,25,0.14316702819956617,1,530,stage>name>def>family>unit>order,NA,0.2839,0.6069,25,0.3623,0.1432,FALSE,173,281,FALSE,74
10,0.5528151812319675,0.49419279907084784,0.2,0.5893714598005643,0.5992063492063493,0.5483959079138107,0.66569650937298,0.35357917570498915,19,0.14533622559652928,0,656,unit>name>family>def>stage>order,NA,0.2852,0.5525,19,0.3536,0.1453,FALSE,174,276,FALSE,75
10,0.5516037325499306,0.4913916786226686,0.2361111111111111,0.588515406162465,0.7023809523809523,0.464211406001825,0.6678176652774931,0.40563991323210413,17,0.22125813449023862,0,45,def>name>unit>order>family>stage,def_first,0.1819,0.3529,17,0.4056,0.2213,FALSE,175,577,FALSE,76
10,0.5515832961076863,0.49390243902439024,0.32,0.90202020202020206,1,0.6654099832986043,0.7788076896799996,0.31670281995661603,29,0.06073752711496746,0,308,name>order>unit>def>stage>family,NA,0.3151,0.5516,29,0.3167,0.0607,FALSE,176,66,FALSE,77
10,0.5514004358466338,0.4913916786226686,0.28,0.8400204248366013,0.9705882352941176,0.6315037749218203,0.7709325217266394,0.31670281995661603,28,0.06290672451193059,1,307,name>order>unit>def>family>stage,NA,0.295,0.5503,28,0.3167,0.0629,FALSE,177,219,FALSE,78
10,0.5508130598080383,0.4819976771196283,0.2,0.5581787260358689,0.48809523809523814,0.5161533282534214,0.6738451815998444,0.36225596529284165,16,0.14316702819956617,0,670,unit>name>stage>family>order>def,NA,0.2488,0.5106,16,0.3623,0.1432,FALSE,178,391,FALSE,79
10,0.5498765439884522,0.5400326797385621,0,0.40694444444444444,0.22840909090909092,0.39989982705865307,0.6250904767160147,0.420824295010846,12,0.21475054229934923,0,120,def>unit>stage>order>name>family,NA,0.1661,0.3783,12,0.4208,0.2148,FALSE,179,603,FALSE,80
10,0.5498740047613793,0.49419279907084784,0.2,0.5942415896706942,0.5992063492063493,0.5488401859678476,0.6686376858435682,0.3665943600867679,18,0.14533622559652928,0,655,unit>name>family>def>order>stage,NA,0.2859,0.569,18,0.3666,0.1453,FALSE,180,271,FALSE,81
10,0.5497787307543405,0.4880952380952381,0.23076923076923078,0.5930075187969925,0.6078947368421053,0.5280289608669596,0.7147791065144007,0.32537960954446854,25,0.12147505422993492,0,323,name>stage>family>unit>def>order,NA,0.2829,0.5031,25,0.3254,0.1215,FALSE,181,287,FALSE,82
10,0.5493611097972647,0.47638888888888886,0.28,0.896969696969697,1,0.6462681748278265,0.7379188726147119,0.3405639913232104,29,0.07592190889370933,0,705,unit>stage>family>name>def>order,NA,0.2986,0.5263,29,0.3406,0.0759,FALSE,182,178,FALSE,83
10,0.5492008021470002,0.49419279907084784,0.2,0.438696949602122,0.27895667550839964,0.4344096186095467,0.7201787689434749,0.3470715835140998,17,0.12581344902386118,1,677,unit>order>def>stage>family>name,NA,0.2097,0.4386,17,0.3471,0.1258,FALSE,183,486,FALSE,84
10,0.5486344371394587,0.5208034433285509,0.26666666666666666,0.09965144473631037,0.06377551020408163,0.1498722429673821,0.8369241849335106,0.21691973969631237,11,0.42516268980477223,0,439,order>stage>family>def>name>unit,NA,0.1695,0.1217,11,0.2169,0.4252,FALSE,184,601,FALSE,85
10,0.5484154828910927,0.5060975609756098,0.2,0.6236394984326019,0.6345454545454545,0.5300426418660764,0.7968452201393378,0.29718004338394793,24,0.12581344902386118,0,286,name>family>unit>order>stage>def,NA,0.2888,0.527,24,0.2972,0.1258,FALSE,185,255,FALSE,86
10,0.5473130598080382,0.4819976771196283,0,0.5431783641890024,0.49164133738601823,0.511230073394483,0.6711070863617492,0.3492407809110629,18,0.14316702819956617,0,658,unit>name>family>order>stage>def,NA,0.2581,0.4977,18,0.3492,0.1432,FALSE,186,368,FALSE,87
10,0.5468076397538377,0.5060975609756098,0.32,0.10023106546854942,0.06097560975609756,0.14791204085515905,0.8530352960446217,0.21475054229934923,10,0.44468546637744033,0,170,family>order>def>name>unit>stage,NA,0.1983,0.0889,10,0.2148,0.4447,FALSE,187,523,FALSE,88
10,0.5468076397538377,0.5060975609756098,0.32,0.09987287058225273,0.060386473429951695,0.14733102640464527,0.8468845023938281,0.21691973969631237,10,0.4490238611713666,0,169,family>order>def>name>stage>unit,NA,0.2052,0.0896,10,0.2169,0.449,FALSE,187,503,FALSE,88
10,0.5468076397538377,0.5060975609756098,0.32,0.09839413164155432,0.06009615384615384,0.14593678794403558,0.863868629377955,0.19739696312364424,10,0.4511930585683297,0,171,family>order>def>stage>name>unit,NA,0.2073,0.0742,10,0.1974,0.4512,FALSE,187,493,FALSE,88
10,0.5451816970690715,0.49419279907084784,0.15384615384615385,0.6011518652751888,0.6302521008403361,0.5413179285367298,0.6605615887380594,0.3665943600867679,18,0.14533622559652928,0,665,unit>name>order>stage>def>family,NA,0.265,0.553,18,0.3666,0.1453,FALSE,190,357,FALSE,91
10,0.545005367500346,0.4733893557422969,0.28,0.8791056853363355,0.9705882352941176,0.64342489521744906,0.7278773226613973,0.3470715835140998,26,0.06290672451193059,0,305,name>order>stage>unit>def>family,NA,0.3084,0.5202,26,0.3471,0.0629,FALSE,191,98,FALSE,92
10,0.5449859033044112,0.5534262485481998,0.07692307692307693,0.7031303663656605,0.7628205128205128,0.5841085602281254,0.6765357296139218,0.368763557483731,21,0.1475054229934924,2,313,name>stage>def>family>order>unit,NA,0.2926,0.6374,21,0.3688,0.1475,FALSE,192,235,FALSE,93
10,0.5432930157679082,0.45028142589118203,0.2,0.7922321428571428,0.95,0.6172561832857361,0.7071598714532717,0.3644251626898048,26,0.06290672451193059,1,532,stage>name>def>order>unit>family,NA,0.2774,0.4347,26,0.3644,0.0629,FALSE,193,315,FALSE,94
10,0.5432231751987849,0.4880952380952381,0.26666666666666666,0.2966864676542096,0.22776148582600195,0.32110506722430177,0.8053494577318107,0.27331887201735355,17,0.2017353579175705,1,521,stage>family>order>unit>def>name,reversed,0.1903,0.2755,17,0.2733,0.2017,FALSE,194,551,FALSE,95
10,0.5420009529765627,0.4930555555555556,0.26666666666666666,0.274928380797946,0.20765345765345766,0.3151413075500842,0.8489948978966195,0.23644251626898047,18,0.21475054229934923,1,372,order>def>name>unit>stage>family,NA,0.1858,0.3261,18,0.2364,0.2148,FALSE,195,570,FALSE,96
10,0.5414187508649488,0.49915311653116534,0.28,0.9131652661064426,1,0.6634876722387593,0.7664667097608274,0.3232104121475054,29,0.07592190889370933,1,428,order>name>unit>def>stage>family,NA,0.3348,0.5296,29,0.3232,0.0759,FALSE,196,18,FALSE,97
10,0.5410864230620328,0.5060975609756098,0.26666666666666666,0.7475874125874126,0.9545454545454546,0.5924166195142915,0.7765684478919773,0.29718004338394793,25,0.1193058568329718,0,280,name>family>stage>order>unit>def,NA,0.2962,0.5542,25,0.2972,0.1193,FALSE,197,207,FALSE,98
10,0.5410096410046195,0.4819976771196283,0,0.5415346735709209,0.48809523809523814,0.5058456111262691,0.6669829392670139,0.351409978308026,17,0.14533622559652928,0,660,unit>name>family>stage>order>def,NA,0.2532,0.4999,17,0.3514,0.1453,FALSE,198,380,FALSE,99
10,0.5401409730871711,0.5060975609756098,0.26666666666666666,0.10161943319838057,0.0641025641025641,0.15002547551045173,0.8476464071557328,0.227765726681128,11,0.4229934924078091,0,127,family>def>order>name>stage>unit,NA,0.1912,0.0982,11,0.2278,0.423,FALSE,199,546,FALSE,100
10,0.5401409730871711,0.5060975609756098,0.26666666666666666,0.10076530612244898,0.06377551020408163,0.14915310223773165,0.8414956135049392,0.23210412147505424,10,0.42516268980477223,0,130,family>def>order>stage>unit>name,NA,0.1915,0.1003,10,0.2321,0.4252,FALSE,199,544,FALSE,100
10,0.5400052264808363,0.5060975609756098,0.26666666666666666,0.6548511211011211,0.9045454545454545,0.5510831025548877,0.7564402427637722,0.29067245119305857,25,0.13665943600867678,0,285,name>family>unit>order>def>stage,NA,0.3065,0.5341,25,0.2907,0.1367,FALSE,201,114,FALSE,102
10,0.5399251764495667,0.49390243902439024,0.3333333333333333,0.29468337896956537,0.22395833333333331,0.321050744754488,0.8367404987010438,0.24511930585683298,17,0.22125813449023862,0,368,order>def>name>family>unit>stage,NA,0.1916,0.3138,17,0.2451,0.2213,FALSE,202,543,FALSE,103
10,0.5397209486671467,0.4913916786226686,0,0.6522007382876949,0.8590909090909091,0.5734601078898932,0.6777339294692236,0.34273318872017355,21,0.14967462039045554,0,335,name>stage>unit>order>def>family,NA,0.2965,0.6998,21,0.3427,0.1497,FALSE,203,204,FALSE,104
10,0.5393342863098961,0.4930555555555556,0.2,0.2924506300219477,0.21888790820829657,0.314450717988584,0.8130172709484044,0.27114967462039047,16,0.22342733188720174,1,527,stage>family>unit>order>def>name,NA,0.1962,0.2817,16,0.2711,0.2234,FALSE,204,532,FALSE,105
10,0.5390597765059745,0.4811507936507936,0.26666666666666666,0.2306535947712418,0.18374925727866903,0.2946100710968445,0.8309692568709786,0.25813449023861174,13,0.21475054229934923,2,518,stage>family>order>def>unit>name,NA,0.1593,0.3122,13,0.2581,0.2148,FALSE,205,613,FALSE,106
10,0.5390351410107508,0.5060975609756098,0.23076923076923078,0.58126539408867,0.521551724137931,0.5174653532399085,0.7015196437549379,0.3470715835140998,20,0.12581344902386118,1,682,unit>order>family>name>stage>def,NA,0.2727,0.4801,20,0.3471,0.1258,FALSE,206,334,FALSE,107
10,0.5388973833435814,0.49419279907084784,0.06666666666666667,0.7607936507936508,0.8944444444444444,0.610128076646884,0.6609475302316048,0.3318872017353579,23,0.15184381778741865,0,354,name>unit>order>stage>family>def,NA,0.297,0.6761,23,0.3319,0.1518,FALSE,207,200,FALSE,108
10,0.5383332807794787,0.4733893557422969,0.2,0.8807969399881165,0.9705882352941176,0.6341421561782093,0.7167477555124614,0.34273318872017355,28,0.07158351409978309,1,345,name>unit>family>order>def>stage,NA,0.3165,0.5436,28,0.3427,0.0716,FALSE,208,62,FALSE,109
10,0.5382091336847434,0.4861111111111111,0.28,0.7443064920302772,0.9272727272727272,0.5883945582043574,0.7580768153415213,0.31670281995661603,24,0.09978308026030369,0,322,name>stage>family>order>unit>def,NA,0.2778,0.5485,24,0.3167,0.0998,FALSE,209,312,FALSE,110
10,0.5381120640876739,0.5060975609756098,0.2,0.7441252144082333,0.9545454545454546,0.5935436914212019,0.7530042708765807,0.31670281995661603,25,0.11496746203904555,0,274,name>family>order>stage>unit>def,NA,0.3099,0.5337,25,0.3167,0.115,FALSE,210,89,FALSE,111
10,0.5376271777003484,0.4880952380952381,0.23076923076923078,0.5950089126559714,0.5757575757575758,0.5242718854689679,0.7331051444968231,0.3383947939262473,23,0.11062906724511931,1,706,unit>stage>family>name>order>def,NA,0.2677,0.4567,23,0.3384,0.1106,FALSE,211,355,FALSE,112
10,0.537451823005625,0.5086083213773314,0.23076923076923078,0.5858395989974937,0.5020271266401297,0.518968365821572,0.7290997244426225,0.3188720173535792,23,0.11062906724511931,1,326,name>stage>order>def>unit>family,NA,0.2721,0.5048,23,0.3189,0.1106,FALSE,212,335,FALSE,113
10,0.5372189884083715,0.5019047619047619,0.07692307692307693,0.7595959595959596,0.953962703962704,0.6082441969994934,0.6456522397576917,0.39913232104121477,23,0.14316702819956617,0,529,stage>name>def>family>order>unit,NA,0.307,0.5424,23,0.3991,0.1432,FALSE,213,110,FALSE,114
10,0.5371197465853133,0.4819976771196283,0,0.5801835317460318,0.6547619047619048,0.5301656006432391,0.6547629794882306,0.3839479392624729,19,0.13882863340563992,0,669,unit>name>stage>family>def>order,NA,0.2883,0.5057,19,0.3839,0.1388,FALSE,214,258,FALSE,115
10,0.537064050010248,0.5060975609756098,0.26666666666666666,0.6728399378399379,0.8636363636363636,0.5656979016961193,0.7884349637290814,0.27331887201735355,26,0.1301518438177874,1,272,name>family>order>def>unit>stage,NA,0.2981,0.5105,26,0.2733,0.1302,FALSE,215,185,FALSE,116
10,0.5366986807230709,0.5069444444444444,0.13333333333333333,0.29107507522320325,0.21262886597938144,0.30837374649536053,0.804670932287862,0.2646420824295011,17,0.210412147505423,0,464,order>unit>family>def>stage>name,NA,0.225,0.238,17,0.2646,0.2104,FALSE,216,449,FALSE,117
10,0.5365042209504189,0.49419279907084784,0.28,0.8853874883286648,1,0.6497909051608092,0.7706366444013503,0.30151843817787416,29,0.08026030368763558,0,409,order>name>def>family>stage>unit,NA,0.329,0.5295,29,0.3015,0.0803,FALSE,217,28,FALSE,118
10,0.5363245183001281,0.5060975609756098,0.26666666666666666,0.5768138111888113,0.5672858391608392,0.5195534293911078,0.7809485743015154,0.27765726681127983,24,0.14099783080260303,1,213,family>stage>unit>name>def>order,NA,0.2804,0.4955,24,0.2777,0.141,FALSE,218,297,FALSE,119
10,0.5360052264808363,0.5,0.26666666666666666,0.4893109605182425,0.38154172560113153,0.4723828803438184,0.7623977231918408,0.30585683297180044,22,0.21908893709327548,1,516,stage>family>name>unit>order>def,NA,0.2276,0.3648,22,0.3059,0.2191,FALSE,219,440,FALSE,120
10,0.5359251764495667,0.49390243902439024,0.3333333333333333,0.3047141747141747,0.23585858585858585,0.3251303792214439,0.8228581457598674,0.2472885032537961,18,0.21475054229934923,0,369,order>def>name>stage>family>unit,NA,0.1941,0.2977,18,0.2473,0.2148,FALSE,220,537,FALSE,121
10,0.5347274487030584,0.5130420054200542,0.2,0.5450641025641025,0.4878205128205128,0.49371520186781964,0.7493879551820728,0.3123644251626898,24,0.1301518438177874,1,282,name>family>stage>unit>order>def,NA,0.2959,0.5605,24,0.3124,0.1302,FALSE,221,210,FALSE,122
10,0.5347050756512737,0.4880952380952381,0.23076923076923078,0.6051515151515151,0.6166666666666667,0.5318134072955417,0.6955355167708109,0.3492407809110629,21,0.1193058568329718,0,636,unit>family>name>stage>order>def,NA,0.2836,0.4291,21,0.3492,0.1193,FALSE,222,282,FALSE,123
10,0.5344529388991369,0.49609756097560975,0.26666666666666666,0.5064082262683063,0.47593582887700536,0.4761197457368599,0.7468977897600566,0.30585683297180044,21,0.22342733188720174,0,513,stage>family>name>order>def>unit,NA,0.2211,0.3982,21,0.3059,0.2234,FALSE,223,462,FALSE,124
10,0.5343865738915954,0.5130420054200542,0.13333333333333333,0.2639654288009446,0.2141089108910891,0.30184880549849885,0.7856571806959182,0.25813449023861174,16,0.21908893709327548,0,467,order>unit>family>stage>def>name,NA,0.2093,0.251,16,0.2581,0.2191,FALSE,224,489,FALSE,125
10,0.5343719192492506,0.45818815331010454,0.23076923076923078,0.804412955465587,0.9115384615384616,0.618933012145978,0.7136598714532718,0.37093275488069416,25,0.06073752711496746,1,534,stage>name>def>unit>order>family,NA,0.2779,0.5312,25,0.3709,0.0607,FALSE,225,311,FALSE,126
10,0.5342094901750569,0.4819976771196283,0.15384615384615385,0.6668453747744792,0.6586538461538461,0.5685922787121799,0.6489731712572459,0.38177874186550975,21,0.14533622559652928,0,713,unit>stage>name>order>def>family,NA,0.2763,0.5226,21,0.3818,0.1453,FALSE,226,321,FALSE,127
10,0.5341886639583914,0.5418118466898955,0.04,0.6456197274947275,0.7348484848484849,0.5703408488149354,0.6605429146017381,0.3926247288503254,18,0.14099783080260303,1,314,name>stage>def>family>unit>order,NA,0.2986,0.6022,18,0.3926,0.141,FALSE,227,178,FALSE,128
10,0.53361533206153,0.4733893557422969,0.2,0.6712662337662337,0.9545454545454546,0.55822129643424645,0.7416679954032895,0.3188720173535792,27,0.12147505422993492,0,284,name>family>unit>def>stage>order,NA,0.3064,0.5797,27,0.3189,0.1215,FALSE,228,117,FALSE,129
10,0.5331920396676494,0.5060975609756098,0.15384615384615385,0.5839794168096055,0.5856346483704975,0.5297685779865587,0.7744370107017166,0.2950108459869848,24,0.11496746203904555,1,479,order>unit>stage>name>def>family,NA,0.2812,0.5644,24,0.295,0.115,FALSE,229,294,FALSE,130
10,0.533064050010248,0.49,0.26666666666666666,0.5409401052211722,0.4561128526645768,0.49793019599088806,0.7812469295410471,0.2841648590021692,21,0.12581344902386118,1,216,family>stage>unit>order>name>def,NA,0.2704,0.4525,21,0.2842,0.1258,FALSE,230,344,FALSE,131
10,0.5330308675064772,0.5,0.2,0.6250545181954477,0.650197628458498,0.5253624067273124,0.7791240034475329,0.2928416485900217,24,0.12581344902386118,0,276,name>family>order>unit>stage>def,NA,0.2847,0.5442,24,0.2928,0.1258,FALSE,231,279,FALSE,132
10,0.5330308675064772,0.5,0.2,0.5815656565656566,0.551010101010101,0.5229478688713477,0.7176787689434748,0.3492407809110629,23,0.1193058568329718,1,648,unit>family>stage>order>name>def,NA,0.3038,0.4871,23,0.3492,0.1193,FALSE,231,132,FALSE,132
10,0.5326294453991728,0.47038327526132406,0,0.7881451438459874,0.9490590525632705,0.6138025107821443,0.6576987332769255,0.3492407809110629,24,0.14533622559652928,0,332,name>stage>unit>def>order>family,NA,0.3044,0.6332,24,0.3492,0.1453,FALSE,233,128,FALSE,134
10,0.5325262138626558,0.49,0.23076923076923078,0.5651860217077609,0.46614044168391994,0.5134756085579716,0.7132689662481628,0.35357917570498915,23,0.12147505422993492,1,635,unit>family>name>stage>def>order,NA,0.2971,0.4317,23,0.3536,0.1215,FALSE,234,197,FALSE,135
10,0.5324904255635963,0.4742063492063492,0.23076923076923078,0.5838830584707646,0.5,0.5108192204939129,0.6973208666831335,0.33405639913232105,22,0.12581344902386118,0,640,unit>family>order>name>stage>def,NA,0.2707,0.385,22,0.3341,0.1258,FALSE,235,342,FALSE,136
10,0.5320052264808363,0.5,0.26666666666666666,0.5806068931068931,0.4862012987012987,0.5079553045470087,0.7818346261581556,0.29718004338394793,24,0.12147505422993492,1,288,name>family>unit>stage>order>def,NA,0.2915,0.5389,24,0.2972,0.1215,FALSE,236,243,FALSE,137
10,0.5318100817562798,0.49220867208672087,0.26666666666666666,0.6307070707070707,0.7090909090909091,0.542420743184141,0.7414768342609088,0.3275488069414317,24,0.11713665943600868,0,269,name>family>def>unit>order>stage,NA,0.3097,0.5234,24,0.3275,0.1171,FALSE,237,90,FALSE,138
10,0.5316751611213592,0.48305555555555557,0.26666666666666666,0.5951396690740953,0.7027972027972028,0.5235476125106863,0.7296242854865523,0.3210412147505423,24,0.13232104121475055,0,238,family>unit>stage>name>order>def,NA,0.2955,0.4211,24,0.321,0.1323,FALSE,238,216,FALSE,139
10,0.5309486653948634,0.4733893557422969,0.23076923076923078,0.6286524822695035,0.7277777777777779,0.5487946962383862,0.6987268189327013,0.3579175704989154,23,0.1019522776572668,0,333,name>stage>unit>family>def>order,NA,0.2904,0.5616,23,0.3579,0.102,FALSE,239,246,FALSE,140
10,0.530785266702053,0.4811507936507936,0.28,0.7859983766233766,0.9232954545454546,0.6216747761019584,0.815792501616031,0.279826464208243,28,0.07592190889370933,0,148,family>name>def>stage>unit>order,NA,0.3371,0.5249,28,0.2798,0.0759,FALSE,240,16,FALSE,141
10,0.5302931821884476,0.46726190476190477,0.23076923076923078,0.3423112797065286,0.26572528883183566,0.3721566407093141,0.7223443197166296,0.33405639913232105,17,0.19305856832971802,2,595,stage>unit>order>def>family>name,NA,0.1703,0.3663,17,0.3341,0.1931,FALSE,241,599,FALSE,142
10,0.5297488162244259,0.5060975609756098,0.13333333333333333,0.25836245519713263,0.1857638888888889,0.3010612792208786,0.8096272661660036,0.2603036876355748,15,0.20824295010845986,1,187,family>order>unit>def>name>stage,NA,0.2212,0.2414,15,0.2603,0.2082,FALSE,242,460,FALSE,143
10,0.5296910341372321,0.49609756097560975,0.26666666666666666,0.5734265734265734,0.5573426573426574,0.5171191480448878,0.7633471567488784,0.28633405639913234,23,0.14099783080260303,2,203,family>stage>name>unit>def>order,NA,0.2836,0.4856,23,0.2863,0.141,FALSE,243,282,FALSE,144
10,0.5296708876170856,0.5130420054200542,0.26666666666666666,0.39054617240622946,0.1624742268041237,0.36279141226876616,0.8316207661300918,0.25813449023861174,19,0.210412147505423,0,125,family>def>name>unit>order>stage,NA,0.1929,0.264,19,0.2581,0.2104,FALSE,244,540,FALSE,145
10,0.5296708876170856,0.5130420054200542,0.26666666666666666,0.38387950573956275,0.1624742268041237,0.3609020735373222,0.8351464071557329,0.24295010845986983,20,0.210412147505423,0,126,family>def>name>unit>stage>order,NA,0.1948,0.2579,20,0.243,0.2104,FALSE,244,535,FALSE,145
10,0.5292585097829,0.49390243902439024,0.26666666666666666,0.2796834477498093,0.21447368421052632,0.31427600217185114,0.8309746769251791,0.25813449023861174,17,0.20607375271149675,1,370,order>def>name>stage>unit>family,NA,0.1893,0.3556,17,0.2581,0.2061,FALSE,246,556,FALSE,147
10,0.5292181116348978,0.5180023228803716,0.24,0.6929584955471684,0.7901785714285714,0.5691589910515742,0.7239882927529986,0.3318872017353579,23,0.0650759219088937,0,290,name>order>def>family>unit>stage,NA,0.2866,0.5126,23,0.3319,0.0651,FALSE,247,264,FALSE,148
10,0.5283293199706399,0.4733893557422969,0.28,0.38137591575091573,0.30729166666666663,0.3437815820507876,0.7481316421502935,0.351409978308026,15,0.19739696312364424,1,462,order>unit>def>stage>name>family,NA,0.2311,0.2658,15,0.3514,0.1974,FALSE,248,430,FALSE,149
10,0.528207227731618,0.49390243902439024,0.23076923076923078,0.611015873015873,0.6388888888888888,0.5302824433054145,0.7080185278614259,0.34490238611713664,23,0.10845986984815618,1,325,name>stage>order>def>family>unit,NA,0.2864,0.4878,23,0.3449,0.1085,FALSE,249,267,FALSE,150
10,0.5281250256200041,0.48390243902439023,0.2,0.33687220653963773,0.2708333333333333,0.375416935470283,0.7741852251845078,0.2950108459869848,18,0.23644251626898047,2,137,family>def>stage>unit>name>order,NA,0.1832,0.3061,18,0.295,0.2364,FALSE,250,573,FALSE,151
10,0.527800023824414,0.45818815331010454,0.23076923076923078,0.6118468045112782,0.5521683673469387,0.5302172219445561,0.7211304649439513,0.34490238611713664,24,0.10629067245119306,2,329,name>stage>order>unit>def>family,NA,0.2785,0.5589,24,0.3449,0.1063,FALSE,251,309,FALSE,152
10,0.5276751611213591,0.4811507936507936,0.26666666666666666,0.6442090395480227,0.7916666666666667,0.5395639203748941,0.7160633098767962,0.3232104121475054,25,0.1279826464208243,0,228,family>unit>name>stage>order>def,NA,0.3078,0.4353,25,0.3232,0.128,FALSE,252,104,FALSE,153
10,0.5276751611213591,0.4811507936507936,0.26666666666666666,0.6117179487179487,0.6931818181818181,0.5332470714944816,0.7922907060260002,0.3080260303687636,23,0.1193058568329718,2,268,name>family>def>stage>unit>order,NA,0.297,0.5466,23,0.308,0.1193,FALSE,252,200,FALSE,153
10,0.5276751611213591,0.4811507936507936,0.26666666666666666,0.6076298701298701,0.6931818181818181,0.527982991541845,0.7712289710130457,0.3188720173535792,24,0.12147505422993492,1,270,name>family>def>unit>stage>order,NA,0.2996,0.5569,24,0.3189,0.1215,FALSE,252,167,FALSE,153
10,0.5274453974210072,0.5060975609756098,0.13333333333333333,0.7345662507427213,0.9318181818181819,0.5850208913089164,0.7317128080750749,0.30585683297180044,26,0.11062906724511931,0,298,name>order>family>stage>unit>def,NA,0.2942,0.5204,26,0.3059,0.1106,FALSE,255,223,FALSE,156
10,0.5270961166205068,0.5069444444444444,0.26666666666666666,0.4540463458110517,0.2515151515151515,0.43212369012863383,0.7948976434851615,0.29067245119305857,20,0.2386117136659436,1,134,family>def>stage>name>unit>order,NA,0.2042,0.3031,20,0.2907,0.2386,FALSE,256,504,FALSE,157
10,0.5270961166205068,0.51,0.26666666666666666,0.4330848861283644,0.2572463768115942,0.4139926682674121,0.8220856776731956,0.2299349240780911,21,0.24945770065075923,1,196,family>stage>def>order>unit>name,NA,0.1943,0.2863,21,0.2299,0.2495,FALSE,256,536,FALSE,157
10,0.5270193652195087,0.46886446886446886,0.26666666666666666,0.28797757797757795,0.2111111111111111,0.30621133684024393,0.7816157332226199,0.2928416485900217,15,0.19739696312364424,0,458,order>unit>def>family>stage>name,NA,0.2064,0.2597,15,0.2928,0.1974,FALSE,258,498,FALSE,159
10,0.5270158204620184,0.47834967320261434,0.2,0.8909358288770054,1,0.636304968496223,0.715195467930762,0.3383947939262473,30,0.07592190889370933,0,631,unit>family>name>def>order>stage,NA,0.33,0.5234,30,0.3384,0.0759,FALSE,259,23,FALSE,160
10,0.5262981178712887,0.4880952380952381,0.15384615384615385,0.6708747855917667,0.9045454545454545,0.5552008100041692,0.7193208666831336,0.33405639913232105,26,0.11496746203904555,0,473,order>unit>name>stage>def>family,NA,0.2983,0.4763,26,0.3341,0.115,FALSE,260,182,FALSE,161
10,0.5262563577025556,0.49419279907084784,0.2,0.724514652014652,0.9166666666666667,0.5849157698837596,0.8080760200265221,0.2646420824295011,27,0.12147505422993492,1,163,family>name>unit>def>order>stage,NA,0.3089,0.4571,27,0.2646,0.1215,FALSE,261,94,FALSE,162
10,0.5260749207750642,0.5247058823529411,0,0.26860292971793676,0.14351851851851852,0.28817672312436055,0.7745536417193519,0.28633405639913234,15,0.23427331887201736,1,219,family>unit>def>order>name>stage,NA,0.2221,0.2383,15,0.2863,0.2343,FALSE,262,456,FALSE,163
10,0.5258674688136667,0.4733893557422969,0.32,0.717047619047619,0.8854166666666667,0.5681715250513916,0.8019302592832005,0.2559652928416486,29,0.10845986984815618,0,416,order>name>family>def>unit>stage,NA,0.3064,0.4042,29,0.256,0.1085,FALSE,263,117,FALSE,164
10,0.5257819987281968,0.4880952380952381,0.2,0.2579689813732367,0.19343971631205675,0.30274083467166185,0.8180554425647683,0.25813449023861174,14,0.2039045553145336,1,185,family>order>stage>unit>def>name,NA,0.2027,0.2691,14,0.2581,0.2039,FALSE,264,511,FALSE,165
10,0.5256130696180912,0.5060975609756098,0.13333333333333333,0.2974056094929881,0.22800364077669905,0.3096276004325236,0.753658222138136,0.28199566160520606,17,0.22342733188720174,0,236,family>unit>stage>def>order>name,NA,0.2145,0.283,17,0.282,0.2234,FALSE,265,475,FALSE,166
10,0.5254431708893689,0.4913916786226686,0.23076923076923078,0.6625199362041467,0.9090909090909092,0.5358810609916814,0.6861069453422395,0.3926247288503254,21,0.12364425162689804,1,678,unit>order>def>stage>name>family,NA,0.2801,0.4124,21,0.3926,0.1236,FALSE,266,300,FALSE,167
10,0.5252274487030585,0.4880952380952381,0.26666666666666666,0.5734291634291634,0.5434343434343434,0.5095987984365606,0.732953314659197,0.3232104121475054,22,0.1193058568329718,0,522,stage>family>order>unit>name>def,NA,0.2618,0.4987,22,0.3232,0.1193,FALSE,267,364,FALSE,168
10,0.525064050010248,0.4880952380952381,0.26666666666666666,0.6480419580419581,0.8590909090909091,0.5433837392723887,0.75859186238598,0.3036876355748373,26,0.1193058568329718,0,266,name>family>def>order>unit>stage,NA,0.3026,0.5177,26,0.3037,0.1193,FALSE,268,142,FALSE,169
10,0.525064050010248,0.4880952380952381,0.26666666666666666,0.6274142524142524,0.7380952380952381,0.5313540672960964,0.7481250448897507,0.30151843817787416,24,0.12147505422993492,0,279,name>family>stage>order>def>unit,NA,0.2899,0.5188,24,0.3015,0.1215,FALSE,268,250,FALSE,169
10,0.5248973833435814,0.4733893557422969,0.26666666666666666,0.5889543205332679,0.528902384165542,0.5144920475683654,0.7402430125270871,0.3232104121475054,24,0.12364425162689804,1,278,name>family>stage>def>unit>order,NA,0.3044,0.4973,24,0.3232,0.1236,FALSE,270,128,FALSE,171
10,0.5247428136983374,0.46980255516840885,0.24,0.843929403929404,1,0.6104541783593797,0.7069416021568102,0.3600867678958785,26,0.07592190889370933,0,718,unit>stage>order>family>name>def,NA,0.2981,0.4792,26,0.3601,0.0759,FALSE,271,185,FALSE,172
10,0.5247039597577617,0.4819976771196283,0.23076923076923078,0.644972582972583,0.775974025974026,0.5385774915451551,0.6931090974225838,0.3275488069414317,24,0.10845986984815618,0,306,name>order>stage>unit>family>def,NA,0.2866,0.553,24,0.3275,0.1085,FALSE,272,264,FALSE,173
10,0.5246408986358772,0.47919655667144906,0.26666666666666666,0.5996153846153847,0.6057692307692308,0.517776157476799,0.7413760657483757,0.29067245119305857,25,0.14099783080260303,1,227,family>unit>name>stage>def>order,NA,0.2869,0.4688,25,0.2907,0.141,FALSE,273,262,FALSE,174
10,0.5245405610649513,0.49390243902439024,0.23076923076923078,0.36077731092436977,0.3264705882352941,0.39100601828161496,0.7843966072983289,0.27331887201735355,20,0.22125813449023862,0,367,order>def>name>family>stage>unit,NA,0.1864,0.3727,20,0.2733,0.2213,FALSE,274,568,FALSE,175
10,0.5245216022619179,0.47038327526132406,0,0.7981673881673882,0.9928571428571429,0.5914094558801721,0.6821643683114271,0.3297180043383948,25,0.15184381778741865,0,357,name>unit>stage>family>def>order,NA,0.2949,0.6833,25,0.3297,0.1518,FALSE,275,220,FALSE,176
10,0.5243216068165852,0.48390243902439023,0.26666666666666666,0.4675324675324675,0.2761904761904762,0.44340454106616256,0.7807277447564391,0.2841648590021692,21,0.227765726681128,0,124,family>def>name>stage>unit>order,NA,0.213,0.3562,21,0.2842,0.2278,FALSE,276,482,FALSE,177
10,0.5242660512610298,0.4819976771196283,0.23076923076923078,0.5910925281614937,0.5629370629370629,0.5184755867905855,0.6898583971424718,0.3644251626898048,21,0.11279826464208242,1,634,unit>family>name>order>stage>def,NA,0.2897,0.4459,21,0.3644,0.1128,FALSE,277,252,FALSE,178
10,0.523899014264868,0.46886446886446886,0.2,0.7718181818181818,0.95,0.5837310222797262,0.7190707331087532,0.3579175704989154,23,0.07158351409978309,0,545,stage>name>order>unit>def>family,NA,0.2641,0.4597,23,0.3579,0.0716,FALSE,278,361,FALSE,179
10,0.5238042211255984,0.5192307692307692,0.16,0.6321031746031746,0.775,0.5226393786901653,0.6185846388586704,0.40563991323210413,16,0.12147505422993492,0,104,def>unit>name>family>stage>order,NA,0.2071,0.4592,16,0.4056,0.1215,FALSE,279,494,FALSE,180
10,0.5236751611213591,0.4811507936507936,0.26666666666666666,0.5968368738180059,0.7272727272727273,0.5262837813755368,0.7777188465129642,0.30151843817787416,26,0.11496746203904555,1,267,name>family>def>stage>order>unit,NA,0.2978,0.498,26,0.3015,0.115,FALSE,280,189,FALSE,181
10,0.5236196055658036,0.4780952380952381,0.2,0.6140739289446187,0.759090909090909,0.5293333550153536,0.7225225114436018,0.3232104121475054,24,0.12581344902386118,1,234,family>unit>order>stage>name>def,NA,0.3214,0.4658,24,0.3232,0.1258,FALSE,281,46,FALSE,182
10,0.523618061358377,0.45748644986449866,0.2,0.955,1,0.6453598318767678,0.663309628917233,0.41865509761388287,24,0.06290672451193059,0,649,unit>name>def>family>order>stage,NA,0.2923,0.4717,24,0.4187,0.0629,FALSE,282,239,FALSE,183
10,0.523564050010248,0.4733893557422969,0.3076923076923077,0.5333175397818702,0.4035714285714286,0.4938647688204536,0.7714154277095453,0.2993492407809111,20,0.1019522776572668,0,561,stage>order>family>name>def>unit,NA,0.2651,0.4849,20,0.2993,0.102,FALSE,283,356,FALSE,184
10,0.5235309340746931,0.4650406504065041,0.28,0.654270104895105,0.8994755244755246,0.5304932094105823,0.6885421499431542,0.40997830802603036,17,0.10845986984815618,2,611,unit>def>name>stage>family>order,NA,0.2265,0.4241,17,0.41,0.1085,FALSE,284,446,FALSE,185
10,0.5235084944546924,0.4733893557422969,0.26666666666666666,0.6334885290148449,0.7916666666666667,0.5327787932884912,0.7497758385405444,0.3080260303687636,25,0.12364425162689804,0,273,name>family>order>stage>def>unit,NA,0.2887,0.4836,25,0.308,0.1236,FALSE,285,256,FALSE,186
10,0.5233973833435813,0.49419279907084784,0.2,0.7736658766070531,0.9705882352941176,0.5805514541757426,0.6964579831932773,0.351409978308026,24,0.0650759219088937,0,294,name>order>def>unit>stage>family,NA,0.2987,0.5156,24,0.3514,0.0651,FALSE,286,177,FALSE,187
10,0.523207227731618,0.5,0.2,0.6274316939890711,0.7166666666666667,0.5247178964376428,0.7142238636542797,0.32537960954446854,25,0.13232104121475055,0,480,order>unit>stage>name>family>def,NA,0.2938,0.4715,25,0.3254,0.1323,FALSE,287,229,FALSE,188
10,0.523117594504969,0.46726190476190477,0.2,0.8571969696969697,0.943939393939394,0.62928644439764,0.723783200459671,0.34490238611713664,29,0.07158351409978309,1,283,name>family>unit>def>order>stage,NA,0.3279,0.5494,29,0.3449,0.0716,FALSE,288,31,FALSE,189
10,0.52311533206153,0.4880952380952381,0.13333333333333333,0.2633144689681192,0.19532163742690056,0.30053930765059733,0.7895750144961049,0.27765726681127983,15,0.20607375271149675,1,407,order>family>unit>stage>def>name,NA,0.221,0.2697,15,0.2777,0.2061,FALSE,289,463,FALSE,190
10,0.523004220950419,0.4742063492063492,0.2,0.702823242756502,0.8666666666666667,0.5756745440919704,0.8237127721632743,0.24295010845986983,28,0.12581344902386118,1,176,family>order>name>def>unit>stage,NA,0.32,0.4227,28,0.243,0.1258,FALSE,290,49,FALSE,191
10,0.5229132563594543,0.47834967320261434,0.26666666666666666,0.6083928571428572,0.6113324175824175,0.5240098427035268,0.7657907060260002,0.3123644251626898,25,0.12147505422993492,1,277,name>family>stage>def>order>unit,NA,0.2919,0.5242,25,0.3124,0.1215,FALSE,291,241,FALSE,192
10,0.5227297111464974,0.4742063492063492,0.26666666666666666,0.7446022727272728,0.8636363636363636,0.5961254949073945,0.800192230613321,0.28633405639913234,28,0.0737527114967462,0,147,family>name>def>stage>order>unit,NA,0.3389,0.5085,28,0.2863,0.0738,FALSE,292,8,FALSE,193
10,0.522562725653113,0.5047058823529411,0.2,0.292566867095169,0.22126929674099483,0.28608966232291433,0.803642446346894,0.28633405639913234,16,0.2299349240780911,0,211,family>stage>unit>def>name>order,NA,0.191,0.2801,16,0.2863,0.2299,FALSE,293,548,FALSE,194
10,0.5222641864750903,0.47038327526132406,0.06666666666666667,0.8365297202797203,0.9923076923076923,0.6008197151654701,0.6560189255189255,0.3752711496746204,26,0.14099783080260303,0,709,unit>stage>name>def>family>order,NA,0.30620000000000003,0.5265,26,0.3753,0.141,FALSE,294,120,FALSE,195
10,0.5221931862175765,0.49390243902439024,0.26666666666666666,0.3247209653092006,0.23333333333333334,0.36615291975013925,0.7603450712367499,0.30585683297180044,18,0.22125813449023862,0,197,family>stage>def>unit>name>order,NA,0.175,0.3803,18,0.3059,0.2213,FALSE,295,592,FALSE,196
10,0.5217737644150844,0.4733893557422969,0.32,0.37408579724369195,0.26794258373205737,0.3391214521579563,0.7682352117832749,0.3275488069414317,16,0.19522776572668113,0,460,order>unit>def>name>stage>family,NA,0.2291,0.2764,16,0.3275,0.1952,FALSE,296,438,FALSE,197
10,0.5217094901750569,0.4603174603174603,0.23076923076923078,0.45493894993894995,0.30137362637362636,0.4396887267890727,0.6825366633207379,0.37093275488069416,17,0.11279826464208242,0,637,unit>family>order>def>name>stage,NA,0.226,0.4563,17,0.3709,0.1128,FALSE,297,447,FALSE,198
10,0.5217018076774175,0.5060975609756098,0.23076923076923078,0.302306352184401,0.2577235772357723,0.3670307408707298,0.8115235555135125,0.2559652928416486,18,0.22559652928416485,1,364,order>def>family>stage>unit>name,NA,0.1793,0.3496,18,0.256,0.2256,FALSE,298,583,FALSE,199
10,0.5217018076774175,0.5060975609756098,0.23076923076923078,0.2810209394512887,0.2427466150870406,0.35024008573175053,0.8013067533454907,0.2472885032537961,18,0.2299349240780911,0,365,order>def>family>unit>name>stage,NA,0.1785,0.321,18,0.2473,0.2299,FALSE,298,588,FALSE,199
10,0.5212037110028502,0.5656213704994193,0.07692307692307693,0.58297584768173,0.6168831168831169,0.5323646786176626,0.623753493517482,0.39045553145336226,18,0.12147505422993492,0,60,def>order>name>unit>stage>family,NA,0.2504,0.5046,18,0.3905,0.1215,FALSE,300,384,FALSE,201
10,0.5211675451919354,0.49390243902439024,0.23076923076923078,0.3523809523809524,0.3261904761904762,0.3767568360417825,0.7818363472968924,0.279826464208243,20,0.227765726681128,0,362,order>def>family>name>unit>stage,NA,0.1989,0.3338,20,0.2798,0.2278,FALSE,301,522,FALSE,202
10,0.5211675451919354,0.49390243902439024,0.23076923076923078,0.3476190476190476,0.3261904761904762,0.3756991945822373,0.7818363472968924,0.27765726681127983,20,0.227765726681128,0,361,order>def>family>name>stage>unit,NA,0.1969,0.3219,20,0.2777,0.2278,FALSE,301,527,FALSE,202
10,0.5211675451919354,0.49390243902439024,0.23076923076923078,0.3450384024577573,0.32135176651305686,0.37373771936494815,0.7855618374929709,0.2603036876355748,21,0.227765726681128,0,373,order>def>stage>family>name>unit,NA,0.1893,0.3075,21,0.2603,0.2278,FALSE,301,556,FALSE,202
10,0.5210874951606659,0.49,0.2,0.3440094219505984,0.27698863636363635,0.3662595960549557,0.7042127695355817,0.3383947939262473,19,0.22125813449023862,0,212,family>stage>unit>def>order>name,NA,0.1973,0.3739,19,0.3384,0.2213,FALSE,304,526,FALSE,205
10,0.5209753119509217,0.4930555555555556,0.13333333333333333,0.7629491637688359,1,0.5870226161840657,0.7754126213337117,0.29718004338394793,28,0.13232104121475055,1,427,order>name>unit>def>family>stage,NA,0.3003,0.4991,28,0.2972,0.1323,FALSE,305,160,FALSE,206
10,0.5208973833435814,0.4733893557422969,0.26666666666666666,0.5553146853146853,0.5288461538461539,0.49764245724814243,0.7203155569920277,0.3232104121475054,22,0.1193058568329718,0,528,stage>family>unit>order>name>def,NA,0.2634,0.4617,22,0.3232,0.1193,FALSE,306,362,FALSE,207
10,0.5207008021470001,0.4811507936507936,0.2,0.6808549783549783,0.8295454545454546,0.5688605643532503,0.8001838631637771,0.27114967462039047,25,0.12147505422993492,1,155,family>name>order>unit>def>stage,NA,0.3258,0.4697,25,0.2711,0.1215,FALSE,307,37,FALSE,208
10,0.5206429841480057,0.5130420054200542,0.23076923076923078,0.24298694648925062,0.1563528637261356,0.29473918406336064,0.7930279700372957,0.25379609544468545,16,0.21258134490238612,1,477,order>unit>stage>family>def>name,NA,0.2032,0.2794,16,0.2538,0.2126,FALSE,308,508,FALSE,209
10,0.5206065695821793,0.5130420054200542,0.26666666666666666,0.4340659340659341,0.25961538461538464,0.4145845433258078,0.7554078117801217,0.2928416485900217,21,0.22559652928416485,0,198,family>stage>def>unit>order>name,NA,0.2012,0.3726,21,0.2928,0.2256,FALSE,309,516,FALSE,210
10,0.5205766550522648,0.5,0.2,0.6229310344827587,0.7137931034482758,0.5321342853439328,0.7232371615312791,0.3080260303687636,26,0.12581344902386118,1,287,name>family>unit>stage>def>order,NA,0.3016,0.5388,26,0.308,0.1258,FALSE,310,149,FALSE,211
10,0.5205766550522648,0.5,0.2,0.6048360655737705,0.6368852459016394,0.5204093249539777,0.7275704948646124,0.2993492407809111,25,0.13232104121475055,1,281,name>family>stage>unit>def>order,NA,0.2939,0.53,25,0.2993,0.1323,FALSE,310,228,FALSE,211
10,0.5205766550522648,0.5,0.2,0.348018648018648,0.3,0.3730277191387947,0.7333875548968806,0.32537960954446854,17,0.227765726681128,0,143,family>def>unit>stage>name>order,NA,0.1881,0.2854,17,0.3254,0.2278,FALSE,310,560,FALSE,211
10,0.520493031358885,0.5,0.26666666666666666,0.6416351408154687,0.7628205128205128,0.5224427882445019,0.7177996401812757,0.3188720173535792,26,0.13232104121475055,0,448,order>stage>name>family>unit>def,NA,0.2992,0.4525,26,0.3189,0.1323,FALSE,313,171,FALSE,214
10,0.5204758147161304,0.49419279907084784,0.07692307692307693,0.7408617424242424,0.8181818181818182,0.5783607953793712,0.6332871148459384,0.3969631236442516,21,0.13882863340563992,0,317,name>stage>def>unit>family>order,NA,0.3017,0.5873,21,0.397,0.1388,FALSE,314,147,FALSE,215
10,0.5204691990617385,0.4780952380952381,0.2,0.34774928774928776,0.3,0.37293637510523414,0.7739117515674188,0.2841648590021692,19,0.23427331887201736,2,133,family>def>stage>name>order>unit,NA,0.1902,0.31,19,0.2842,0.2343,FALSE,315,554,FALSE,216
10,0.5203129187885286,0.5,0.23076923076923078,0.6471308103661044,0.8295454545454546,0.5411038255318075,0.7066004093945271,0.31453362255965295,24,0.11279826464208242,0,300,name>order>family>unit>stage>def,NA,0.2967,0.5449,24,0.3145,0.1128,FALSE,316,202,FALSE,217
10,0.5203129187885286,0.5,0.23076923076923078,0.5611019770226932,0.4820971867007673,0.5026523635816048,0.7538465077087746,0.30151843817787416,24,0.12147505422993492,0,478,order>unit>stage>family>name>def,NA,0.2828,0.4766,24,0.3015,0.1215,FALSE,316,288,FALSE,217
10,0.5197311265969803,0.5,0.26666666666666666,0.6150158299412031,0.6472184531886025,0.5123995333649657,0.7317267751378225,0.33405639913232105,25,0.14533622559652928,1,444,order>stage>family>unit>name>def,NA,0.2961,0.4436,25,0.3341,0.1453,FALSE,318,208,FALSE,219
10,0.5196474345835895,0.4476190476190476,0.07692307692307693,0.8001515151515152,0.9166666666666667,0.6055742996772497,0.6818000045546674,0.3557483731019523,28,0.0650759219088937,0,575,stage>order>unit>name>def>family,NA,0.3031,0.4648,28,0.3557,0.0651,FALSE,319,136,FALSE,220
10,0.5191953076415057,0.46862745098039216,0.07692307692307693,0.7727540106951871,0.9083333333333333,0.6010680137261921,0.7347605760252819,0.31453362255965295,27,0.07158351409978309,0,311,name>order>unit>stage>def>family,NA,0.3031,0.5732,27,0.3145,0.0716,FALSE,320,136,FALSE,221
10,0.5189421268194583,0.5564024390243902,0.07692307692307693,0.7380833333333333,0.8500000000000001,0.5768723110058197,0.6197953281375089,0.403470715835141,20,0.13449023861171366,0,4,def>family>name>stage>unit>order,NA,0.2941,0.5533,20,0.4035,0.1345,FALSE,321,224,FALSE,222
10,0.5188577008038988,0.4761111111111111,0.2,0.6117469627147046,0.7478005865102639,0.5257474608679872,0.7313717177928082,0.3123644251626898,24,0.12147505422993492,1,240,family>unit>stage>order>name>def,NA,0.3085,0.4511,24,0.3124,0.1215,FALSE,322,97,FALSE,223
10,0.5188577008038988,0.4761111111111111,0.2,0.5755594214424176,0.5813907251851483,0.5123294458312014,0.7274734918357587,0.3383947939262473,24,0.1279826464208243,2,214,family>stage>unit>name>order>def,NA,0.3028,0.3959,24,0.3384,0.128,FALSE,322,140,FALSE,223
10,0.5187971123408713,0.4733893557422969,0.26666666666666666,0.6662237762237763,0.9045454545454545,0.5460231855610755,0.7549360358277144,0.3036876355748373,26,0.1193058568329718,0,265,name>family>def>order>stage>unit,NA,0.305,0.488,26,0.3037,0.1193,FALSE,324,125,FALSE,225
10,0.5187628936502681,0.4742063492063492,0.28,0.8755817099567099,0.9666666666666667,0.6303003077789655,0.7763855131796308,0.2950108459869848,28,0.0737527114967462,0,145,family>name>def>order>stage>unit,NA,0.3387,0.4904,28,0.295,0.0738,FALSE,325,10,FALSE,226
10,0.5183287918044016,0.5060975609756098,0.23076923076923078,0.28040573707623867,0.24834857723577236,0.3450893193815532,0.7922285041596375,0.25379609544468545,19,0.2299349240780911,1,374,order>def>stage>family>unit>name,NA,0.1719,0.3566,19,0.2538,0.2299,FALSE,326,597,FALSE,227
10,0.5182649353675178,0.4742063492063492,0.23076923076923078,0.6337603980986334,0.7357954545454546,0.5264407174766351,0.7097746481957385,0.3210412147505423,24,0.11062906724511931,0,310,name>order>unit>family>stage>def,NA,0.2902,0.5527,24,0.321,0.1106,FALSE,327,247,FALSE,228
10,0.5180525477232795,0.5138888888888888,0,0.35999511241446724,0.22173786689915723,0.330536684526503,0.7902856985195579,0.2646420824295011,17,0.24078091106290672,1,220,family>unit>def>order>stage>name,NA,0.207,0.2323,17,0.2646,0.2408,FALSE,328,495,FALSE,229
10,0.5178151812319675,0.4880952380952381,0.26666666666666666,0.7972465034965035,0.9232954545454546,0.615240945482881,0.7684634417869712,0.29067245119305857,29,0.07809110629067245,0,149,family>name>def>unit>order>stage,NA,0.336,0.4895,29,0.2907,0.0781,FALSE,329,17,FALSE,230
10,0.5178151812319675,0.4880952380952381,0.26666666666666666,0.7452083333333334,0.8666666666666667,0.5948500347699466,0.7952777006987911,0.28633405639913234,28,0.07809110629067245,0,150,family>name>def>unit>stage>order,NA,0.3384,0.511,28,0.2863,0.0781,FALSE,329,11,FALSE,230
10,0.5177712251880114,0.47058823529411764,0.2,0.9005681818181819,1,0.6357358009374139,0.7156730948789772,0.3383947939262473,29,0.07809110629067245,1,632,unit>family>name>def>stage>order,NA,0.3283,0.5506,29,0.3384,0.0781,FALSE,331,30,FALSE,232
10,0.5176240200895867,0.4742063492063492,0.2,0.8684469696969697,0.96875,0.63666846203283,0.7763087617786326,0.3123644251626898,30,0.0737527114967462,1,391,order>family>name>def>stage>unit,NA,0.363,0.4025,30,0.3124,0.0738,FALSE,332,1,FALSE,233
10,0.5175351410107507,0.4880952380952381,0.23076923076923078,0.2759365079562444,0.24066690830010873,0.34645399157085605,0.7452992836909623,0.3210412147505423,14,0.19305856832971802,0,436,order>stage>def>name>unit>family,NA,0.1564,0.3472,14,0.321,0.1931,FALSE,333,614,FALSE,234
10,0.5174550909794813,0.4819976771196283,0.07692307692307693,0.6497474747474747,0.8257575757575758,0.5509452523122295,0.6892948691671791,0.3362255965292842,24,0.09544468546637744,0,346,name>unit>family>order>stage>def,NA,0.2908,0.5583,24,0.3362,0.0954,FALSE,334,245,FALSE,235
10,0.5174486653948633,0.4733893557422969,0.2,0.566859243697479,0.615546218487395,0.5116952372172586,0.6437903109961933,0.41431670281995664,19,0.09544468546637744,0,661,unit>name>order>def>family>stage,NA,0.2695,0.3992,19,0.4143,0.0954,FALSE,335,347,FALSE,236
10,0.5170515421928621,0.4880952380952381,0.13333333333333333,0.28256831994559906,0.17028985507246375,0.2965704619388572,0.7776092638431232,0.2928416485900217,16,0.2017353579175705,0,403,order>family>unit>def>name>stage,NA,0.2326,0.2195,16,0.2928,0.2017,FALSE,336,427,FALSE,237
10,0.5168237588969297,0.4880952380952381,0.23076923076923078,0.3522619047619048,0.30729166666666663,0.3794802193863888,0.785697794314724,0.26898047722342733,20,0.227765726681128,0,363,order>def>family>stage>name>unit,NA,0.1953,0.3219,20,0.269,0.2278,FALSE,337,534,FALSE,238
10,0.5163848755261955,0.4733893557422969,0.28,0.3679545854603063,0.272203947368421,0.32963322777967563,0.7808701324181956,0.31670281995661603,16,0.19956616052060738,0,461,order>unit>def>stage>family>name,NA,0.2367,0.2926,16,0.3167,0.1996,FALSE,338,417,FALSE,239
10,0.5162465896927877,0.47834967320261434,0.2,0.6568181818181819,0.8590909090909091,0.5387394350331126,0.7113717177928082,0.3275488069414317,25,0.1193058568329718,1,192,family>order>unit>stage>name>def,NA,0.3125,0.4296,25,0.3275,0.1193,FALSE,339,74,FALSE,240
10,0.5159850055093957,0.49390243902439024,0.26666666666666666,0.43724637681159423,0.25606060606060604,0.40613437144626174,0.8109990610377985,0.2559652928416486,20,0.2386117136659436,1,195,family>stage>def>order>name>unit,NA,0.1999,0.2977,20,0.256,0.2386,FALSE,340,521,FALSE,241
10,0.5158277862739843,0.4644607843137255,0.15384615384615385,0.7976470588235294,0.9205882352941177,0.6040306608734652,0.704879013143719,0.3405639913232104,27,0.07158351409978309,0,695,unit>order>stage>name>def>family,NA,0.3031,0.5169,27,0.3406,0.0716,FALSE,341,136,FALSE,242
10,0.5157786563030465,0.49390243902439024,0.23076923076923078,0.35936478415201817,0.32857142857142857,0.38939248985746283,0.765693526065836,0.29718004338394793,20,0.2039045553145336,1,375,order>def>stage>name>family>unit,NA,0.1957,0.39,20,0.2972,0.2039,FALSE,342,533,FALSE,243
10,0.5153119132581112,0.4742063492063492,0.2,0.6990945836472312,0.8257575757575758,0.5683121563447923,0.8070918930423951,0.25379609544468545,28,0.11496746203904555,1,175,family>order>name>def>stage>unit,NA,0.3273,0.4282,28,0.2538,0.115,FALSE,343,33,FALSE,244
10,0.5151816970690716,0.4714285714285714,0.07692307692307693,0.4409510205241913,0.32982261640798227,0.4156317944367567,0.6718155929038282,0.40130151843817785,16,0.10412147505422993,0,707,unit>stage>family>order>def>name,NA,0.2026,0.3758,16,0.4013,0.1041,FALSE,344,513,FALSE,245
10,0.51511533206153,0.4880952380952381,0.13333333333333333,0.28691676680807116,0.19902319902319904,0.30490931289635326,0.7548827068037972,0.2885032537960954,16,0.19956616052060738,1,191,family>order>unit>stage>def>name,NA,0.2149,0.2798,16,0.2885,0.1996,FALSE,345,473,FALSE,246
10,0.5150405610649513,0.4819976771196283,0.23076923076923078,0.5695301430595548,0.45167169431875315,0.4976739280706465,0.7089695082535828,0.3210412147505423,22,0.11279826464208242,1,324,name>stage>family>unit>order>def,NA,0.2802,0.5021,22,0.321,0.1128,FALSE,346,299,FALSE,247
10,0.514884421811251,0.4880952380952381,0.06666666666666667,0.7190550349054186,0.9328063241106719,0.567488167998618,0.7240858239480907,0.3362255965292842,25,0.11062906724511931,1,304,name>order>stage>family>unit>def,NA,0.299,0.499,25,0.3362,0.1106,FALSE,347,174,FALSE,248
10,0.5147606312068291,0.49419279907084784,0.23076923076923078,0.5130296982891323,0.43219339622641506,0.47513700196427916,0.7548879551820729,0.3123644251626898,23,0.11496746203904555,1,515,stage>family>name>unit>def>order,NA,0.2793,0.5384,23,0.3124,0.115,FALSE,348,305,FALSE,249
10,0.5146653931115911,0.4714052287581699,0.23076923076923078,0.665548885077187,0.9272727272727272,0.5356071534646324,0.6643847231200173,0.3926247288503254,21,0.11496746203904555,1,673,unit>order>def>family>name>stage,NA,0.2749,0.4055,21,0.3926,0.115,FALSE,349,325,FALSE,250
10,0.5146462521218619,0.4880952380952381,0.23076923076923078,0.3476808737062447,0.3175750834260289,0.3940122767196256,0.7391755368814192,0.34273318872017355,18,0.18872017353579176,0,553,stage>order>def>family>name>unit,NA,0.179,0.3897,18,0.3427,0.1887,FALSE,350,585,FALSE,251
10,0.5144421653589516,0.4766857962697274,0.26666666666666666,0.8145192307692308,0.96875,0.6027109442014414,0.7040107017165841,0.33405639913232105,29,0.08026030368763558,0,639,unit>family>order>name>def>stage,NA,0.3193,0.5109,29,0.3341,0.0803,FALSE,351,55,FALSE,252
10,0.5143897674141577,0.4869579945799458,0.23076923076923078,0.3577522477522478,0.32857142857142857,0.39000752589462817,0.7827616866634083,0.2928416485900217,21,0.19739696312364424,0,376,order>def>stage>name>unit>family,NA,0.1893,0.4267,21,0.2928,0.1974,FALSE,352,556,FALSE,253
10,0.5141312050774031,0.4660633484162896,0.24,0.8849197860962567,0.9772727272727273,0.6275458992470627,0.6717552969905911,0.368763557483731,27,0.06941431670281996,0,686,unit>order>name>def>stage>family,NA,0.3243,0.5074,27,0.3688,0.0694,FALSE,353,40,FALSE,254
10,0.5140814567227766,0.4660633484162896,0.32,0.37464354867100863,0.272203947368421,0.33808826644089984,0.7459061519542151,0.3232104121475054,16,0.19956616052060738,0,457,order>unit>def>family>name>stage,NA,0.2308,0.282,16,0.3232,0.1996,FALSE,354,431,FALSE,255
10,0.5140503956429351,0.45480631276901007,0,0.38096655328798185,0.2395124716553288,0.34726324301477796,0.6424309950371644,0.42733188720173537,14,0.21258134490238612,0,94,def>stage>unit>name>order>family,NA,0.1521,0.3296,14,0.4273,0.2126,FALSE,355,616,FALSE,256
10,0.5139230243692223,0.4880952380952381,0.2,0.4068953526427753,0.26461708394698086,0.3664196243578378,0.8168985439078695,0.2668112798264642,20,0.210412147505423,1,140,family>def>unit>name>stage>order,NA,0.2084,0.287,20,0.2668,0.2104,FALSE,356,491,FALSE,257
10,0.5133717423179402,0.4880952380952381,0.23076923076923078,0.637799688057041,0.778125,0.541654514207607,0.7683558447769352,0.29718004338394793,25,0.11062906724511931,0,202,family>stage>name>order>unit>def,NA,0.2979,0.5443,25,0.2972,0.1106,FALSE,357,188,FALSE,258
10,0.5133217171796799,0.49419279907084784,0.26666666666666666,0.806959706959707,0.9642857142857143,0.5994191553451365,0.6942950154420743,0.3557483731019523,26,0.08026030368763558,0,633,unit>family>name>order>def>stage,NA,0.3114,0.5069,26,0.3557,0.0803,FALSE,358,83,FALSE,259
10,0.5127682033413741,0.4880952380952381,0.2,0.5892207792207792,0.6045454545454545,0.5062001256455461,0.7019809974020877,0.3383947939262473,21,0.12147505422993492,0,646,unit>family>stage>name>order>def,NA,0.2706,0.4702,21,0.3384,0.1215,FALSE,359,343,FALSE,260
10,0.5124763533931396,0.4852642276422764,0.15384615384615385,0.7591927818558253,0.8465909090909092,0.5832975426403565,0.7387178024430535,0.3470715835140998,25,0.07158351409978309,0,455,order>stage>unit>name>def>family,NA,0.2973,0.534,25,0.3471,0.0716,FALSE,360,191,FALSE,261
10,0.5121462521218618,0.4880952380952381,0.23076923076923078,0.30919937205651493,0.2571428571428571,0.3711476866321764,0.7718443197166296,0.29067245119305857,18,0.19739696312364424,1,378,order>def>stage>unit>name>family,NA,0.1786,0.3682,18,0.2907,0.1974,FALSE,361,587,FALSE,262
10,0.5120962269836015,0.4742063492063492,0.26666666666666666,0.8441856060606061,0.9666666666666667,0.6095779561888032,0.7581741310658097,0.2950108459869848,28,0.0737527114967462,0,146,family>name>def>order>unit>stage,NA,0.3402,0.4718,28,0.295,0.0738,FALSE,362,7,FALSE,263
10,0.5120939645401625,0.49419279907084784,0.2,0.5380392156862746,0.5563725490196079,0.48419951908949665,0.7723590768389907,0.27331887201735355,25,0.22125813449023862,0,177,family>order>name>stage>def>unit,NA,0.2569,0.3949,25,0.2733,0.2213,FALSE,363,374,FALSE,264
10,0.5119828534290514,0.4811507936507936,0.23076923076923078,0.2794645809685227,0.23247422680412372,0.34731246547848044,0.7474706548035099,0.31670281995661603,15,0.210412147505423,1,517,stage>family>order>def>name>unit,NA,0.1487,0.3497,15,0.3167,0.2104,FALSE,364,617,FALSE,265
10,0.5119828534290514,0.4811507936507936,0.23076923076923078,0.24063961988304094,0.14671052631578946,0.2917400056577947,0.7991358131745506,0.27114967462039047,16,0.20607375271149675,1,215,family>stage>unit>order>def>name,NA,0.2137,0.3197,16,0.2711,0.2061,FALSE,364,478,FALSE,265
10,0.5116910341372322,0.4644607843137255,0.23076923076923078,0.459198814829612,0.3024585477415666,0.4408643958603098,0.6828281620340444,0.3796095444685466,16,0.11496746203904555,1,679,unit>order>family>def>name>stage,NA,0.2229,0.4328,16,0.3796,0.115,FALSE,366,455,FALSE,267
10,0.5116621251377349,0.5060975609756098,0.2,0.5009671179883946,0.3529411764705882,0.4575973661803749,0.7850693430593,0.28199566160520606,21,0.22125813449023862,0,385,order>family>def>name>stage>unit,NA,0.2212,0.3319,21,0.282,0.2213,FALSE,367,460,FALSE,268
10,0.5115034843205575,0.5,0.2,0.5893451463790447,0.613135593220339,0.5102514171290515,0.7077512696135364,0.34490238611713664,24,0.1279826464208243,1,454,order>stage>unit>family>name>def,NA,0.2901,0.4317,24,0.3449,0.128,FALSE,368,248,FALSE,269
10,0.511207227731618,0.49390243902439024,0.2,0.6200053163211058,0.6868686868686869,0.5265880570182849,0.709740816651864,0.3383947939262473,25,0.12364425162689804,0,468,order>unit>family>stage>name>def,NA,0.3197,0.4267,25,0.3384,0.1236,FALSE,369,51,FALSE,270
10,0.511207227731618,0.49390243902439024,0.2,0.37379679144385025,0.2863636363636364,0.3915804614703064,0.7494608508819413,0.30585683297180044,19,0.22125813449023862,0,371,order>def>name>unit>family>stage,NA,0.1848,0.4225,19,0.3059,0.2213,FALSE,369,572,FALSE,270
10,0.5110874285924502,0.49419279907084784,0.23076923076923078,0.29805907716382524,0.2562724014336918,0.36239277709688733,0.6975398209314996,0.34273318872017355,16,0.19305856832971802,0,557,stage>order>def>unit>family>name,NA,0.1478,0.3864,16,0.3427,0.1931,FALSE,371,618,FALSE,272
10,0.5110351410107508,0.5060975609756098,0.2,0.654512987012987,0.8636363636363636,0.5395687546559235,0.7249081323586345,0.3232104121475054,26,0.12147505422993492,0,408,order>family>unit>stage>name>def,NA,0.3115,0.417,26,0.3232,0.1215,FALSE,372,82,FALSE,273
10,0.5108684743440841,0.4880952380952381,0.2,0.3502312104371601,0.2863636363636364,0.38184520164224267,0.7528998752721852,0.2885032537960954,20,0.20607375271149675,0,384,order>def>unit>stage>name>family,NA,0.1873,0.3649,20,0.2885,0.2061,FALSE,373,561,FALSE,274
10,0.5107088945647051,0.43487394957983194,0,0.7680693815987933,0.9423076923076923,0.5800280700015494,0.6519458625226201,0.39913232104121477,22,0.14099783080260303,0,547,stage>name>unit>def>family>order,NA,0.3038,0.5859,22,0.3991,0.141,FALSE,374,132,FALSE,275
10,0.5107018076774175,0.5060975609756098,0.2,0.46312311541669343,0.31526271893244373,0.4218897337113343,0.6999431463642367,0.3383947939262473,21,0.23644251626898047,0,142,family>def>unit>order>stage>name,NA,0.2316,0.2784,21,0.3384,0.2364,FALSE,375,428,FALSE,276
10,0.5106963876232169,0.4930555555555556,0.2,0.6208198051948052,0.7982954545454546,0.5283974017123836,0.7253432397349183,0.33405639913232105,25,0.12147505422993492,0,431,order>name>unit>stage>def>family,NA,0.303,0.518,25,0.3341,0.1215,FALSE,376,139,FALSE,277
10,0.510584627472002,0.5180023228803716,0.16,0.7720652437545477,0.775,0.578199708787944,0.7102231559290383,0.3383947939262473,25,0.06724511930585683,0,289,name>order>def>family>stage>unit,NA,0.3057,0.5084,25,0.3384,0.0672,FALSE,377,122,FALSE,278
10,0.5103599247078444,0.5564024390243902,0.07692307692307693,0.7383399209486167,0.8438735177865613,0.5697462581875472,0.6027589135716825,0.4121475054229935,20,0.13449023861171366,0,3,def>family>name>stage>order>unit,NA,0.3012,0.5339,20,0.4121,0.1345,FALSE,378,152,FALSE,279
10,0.510273236248846,0.5060975609756098,0.2,0.37920454545454546,0.3,0.3967749052915623,0.7431690315901219,0.3080260303687636,20,0.22559652928416485,1,382,order>def>unit>name>stage>family,NA,0.2083,0.4161,20,0.308,0.2256,FALSE,379,492,FALSE,280
10,0.5102606312068292,0.4733893557422969,0.23076923076923078,0.5327465557570334,0.5126227208976157,0.4849772855920734,0.6856167492638081,0.36225596529284165,19,0.11062906724511931,0,586,stage>unit>family>name>order>def,NA,0.2473,0.4264,19,0.3623,0.1106,FALSE,380,392,FALSE,281
10,0.5101354785816766,0.4644607843137255,0.07692307692307693,0.4430394236167426,0.32025450689289503,0.4296655445981472,0.6706325863678805,0.36225596529284165,18,0.09978308026030369,1,715,unit>stage>order>def>family>name,NA,0.2304,0.3942,18,0.3623,0.0998,FALSE,381,432,FALSE,282
10,0.5099987264449244,0.4913916786226686,0.23076923076923078,0.5806687062937063,0.5759396853146853,0.5185742320990843,0.7606293183940243,0.2950108459869848,25,0.11279826464208242,2,512,stage>family>name>def>unit>order,NA,0.2791,0.5178,25,0.295,0.1128,FALSE,382,306,FALSE,283
10,0.5099850055093957,0.49390243902439024,0.2,0.6616666666666666,0.9166666666666667,0.5435778603664162,0.7650022545603608,0.279826464208243,26,0.1301518438177874,1,419,order>name>family>unit>def>stage,NA,0.3117,0.4791,26,0.2798,0.1302,FALSE,383,81,FALSE,284
10,0.5099186764136548,0.47919655667144906,0.13333333333333333,0.6362676212676213,0.8181818181818182,0.5299464250001534,0.6843281182391656,0.34273318872017355,26,0.11279826464208242,1,296,name>order>family>def>unit>stage,NA,0.3205,0.5238,26,0.3427,0.1128,FALSE,384,48,FALSE,285
10,0.5099173651949835,0.40588235294117647,0.23076923076923078,0.35355387191745674,0.28035714285714286,0.32204059925762685,0.7152672170807034,0.3665943600867679,15,0.18655097613882862,1,571,stage>order>unit>def>family>name,NA,0.2089,0.2909,15,0.3666,0.1866,FALSE,385,490,FALSE,286
10,0.5098790683252663,0.4644607843137255,0.13333333333333333,0.8042691622103387,0.9705882352941176,0.6033771209062616,0.72031918408389,0.34490238611713664,28,0.07158351409978309,0,351,name>unit>order>family>def>stage,NA,0.3175,0.5567,28,0.3449,0.0716,FALSE,386,59,FALSE,287
10,0.509870662336229,0.4644906743185079,0.15384615384615385,0.7890558053058053,0.91875,0.5859530959944684,0.6965059228194092,0.34490238611713664,26,0.0650759219088937,0,292,name>order>def>stage>unit>family,NA,0.2973,0.5214,26,0.3449,0.0651,FALSE,387,191,FALSE,288
10,0.5098166177039922,0.5418118466898955,0,0.5597069597069597,0.6190476190476191,0.5172020651980408,0.6173003917013961,0.42516268980477223,16,0.11496746203904555,0,46,def>name>unit>order>stage>family,NA,0.2686,0.4614,16,0.4252,0.115,FALSE,388,351,FALSE,289
10,0.5097975660558157,0.453921568627451,0.23076923076923078,0.36616776440305854,0.33214285714285713,0.3841905369875008,0.7329822543151094,0.35357917570498915,15,0.16052060737527116,0,496,stage>def>order>name>unit>family,NA,0.1633,0.3341,15,0.3536,0.1605,FALSE,389,609,FALSE,290
10,0.5097349901811882,0.49419279907084784,0.15384615384615385,0.8107410236822001,0.9251336898395721,0.6136492369510631,0.7360084392731452,0.2993492407809111,29,0.08026030368763558,0,412,order>name>def>stage>unit>family,NA,0.3219,0.5596,29,0.2993,0.0803,FALSE,390,44,FALSE,291
10,0.5097018076774175,0.5060975609756098,0.23076923076923078,0.5674211876832844,0.4801747311827957,0.49466057342367015,0.7589222842357706,0.30585683297180044,24,0.2017353579175705,1,417,order>name>family>stage>def>unit,NA,0.2604,0.4887,24,0.3059,0.2017,FALSE,391,366,FALSE,292
10,0.5096686610854473,0.48333333333333334,0.07692307692307693,0.7626641414141414,0.91875,0.5872050919441278,0.7059295051353875,0.351409978308026,25,0.07809110629067245,2,645,unit>family>stage>name>def>order,NA,0.2981,0.5801,25,0.3514,0.0781,FALSE,392,185,FALSE,293
10,0.5093717423179404,0.4880952380952381,0.23076923076923078,0.6648828671328672,0.9232954545454546,0.5501753246753247,0.7411690009337069,0.30585683297180044,27,0.10845986984815618,0,275,name>family>order>unit>def>stage,NA,0.3192,0.5528,27,0.3059,0.1085,FALSE,393,56,FALSE,294
10,0.5093285526843633,0.43487394957983194,0,0.7599134199134199,0.9424242424242424,0.5804974653755539,0.6465149979941945,0.37310195227765725,23,0.14316702819956617,0,548,stage>name>unit>def>order>family,NA,0.2964,0.606,23,0.3731,0.1432,FALSE,394,205,FALSE,295
10,0.509223100747491,0.49390243902439024,0.2,0.4749350489457074,0.28410370057689605,0.4440658358387383,0.7898208614277481,0.26247288503253796,17,0.22342733188720174,1,387,order>family>def>stage>name>unit,NA,0.213,0.262,17,0.2625,0.2234,FALSE,395,482,FALSE,296
10,0.5086098375560355,0.4852941176470588,0.23076923076923078,0.572732683982684,0.5833603896103896,0.5114411625730547,0.7827148191359095,0.279826464208243,26,0.12147505422993492,2,161,family>name>stage>unit>def>order,NA,0.2988,0.491,26,0.2798,0.1215,FALSE,396,175,FALSE,297
10,0.5084230243692224,0.4733893557422969,0.23076923076923078,0.44210164835164834,0.3076923076923077,0.40943213385731386,0.690805753070459,0.3796095444685466,18,0.13665943600867678,0,693,unit>order>stage>family>def>name,NA,0.2153,0.3766,18,0.3796,0.1367,FALSE,397,472,FALSE,298
10,0.508370736787523,0.4742063492063492,0.2,0.8799242424242424,0.9772727272727273,0.630583362244763,0.7761366750577654,0.31019522776572667,30,0.0737527114967462,2,392,order>family>name>def>unit>stage,NA,0.358,0.4241,30,0.3102,0.0738,FALSE,398,2,FALSE,299
10,0.5083281068524971,0.49390243902439024,0,0.4837433122194207,0.4105374823196606,0.41081528428437425,0.6271928997990691,0.4229934924078091,16,0.21908893709327548,0,30,def>name>family>unit>stage>order,NA,0.1849,0.3337,16,0.423,0.2191,FALSE,399,571,FALSE,300
10,0.5082436782092449,0.4811507936507936,0.15384615384615385,0.5822466777408638,0.4958471760797343,0.508698949804482,0.6489027841280351,0.37093275488069416,21,0.09327548806941431,0,720,unit>stage>order>name>family>def,NA,0.2718,0.415,21,0.3709,0.0933,FALSE,400,337,FALSE,301
10,0.5082073380947125,0.4880952380952381,0.2,0.8684616324535679,0.96875,0.6242632674852313,0.7608494857605331,0.31453362255965295,28,0.07809110629067245,2,164,family>name>unit>def>stage>order,NA,0.3425,0.5081,28,0.3145,0.0781,FALSE,401,5,FALSE,302
10,0.5079828534290514,0.4811507936507936,0.23076923076923078,0.6076363636363636,0.6166666666666667,0.5222596446971041,0.7295225114436018,0.31453362255965295,24,0.10845986984815618,0,406,order>family>unit>name>stage>def,NA,0.2973,0.43,24,0.3145,0.1085,FALSE,402,191,FALSE,303
10,0.5078342118586021,0.49390243902439024,0.2,0.3400200874394423,0.29516129032258065,0.3639467608540931,0.7569582985164047,0.28199566160520606,20,0.22559652928416485,0,383,order>def>unit>stage>family>name,NA,0.1903,0.358,20,0.282,0.2256,FALSE,403,551,FALSE,304
10,0.5076307890260544,0.4742063492063492,0.23076923076923078,0.5947650758416574,0.6258169934640523,0.5032111039642772,0.7078464639138957,0.3188720173535792,25,0.11496746203904555,0,312,name>order>unit>stage>family>def,NA,0.2803,0.52,25,0.3189,0.115,FALSE,404,298,FALSE,305
10,0.5074954584710683,0.4930555555555556,0.2,0.35537352832479807,0.29516129032258065,0.37581221069302656,0.7489272374365631,0.27765726681127983,21,0.2039045553145336,0,377,order>def>stage>unit>family>name,NA,0.1865,0.3568,21,0.2777,0.2039,FALSE,405,567,FALSE,306
10,0.5073320597782578,0.4913916786226686,0.2,0.4829446508230101,0.33316831683168313,0.4456301057030421,0.7751036721129978,0.2950108459869848,20,0.21908893709327548,0,388,order>family>def>stage>unit>name,NA,0.23,0.3294,20,0.295,0.2191,FALSE,406,434,FALSE,307
10,0.507320601286168,0.4811507936507936,0.2,0.8946085858585858,1,0.6320341593422991,0.7635298374509278,0.31670281995661603,30,0.07592190889370933,2,395,order>family>name>unit>def>stage,NA,0.3454,0.4588,30,0.3167,0.0759,FALSE,407,3,FALSE,308
10,0.507318338842729,0.49390243902439024,0.13333333333333333,0.3740285162865808,0.31129032258064515,0.3891551753707243,0.7403775328768155,0.279826464208243,22,0.227765726681128,1,381,order>def>unit>name>family>stage,NA,0.2006,0.3539,22,0.2798,0.2278,FALSE,408,518,FALSE,309
10,0.5072209486671466,0.47834967320261434,0.23076923076923078,0.5777751196172248,0.5826555023923445,0.5106225494823593,0.7695780669991574,0.29718004338394793,25,0.12364425162689804,1,167,family>name>unit>stage>def>order,NA,0.3084,0.5108,25,0.2972,0.1236,FALSE,409,98,FALSE,310
10,0.5072176806932904,0.5060975609756098,0.23076923076923078,0.26664061324461236,0.2200642523364486,0.3308773956344565,0.7887273882661257,0.25379609544468545,18,0.23210412147505424,0,366,order>def>family>unit>stage>name,NA,0.1761,0.3132,18,0.2538,0.2321,FALSE,410,591,FALSE,311
10,0.507123879070077,0.49419279907084784,0.15384615384615385,0.7773246228315888,0.91875,0.5980889403125195,0.734786217050923,0.2928416485900217,29,0.0824295010845987,1,410,order>name>def>family>unit>stage,NA,0.3128,0.5144,29,0.2928,0.0824,FALSE,411,73,FALSE,312
10,0.506956304097624,0.4226190476190476,0,0.43906024531024535,0.29563492063492064,0.41460565497785545,0.6651810541602508,0.4121475054229935,15,0.12147505422993492,1,624,unit>def>stage>order>name>family,NA,0.2245,0.393,15,0.4121,0.1215,FALSE,412,451,FALSE,313
10,0.5069327179276965,0.4819976771196283,0.23076923076923078,0.6243525641025641,0.6979166666666667,0.5211115660295988,0.7245236273371137,0.3210412147505423,26,0.10845986984815618,0,226,family>unit>name>order>stage>def,NA,0.3144,0.4987,26,0.321,0.1085,FALSE,413,69,FALSE,314
10,0.5069002203758302,0.5060975609756098,0.2,0.489045584045584,0.3326923076923077,0.4496998551669035,0.7637306562399819,0.31453362255965295,21,0.22559652928416485,1,389,order>family>def>unit>name>stage,NA,0.2494,0.3509,21,0.3145,0.2256,FALSE,414,388,FALSE,315
10,0.5064828534290514,0.4733893557422969,0.23076923076923078,0.6705753968253968,0.8854166666666667,0.5520385547673955,0.7457464985994398,0.2993492407809111,27,0.09761388286334056,0,415,order>name>family>def>stage>unit,NA,0.3294,0.4756,27,0.2993,0.0976,FALSE,415,26,FALSE,316
10,0.506273236248846,0.5060975609756098,0.2,0.6495634920634921,0.8388888888888889,0.5391560411834377,0.7226462275967298,0.3318872017353579,24,0.12147505422993492,1,402,order>family>stage>unit>name>def,NA,0.2982,0.4107,24,0.3319,0.1215,FALSE,416,183,FALSE,317
10,0.506157092230263,0.4880952380952381,0.2,0.6040437788018433,0.6112903225806452,0.5158585330721874,0.7071297055407529,0.32537960954446854,24,0.12147505422993492,0,466,order>unit>family>name>stage>def,NA,0.3004,0.4541,24,0.3254,0.1215,FALSE,417,159,FALSE,318
10,0.5061253689718539,0.48305555555555557,0.2,0.33965356670527447,0.281524926686217,0.3514825317636435,0.7752332392619337,0.27331887201735355,20,0.22125813449023862,1,433,order>stage>def>family>name>unit,NA,0.1784,0.3113,20,0.2733,0.2213,FALSE,418,589,FALSE,319
10,0.5059414725239689,0.45037262872628725,0,0.4920807453416149,0.4440993788819876,0.4350184319148386,0.5989141086077958,0.44685466377440347,15,0.19956616052060738,0,81,def>stage>name>order>family>unit,NA,0.1809,0.321,15,0.4469,0.1996,FALSE,419,580,FALSE,320
10,0.5057683443608838,0.4733893557422969,0.13333333333333333,0.3654873200085966,0.25441919191919193,0.32646933534762534,0.7540782027632816,0.3405639913232104,16,0.2039045553145336,1,463,order>unit>family>def>name>stage,NA,0.2679,0.2422,16,0.3406,0.2039,FALSE,420,353,FALSE,321
10,0.5055233234006549,0.5772357723577235,0,0.7353896103896104,0.8852813852813852,0.5669798971482001,0.5959854399545935,0.4121475054229935,20,0.13665943600867678,0,1,def>family>name>order>stage>unit,NA,0.2971,0.5318,20,0.4121,0.1367,FALSE,421,197,FALSE,322
10,0.5053161867623848,0.4811507936507936,0.2,0.5855384351994521,0.5404040404040404,0.5111340693207547,0.7631112135911275,0.27331887201735355,24,0.1279826464208243,1,156,family>name>order>unit>stage>def,NA,0.2938,0.4572,24,0.2733,0.128,FALSE,422,229,FALSE,323
10,0.5053161867623848,0.4811507936507936,0.2,0.4709630639978578,0.3304123711340206,0.4520460341053139,0.7829146323945463,0.2754880694143167,21,0.210412147505423,1,159,family>name>stage>order>def>unit,NA,0.2372,0.4174,21,0.2755,0.2104,FALSE,422,414,FALSE,323
10,0.5052606312068292,0.4742063492063492,0,0.7645692216280452,0.9251336898395721,0.5820686681861673,0.7132862170509229,0.3383947939262473,26,0.0737527114967462,0,347,name>unit>family>stage>def>order,NA,0.2985,0.5762,26,0.3384,0.0738,FALSE,424,181,FALSE,325
10,0.5052083436251299,0.49419279907084784,0.23076923076923078,0.6828525641025641,0.7916666666666667,0.5527331183309444,0.7103151260504201,0.3318872017353579,25,0.0824295010845987,0,511,stage>family>name>def>order>unit,NA,0.2887,0.534,25,0.3319,0.0824,FALSE,425,256,FALSE,326
10,0.5050972325140187,0.4880952380952381,0.23076923076923078,0.5771018062397373,0.49384236453201974,0.5054445273018102,0.6503548445019033,0.39045553145336226,19,0.09761388286334056,0,690,unit>order>name>stage>family>def,NA,0.2774,0.4368,19,0.3905,0.0976,FALSE,426,315,FALSE,327
10,0.5045405610649513,0.49390243902439024,0.13333333333333333,0.3464189397441825,0.2517361111111111,0.3698160317256285,0.759978840066358,0.26898047722342733,20,0.22342733188720174,1,379,order>def>unit>family>name>stage,NA,0.1882,0.3299,20,0.269,0.2234,FALSE,427,559,FALSE,328
10,0.504517525834599,0.4811507936507936,0.23076923076923078,0.6508658008658008,0.8257575757575758,0.5272537025771978,0.7544124803142019,0.3210412147505423,26,0.12581344902386118,0,442,order>stage>family>name>unit>def,NA,0.2967,0.4148,26,0.321,0.1258,FALSE,428,202,FALSE,329
10,0.5039698174454272,0.5060975609756098,0.2,0.48369983277591977,0.3326923076923077,0.44396394946885975,0.7821004041391416,0.2841648590021692,20,0.22559652928416485,1,390,order>family>def>unit>stage>name,NA,0.2274,0.328,20,0.2842,0.2256,FALSE,429,441,FALSE,330
10,0.5039272978734959,0.4742063492063492,0.2,0.6443333333333333,0.7916666666666667,0.5399868755799847,0.7430747990253012,0.31019522776572667,25,0.10845986984815618,1,154,family>name>order>stage>unit>def,NA,0.3272,0.4952,25,0.3102,0.1085,FALSE,430,34,FALSE,331
10,0.5039272978734959,0.4742063492063492,0.2,0.24379457743038593,0.1431362970200293,0.29230873954379766,0.7722801067894325,0.2754880694143167,16,0.19956616052060738,1,239,family>unit>stage>order>def>name,NA,0.2145,0.286,16,0.2755,0.1996,FALSE,430,475,FALSE,331
10,0.5037638991806854,0.4880952380952381,0.2,0.5827242230386247,0.5185676392572944,0.5087928534827295,0.6432007828772535,0.39045553145336226,21,0.09544468546637744,0,696,unit>order>stage>name>family>def,NA,0.2913,0.4443,21,0.3905,0.0954,FALSE,432,244,FALSE,333
10,0.5034315713777694,0.49419279907084784,0.07692307692307693,0.8189733469145234,0.9478609625668449,0.6111865047871615,0.7283161315808375,0.31670281995661603,30,0.0824295010845987,1,414,order>name>def>unit>stage>family,NA,0.3279,0.5817,30,0.3167,0.0824,FALSE,433,31,FALSE,334
10,0.5029327179276964,0.4819976771196283,0.23076923076923078,0.31664777327935223,0.23421052631578948,0.3614200914590832,0.7742447643222392,0.2841648590021692,18,0.20607375271149675,0,205,family>stage>order>def>name>unit,NA,0.1912,0.3192,18,0.2842,0.2061,FALSE,434,546,FALSE,335
10,0.5029016568478548,0.4742063492063492,0.23076923076923078,0.45579126890039723,0.3421413864104324,0.44169589747588384,0.7600589260094281,0.30585683297180044,21,0.2039045553145336,0,162,family>name>stage>unit>order>def,NA,0.2563,0.4119,21,0.3059,0.2039,FALSE,435,376,FALSE,336
10,0.5028771623721409,0.4811507936507936,0.2,0.6607909604519774,0.9166666666666667,0.5385121574992285,0.7521754571747398,0.2841648590021692,27,0.1279826464208243,1,225,family>unit>name>order>def>stage,NA,0.3232,0.4365,27,0.2842,0.128,FALSE,436,42,FALSE,337
10,0.5028738943982847,0.49390243902439024,0.2,0.3545530544724093,0.29516129032258065,0.3746087418293464,0.7584755720925018,0.27765726681127983,20,0.227765726681128,0,380,order>def>unit>family>stage>name,NA,0.1907,0.3275,20,0.2777,0.2278,FALSE,437,549,FALSE,338
10,0.5027382581550444,0.4880952380952381,0.15384615384615385,0.5908280598857848,0.5813397129186603,0.5252472752472752,0.6863707175177763,0.3579175704989154,23,0.07809110629067245,0,585,stage>unit>family>name>def>order,NA,0.283,0.5206,23,0.3579,0.0781,FALSE,438,284,FALSE,339
10,0.5027307525887152,0.4476190476190476,0.07692307692307693,0.5516363636363637,0.47590909090909095,0.4735695313037627,0.629866048983696,0.4121475054229935,19,0.09544468546637744,0,676,unit>order>def>name>stage>family,NA,0.2329,0.4424,19,0.4121,0.0954,FALSE,439,426,FALSE,340
10,0.5025939645401625,0.4742063492063492,0.23076923076923078,0.5838375350140056,0.6666666666666667,0.5083157136617698,0.7657447336658241,0.2950108459869848,23,0.11062906724511931,0,183,family>order>stage>name>def>unit,NA,0.2995,0.4873,23,0.295,0.1106,FALSE,440,170,FALSE,341
10,0.5025939645401625,0.4742063492063492,0.23076923076923078,0.5744431818181819,0.640625,0.5077874936483406,0.746659263580354,0.3232104121475054,23,0.10845986984815618,0,158,family>name>stage>def>unit>order,NA,0.3081,0.4731,23,0.3232,0.1085,FALSE,440,102,FALSE,341
10,0.5025939645401625,0.4742063492063492,0.23076923076923078,0.5640879120879121,0.5961538461538461,0.4962396562052943,0.74574473366582406,0.2993492407809111,22,0.10845986984815618,0,207,family>stage>order>name>def>unit,NA,0.294,0.4606,22,0.2993,0.1085,FALSE,440,226,FALSE,341
10,0.5025939645401625,0.4742063492063492,0.23076923076923078,0.24682231800766283,0.1513888888888889,0.2952721990542894,0.7918057478150735,0.27331887201735355,15,0.19522776572668113,2,209,family>stage>order>unit>def>name,NA,0.2028,0.3159,15,0.2733,0.1952,FALSE,440,510,FALSE,341
10,0.5022606312068292,0.4733893557422969,0.15384615384615385,0.3114514766055862,0.3181818181818182,0.37267077500320245,0.7219467787114846,0.3362255965292842,14,0.15835140997830802,1,523,stage>family>unit>def>name>order,NA,0.1745,0.3496,14,0.3362,0.1584,FALSE,444,593,FALSE,345
10,0.5017931646704961,0.5058072009291521,0.07692307692307693,0.7172831744914125,0.8347826086956522,0.5646087588191062,0.6030146695326035,0.40563991323210413,20,0.13882863340563992,0,6,def>family>name>unit>stage>order,NA,0.2961,0.5471,20,0.4056,0.1388,FALSE,445,208,FALSE,346
10,0.5017405512548985,0.46247654784240155,0.13333333333333333,0.8902146464646464,1,0.628465436956149,0.7111905015915059,0.3644251626898048,28,0.06941431670281996,1,470,order>unit>name>def>stage>family,NA,0.3389,0.493,28,0.3644,0.0694,FALSE,446,8,FALSE,347
10,0.5015438290388076,0.4811507936507936,0.23076923076923078,0.6339544603946777,0.73125,0.5270842565636122,0.7375395003529868,0.31019522776572667,28,0.09978308026030369,1,295,name>order>family>def>stage>unit,NA,0.3096,0.5453,28,0.3102,0.0998,FALSE,447,91,FALSE,348
10,0.5013771623721408,0.4811507936507936,0.23076923076923078,0.4760964912280702,0.2883771929824561,0.4468872818513668,0.7653089413376357,0.29067245119305857,23,0.20607375271149675,0,123,family>def>name>stage>order>unit,NA,0.2274,0.3345,23,0.2907,0.2061,FALSE,448,441,FALSE,349
10,0.5013771623721408,0.4811507936507936,0.23076923076923078,0.4626891828501736,0.282249742002064,0.4394974888322831,0.7601945622526685,0.2950108459869848,22,0.20607375271149675,0,122,family>def>name>order>unit>stage,NA,0.223,0.3702,22,0.295,0.2061,FALSE,448,454,FALSE,349
10,0.5013161867623848,0.4811507936507936,0.2,0.6251353154183343,0.7277777777777779,0.5278593890283985,0.695219092640183,0.34273318872017355,23,0.11496746203904555,1,186,family>order>stage>unit>name>def,NA,0.3216,0.4447,23,0.3427,0.115,FALSE,450,45,FALSE,351
10,0.5011495200957181,0.4733893557422969,0.2,0.5925335397316821,0.6131578947368421,0.5170999835345157,0.7045214752567693,0.35357917570498915,23,0.11062906724511931,0,526,stage>family>unit>name>order>def,NA,0.2998,0.4679,23,0.3536,0.1106,FALSE,451,164,FALSE,352
10,0.5008843473599571,0.5,0.2,0.5808662092624357,0.5969982847341337,0.5131744184541862,0.7246347384482248,0.3297180043383948,24,0.11496746203904555,2,425,order>name>stage>unit>def>family,NA,0.3016,0.5872,24,0.3297,0.115,FALSE,452,149,FALSE,353
10,0.5007819242769027,0.47834967320261434,0.23076923076923078,0.32076268412438624,0.23510638297872338,0.36171396649469023,0.7611772886765713,0.29718004338394793,20,0.2039045553145336,0,138,family>def>stage>unit>order>name,NA,0.2003,0.364,20,0.2972,0.2039,FALSE,453,519,FALSE,354
10,0.5007419001371656,0.4464285714285714,0.23076923076923078,0.41303268750670297,0.31708652792990144,0.41727629973597713,0.7088219694381818,0.3557483731019523,17,0.18004338394793926,0,572,stage>order>unit>def>name>family,NA,0.1976,0.33,17,0.3557,0.18,FALSE,454,524,FALSE,355
10,0.5004987264449244,0.4714052287581699,0,0.8018954248366013,0.9705882352941176,0.5893751197990705,0.6829164691517633,0.3557483731019523,26,0.0737527114967462,1,343,name>unit>family>def>order>stage,NA,0.3129,0.6061,26,0.3557,0.0738,FALSE,455,72,FALSE,356
10,0.5004539444295542,0.5,0.23076923076923078,0.43674707354381204,0.2762570374684527,0.4209880105026348,0.7908366678754053,0.2754880694143167,21,0.21908893709327548,0,128,family>def>order>name>unit>stage,NA,0.216,0.3112,21,0.2755,0.2191,FALSE,456,471,FALSE,357
10,0.500213407189017,0.4930555555555556,0.13333333333333333,0.6539520202020201,0.73125,0.5320389103345129,0.6939518781871723,0.33405639913232105,25,0.09761388286334056,1,328,name>stage>order>family>unit>def,NA,0.2896,0.5302,25,0.3341,0.0976,FALSE,457,253,FALSE,358
10,0.500062903460321,0.4811507936507936,0.15384615384615385,0.5684856652781182,0.5757575757575757,0.5073566307339163,0.6985341162105868,0.36225596529284165,20,0.11496746203904555,1,588,stage>unit>family>order>name>def,NA,0.2405,0.5301,20,0.3623,0.115,FALSE,458,406,FALSE,359
10,0.4999349803711353,0.4464285714285714,0.15384615384615385,0.5884674922600619,0.5592105263157895,0.5101136808738189,0.640789231014482,0.37093275488069416,21,0.0824295010845987,0,714,unit>stage>name>order>family>def,NA,0.2645,0.4009,21,0.3709,0.0824,FALSE,459,359,FALSE,360
10,0.4999272978734959,0.4742063492063492,0.2,0.645245960935616,0.8166144200626959,0.5366114944730566,0.74446368791419,0.3188720173535792,25,0.11279826464208242,1,165,family>name>unit>order>def>stage,NA,0.3376,0.4779,25,0.3189,0.1128,FALSE,460,14,FALSE,361
10,0.4999272978734959,0.4742063492063492,0.2,0.60988836560265125,0.6239316239316239,0.5175876285655194,0.722744733665824,0.32537960954446854,25,0.10629067245119306,1,210,family>stage>order>unit>name>def,NA,0.3131,0.4299,25,0.3254,0.1063,FALSE,460,71,FALSE,361
10,0.4999272978734959,0.4742063492063492,0.2,0.6031452045491454,0.7029780564263323,0.5227923794650937,0.7493096262895402,0.29718004338394793,25,0.10629067245119306,1,152,family>name>order>def>unit>stage,NA,0.3161,0.4679,25,0.2972,0.1063,FALSE,460,64,FALSE,361
10,0.4999272978734959,0.4742063492063492,0.2,0.5894066559626332,0.6328273244781784,0.5162620056813381,0.7403002892213796,0.3210412147505423,23,0.11279826464208242,1,157,family>name>stage>def>order>unit,NA,0.3084,0.4798,23,0.321,0.1128,FALSE,460,98,FALSE,361
10,0.4997387250084524,0.5180023228803716,0.07692307692307693,0.6709774874248559,0.7529137529137528,0.5456217615692611,0.6115153982793868,0.40997830802603036,19,0.12147505422993492,1,59,def>order>name>unit>family>stage,NA,0.2695,0.4939,19,0.41,0.1215,FALSE,464,347,FALSE,365
10,0.49973315605166396,0.44604700854700857,0.08,0.794949494949495,0.9545454545454546,0.5878968967069836,0.6487937559013599,0.3969631236442516,27,0.06724511930585683,0,719,unit>stage>order>name>def>family,NA,0.3109,0.4253,27,0.397,0.0672,FALSE,465,87,FALSE,366
10,0.4997307525887153,0.46305555555555555,0.15384615384615385,0.7788798701298701,0.9142857142857144,0.5937545257848655,0.6498151619622208,0.37093275488069416,26,0.07592190889370933,0,685,unit>order>name>def>family>stage,NA,0.3121,0.5704,26,0.3709,0.0759,FALSE,466,80,FALSE,367
10,0.4993396012563875,0.453921568627451,0.07692307692307693,0.7298893280632411,0.8590909090909091,0.5651942756541912,0.6820397902750844,0.34273318872017355,23,0.07158351409978309,0,569,stage>order>name>unit>def>family,NA,0.2807,0.5196,23,0.3427,0.0716,FALSE,467,295,FALSE,368
10,0.4990492490930081,0.4714052287581699,0.2,0.667969696969697,0.9166666666666667,0.5420020455650856,0.7368165493839812,0.32537960954446854,26,0.10845986984815618,1,394,order>family>name>stage>unit>def,NA,0.3253,0.4558,26,0.3254,0.1085,FALSE,468,38,FALSE,369
10,0.4990492490930081,0.4714052287581699,0.2,0.61520499108734406,0.6568627450980392,0.5179688418577008,0.7373313503012212,0.31670281995661603,24,0.11062906724511931,0,396,order>family>name>unit>stage>def,NA,0.3077,0.4704,24,0.3167,0.1106,FALSE,468,106,FALSE,369
10,0.4989016568478548,0.4742063492063492,0.15384615384615385,0.6259778911564626,0.6979166666666667,0.5194972792493636,0.7053901431742178,0.3362255965292842,25,0.10629067245119306,0,432,order>name>unit>stage>family>def,NA,0.3026,0.4562,25,0.3362,0.1063,FALSE,470,142,FALSE,371
10,0.49861227955847753,0.5180023228803716,0,0.6820656639542089,0.8167420814479638,0.5509475646033843,0.6594744667097608,0.37310195227765725,23,0.06073752711496746,0,293,name>order>def>unit>family>stage,NA,0.3078,0.5307,23,0.3731,0.0607,FALSE,471,104,FALSE,372
10,0.4985907324781069,0.47038327526132406,0.07692307692307693,0.7542957042957043,0.8785714285714286,0.5656063549534798,0.6843338720103426,0.3665943600867679,24,0.07158351409978309,0,302,name>order>stage>def>unit>family,NA,0.2957,0.5434,24,0.3666,0.0716,FALSE,472,213,FALSE,373
10,0.498538408984607,0.4733893557422969,0.2,0.6161841310258512,0.6561866125760649,0.5291162703443405,0.7378717177928081,0.3210412147505423,24,0.1019522776572668,1,151,family>name>order>def>stage>unit,NA,0.3382,0.501,24,0.321,0.102,FALSE,473,12,FALSE,374
10,0.498538408984607,0.4880952380952381,0.2,0.4669064955662894,0.3219306466729147,0.4332435731268546,0.7610513845312985,0.3080260303687636,20,0.210412147505423,0,174,family>order>def>unit>stage>name,NA,0.2272,0.3253,20,0.308,0.2104,FALSE,473,444,FALSE,374
10,0.498223100747491,0.46612466124661245,0.23076923076923078,0.6140821256038648,0.6489130434782608,0.5195333098184026,0.6861679209519955,0.351409978308026,23,0.09978308026030369,1,334,name>stage>unit>family>order>def,NA,0.2693,0.5411,23,0.3514,0.0998,FALSE,475,349,FALSE,376
10,0.4981120999994745,0.4642857142857143,0.15384615384615385,0.6751778656126483,0.9,0.5507351601680973,0.6946250808015514,0.3557483731019523,26,0.07809110629067245,0,642,unit>family>order>stage>name>def,NA,0.3067,0.5248,26,0.3557,0.0781,FALSE,476,112,FALSE,377
10,0.498092345881442,0.4819976771196283,0.07692307692307693,0.6690170940170941,0.8590909090909091,0.5520700328846665,0.6120941222017262,0.38611713665943603,23,0.14099783080260303,0,711,unit>stage>name>family>def>order,NA,0.2813,0.4744,23,0.3861,0.141,FALSE,477,292,FALSE,378
10,0.4979431708893689,0.4852941176470588,0.2,0.6334758637588827,0.7840909090909092,0.5314128294244486,0.7437050511261415,0.2950108459869848,26,0.11496746203904555,1,179,family>order>name>unit>def>stage,NA,0.3287,0.491,26,0.295,0.115,FALSE,478,29,FALSE,379
10,0.4979431708893689,0.4852941176470588,0.2,0.491768648018648,0.36446886446886445,0.4515432810025612,0.7822915652815222,0.28633405639913234,21,0.19739696312364424,0,386,order>family>def>name>unit>stage,NA,0.2297,0.3356,21,0.2863,0.1974,FALSE,478,437,FALSE,379
10,0.4979431708893689,0.4852941176470588,0.2,0.46701298701298705,0.3318181818181818,0.4281698459877762,0.7347764437857695,0.30585683297180044,21,0.21475054229934923,0,141,family>def>unit>order>name>stage,NA,0.2201,0.309,21,0.3059,0.2148,FALSE,478,465,FALSE,379
10,0.4979431708893689,0.4852941176470588,0.2,0.33128293120743363,0.29516129032258065,0.374129562263808,0.740159263580354,0.31453362255965295,17,0.2017353579175705,0,188,family>order>unit>def>stage>name,NA,0.2141,0.3623,17,0.3145,0.2017,FALSE,478,477,FALSE,379
10,0.4975683235145215,0.4742063492063492,0,0.794622697563874,0.9705882352941176,0.5847404282314418,0.6823320045967105,0.34273318872017355,27,0.0737527114967462,1,348,name>unit>family>stage>order>def,NA,0.2986,0.5655,27,0.3427,0.0738,FALSE,482,178,FALSE,383
10,0.49755251706686426,0.46980255516840885,0.23076923076923078,0.8513257575757576,1,0.6118936156436157,0.7354272733483638,0.31670281995661603,28,0.07809110629067245,0,405,order>family>unit>name>def>stage,NA,0.3306,0.4872,28,0.3167,0.0781,FALSE,483,20,FALSE,384
10,0.497488273483252,0.4742063492063492,0.2,0.6652564102564102,0.9166666666666667,0.5402913255709204,0.7455610780897725,0.2885032537960954,28,0.11279826464208242,1,429,order>name>unit>family>def>stage,NA,0.3198,0.4498,28,0.2885,0.1128,FALSE,484,50,FALSE,385
10,0.497488273483252,0.4742063492063492,0.2,0.46124642652944536,0.3024585477415666,0.4364328040099129,0.694037735419371,0.3275488069414317,22,0.11496746203904555,0,232,family>unit>order>name>stage>def,NA,0.2826,0.4118,22,0.3275,0.115,FALSE,484,290,FALSE,385
10,0.4971495200957181,0.4733893557422969,0.2,0.6154050711193568,0.6632653061224489,0.5189119506445585,0.7291891781102685,0.3188720173535792,25,0.10629067245119306,1,166,family>name>unit>order>stage>def,NA,0.3141,0.444,25,0.3189,0.1063,FALSE,486,70,FALSE,387
10,0.4970607820363918,0.4880952380952381,0.07692307692307693,0.7454341736694678,0.8666666666666667,0.5682552299721716,0.6620896358543418,0.3644251626898048,25,0.07592190889370933,0,352,name>unit>order>family>stage>def,NA,0.2866,0.53,25,0.3644,0.0759,FALSE,487,264,FALSE,388
10,0.4969485909435694,0.47919655667144906,0.23076923076923078,0.788523241464418,0.8796791443850267,0.5935393098544015,0.7332710596433696,0.3080260303687636,29,0.0824295010845987,0,224,family>unit>name>def>stage>order,NA,0.3271,0.5412,29,0.308,0.0824,FALSE,488,35,FALSE,389
10,0.49648184789863414,0.4880952380952381,0.13333333333333333,0.8942550505050505,1,0.6125567677987033,0.7170962024584693,0.3297180043383948,29,0.07809110629067245,1,309,name>order>unit>family>def>stage,NA,0.3248,0.5692,29,0.3297,0.0781,FALSE,489,39,FALSE,390
10,0.49621240165859964,0.44957983193277307,0,0.5902735562310031,0.6428571428571429,0.500000844810802,0.6356579733832245,0.39913232104121477,20,0.1019522776572668,0,671,unit>name>stage>order>def>family,NA,0.2855,0.4074,20,0.3991,0.102,FALSE,490,273,FALSE,391
10,0.4960993845943631,0.4733893557422969,0.2,0.6271590909090909,0.7357954545454546,0.5112441968914002,0.7276199016191842,0.3297180043383948,25,0.11713665943600868,0,471,order>unit>name>family>def>stage,NA,0.3166,0.4915,25,0.3297,0.1171,FALSE,491,61,FALSE,392
10,0.4960252652655809,0.46443089430894313,0.15384615384615385,0.7195959595959596,0.8590909090909091,0.5630649995928597,0.620712849242261,0.4229934924078091,22,0.0650759219088937,0,318,name>stage>def>unit>order>family,NA,0.2748,0.4728,22,0.423,0.0651,FALSE,492,326,FALSE,393
10,0.4959272978734959,0.4742063492063492,0.2,0.6672888459058672,0.9166666666666667,0.5437422173805262,0.7247606066816971,0.3210412147505423,26,0.1019522776572668,1,178,family>order>name>stage>unit>def,NA,0.3191,0.4873,26,0.321,0.102,FALSE,493,58,FALSE,394
10,0.4959272978734959,0.4742063492063492,0.2,0.6561363636363636,0.8666666666666667,0.5375669802112926,0.7282970212475234,0.3318872017353579,26,0.10412147505422993,1,393,order>family>name>stage>def>unit,NA,0.334,0.4662,26,0.3319,0.1041,FALSE,493,19,FALSE,394
10,0.4959272978734959,0.4742063492063492,0.2,0.6371161447248403,0.8006993006993006,0.5259870742291345,0.6853688501041442,0.3470715835140998,25,0.09978308026030369,0,321,name>stage>family>order>def>unit,NA,0.2934,0.5303,25,0.3471,0.0998,FALSE,493,232,FALSE,394
10,0.4959272978734959,0.4742063492063492,0.2,0.5892585428755641,0.5452127659574468,0.513300823545023,0.7348002892213796,0.3210412147505423,23,0.1019522776572668,1,180,family>order>name>unit>stage>def,NA,0.3056,0.4855,23,0.321,0.102,FALSE,493,123,FALSE,394
10,0.4959272978734959,0.4742063492063492,0.2,0.5732567965258696,0.520066889632107,0.4929185497203025,0.733675136596227,0.31019522776572667,22,0.11496746203904555,1,208,family>stage>order>name>unit>def,NA,0.2689,0.4324,22,0.3102,0.115,FALSE,493,350,FALSE,394
10,0.4958724167590739,0.45760743321718933,0.16,0.7393364311127469,1,0.553168483241832,0.6616668383425915,0.3926247288503254,23,0.07592190889370933,0,712,unit>stage>name>family>order>def,NA,0.272,0.3947,23,0.3926,0.0759,FALSE,498,336,FALSE,399
10,0.4957699682749898,0.49915311653116534,0.13333333333333333,0.5840825906120024,0.51425133689839575,0.49790663681710795,0.7014478508101176,0.3275488069414317,25,0.10845986984815618,2,330,name>stage>order>unit>family>def,NA,0.2778,0.5261,25,0.3275,0.1085,FALSE,499,312,FALSE,400
10,0.4957606312068292,0.4733893557422969,0.2,0.24143830222852192,0.15194109772423026,0.28691409725680184,0.74595402501213115,0.31453362255965295,16,0.19522776572668113,1,233,family>unit>order>stage>def>name,NA,0.2396,0.3071,16,0.3145,0.1952,FALSE,500,408,FALSE,401
10,0.49550853036649306,0.47038327526132406,0.07692307692307693,0.5653846153846154,0.4928571428571429,0.48257120070136716,0.6367628743805215,0.4229934924078091,21,0.07592190889370933,0,675,unit>order>def>name>family>stage,NA,0.2504,0.3835,21,0.423,0.0759,FALSE,501,384,FALSE,402
10,0.495504146499125,0.47919655667144906,0.2,0.32815035895781236,0.2671936758893281,0.3598950990696455,0.7481964296663005,0.29718004338394793,20,0.21258134490238612,1,136,family>def>stage>order>unit>name,NA,0.2027,0.3143,20,0.2972,0.2126,FALSE,502,511,FALSE,403
10,0.4953490793440578,0.4257703081232493,0.2,0.4623208567565644,0.3112384069830878,0.4218449294321492,0.6627051974010367,0.4121475054229935,18,0.1019522776572668,1,647,unit>family>stage>order>def>name,NA,0.2274,0.3972,18,0.4121,0.102,FALSE,503,441,FALSE,404
10,0.4951336829916457,0.49419279907084784,0.07692307692307693,0.6080555555555556,0.7152777777777778,0.5366646315301962,0.5842945766173887,0.44251626898047725,19,0.11496746203904555,0,56,def>order>name>family>unit>stage,NA,0.2796,0.4449,19,0.4425,0.115,FALSE,504,301,FALSE,405
10,0.4949509278383023,0.4464285714285714,0,0.7726388888888889,0.95,0.575745297701954,0.6627150398620987,0.40563991323210413,22,0.06941431670281996,0,652,unit>name>def>order>stage>family,NA,0.283,0.513,22,0.4056,0.0694,FALSE,505,284,FALSE,406
10,0.4949016568478548,0.4742063492063492,0.15384615384615385,0.7606060606060606,1,0.5738026138819377,0.70501209439373,0.3383947939262473,27,0.09544468546637744,0,420,order>name>family>unit>stage>def,NA,0.3297,0.479,27,0.3384,0.0954,FALSE,506,24,FALSE,407
10,0.4949016568478548,0.4742063492063492,0.15384615384615385,0.6081429681429682,0.6527777777777778,0.5266851292713735,0.6555535777788288,0.3839479392624729,23,0.09544468546637744,0,564,stage>order>family>unit>name>def,NA,0.3195,0.4361,23,0.3839,0.0954,FALSE,506,53,FALSE,407
10,0.4946696666158646,0.4913916786226686,0.07692307692307693,0.8364985994397759,1,0.6051427918944501,0.7146396969044028,0.3232104121475054,29,0.0824295010845987,1,411,order>name>def>stage>family>unit,NA,0.3293,0.5902,29,0.3232,0.0824,FALSE,508,27,FALSE,409
10,0.4945993845943631,0.4733893557422969,0.23076923076923078,0.3033876607263704,0.23607038123167157,0.35587284667717783,0.7419760748577104,0.31019522776572667,19,0.19088937093275488,1,505,stage>family>def>name>order>unit,NA,0.1708,0.3471,19,0.3102,0.1909,FALSE,509,598,FALSE,410
10,0.49437220917134833,0.5180023228803716,0,0.6409949699423384,0.8795986622073578,0.5450858019015732,0.598907234563619,0.38177874186550975,22,0.14316702819956617,0,331,name>stage>unit>def>family>order,NA,0.311,0.5781,22,0.3818,0.1432,FALSE,510,86,FALSE,411
10,0.4940500084962065,0.44957983193277307,0.2,0.4580383294517033,0.32735562310030397,0.42188874249442926,0.6664425411190117,0.4164859002169197,18,0.10629067245119306,1,641,unit>family>order>stage>def>name,NA,0.23,0.4138,18,0.4165,0.1063,FALSE,511,434,FALSE,412
10,0.4938183388427291,0.4869579945799458,0.2,0.6529292929292929,0.8257575757575758,0.5348673099993945,0.6688547647952239,0.3492407809110629,25,0.09761388286334056,0,297,name>order>family>stage>def>unit,NA,0.3091,0.5115,25,0.3492,0.0976,FALSE,512,92,FALSE,413
10,0.4937518144218288,0.4145658263305322,0.15384615384615385,0.45697499354920645,0.40689655172413797,0.41036783098310825,0.6924999947446145,0.4078091106290672,15,0.14967462039045554,0,481,stage>def>family>name>order>unit,NA,0.1906,0.3242,15,0.4078,0.1497,FALSE,513,550,FALSE,414
10,0.4937473867595819,0.47,0.2,0.3547209653092006,0.3,0.34774270183561695,0.7251200347556158,0.3297180043383948,19,0.22125813449023862,0,194,family>stage>def>name>unit>order,NA,0.1732,0.3454,19,0.3297,0.2213,FALSE,514,595,FALSE,415
10,0.49368485467983314,0.4811507936507936,0.23076923076923078,0.4677756286266925,0.28617021276595744,0.4363165123381508,0.7659466990048052,0.30585683297180044,22,0.2039045553145336,0,121,family>def>name>order>stage>unit,NA,0.2279,0.3776,22,0.3059,0.2039,FALSE,515,439,FALSE,416
10,0.493544513990712,0.4913916786226686,0.23076923076923078,0.4331668331668332,0.2676767676767677,0.4125018911389381,0.7454132318343222,0.3362255965292842,21,0.21475054229934923,0,132,family>def>order>unit>stage>name,NA,0.2425,0.342,21,0.3362,0.2148,FALSE,516,402,FALSE,417
10,0.49328091874648544,0.4644906743185079,0.13333333333333333,0.906765873015873,1,0.6202718215621441,0.7026207635023991,0.34273318872017355,30,0.07809110629067245,1,299,name>order>family>unit>def>stage,NA,0.342,0.5446,30,0.3427,0.0781,FALSE,517,6,FALSE,418
10,0.49325628325126175,0.47919655667144906,0.15384615384615385,0.8029210658622423,0.9205882352941177,0.5976820726217744,0.7351310395327612,0.30151843817787416,28,0.0824295010845987,1,465,order>unit>family>name>def>stage,NA,0.3302,0.54,28,0.3015,0.0824,FALSE,518,21,FALSE,419
10,0.49320507565127364,0.4733893557422969,0.2,0.29252450830593213,0.2493279569892473,0.35378001825952765,0.716365582130288,0.2993492407809111,19,0.18872017353579176,0,510,stage>family>def>unit>order>name,NA,0.1624,0.3521,19,0.2993,0.1887,FALSE,519,610,FALSE,420
10,0.49316254819626415,0.49034552845528456,0,0.4932896379525593,0.4509987515605493,0.43246111932124365,0.5840687886161344,0.4511930585683297,14,0.19305856832971802,0,84,def>stage>name>unit>order>family,NA,0.2147,0.3345,14,0.4512,0.1931,FALSE,520,474,FALSE,421
10,0.49293536751786393,0.4131994261119082,0,0.5935817805383022,0.7559523809523809,0.45522990148562315,0.6200595566556829,0.45336225596529284,16,0.19956616052060738,0,40,def>name>stage>order>unit>family,NA,0.2037,0.2803,16,0.4534,0.1996,FALSE,521,506,FALSE,422
10,0.49293056584735206,0.46726190476190477,0,0.7142550505050504,0.9232954545454546,0.5641029633448988,0.646256338432809,0.3665943600867679,25,0.07158351409978309,0,360,name>unit>stage>order>family>def,NA,0.2921,0.5356,25,0.3666,0.0716,FALSE,522,240,FALSE,423
10,0.4929014483842317,0.4780952380952381,0.13333333333333333,0.2990694030421157,0.22225765306122447,0.28169866676220434,0.7275496861658985,0.3297180043383948,16,0.21258134490238612,0,235,family>unit>stage>def>name>order,NA,0.2031,0.2801,16,0.3297,0.2126,FALSE,523,509,FALSE,424
10,0.492736480082965,0.4742063492063492,0.2,0.26887845129780613,0.24406238922367957,0.2933883099679328,0.7733667234248296,0.2928416485900217,18,0.19739696312364424,1,453,order>stage>unit>family>def>name,NA,0.2057,0.2863,18,0.2928,0.1974,FALSE,524,502,FALSE,425
10,0.4926643875811738,0.43487394957983194,0.2,0.5990097402597403,0.6785714285714286,0.5055603943942271,0.6303823170293759,0.42733188720173537,21,0.09544468546637744,0,672,unit>name>stage>order>family>def,NA,0.274,0.3167,21,0.4273,0.0954,FALSE,525,329,FALSE,426
10,0.4924539444295542,0.4880952380952381,0.15384615384615385,0.6784199134199134,0.8666666666666667,0.5510071133943578,0.7105589619212288,0.3232104121475054,26,0.09544468546637744,0,418,order>name>family>stage>unit>def,NA,0.3122,0.4783,26,0.3232,0.0954,FALSE,526,78,FALSE,427
10,0.4923876153338133,0.47834967320261434,0.2,0.4602088633016468,0.316776007497657,0.42317798775357224,0.7202955847754987,0.29718004338394793,22,0.210412147505423,0,144,family>def>unit>stage>order>name,NA,0.2196,0.3246,22,0.2972,0.2104,FALSE,527,466,FALSE,428
10,0.49229826414618383,0.45818815331010454,0,0.79875,1,0.5858822595880683,0.6429428976093251,0.40130151843817785,26,0.05856832971800434,0,531,stage>name>def>order>family>unit,NA,0.2871,0.4328,26,0.4013,0.0586,FALSE,528,260,FALSE,429
10,0.49217943462563263,0.4733893557422969,0,0.794622697563874,0.9705882352941176,0.5780702836063367,0.6745971773324715,0.35357917570498915,27,0.07158351409978309,1,344,name>unit>family>def>stage>order,NA,0.3156,0.5621,27,0.3536,0.0716,FALSE,529,65,FALSE,430
10,0.4920939645401625,0.49419279907084784,0.2,0.6347619047619047,0.7380952380952381,0.5251797598546024,0.6765192793815462,0.34273318872017355,25,0.0911062906724512,0,327,name>stage>order>family>def>unit,NA,0.2919,0.545,25,0.3427,0.0911,FALSE,530,241,FALSE,431
10,0.49189141147390786,0.4454123112659698,0.13333333333333333,0.3578336557059961,0.21969696969696967,0.3133018657507511,0.7300122301578542,0.34490238611713664,17,0.2039045553145336,0,404,order>family>unit>def>stage>name,NA,0.2581,0.2328,17,0.3449,0.2039,FALSE,531,368,FALSE,432
10,0.49181618676238475,0.4733893557422969,0.2,0.3158738548273432,0.25,0.36696535474425657,0.7322011779070603,0.3188720173535792,18,0.18655097613882862,0,506,stage>family>def>name>unit>order,NA,0.168,0.3434,18,0.3189,0.1866,FALSE,532,602,FALSE,433
10,0.4917638991806854,0.4880952380952381,0.2,0.7570223789620342,0.8666666666666667,0.5795180286824676,0.7344795609300631,0.30585683297180044,27,0.07809110629067245,2,189,family>order>unit>name>def>stage,NA,0.3376,0.4918,27,0.3059,0.0781,FALSE,533,14,FALSE,434
10,0.4917606312068292,0.4733893557422969,0.2,0.612449494949495,0.7277777777777779,0.5191791423859338,0.6662664270210898,0.36225596529284165,24,0.10412147505422993,0,319,name>stage>family>def>order>unit,NA,0.3068,0.492,24,0.3623,0.1041,FALSE,534,111,FALSE,435
10,0.4912765042227022,0.4852941176470588,0.13333333333333333,0.3318818620992534,0.24191919191919192,0.37024438613566557,0.7177246230574782,0.34273318872017355,17,0.19956616052060738,1,401,order>family>stage>unit>def>name,NA,0.2096,0.3323,17,0.3427,0.1996,FALSE,535,487,FALSE,436
10,0.49122849014527636,0.4766857962697274,0.07692307692307693,0.74875999000999,0.8666666666666667,0.5584641888606575,0.7031415284062343,0.3383947939262473,26,0.07158351409978309,1,301,name>order>stage>def>family>unit,NA,0.2861,0.5326,26,0.3384,0.0716,FALSE,536,268,FALSE,437
10,0.49116539311159113,0.4714052287581699,0.2,0.6257736943907157,0.759090909090909,0.5226136669970917,0.7333320352531256,0.3275488069414317,25,0.1019522776572668,1,184,family>order>stage>name>unit>def,NA,0.3015,0.5037,25,0.3275,0.102,FALSE,537,151,FALSE,438
10,0.49107701154257827,0.4819976771196283,0.15384615384615385,0.7618929681429681,0.8778409090909092,0.5786706735887064,0.7078705712428811,0.31670281995661603,27,0.0824295010845987,0,223,family>unit>name>def>order>stage,NA,0.3297,0.5192,27,0.3167,0.0824,FALSE,538,24,FALSE,439
10,0.4909070769020554,0.4819976771196283,0.23076923076923078,0.4411873840445269,0.28385899814471244,0.4179208912074122,0.7824041794328739,0.3036876355748373,21,0.21475054229934923,0,135,family>def>stage>order>name>unit,NA,0.2187,0.3158,21,0.3037,0.2148,FALSE,539,467,FALSE,440
10,0.4908461012922993,0.4880952380952381,0.2,0.4657299222516614,0.3181818181818182,0.4286605218303341,0.7644113644206901,0.28633405639913234,21,0.21475054229934923,0,131,family>def>order>unit>name>stage,NA,0.2205,0.3016,21,0.2863,0.2148,FALSE,540,464,FALSE,441
10,0.4907422417372202,0.47919655667144906,0.2,0.3682255488920586,0.3326612903225806,0.3824580895799907,0.724484011365647,0.3600867678958785,18,0.2039045553145336,1,181,family>order>stage>def>name>unit,NA,0.2065,0.3584,18,0.3601,0.2039,FALSE,541,497,FALSE,442
10,0.49059335141185934,0.4819976771196283,0.07692307692307693,0.7102968142968143,0.8,0.5518129655317444,0.577109987334521,0.46203904555314534,19,0.11713665943600868,0,58,def>order>name>stage>unit>family,NA,0.3002,0.421,19,0.462,0.1171,FALSE,542,161,FALSE,443
10,0.4901430200598063,0.4766857962697274,0.15384615384615385,0.6830765993265994,0.8590909090909091,0.5552288763472975,0.7169936383559052,0.3188720173535792,25,0.08459869848156182,1,237,family>unit>stage>name>def>order,NA,0.308,0.5322,25,0.3189,0.0846,FALSE,543,103,FALSE,444
10,0.49013975208595006,0.4714052287581699,0.15384615384615385,0.5855978260869565,0.6274038461538461,0.5037723432729974,0.695363065676552,0.3752711496746204,21,0.09978308026030369,0,562,stage>order>family>name>unit>def,NA,0.285,0.4383,21,0.3753,0.0998,FALSE,544,277,FALSE,445
10,0.4899144405729772,0.49,0.13333333333333333,0.33581357845508786,0.26111111111111107,0.33119544968775105,0.7070187275660733,0.32537960954446854,21,0.2299349240780911,2,193,family>stage>def>name>order>unit,NA,0.1832,0.335,21,0.3254,0.2299,FALSE,545,573,FALSE,446
10,0.4897765042227022,0.4644607843137255,0.2,0.6330610844200412,0.7887096774193548,0.525683710449981,0.714884322834825,0.34273318872017355,24,0.1019522776572668,1,160,family>name>stage>order>unit>def,NA,0.3209,0.4693,24,0.3427,0.102,FALSE,546,47,FALSE,447
10,0.48961310552989173,0.4636437908496732,0.07692307692307693,0.6709550865800866,0.7372159090909092,0.542045467539563,0.6960896717661423,0.3557483731019523,25,0.07592190889370933,0,525,stage>family>unit>name>def>order,NA,0.3012,0.5584,25,0.3557,0.0759,FALSE,547,152,FALSE,448
10,0.489512767958966,0.4733893557422969,0.15384615384615385,0.5535401635401636,0.5086580086580086,0.4924439307157296,0.7558096262895402,0.3188720173535792,21,0.11713665943600868,1,204,family>stage>name>unit>order>def,NA,0.27,0.4763,21,0.3189,0.1171,FALSE,548,345,FALSE,449
10,0.489512767958966,0.4733893557422969,0.15384615384615385,0.2846760744073307,0.2587976539589443,0.3491053774928293,0.7046434264762815,0.3383947939262473,15,0.18655097613882862,0,559,stage>order>family>def>name>unit,NA,0.166,0.3502,15,0.3384,0.1866,FALSE,548,604,FALSE,449
10,0.4894517923492099,0.4880952380952381,0.15384615384615385,0.6021189839572193,0.6378676470588236,0.522484808296413,0.6641145533885849,0.3796095444685466,22,0.09544468546637744,0,574,stage>order>unit>family>name>def,NA,0.3028,0.4557,22,0.3796,0.0954,FALSE,550,140,FALSE,451
10,0.4894286887988466,0.5406746031746031,0,0.4548440065681445,0.3718390804597701,0.4476031577817007,0.561408955702356,0.44251626898047725,15,0.1019522776572668,0,107,def>unit>name>stage>family>order,NA,0.222,0.3991,15,0.4425,0.102,FALSE,551,457,FALSE,452
10,0.4893216068165853,0.4733893557422969,0.2,0.6119949494949495,0.6527777777777778,0.5126210020730574,0.6910453513487946,0.35357917570498915,23,0.10412147505422993,0,320,name>stage>family>def>unit>order,NA,0.2951,0.4952,23,0.3536,0.1041,FALSE,552,218,FALSE,453
10,0.48882501580995125,0.43758967001434723,0,0.43497340425531916,0.32081117021276595,0.40743771582707156,0.6548776791517107,0.42950108459869846,14,0.1019522776572668,0,610,unit>def>name>order>stage>family,NA,0.2133,0.407,14,0.4295,0.102,FALSE,553,480,FALSE,454
10,0.48859823804443603,0.4811507936507936,0.07692307692307693,0.729601790108756,0.8875,0.5571591542007587,0.7110350858292035,0.3232104121475054,27,0.07592190889370933,1,413,order>name>def>unit>family>stage,NA,0.309,0.5438,27,0.3232,0.0759,FALSE,554,93,FALSE,455
10,0.48850314096870767,0.43487394957983194,0.2,0.4432029630033832,0.3189338235294118,0.4191032034810555,0.6740492683627547,0.3839479392624729,19,0.11062906724511931,1,638,unit>family>order>def>stage>name,NA,0.2374,0.3958,19,0.3839,0.1106,FALSE,555,412,FALSE,456
10,0.48845085338700833,0.4201680672268907,0.16,0.5330172068827531,0.4019607843137255,0.4450607285944987,0.6391272328818958,0.4360086767895879,17,0.10629067245119306,0,629,unit>family>def>stage>name>order,NA,0.2432,0.3466,17,0.436,0.1063,FALSE,556,399,FALSE,457
10,0.488174578649471,0.45760743321718933,0,0.44180044018753695,0.3421970357454228,0.422969669426229,0.6043917793508898,0.45770065075921906,13,0.10412147505422993,0,101,def>unit>family>stage>name>order,NA,0.1966,0.4149,13,0.4577,0.1041,FALSE,557,529,FALSE,458
10,0.48812387907007704,0.4733893557422969,0.15384615384615385,0.62413524460036085,0.6939746300211417,0.5233584002471772,0.7389528837175896,0.29067245119305857,25,0.09327548806941431,2,519,stage>family>order>name>def>unit,NA,0.2807,0.4771,25,0.2907,0.0933,FALSE,558,295,FALSE,459
10,0.4880117186336699,0.4417344173441734,0.2,0.36383001314591973,0.281524926686217,0.3763100294391373,0.6839287763886042,0.36225596529284165,19,0.18872017353579176,1,555,stage>order>def>name>family>unit,NA,0.1744,0.4031,19,0.3623,0.1887,FALSE,559,594,FALSE,460
10,0.4879572124034104,0.4733893557422969,0.15384615384615385,0.5793692866273511,0.5654761904761905,0.5043430463845562,0.6745509588450764,0.34273318872017355,23,0.0911062906724512,0,514,stage>family>name>order>unit>def,NA,0.2861,0.4615,23,0.3427,0.0911,FALSE,560,268,FALSE,461
10,0.48756738455231996,0.4365079365079365,0.12,0.5222222222222223,0.39166666666666666,0.44227896844297077,0.6448581431321747,0.4229934924078091,15,0.09761388286334056,0,613,unit>def>order>family>name>stage,NA,0.224,0.3876,15,0.423,0.0976,FALSE,561,452,FALSE,462
10,0.48730968672647296,0.47058823529411764,0.15384615384615385,0.6216720779220779,0.7305194805194806,0.5156830572849802,0.634449651655534,0.39045553145336226,23,0.09544468546637744,0,687,unit>order>name>family>def>stage,NA,0.3065,0.4903,23,0.3905,0.0954,FALSE,562,114,FALSE,463
10,0.4872775763213353,0.4670014347202296,0.23076923076923078,0.43331492390770743,0.26890034364261167,0.40950843445182245,0.7279698594885109,0.35357917570498915,22,0.210412147505423,0,129,family>def>order>stage>name>unit,NA,0.249,0.2922,22,0.3536,0.2104,FALSE,563,390,FALSE,464
10,0.4870972325140187,0.4586834733893557,0.07692307692307693,0.5660472610096671,0.5545112781954887,0.4929643051334852,0.6374818286288875,0.420824295010846,17,0.10629067245119306,0,716,unit>stage>order>def>name>family,NA,0.2448,0.4052,17,0.4208,0.1063,FALSE,564,397,FALSE,465
10,0.48701280387076656,0.47038327526132406,0.07692307692307693,0.6903676470588236,0.8541666666666667,0.5532362144441926,0.5809356022584143,0.42950108459869846,21,0.12147505422993492,0,55,def>order>name>family>stage>unit,NA,0.2743,0.4365,21,0.4295,0.1215,FALSE,565,327,FALSE,466
10,0.48688814350005166,0.4586834733893557,0,0.35077826361961334,0.22359266287160026,0.3123374393813189,0.7142525212711727,0.34490238611713664,17,0.19956616052060738,0,217,family>unit>def>name>order>stage,NA,0.2432,0.2886,17,0.3449,0.1996,FALSE,566,399,FALSE,467
10,0.48684610129229927,0.4733893557422969,0.2,0.5655747694334651,0.5020380434782609,0.4966158984352361,0.7376635370846275,0.3275488069414317,24,0.09978308026030369,1,168,family>name>unit>stage>order>def,NA,0.2999,0.4946,24,0.3275,0.0998,FALSE,567,163,FALSE,468
10,0.4866452465914446,0.4733893557422969,0,0.4221758400329829,0.29966329966329963,0.39749112197491404,0.6680121688450239,0.38177874186550975,19,0.11713665943600868,0,680,unit>order>family>def>stage>name,NA,0.2331,0.3666,19,0.3818,0.1171,FALSE,568,425,FALSE,469
10,0.4859763533931396,0.47058823529411764,0.15384615384615385,0.6674574268324268,0.7840909090909092,0.5418719010133618,0.7283385046326223,0.3210412147505423,24,0.07809110629067245,1,200,family>stage>name>def>unit>order,NA,0.3054,0.5455,24,0.321,0.0781,FALSE,569,124,FALSE,470
10,0.48587976816742956,0.43529411764705883,0.23076923076923078,0.3216568472105304,0.3279569892473118,0.3641658853067532,0.7370100474210948,0.351409978308026,15,0.16052060737527116,0,495,stage>def>order>name>family>unit,NA,0.1613,0.332,15,0.3514,0.1605,FALSE,570,611,FALSE,471
10,0.48579650709564626,0.4505420054200542,0.15384615384615385,0.6214635364635365,0.6461538461538461,0.5216217262660594,0.645395673591513,0.3926247288503254,22,0.06073752711496746,0,315,name>stage>def>order>family>unit,NA,0.2791,0.4842,22,0.3926,0.0607,FALSE,571,306,FALSE,472
10,0.48572094866714666,0.45751633986928103,0.12,0.6518072618072618,0.8590909090909091,0.536122441165679,0.6490864037922861,0.3774403470715835,24,0.08026030368763558,0,336,name>stage>unit>order>family>def,NA,0.2794,0.507,24,0.3774,0.0803,FALSE,572,304,FALSE,473
10,0.4856537935999916,0.4880952380952381,0.23076923076923078,0.43735006738544474,0.2818396226415094,0.41028469841932813,0.7672605707698964,0.2950108459869848,21,0.20824295010845986,0,182,family>order>stage>def>unit>name,NA,0.2133,0.3616,21,0.295,0.2082,FALSE,573,480,FALSE,474
10,0.4854327179276964,0.4733893557422969,0.13333333333333333,0.6331746031746032,0.7380952380952381,0.5149082769796318,0.6678454277270633,0.35357917570498915,24,0.09761388286334056,1,303,name>order>stage>family>def>unit,NA,0.3011,0.5341,24,0.3536,0.0976,FALSE,574,155,FALSE,475
10,0.4850939645401625,0.4733893557422969,0.13333333333333333,0.588510101010101,0.5757575757575758,0.4984196106955687,0.6990939400150304,0.3275488069414317,24,0.10412147505422993,1,190,family>order>unit>name>stage>def,NA,0.2959,0.4181,24,0.3275,0.1041,FALSE,575,210,FALSE,476
10,0.4846899900673215,0.5564024390243902,0,0.5817619047619048,0.6378205128205128,0.5131579477816762,0.5715926340517445,0.455531453362256,17,0.11062906724511931,0,19,def>family>unit>name>order>stage,NA,0.2768,0.4556,17,0.4555,0.1106,FALSE,576,319,FALSE,477
10,0.48454282350839023,0.46726190476190477,0,0.5779808047249908,0.5992063492063493,0.4968271377554007,0.6241431058977688,0.41431670281995664,20,0.09327548806941431,0,657,unit>name>family>order>def>stage,NA,0.3124,0.4392,20,0.4143,0.0933,FALSE,577,76,FALSE,478
10,0.48447017393574066,0.4819976771196283,0,0.7692189754689754,0.96875,0.5593748582928911,0.6429196626743255,0.3882863340563991,24,0.06073752711496746,0,291,name>order>def>stage>family>unit,NA,0.3234,0.5195,24,0.3883,0.0607,FALSE,578,41,FALSE,479
10,0.4840977527971789,0.4054621848739496,0.12,0.3687460856578504,0.33912483912483915,0.3749599371801132,0.6822983140723456,0.3882863340563991,16,0.1475054229934924,0,486,stage>def>family>unit>order>name,NA,0.155,0.3139,16,0.3883,0.1475,FALSE,579,615,FALSE,480
10,0.48359622698360144,0.44397759103641454,0.12,0.6696654040404041,0.7372159090909092,0.5342888488483033,0.6814274502796741,0.4078091106290672,23,0.07809110629067245,0,570,stage>order>name>unit>family>def,NA,0.2854,0.403,23,0.4078,0.0781,FALSE,580,274,FALSE,481
10,0.48339091921947014,0.4465737514518002,0,0.7493783993783993,0.905982905982906,0.5637032825566048,0.5868649917753218,0.42516268980477223,21,0.13665943600867678,0,5,def>family>name>unit>order>stage,NA,0.2988,0.5502,21,0.4252,0.1367,FALSE,581,175,FALSE,482
10,0.48330072366657734,0.46726190476190477,0.13333333333333333,0.6339133089133089,0.7628205128205128,0.5013535981651923,0.6726127525431687,0.3600867678958785,26,0.12147505422993492,1,456,order>stage>unit>name>family>def,NA,0.3018,0.4188,26,0.3601,0.1215,FALSE,582,145,FALSE,483
10,0.48319857561536184,0.45669934640522875,0.15384615384615385,0.6852546296296296,0.8590909090909091,0.549990584539936,0.7079315468526373,0.3080260303687636,25,0.0737527114967462,1,199,family>stage>name>def>order>unit,NA,0.3112,0.4816,25,0.308,0.0738,FALSE,583,84,FALSE,484
10,0.48312287353965977,0.4586834733893557,0.16,0.6276033417801711,0.775974025974026,0.5137930950650611,0.6475564892623716,0.3926247288503254,23,0.08893709327548807,0,663,unit>name>order>family>def>stage,NA,0.2971,0.466,23,0.3926,0.0889,FALSE,584,197,FALSE,485
10,0.48297355227269145,0.49419279907084784,0,0.6216269841269841,0.801948051948052,0.5289304584304584,0.584004193797594,0.4316702819956616,19,0.1301518438177874,0,8,def>family>order>name>unit>stage,NA,0.2955,0.4974,19,0.4317,0.1302,FALSE,585,216,FALSE,486
10,0.48288814350005166,0.4586834733893557,0,0.35283154121863797,0.20770609318996414,0.31181626166854487,0.697529868107343,0.3796095444685466,15,0.2017353579175705,1,218,family>unit>def>name>stage>order,NA,0.2534,0.2791,15,0.3796,0.2017,FALSE,586,379,FALSE,487
10,0.4826755841798883,0.45760743321718933,0,0.4859418604651163,0.4693023255813954,0.4441495172113011,0.5758783124256582,0.4316702819956616,17,0.11496746203904555,0,106,def>unit>name>order>stage>family,NA,0.2349,0.4308,17,0.4317,0.115,FALSE,587,421,FALSE,488
10,0.48225628325126174,0.47834967320261434,0.2,0.4952286255411255,0.34422348484848486,0.4439576764335231,0.7308226622731644,0.31670281995661603,23,0.20824295010845986,2,139,family>def>unit>name>order>stage,NA,0.2451,0.3505,23,0.3167,0.2082,FALSE,588,396,FALSE,489
10,0.4820704755948658,0.4819976771196283,0.13333333333333333,0.7061111111111111,0.9166666666666667,0.5514683892552344,0.7021563520968113,0.3275488069414317,27,0.10845986984815618,2,430,order>name>unit>family>stage>def,NA,0.3194,0.4953,27,0.3275,0.1085,FALSE,589,54,FALSE,490
10,0.48198612140290764,0.4586834733893557,0.13333333333333333,0.4182024116511783,0.3014112903225806,0.4071544505794651,0.6897255926760948,0.37093275488069416,18,0.11062906724511931,0,229,family>unit>order>def>name>stage,NA,0.2525,0.3668,18,0.3709,0.1106,FALSE,590,382,FALSE,491
10,0.4817029235709293,0.4586834733893557,0.2,0.6058440170940171,0.6215277777777778,0.5149639312261879,0.6529926687372886,0.3882863340563991,23,0.08459869848156182,0,576,stage>order>unit>name>family>def,NA,0.3058,0.4671,23,0.3883,0.0846,FALSE,591,121,FALSE,492
10,0.4814992546111628,0.4586834733893557,0,0.34381720430107526,0.19438844086021506,0.30197606594560666,0.6822687376388954,0.3752711496746204,16,0.2017353579175705,0,221,family>unit>def>stage>name>order,NA,0.2645,0.2401,16,0.3753,0.2017,FALSE,592,359,FALSE,493
10,0.4814655798529543,0.4392156862745098,0.07692307692307693,0.4508906230645361,0.33663003663003666,0.41684183292308663,0.6373707175177763,0.420824295010846,18,0.08459869848156182,1,704,unit>stage>family>def>order>name,NA,0.2347,0.3408,18,0.4208,0.0846,FALSE,593,422,FALSE,494
10,0.481298571586233,0.44362745098039214,0.2,0.3442754154447703,0.281524926686217,0.35169809242611566,0.712965950357629,0.3232104121475054,19,0.1822125813449024,0,437,order>stage>def>unit>family>name,NA,0.1817,0.2905,19,0.3232,0.1822,FALSE,594,578,FALSE,495
10,0.4811827025994888,0.4603174603174603,0.15384615384615385,0.6920286902639844,0.8071428571428572,0.5437623207278038,0.6272530704589528,0.4121475054229935,22,0.07158351409978309,0,689,unit>order>name>stage>def>family,NA,0.3017,0.4746,22,0.4121,0.0716,FALSE,595,147,FALSE,496
10,0.4811621969613361,0.5685975609756098,0,0.642823593073593,0.9028679653679654,0.5365124585617258,0.5596243135152748,0.42516268980477223,19,0.13665943600867678,1,2,def>family>name>order>unit>stage,NA,0.2997,0.5188,19,0.4252,0.1367,FALSE,596,165,FALSE,497
10,0.48114059294762307,0.42058823529411765,0.15384615384615385,0.33881340579710145,0.31414473684210525,0.3692424474138645,0.7159173178965145,0.3774403470715835,16,0.1561822125813449,0,498,stage>def>order>unit>name>family,NA,0.1651,0.3124,16,0.3774,0.1562,FALSE,597,605,FALSE,498
10,0.48055004615980224,0.4811507936507936,0.1951219512195122,0.33146797032208686,0.281524926686217,0.3456515797145668,0.7296885597265799,0.3080260303687636,21,0.2017353579175705,0,435,order>stage>def>name>family>unit,NA,0.1872,0.3272,21,0.308,0.2017,FALSE,598,563,FALSE,499
10,0.48040707690205536,0.4733893557422969,0.15384615384615385,0.600335026285307,0.6226053639846744,0.5151085096534013,0.713184830154701,0.3470715835140998,23,0.09327548806941431,1,201,family>stage>name>order>def>unit,NA,0.3192,0.5063,23,0.3471,0.0933,FALSE,599,56,FALSE,500
10,0.4801794346256326,0.4733893557422969,0.13333333333333333,0.6303418803418803,0.7628205128205128,0.5158341270112436,0.6770643819754293,0.35357917570498915,26,0.09761388286334056,1,426,order>name>stage>unit>family>def,NA,0.3101,0.45,26,0.3536,0.0976,FALSE,600,88,FALSE,501
10,0.479983263349117,0.4573412698412698,0.2,0.3514923469387755,0.2741284013605442,0.35746841389251727,0.7498591434072065,0.2928416485900217,18,0.20824295010845986,0,398,order>family>stage>def>unit>name,NA,0.1969,0.311,18,0.2928,0.2082,FALSE,601,527,FALSE,502
10,0.4799572124034104,0.4733893557422969,0.15384615384615385,0.5614551718123146,0.575,0.48696387849419137,0.673455035797934,0.3557483731019523,21,0.10629067245119306,0,520,stage>family>order>name>unit>def,NA,0.2714,0.4298,21,0.3557,0.1063,FALSE,602,339,FALSE,503
10,0.47980353792548913,0.46726190476190477,0.13333333333333333,0.6242767295597484,0.7277777777777779,0.5123061484998179,0.6835647691221579,0.3665943600867679,23,0.11496746203904555,1,472,order>unit>name>family>stage>def,NA,0.3123,0.4642,23,0.3666,0.115,FALSE,603,77,FALSE,504
10,0.47933418120218696,0.4636437908496732,0.07692307692307693,0.6920700804571772,0.7552447552447552,0.533109760896541,0.6921985870020303,0.351409978308026,26,0.07592190889370933,1,422,order>name>stage>def>unit>family,NA,0.2938,0.5884,26,0.3514,0.0759,FALSE,604,229,FALSE,505
10,0.479088544485962,0.4733893557422969,0.2,0.5033261183261183,0.4396825396825397,0.447983290281932,0.701075660908516,0.351409978308026,20,0.1193058568329718,1,543,stage>name>order>family>def>unit,NA,0.2351,0.3857,20,0.3514,0.1193,FALSE,605,420,FALSE,506
10,0.4786416291344555,0.4603174603174603,0.2,0.3509210084645869,0.281524926686217,0.3496304767715197,0.6754900725768731,0.3600867678958785,19,0.19956616052060738,1,554,stage>order>def>family>unit>name,NA,0.1721,0.3049,19,0.3601,0.1996,FALSE,606,596,FALSE,507
10,0.4786373249737669,0.4366830065359477,0.23076923076923078,0.46332285115303984,0.32013888888888886,0.42392009197421876,0.6646513988960187,0.38177874186550975,20,0.1735357917570499,2,600,stage>unit>order>name>family>def,NA,0.2094,0.3844,20,0.3818,0.1735,FALSE,607,488,FALSE,508
10,0.4785585555047535,0.4852941176470588,0.07692307692307693,0.8157070707070707,1,0.5880216557635912,0.6935159807512749,0.3470715835140998,29,0.07809110629067245,1,681,unit>order>family>name>def>stage,NA,0.3381,0.56,29,0.3471,0.0781,FALSE,608,13,FALSE,509
10,0.4778956236653511,0.49419279907084784,0,0.6010392385392386,0.7482517482517483,0.5180692111930244,0.5874227125496853,0.42516268980477223,19,0.13232104121475055,0,50,def>order>family>name>unit>stage,NA,0.2737,0.5118,19,0.4252,0.1323,FALSE,609,331,FALSE,510
10,0.4778884561954863,0.42058823529411765,0.15384615384615385,0.666984126984127,0.6992481203007519,0.5316244831879506,0.6795417855697626,0.41431670281995664,25,0.049891540130151846,0,542,stage>name>order>def>unit>family,NA,0.2869,0.4389,25,0.4143,0.0499,FALSE,610,262,FALSE,511
10,0.47689173205242075,0.41571018651362984,0,0.5561355311355312,0.5247252747252747,0.4637330819593502,0.6230187275660733,0.44685466377440347,16,0.10412147505422993,0,607,unit>def>name>family>order>stage,NA,0.2439,0.4007,16,0.4469,0.1041,FALSE,611,398,FALSE,512
10,0.4766794346256326,0.4733893557422969,0.23076923076923078,0.43742690058479533,0.3005847953216374,0.4030209841064875,0.7309958648875435,0.3232104121475054,21,0.20607375271149675,0,206,family>stage>order>def>unit>name,NA,0.2215,0.3318,21,0.3232,0.2061,FALSE,612,459,FALSE,513
10,0.47662897854576475,0.4110644257703081,0.07692307692307693,0.446052206052206,0.3437283437283437,0.40658440887700315,0.6239024635495224,0.44251626898047725,17,0.09761388286334056,0,683,unit>order>family>stage>def>name,NA,0.2134,0.3365,17,0.4425,0.0976,FALSE,613,479,FALSE,514
10,0.4761874604751219,0.4714052287581699,0.13333333333333333,0.2574948009506833,0.21217320261437908,0.28065162135935895,0.7686539486338626,0.3080260303687636,16,0.19088937093275488,2,443,order>stage>family>unit>def>name,NA,0.2102,0.2778,16,0.308,0.1909,FALSE,614,485,FALSE,515
10,0.4760738845882318,0.45229555236728836,0,0.5677983348751157,0.6130434782608696,0.47577332428955926,0.6356875235397473,0.43817787418655096,16,0.1019522776572668,0,609,unit>def>name>order>family>stage,NA,0.2425,0.4075,16,0.4382,0.102,FALSE,615,402,FALSE,516
10,0.4757498935784445,0.4465737514518002,0.07692307692307693,0.47155194805194806,0.44,0.4421740232135066,0.5729810998821042,0.44685466377440347,17,0.11062906724511931,1,70,def>order>unit>name>stage>family,NA,0.2168,0.4365,17,0.4469,0.1106,FALSE,616,470,FALSE,517
10,0.4756531979896399,0.44957983193277307,0.2,0.655556586270872,0.8590909090909091,0.5154318521039856,0.7064936690123204,0.36225596529284165,26,0.10629067245119306,1,400,order>family>stage>name>unit>def,NA,0.3171,0.4162,26,0.3623,0.1063,FALSE,617,60,FALSE,518
10,0.47558182635155377,0.46443089430894313,0,0.6347474747474747,0.7272727272727273,0.5219323507411587,0.6320597931480284,0.39913232104121477,21,0.07158351409978309,0,316,name>stage>def>order>unit>family,NA,0.2771,0.4896,21,0.3991,0.0716,FALSE,618,317,FALSE,519
10,0.47505070833836976,0.4733893557422969,0.15384615384615385,0.6390889252591381,0.7628205128205128,0.5095032000057413,0.6578731901766335,0.3665943600867679,26,0.1019522776572668,0,450,order>stage>name>unit>family>def,NA,0.315,0.4517,26,0.3666,0.102,FALSE,619,67,FALSE,520
10,0.47469944713345,0.44362745098039214,0.13333333333333333,0.2954283484290986,0.215007215007215,0.2838787695532943,0.7050132716000722,0.3318872017353579,18,0.18655097613882862,1,560,stage>order>family>def>unit>name,NA,0.1925,0.2623,18,0.3319,0.1866,FALSE,620,541,FALSE,521
10,0.47375989457696777,0.4642857142857143,0.07692307692307693,0.7661768297062415,0.9222222222222223,0.5569808525856002,0.6880596468731333,0.34273318872017355,28,0.07809110629067245,1,445,order>stage>name>def>family>unit,NA,0.3089,0.5717,28,0.3427,0.0781,FALSE,621,94,FALSE,522
10,0.4734317123972791,0.4586834733893557,0,0.4413953214008831,0.3156158357771261,0.35636032023453856,0.6792823920062083,0.36225596529284165,18,0.18872017353579176,0,222,family>unit>def>stage>order>name,NA,0.2532,0.2692,18,0.3623,0.1887,FALSE,622,380,FALSE,523
10,0.4725470514659898,0.48284313725490197,0.06666666666666667,0.5890972222222222,0.6833333333333333,0.5114442731086475,0.554091205462798,0.5119305856832972,16,0.09761388286334056,0,79,def>stage>name>family>order>unit,NA,0.2514,0.3363,16,0.5119,0.0976,FALSE,623,383,FALSE,524
10,0.4723710056880789,0.4573412698412698,0.07692307692307693,0.7509146409146409,0.8376623376623377,0.5554262495839064,0.7283417726064785,0.3188720173535792,29,0.07592190889370933,1,446,order>stage>name>def>unit>family,NA,0.2978,0.5729,29,0.3189,0.0759,FALSE,624,189,FALSE,525
10,0.4717670927032477,0.45039682539682535,0,0.7801515151515152,0.9666666666666667,0.5577733319366477,0.6415470777429171,0.40563991323210413,25,0.0737527114967462,0,694,unit>order>stage>family>name>def,NA,0.3196,0.4698,25,0.4056,0.0738,FALSE,625,52,FALSE,526
10,0.47171915307711576,0.4742063492063492,0.07692307692307693,0.7994444444444444,0.9642857142857143,0.5774563151344626,0.7033269716892385,0.3275488069414317,28,0.0737527114967462,2,231,family>unit>order>name>def>stage,NA,0.3443,0.4956,28,0.3275,0.0738,FALSE,626,4,FALSE,527
10,0.471704382816291,0.4279053084648493,0,0.496875,0.46354166666666663,0.3934657699484203,0.5813436855667846,0.4685466377440347,16,0.20824295010845986,0,82,def>stage>name>order>unit>family,NA,0.1871,0.2856,16,0.4685,0.2082,FALSE,627,564,FALSE,528
10,0.47156154844677084,0.4644607843137255,0.15384615384615385,0.6298581560283688,0.7166666666666667,0.49773439465263364,0.7015196665282748,0.34490238611713664,27,0.1019522776572668,0,424,order>name>stage>family>unit>def,NA,0.3122,0.4473,27,0.3449,0.102,FALSE,628,78,FALSE,529
10,0.47143699143196993,0.4742063492063492,0.07692307692307693,0.6144117647058823,0.6527777777777778,0.5085952888564255,0.6588594692411048,0.3839479392624729,23,0.11062906724511931,2,474,order>unit>name>stage>family>def,NA,0.3163,0.4031,23,0.3839,0.1106,FALSE,629,63,FALSE,530
10,0.47133568424242744,0.4819976771196283,0,0.5824894957983193,0.6279761904761905,0.48981409995391517,0.612294976902581,0.4511930585683297,18,0.11062906724511931,1,703,unit>stage>family>def>name>order,NA,0.2303,0.3519,18,0.4512,0.1106,FALSE,630,433,FALSE,531
10,0.4712899326084405,0.4819976771196283,0,0.6478510861119557,0.8770903010033444,0.5299111155789147,0.5692127309960883,0.43817787418655096,19,0.13232104121475055,1,7,def>family>order>name>stage>unit,NA,0.3018,0.487,19,0.4382,0.1323,FALSE,631,145,FALSE,532
10,0.47119830058352297,0.45751633986928103,0.2,0.36048418972332014,0.28068181818181814,0.3574662350727464,0.7119869149661116,0.31670281995661603,22,0.19956616052060738,2,507,stage>family>def>order>name>unit,NA,0.1825,0.2884,22,0.3167,0.1996,FALSE,632,575,FALSE,533
10,0.47083109191143624,0.4644607843137255,0.1951219512195122,0.3366163901458019,0.2863636363636364,0.3488827430990821,0.7371424209458642,0.3405639913232104,21,0.19522776572668113,0,440,order>stage>family>def>unit>name,NA,0.2036,0.3899,21,0.3406,0.1952,FALSE,633,507,FALSE,534
10,0.47071920650686794,0.4257703081232493,0.2,0.3413004553799204,0.2360215053763441,0.3497169363330088,0.7202737092335371,0.3297180043383948,17,0.2017353579175705,1,397,order>family>stage>def>name>unit,NA,0.1901,0.3185,17,0.3297,0.2017,FALSE,634,555,FALSE,535
10,0.4697339846507709,0.4586834733893557,0,0.5111360823399127,0.4958471760797343,0.45215189730577476,0.6170042016806723,0.3839479392624729,18,0.11062906724511931,0,666,unit>name>order>stage>family>def,NA,0.2368,0.3705,18,0.3839,0.1106,FALSE,635,416,FALSE,536
10,0.4683154501325233,0.45039682539682535,0.07692307692307693,0.7857070707070707,0.9097222222222222,0.5630335546647454,0.7036408434543299,0.3470715835140998,29,0.0737527114967462,1,449,order>stage>name>unit>def>family,NA,0.315,0.5989,29,0.3471,0.0738,FALSE,636,67,FALSE,537
10,0.4681215185261096,0.43586601307189543,0.15384615384615385,0.6333226194095759,0.6722408026755853,0.5092695500659875,0.6704879870647446,0.37310195227765725,24,0.07158351409978309,0,593,stage>unit>name>order>def>family,NA,0.265,0.4605,24,0.3731,0.0716,FALSE,637,357,FALSE,538
10,0.46784940517795615,0.4295634920634921,0.07692307692307693,0.7929137529137529,0.9615384615384616,0.5655381001604746,0.6448962840921234,0.37093275488069416,28,0.06724511930585683,0,566,stage>order>name>def>unit>family,NA,0.2973,0.4918,28,0.3709,0.0672,FALSE,638,191,FALSE,539
10,0.4670778086093724,0.4733893557422969,0.15384615384615385,0.7121176470588235,0.7916666666666667,0.541046926207249,0.7140939400150303,0.3362255965292842,28,0.07809110629067245,1,441,order>stage>family>name>def>unit,NA,0.3224,0.4577,28,0.3362,0.0781,FALSE,639,43,FALSE,540
10,0.46577226838202446,0.46726190476190477,0.1951219512195122,0.3320010656199803,0.281524926686217,0.34360885690269544,0.6496272477721545,0.3926247288503254,19,0.18872017353579176,1,558,stage>order>def>unit>name>family,NA,0.1782,0.3239,19,0.3926,0.1887,FALSE,640,590,FALSE,541
10,0.46561637350374796,0.4226190476190476,0.2,0.6535497835497835,0.8772727272727273,0.5066086009321072,0.6261134812899518,0.40997830802603036,22,0.0911062906724512,1,627,unit>family>def>order>name>stage,NA,0.2871,0.3993,22,0.41,0.0911,FALSE,641,260,FALSE,542
10,0.46525639361435633,0.4054621848739496,0.15384615384615385,0.44608125068209104,0.32426470588235295,0.40255412125751316,0.6173216619981325,0.44685466377440347,16,0.10629067245119306,0,630,unit>family>def>stage>order>name,NA,0.2373,0.3392,16,0.4469,0.1063,FALSE,642,413,FALSE,543
10,0.4650013453786768,0.4819976771196283,0,0.5628595786140543,0.6264705882352941,0.48573839589068835,0.5747708336617949,0.44685466377440347,16,0.11062906724511931,0,13,def>family>stage>name>order>unit,NA,0.2609,0.4098,16,0.4469,0.1106,FALSE,643,365,FALSE,544
10,0.4643095579695293,0.3742857142857143,0.07692307692307693,0.7593301435406699,0.9,0.5525090884126138,0.6584118671858987,0.3882863340563991,25,0.07158351409978309,0,551,stage>name>unit>order>def>family,NA,0.2775,0.5142,25,0.3883,0.0716,FALSE,644,314,FALSE,545
10,0.46309073247810695,0.47038327526132406,0.07692307692307693,0.6761954584205223,0.9166666666666667,0.5363664003105486,0.6046784098254686,0.41431670281995664,23,0.08026030368763558,0,684,unit>order>family>stage>name>def,NA,0.326,0.4814,23,0.4143,0.0803,FALSE,645,36,FALSE,546
10,0.4627199808003251,0.4505718954248366,0.1951219512195122,0.32903599175519266,0.31666666666666665,0.345934968190068,0.6878317067915346,0.32537960954446854,22,0.1843817787418655,0,508,stage>family>def>order>unit>name,NA,0.1809,0.2941,22,0.3254,0.1844,FALSE,646,580,FALSE,547
10,0.4624936628810373,0.45337301587301587,0.07692307692307693,0.6731022958442313,0.7887096774193548,0.5168432240699677,0.7057807532018435,0.3383947939262473,24,0.08026030368763558,3,153,family>name>order>stage>def>unit,NA,0.29,0.4961,24,0.3384,0.0803,FALSE,647,249,FALSE,548
10,0.4622109984706828,0.4464285714285714,0,0.5876450408636869,0.6443850267379679,0.4417568997136447,0.6100363042027317,0.44685466377440347,19,0.11496746203904555,0,626,unit>family>def>name>stage>order,NA,0.2346,0.3971,19,0.4469,0.115,FALSE,648,423,FALSE,549
10,0.4621546782565434,0.4798441734417344,0,0.5402477956825783,0.543123543123543,0.4665219415363937,0.5812178839015281,0.47288503253796094,16,0.09978308026030369,1,47,def>name>unit>stage>family>order,NA,0.2356,0.3788,16,0.4729,0.0998,FALSE,649,419,FALSE,550
10,0.46180736997738436,0.3472022955523673,0.15384615384615385,0.44514741398951924,0.4105263157894737,0.3898078896308994,0.6611323989257992,0.42950108459869846,16,0.15184381778741865,0,483,stage>def>family>order>name>unit,NA,0.1915,0.3306,16,0.4295,0.1518,FALSE,650,544,FALSE,551
10,0.46127011630168013,0.4644607843137255,0.2,0.3387366090131067,0.2701612903225806,0.3499643173961013,0.6979161713465875,0.3492407809110629,21,0.19088937093275488,0,509,stage>family>def>unit>name>order,NA,0.1813,0.3074,21,0.3492,0.1909,FALSE,651,579,FALSE,552
10,0.46094830627685723,0.4325681492109039,0.06666666666666667,0.4750327932936628,0.4593406593406594,0.44003793159396914,0.5520002408718334,0.46637744034707157,17,0.11279826464208242,0,69,def>order>unit>name>family>stage,NA,0.2246,0.4118,17,0.4664,0.1128,FALSE,652,450,FALSE,553
10,0.4607242166410029,0.43487394957983194,0.13333333333333333,0.5482951486057076,0.5091973244147157,0.4593516414660658,0.6553717177928081,0.3926247288503254,20,0.10629067245119306,0,230,family>unit>order>def>stage>name,NA,0.2768,0.3789,20,0.3926,0.1063,FALSE,653,319,FALSE,554
10,0.46034476730029095,0.422883787661406,0,0.5956140350877193,0.6794871794871795,0.4994696091397999,0.5612174301865838,0.47071583514099785,18,0.1193058568329718,0,105,def>unit>name>order>family>stage,NA,0.2494,0.4132,18,0.4707,0.1193,FALSE,654,388,FALSE,555
10,0.460251396618685,0.445993031358885,0,0.7226190476190476,0.7916666666666667,0.5377751820342656,0.5612990577093877,0.5097613882863341,20,0.11062906724511931,0,42,def>name>stage>unit>order>family,NA,0.2899,0.319,20,0.5098,0.1106,FALSE,655,250,FALSE,556
10,0.45979175885488655,0.4337979094076655,0,0.5579633065347351,0.5757575757575758,0.4593778053581699,0.6197023165739091,0.4316702819956616,17,0.10629067245119306,0,608,unit>def>name>family>stage>order,NA,0.2403,0.3975,17,0.4317,0.1063,FALSE,656,407,FALSE,557
10,0.45924152612890057,0.45588235294117646,0,0.5334343434343435,0.5358585858585858,0.40110118134434414,0.5851467610183536,0.4685466377440347,17,0.21475054229934923,0,96,def>stage>unit>order>name>family,NA,0.1859,0.2991,17,0.4685,0.2148,FALSE,657,569,FALSE,558
10,0.45860953186778153,0.42197712418300654,0.12,0.6073873873873874,0.6714285714285715,0.4953492699333454,0.681256338432809,0.3470715835140998,26,0.08026030368763558,0,447,order>stage>name>family>def>unit,NA,0.3006,0.4516,26,0.3471,0.0803,FALSE,658,157,FALSE,559
10,0.45848647789322106,0.5058072009291521,0.08,0.5605715807473439,0.6317523056653491,0.4809750195792586,0.5715358960344613,0.44685466377440347,16,0.10412147505422993,0,15,def>family>stage>order>name>unit,NA,0.2578,0.4094,16,0.4469,0.1041,FALSE,659,372,FALSE,560
10,0.4582109984706828,0.4464285714285714,0,0.5998199279711884,0.6102941176470589,0.4449753929321379,0.6004840166210325,0.4490238611713666,19,0.10629067245119306,0,625,unit>family>def>name>order>stage,NA,0.2364,0.3988,19,0.449,0.1063,FALSE,660,418,FALSE,561
10,0.4577809564100812,0.4714052287581699,0.17073170731707318,0.616309817633347,0.7307692307692308,0.4787226685567957,0.7454179669366183,0.30151843817787416,29,0.11062906724511931,2,399,order>family>stage>name>def>unit,taxonomy_first,0.3073,0.4091,29,0.3015,0.1106,FALSE,661,109,FALSE,562
10,0.457580763887794,0.38031045751633985,0.12,0.540825467925132,0.518796992481203,0.45260748636264814,0.5958664667868399,0.4164859002169197,21,0.1019522776572668,0,664,unit>name>order>family>stage>def,NA,0.2631,0.3155,21,0.4165,0.102,FALSE,662,363,FALSE,563
10,0.45612655143358155,0.41567460317460314,0.08,0.6913241660300484,0.7914438502673797,0.5297995102354303,0.6299861993577919,0.3926247288503254,27,0.06290672451193059,1,599,stage>unit>order>name>def>family,NA,0.3008,0.4915,27,0.3926,0.0629,FALSE,663,156,FALSE,564
10,0.45519896276209043,0.4586834733893557,0.08,0.5673986486486486,0.5027027027027027,0.4743946537498422,0.6001881340403579,0.42516268980477223,19,0.08026030368763558,1,688,unit>order>name>family>stage>def,NA,0.2895,0.4155,19,0.4252,0.0803,FALSE,664,254,FALSE,565
10,0.45498838384634654,0.42927170868347336,0.08,0.44420289855072465,0.3472222222222222,0.3938235773115564,0.6141384373636884,0.4490238611713666,17,0.09978308026030369,1,61,def>order>stage>family>name>unit,NA,0.2003,0.4002,17,0.449,0.0998,FALSE,665,519,FALSE,566
10,0.4547783506147925,0.4019607843137255,0.15384615384615385,0.39834734482275463,0.3184027777777778,0.3772158575704815,0.6789266243082599,0.368763557483731,20,0.13232104121475055,1,451,order>stage>unit>def>family>name,NA,0.2219,0.346,20,0.3688,0.1323,FALSE,666,458,FALSE,567
10,0.4546644252447696,0.44362745098039214,0.1951219512195122,0.3300629122616789,0.281524926686217,0.3407633906246145,0.6665356499072425,0.37093275488069416,20,0.1735357917570499,0,438,order>stage>def>unit>name>family,NA,0.193,0.298,20,0.3709,0.1735,FALSE,667,539,FALSE,568
10,0.453133087381294,0.37173202614379086,0.12,0.36688426590148254,0.30081300813008127,0.3538855335737161,0.5958471795222153,0.45770065075921906,19,0.1475054229934924,0,494,stage>def>order>family>unit>name,NA,0.1963,0.3032,19,0.4577,0.1475,FALSE,668,530,FALSE,569
10,0.45260733599255837,0.44957983193277307,0.07692307692307693,0.7452292152292153,0.95,0.5289069320164903,0.6748374912191268,0.3774403470715835,27,0.07809110629067245,1,421,order>name>stage>def>family>unit,NA,0.2982,0.5445,27,0.3774,0.0781,FALSE,669,183,FALSE,570
10,0.45208746450425075,0.41428571428571426,0.15384615384615385,0.5805125725338491,0.5795454545454546,0.4593572400538128,0.6101102492278963,0.4360086767895879,20,0.1019522776572668,0,717,unit>stage>order>family>def>name,NA,0.2496,0.3239,20,0.436,0.102,FALSE,670,387,FALSE,571
10,0.4516335393444432,0.375,0,0.7318506493506494,0.8660714285714286,0.5162020641703594,0.605213995792188,0.4511930585683297,21,0.0650759219088937,0,667,unit>name>stage>def>family>order,NA,0.2743,0.417,21,0.4512,0.0651,FALSE,671,327,FALSE,572
10,0.451276167878033,0.4332171893147503,0,0.5955128205128205,0.6145833333333333,0.490676080729996,0.5422011849142409,0.4837310195227766,17,0.10412147505422993,0,108,def>unit>name>stage>order>family,NA,0.2698,0.3855,17,0.4837,0.1041,FALSE,672,346,FALSE,573
10,0.4505727073818896,0.42927170868347336,0.12,0.576350827518792,0.5889877641824249,0.48211725838660824,0.6062552584510977,0.44468546637744033,20,0.06724511930585683,0,568,stage>order>name>family>unit>def,NA,0.2958,0.4184,20,0.4447,0.0672,FALSE,673,212,FALSE,574
10,0.4462750826409363,0.46726190476190477,0,0.32446236559139785,0.2418154761904762,0.33033096910882176,0.6924406299105008,0.3492407809110629,18,0.1822125813449024,0,475,order>unit>stage>def>family>name,NA,0.1903,0.333,18,0.3492,0.1822,FALSE,674,551,FALSE,575
10,0.4456863804934106,0.38095238095238093,0.15384615384615385,0.6111549093321539,0.6026785714285714,0.4851035769475824,0.6449742433558789,0.40997830802603036,24,0.0737527114967462,0,541,stage>name>order>def>family>unit,NA,0.2684,0.3966,24,0.41,0.0738,FALSE,675,352,FALSE,576
10,0.44456806162114626,0.43648373983739835,0,0.5778231292517007,0.5916666666666667,0.4674546099297562,0.5471683667838617,0.46637744034707157,17,0.10629067245119306,0,83,def>stage>name>unit>family>order,NA,0.2554,0.3373,17,0.4664,0.1063,FALSE,676,377,FALSE,577
10,0.4444958508731823,0.44345238095238093,0,0.8072727272727273,1,0.548557699778235,0.6369474916921115,0.37093275488069416,29,0.07158351409978309,1,565,stage>order>name>def>family>unit,NA,0.3033,0.4983,29,0.3709,0.0716,FALSE,677,135,FALSE,578
10,0.4436485504771014,0.4087301587301587,0,0.696031746031746,0.873015873015873,0.5231921501437631,0.5952972034342192,0.42516268980477223,22,0.06073752711496746,0,653,unit>name>def>stage>family>order,NA,0.294,0.4675,22,0.4252,0.0607,FALSE,678,226,FALSE,579
10,0.4435133372923904,0.445993031358885,0,0.5295652173913044,0.4178571428571428,0.4060809053519423,0.5625753377023104,0.5010845986984815,17,0.09978308026030369,0,643,unit>family>stage>def>name>order,NA,0.2394,0.3347,17,0.5011,0.0998,FALSE,679,409,FALSE,580
10,0.43989027017936627,0.45818815331010454,0,0.616043956043956,0.7662337662337663,0.48982739800124475,0.5206367004587952,0.5010845986984815,19,0.10412147505422993,1,98,def>unit>family>name>stage>order,NA,0.2717,0.3961,19,0.5011,0.1041,FALSE,680,338,FALSE,581
10,0.4394724722909802,0.45818815331010454,0,0.6234356819650937,0.8346153846153846,0.5035928143736219,0.5370597852649502,0.46203904555314534,19,0.12364425162689804,1,49,def>order>family>name>stage>unit,NA,0.3036,0.4363,19,0.462,0.1236,FALSE,681,134,FALSE,582
10,0.4391134620202052,0.42927170868347336,0.07692307692307693,0.5090979262672811,0.5825806451612903,0.43702223121300166,0.6404688592134791,0.420824295010846,21,0.10412147505422993,1,556,stage>order>def>name>unit>family,NA,0.2414,0.3944,21,0.4208,0.1041,FALSE,682,404,FALSE,583
10,0.43799089241700434,0.4081779053084649,0,0.5402873722022659,0.5032467532467533,0.4420986823067337,0.5567557121660421,0.4750542299349241,16,0.1019522776572668,0,74,def>stage>family>name>unit>order,NA,0.2371,0.3326,16,0.4751,0.102,FALSE,683,415,FALSE,584
10,0.4379633349274669,0.33739837398373984,0.08,0.5798209748209748,0.4297297297297298,0.4108145529025349,0.5537095015617254,0.5314533622559653,20,0.08026030368763558,1,484,stage>def>family>order>unit>name,NA,0.2604,0.2547,20,0.5315,0.0803,FALSE,684,366,FALSE,585
10,0.4377347510611499,0.44199346405228757,0,0.6214478114478115,0.6683501683501684,0.4920220723192742,0.6220742218087986,0.41865509761388287,26,0.0737527114967462,1,598,stage>unit>order>family>name>def,NA,0.3077,0.4316,26,0.4187,0.0738,FALSE,685,106,FALSE,586
10,0.43753379913566426,0.4242886178861789,0,0.556934731934732,0.6590909090909092,0.46315883870254043,0.5347066487633202,0.4837310195227766,16,0.10845986984815618,1,116,def>unit>stage>family>order>name,NA,0.2469,0.4016,16,0.4837,0.1085,FALSE,686,393,FALSE,587
10,0.43746504117594504,0.4226190476190476,0,0.6478643578643579,0.7909090909090909,0.4853631160523331,0.5672568359426322,0.4750542299349241,20,0.0650759219088937,0,668,unit>name>stage>def>order>family,NA,0.2957,0.378,20,0.4751,0.0651,FALSE,687,213,FALSE,588
10,0.4340968374842119,0.386437908496732,0.07692307692307693,0.6596655518394648,0.8461538461538461,0.4922346257946676,0.5773670545141133,0.46203904555314534,22,0.0650759219088937,0,691,unit>order>stage>def>family>name,NA,0.2858,0.3423,22,0.462,0.0651,FALSE,688,272,FALSE,589
10,0.43377752727107105,0.34434281842818426,0.15384615384615385,0.5510528360528361,0.42727272727272725,0.40819311903215444,0.5995269259673851,0.4642082429501085,21,0.07158351409978309,0,502,stage>def>unit>name>order>family,NA,0.2381,0.3149,21,0.4642,0.0716,FALSE,689,411,FALSE,590
10,0.43075997428364715,0.42160278745644597,0,0.5206937799043062,0.5185758513931888,0.44793457282457105,0.5481939771530876,0.47071583514099785,15,0.10629067245119306,0,95,def>stage>unit>order>family>name,NA,0.2271,0.4063,15,0.4707,0.1063,FALSE,690,445,FALSE,591
10,0.4295547795103032,0.42401500938086306,0.06666666666666667,0.6675548589341693,0.884090909090909,0.485199954872086,0.5571356231047766,0.4967462039045553,18,0.09544468546637744,0,88,def>stage>order>name>unit>family,NA,0.2581,0.2825,18,0.4967,0.0954,FALSE,691,368,FALSE,592
10,0.42915682245380954,0.3508986928104575,0.07692307692307693,0.684981684981685,0.7628205128205128,0.49879819927763275,0.6393642402552016,0.403470715835141,26,0.06073752711496746,2,423,order>name>stage>family>def>unit,NA,0.3301,0.4081,26,0.4035,0.0607,FALSE,692,22,FALSE,593
10,0.42807923019113836,0.42160278745644597,0,0.42365750528541224,0.29261363636363635,0.3739990699243305,0.6167578721294646,0.40563991323210413,19,0.10412147505422993,0,459,order>unit>def>name>family>stage,NA,0.2384,0.3377,19,0.4056,0.1041,FALSE,693,410,FALSE,594
10,0.42759114239817253,0.34901277584204415,0.15384615384615385,0.42202797202797204,0.3329326923076923,0.37696668144006007,0.630924574707932,0.44251626898047725,18,0.09544468546637744,0,452,order>stage>unit>def>name>family,NA,0.2299,0.3165,18,0.4425,0.0954,FALSE,694,436,FALSE,595
10,0.4274851360181346,0.453760162601626,0,0.6273500967117989,0.7305194805194806,0.4683054006915033,0.5188758240006447,0.48590021691973967,19,0.1019522776572668,0,41,def>name>stage>unit>family>order,NA,0.2734,0.3274,19,0.4859,0.102,FALSE,695,332,FALSE,596
10,0.42694578982312126,0.4145658263305322,0.13333333333333333,0.5501190476190476,0.5464285714285715,0.43630570496838206,0.5678714918112335,0.4837310195227766,18,0.10412147505422993,0,14,def>family>stage>name>unit>order,NA,0.2453,0.3455,18,0.4837,0.1041,FALSE,696,395,FALSE,597
10,0.42603341198893563,0.422883787661406,0,0.574775641025641,0.7,0.45915225485074473,0.5682480734632815,0.46637744034707157,17,0.10412147505422993,0,612,unit>def>name>stage>order>family,NA,0.243,0.3793,17,0.4664,0.1041,FALSE,697,401,FALSE,598
10,0.42474709245799636,0.4226190476190476,0,0.6529411764705882,0.9272727272727272,0.48973346537433227,0.5503138638820131,0.43383947939262474,24,0.0650759219088937,0,710,unit>stage>name>def>order>family,NA,0.3125,0.3807,24,0.4338,0.0651,FALSE,698,74,FALSE,599
10,0.4242551542192862,0.33739837398373984,0.14705882352941177,0.6364850663612274,0.6218487394957983,0.4589093804444472,0.6158095903777396,0.4772234273318872,23,0.0455531453362256,1,492,stage>def>name>unit>order>family,NA,0.2573,0.3254,23,0.4772,0.0456,FALSE,699,373,FALSE,600
10,0.42259011934980373,0.4017857142857143,0.07692307692307693,0.6481467587034814,0.9090909090909092,0.47243880402652827,0.5555027266691542,0.48156182212581344,19,0.10629067245119306,0,628,unit>family>def>order>stage>name,NA,0.2787,0.324,19,0.4816,0.1063,FALSE,700,308,FALSE,601
10,0.4216751970331597,0.4226190476190476,0,0.5945862381346252,0.7658730158730158,0.4812484826338524,0.5646517632694104,0.44685466377440347,19,0.06724511930585683,1,654,unit>name>def>stage>order>family,NA,0.2991,0.4591,19,0.4469,0.0672,FALSE,701,173,FALSE,602
10,0.4210545097338498,0.3407859078590786,0,0.6581052281052281,0.7961538461538462,0.473236106038403,0.6001150071035294,0.41865509761388287,24,0.07158351409978309,0,591,stage>unit>name>family>def>order,NA,0.283,0.3975,24,0.4187,0.0716,FALSE,702,284,FALSE,603
10,0.4199618091138895,0.39880952380952384,0.08,0.6519379844961241,0.8656126482213439,0.4704719212246302,0.5480115916285213,0.4945770065075922,20,0.09327548806941431,1,700,unit>stage>def>name>order>family,NA,0.2581,0.3379,20,0.4946,0.0933,FALSE,703,368,FALSE,604
10,0.4190692002879951,0.3333333333333333,0.15384615384615385,0.41046113306982873,0.4181818181818182,0.3834117620470768,0.6324631413541026,0.420824295010846,18,0.14967462039045554,0,499,stage>def>unit>family>name>order,NA,0.1646,0.2974,18,0.4208,0.1497,FALSE,704,606,FALSE,605
10,0.4182949882892494,0.37398373983739835,0,0.6136111111111111,0.6625,0.4782320758408924,0.5158534894883532,0.5379609544468547,18,0.09327548806941431,0,80,def>stage>name>family>unit>order,NA,0.2678,0.3012,18,0.538,0.0933,FALSE,705,354,FALSE,606
10,0.41776141863875005,0.4203730272596844,0,0.6166129032258064,0.825,0.4802546915066626,0.5161896370805983,0.5206073752711496,18,0.09761388286334056,0,87,def>stage>order>name>family>unit,NA,0.2813,0.3172,18,0.5206,0.0976,FALSE,706,292,FALSE,607
10,0.41693648866676125,0.34226190476190477,0.12,0.42359976979542197,0.27698863636363635,0.363663755219719,0.5913974665538511,0.45770065075921906,19,0.12147505422993492,0,524,stage>family>unit>def>order>name,NA,0.2455,0.2974,19,0.4577,0.1215,FALSE,707,394,FALSE,608
10,0.41654501675592065,0.39880952380952384,0,0.7125,0.95,0.49304894865266385,0.570487969546793,0.5032537960954447,22,0.0650759219088937,1,692,unit>order>stage>def>name>family,NA,0.3082,0.3466,22,0.5033,0.0651,FALSE,708,101,FALSE,609
10,0.4157662351995207,0.3075980392156863,0.15384615384615385,0.3685226412236862,0.2701612903225806,0.3258968200603663,0.6238279001406691,0.39045553145336226,24,0.1540130151843818,0,434,order>stage>def>family>unit>name,NA,0.2255,0.2523,24,0.3905,0.154,FALSE,709,448,FALSE,610
10,0.41207743460110746,0.4295392953929539,0,0.6276107226107226,0.9115384615384616,0.47344874741716075,0.5706553080269006,0.4360086767895879,20,0.07158351409978309,0,603,unit>def>family>order>name>stage,NA,0.2714,0.4015,20,0.436,0.0716,FALSE,710,339,FALSE,611
10,0.41044800058860315,0.3284313725490196,0.15384615384615385,0.5812560199518404,0.5104166666666666,0.4461896641570518,0.5953983284370659,0.4750542299349241,21,0.052060737527114966,0,489,stage>def>name>order>family>unit,NA,0.2536,0.3184,21,0.4751,0.0521,FALSE,711,378,FALSE,612
10,0.40869011532067484,0.29742547425474253,0.08,0.6925291375291376,0.7596153846153846,0.4786207772524908,0.58845046974387,0.4403470715835141,28,0.04338394793926247,0,567,stage>order>name>family>def>unit,NA,0.3065,0.3376,28,0.4403,0.0434,FALSE,712,114,FALSE,613
10,0.408447947158851,0.41428571428571426,0,0.6362701482914249,0.8522727272727273,0.4487303994838694,0.5378274078862314,0.47071583514099785,22,0.1019522776572668,0,644,unit>family>stage>def>order>name,NA,0.2751,0.3182,22,0.4707,0.102,FALSE,713,324,FALSE,614
10,0.406276731956072,0.3268970189701897,0,0.64321044546851,0.7714285714285715,0.45603105155008983,0.5744703622537195,0.4121475054229935,26,0.06724511930585683,1,594,stage>unit>name>order>family>def,NA,0.274,0.3171,26,0.4121,0.0672,FALSE,714,329,FALSE,615
10,0.4061706896642334,0.3165650406504065,0.15384615384615385,0.6464285714285715,0.6383928571428572,0.45040580219353665,0.5916955677830857,0.4750542299349241,23,0.0455531453362256,0,491,stage>def>name>unit>family>order,NA,0.2567,0.311,23,0.4751,0.0456,FALSE,715,375,FALSE,616
10,0.4041243021286063,0.4106886657101865,0,0.576911544227886,0.5053879310344828,0.4217943986417197,0.5196827726712949,0.5162689804772235,17,0.09978308026030369,0,93,def>stage>unit>name>family>order,NA,0.2335,0.2984,17,0.5163,0.0998,FALSE,716,424,FALSE,617
10,0.3977543589042872,0.26398852223816355,0.08,0.45494849236784723,0.3451612903225807,0.3561053373635103,0.5636890318353733,0.4837310195227766,21,0.12364425162689804,1,597,stage>unit>order>family>def>name,NA,0.2502,0.2779,21,0.4837,0.1236,FALSE,717,386,FALSE,618
10,0.39506163603652844,0.29647058823529415,0,0.6183035714285714,0.6571428571428571,0.4356396282637125,0.5087763202842113,0.5574837310195228,19,0.06941431670281996,0,73,def>stage>family>name>order>unit,NA,0.2854,0.2683,19,0.5575,0.0694,FALSE,718,274,FALSE,619
10,0.39289003105932807,0.26747967479674795,0.08,0.5377990430622009,0.4161931818181818,0.3767520057623521,0.5877041095362473,0.45770065075921906,22,0.08676789587852494,1,563,stage>order>family>unit>def>name,NA,0.2414,0.2717,22,0.4577,0.0868,FALSE,719,404,FALSE,620
10,0.38362215004826195,0.4081779053084649,0,0.5233625070581592,0.49642857142857144,0.3956469548182702,0.5247037451628557,0.5162689804772235,17,0.09978308026030369,1,91,def>stage>unit>family>name>order,NA,0.2314,0.3133,17,0.5163,0.0998,FALSE,720,429,FALSE,621
10,0.8512133993059388,0.9522222222222222,0.4,0.27052631578947367,0.07894736842105263,0.24264726620610524,0.8877987651595973,0.20824295010845986,11,0.6182212581344902,0,44,def>name>unit>family>stage>order,NA,0.0873,0.1053,11,0.2082,0.6182,TRUE,91,704,TRUE,NA
10,0.8122635348072937,0.9452777777777778,0,0.17017543859649123,0.07368421052631578,0.1872605691544032,0.8512879250511962,0.227765726681128,9,0.6182212581344902,0,39,def>name>stage>order>family>unit,NA,0.0869,0.1157,9,0.2278,0.6182,TRUE,97,705,TRUE,NA
10,0.8129410415823615,0.9522222222222222,0,0.1698961937716263,0.07439446366782007,0.18221633551650657,0.8470873830457761,0.21475054229934923,10,0.6268980477223427,0,48,def>name>unit>stage>order>family,NA,0.0861,0.0951,10,0.2148,0.6269,TRUE,96,707,TRUE,NA
10,0.8227581147530932,0.9522222222222222,0.06666666666666667,0.1695501730103806,0.0726643598615917,0.19302835281336503,0.8617825049969957,0.21475054229934923,9,0.6268980477223427,0,33,def>name>order>stage>family>unit,NA,0.086,0.1113,9,0.2148,0.6269,TRUE,94,708,TRUE,NA
10,0.7990182773547192,0.9522222222222222,0,0.1695501730103806,0.0726643598615917,0.17110481637369956,0.8356036432083778,0.23210412147505424,9,0.6268980477223427,0,37,def>name>stage>family>order>unit,NA,0.0866,0.1045,9,0.2321,0.6269,TRUE,98,706,TRUE,NA
10,0.8228190903628493,0.9522222222222222,0.13333333333333333,0.16944444444444445,0.078125,0.19509621671014862,0.8618434806067518,0.22125813449023862,9,0.6247288503253796,0,36,def>name>order>unit>stage>family,NA,0.0848,0.1104,9,0.2213,0.6247,TRUE,93,709,TRUE,NA
10,0.8150413125850715,0.9591666666666667,0,0.16917808219178082,0.07191780821917808,0.1857159545144671,0.8516266784387301,0.21475054229934923,9,0.6334056399132321,0,25,def>name>family>order>stage>unit,NA,0.0884,0.1048,9,0.2148,0.6334,TRUE,95,702,TRUE,NA
10,0.846586028032226,0.9591666666666667,0.26666666666666666,0.1665371214151702,0.078397212543554,0.20647317129014672,0.8880494426663723,0.19739696312364424,10,0.6225596529284165,0,57,def>order>name>stage>family>unit,NA,0.0801,0.1151,10,0.1974,0.6226,TRUE,92,714,TRUE,NA
10,0.7911235199520709,0.8958333333333333,0.26666666666666666,0.08133116883116882,0.06818181818181818,0.13872858883405634,0.8616926256431278,0.21908893709327548,7,0.6681127982646421,1,504,stage>def>unit>order>name>family,NA,0.043,0.0781,7,0.2191,0.6681,TRUE,99,720,TRUE,NA
10,0.9678632478632478,1,0.8666666666666667,0.06770833333333333,0.05598958333333333,0.1233343394247819,0.9678632478632478,0.1301518438177874,3,0.8329718004338394,0,111,def>unit>order>name>family>stage,NA,0.0803,-0.0101,3,0.1302,0.833,TRUE,88,713,TRUE,NA
10,0.9678632478632478,1,0.8666666666666667,0.06735751295336788,0.05569948186528498,0.12275055748054259,0.9678632478632478,0.12364425162689804,3,0.8373101952277657,0,117,def>unit>stage>name>family>order,NA,0.0807,-0.0109,3,0.1236,0.8373,TRUE,88,712,TRUE,NA
10,0.9944444444444445,1,0.9583333333333334,0.06527093596059114,0.054187192118226604,0.11951458683478763,0.9944444444444445,0.09978308026030369,2,0.8806941431670282,0,618,unit>def>order>stage>name>family,NA,0.1151,-0.0282,2,0.0998,0.8807,TRUE,6,687,TRUE,NA
10,0.981474358974359,1,0.9230769230769231,0.0651851851851852,0.05432098765432099,0.11924996677061603,0.981474358974359,0.08893709327548807,3,0.8785249457700651,0,500,stage>def>unit>family>order>name,NA,0.0798,-0.0289,3,0.0889,0.8785,TRUE,55,715,TRUE,NA
10,0.985,1,0.9166666666666666,0.06502463054187192,0.05295566502463055,0.11899282121513606,0.9891666666666666,0.09327548806941431,3,0.8806941431670282,0,702,unit>stage>def>order>name>family,NA,0.084,-0.0308,3,0.0933,0.8807,TRUE,53,710,TRUE,NA
10,0.9877777777777778,1,0.9333333333333333,0.06470588235294117,0.05392156862745098,0.11850393305161375,0.9877777777777778,0.09327548806941431,2,0.8850325379609545,0,615,unit>def>order>name>family>stage,NA,0.1164,-0.028,2,0.0933,0.885,TRUE,44,685,TRUE,NA
10,0.9944444444444445,1,0.9583333333333334,0.06463414634146342,0.05365853658536585,0.11844373566515351,0.9986111111111111,0.07809110629067245,3,0.8893709327548807,0,617,unit>def>order>stage>family>name,NA,0.0882,-0.0315,3,0.0781,0.8894,TRUE,6,703,TRUE,NA
10,0.9958333333333333,1,0.9583333333333334,0.0645631067961165,0.05339805825242719,0.11832871319040825,0.9958333333333333,0.0737527114967462,3,0.8937093275488069,0,614,unit>def>order>family>stage>name,NA,0.0993,-0.0309,3,0.0738,0.8937,TRUE,3,700,TRUE,NA
10,0.9891666666666666,1,0.9333333333333333,0.06447688564476886,0.05352798053527981,0.11812361634935119,0.9891666666666666,0.0911062906724512,2,0.8915401301518439,0,701,unit>stage>def>order>family>name,NA,0.1335,-0.0259,2,0.0911,0.8915,TRUE,31,663,TRUE,NA
10,0.9916666666666667,1,0.9166666666666666,0.06432038834951456,0.05218446601941747,0.11786999759407797,0.9916666666666667,0.07809110629067245,3,0.8937093275488069,0,697,unit>stage>def>family>name>order,NA,0.0777,-0.0285,3,0.0781,0.8937,TRUE,30,716,TRUE,NA
10,0.9944444444444445,1,0.9583333333333334,0.06432038834951456,0.05339805825242719,0.11791549004991238,0.9944444444444445,0.0824295010845987,2,0.8937093275488069,0,623,unit>def>stage>order>family>name,NA,0.127,-0.0271,2,0.0824,0.8937,TRUE,6,678,TRUE,NA
10,0.9877777777777778,1,0.9333333333333333,0.06423357664233577,0.05352798053527981,0.11770953767440295,0.9877777777777778,0.08676789587852494,2,0.8915401301518439,0,616,unit>def>order>name>stage>family,NA,0.1144,-0.0276,2,0.0868,0.8915,TRUE,44,688,TRUE,NA
10,0.9944444444444445,1,0.9583333333333334,0.06416464891041163,0.053268765133171914,0.11765313415489542,0.9944444444444445,0.07809110629067245,3,0.89587852494577,0,604,unit>def>family>order>stage>name,NA,0.1088,-0.0284,3,0.0781,0.8959,TRUE,6,691,TRUE,NA
10,0.9877777777777778,1,0.9333333333333333,0.06407766990291262,0.05339805825242719,0.11744710597497092,0.9877777777777778,0.08026030368763558,3,0.8937093275488069,0,606,unit>def>family>stage>order>name,NA,0.1053,-0.0287,3,0.0803,0.8937,TRUE,44,696,TRUE,NA
10,0.9734188034188034,1,0.8666666666666667,0.06405867970660147,0.05378973105134474,0.11729231144649417,0.9734188034188034,0.09978308026030369,2,0.8872017353579176,0,68,def>order>unit>family>stage>name,NA,0.1396,-0.0253,2,0.0998,0.8872,TRUE,62,624,TRUE,NA
10,0.9678632478632478,1,0.8666666666666667,0.06388206388206388,0.052825552825552825,0.11693942728763507,0.9678632478632478,0.10412147505422993,2,0.8828633405639913,0,72,def>order>unit>stage>name>family,NA,0.1346,-0.0262,2,0.1041,0.8829,TRUE,88,656,TRUE,NA
10,0.9891666666666666,1,0.9333333333333333,0.06385542168674699,0.05301204819277108,0.1170774782199519,0.9891666666666666,0.08026030368763558,2,0.9002169197396963,0,581,stage>unit>def>order>family>name,NA,0.1409,-0.0236,2,0.0803,0.9002,TRUE,31,620,TRUE,NA
10,0.9891666666666666,1,0.9333333333333333,0.06385542168674699,0.05301204819277108,0.1170774782199519,0.9891666666666666,0.08459869848156182,2,0.9002169197396963,0,699,unit>stage>def>name>family>order,NA,0.1348,-0.0241,2,0.0846,0.9002,TRUE,31,655,TRUE,NA
10,0.9734188034188034,1,0.8666666666666667,0.06374695863746958,0.05352798053527981,0.11676835599312028,0.9734188034188034,0.0911062906724512,2,0.8915401301518439,0,65,def>order>stage>unit>family>name,NA,0.1385,-0.0248,2,0.0911,0.8915,TRUE,62,630,TRUE,NA
10,0.9734188034188034,1,0.8666666666666667,0.06374695863746958,0.05352798053527981,0.11676835599312028,0.9734188034188034,0.09544468546637744,2,0.8915401301518439,0,67,def>order>unit>family>name>stage,NA,0.1345,-0.0252,2,0.0954,0.8915,TRUE,62,657,TRUE,NA
10,0.9734188034188034,1,0.8666666666666667,0.06359223300970875,0.05339805825242719,0.11650813366473536,0.9734188034188034,0.08893709327548807,2,0.8937093275488069,0,18,def>family>stage>unit>order>name,NA,0.1369,-0.0246,2,0.0889,0.8937,TRUE,62,640,TRUE,NA
10,0.9734188034188034,1,0.8666666666666667,0.06359223300970875,0.05339805825242719,0.11650813366473536,0.9734188034188034,0.08893709327548807,2,0.8937093275488069,0,75,def>stage>family>order>name>unit,NA,0.1338,-0.0246,2,0.0889,0.8937,TRUE,62,661,TRUE,NA
10,0.9734188034188034,1,0.8666666666666667,0.06359223300970875,0.05339805825242719,0.11650813366473536,0.9734188034188034,0.09327548806941431,2,0.8937093275488069,0,51,def>order>family>stage>name>unit,NA,0.1358,-0.025,2,0.0933,0.8937,TRUE,62,647,TRUE,NA
10,0.9944444444444445,1,0.9583333333333334,0.06354916067146282,0.05275779376498801,0.11661530736390067,0.9944444444444445,0.06724511930585683,3,0.9045553145336226,0,605,unit>def>family>stage>name>order,NA,0.1,-0.0273,3,0.0672,0.9046,TRUE,6,699,TRUE,NA
10,0.9692521367521367,1,0.8666666666666667,0.06350364963503649,0.052311435523114354,0.11630858587817776,0.9692521367521367,0.09327548806941431,2,0.8915401301518439,0,62,def>order>stage>family>unit>name,NA,0.1375,-0.025,2,0.0933,0.8915,TRUE,87,637,TRUE,NA
10,0.9734188034188034,1,0.8666666666666667,0.06343825665859563,0.053268765133171914,0.11624907114756797,0.9734188034188034,0.08893709327548807,2,0.89587852494577,0,9,def>family>order>stage>name>unit,NA,0.1313,-0.0246,2,0.0889,0.8959,TRUE,62,670,TRUE,NA
10,0.9734188034188034,1,0.8666666666666667,0.06343825665859563,0.053268765133171914,0.11624907114756797,0.9734188034188034,0.08893709327548807,2,0.89587852494577,0,85,def>stage>order>family>name>unit,NA,0.1344,-0.0246,2,0.0889,0.8959,TRUE,62,658,TRUE,NA
10,0.9891666666666666,1,0.9333333333333333,0.06339712918660287,0.05263157894736842,0.11630498092295218,0.9891666666666666,0.06290672451193059,3,0.9067245119305857,0,578,stage>unit>def>family>order>name,NA,0.1091,-0.028,3,0.0629,0.9067,TRUE,31,690,TRUE,NA
10,0.9891666666666666,1,0.9333333333333333,0.06339712918660287,0.05263157894736842,0.11630498092295218,0.9891666666666666,0.06724511930585683,3,0.9067245119305857,0,476,order>unit>stage>def>name>family,NA,0.1062,-0.0277,3,0.0672,0.9067,TRUE,31,694,TRUE,NA
10,0.9811111111111112,1,0.8666666666666667,0.06337349397590361,0.05301204819277108,0.11620168432281232,0.9811111111111112,0.0824295010845987,2,0.9002169197396963,0,89,def>stage>order>unit>family>name,NA,0.1394,-0.0239,2,0.0824,0.9002,TRUE,56,626,TRUE,NA
10,0.9734188034188034,1,0.8666666666666667,0.06328502415458938,0.05314009661835749,0.1159911606884198,0.9734188034188034,0.0824295010845987,2,0.8980477223427332,0,102,def>unit>family>stage>order>name,NA,0.1379,-0.0239,2,0.0824,0.898,TRUE,62,633,TRUE,NA
10,0.9734188034188034,1,0.8666666666666667,0.06328502415458938,0.05314009661835749,0.1159911606884198,0.9734188034188034,0.08459869848156182,2,0.8980477223427332,0,12,def>family>order>unit>stage>name,NA,0.1385,-0.0242,2,0.0846,0.898,TRUE,62,630,TRUE,NA
10,0.9734188034188034,1,0.8666666666666667,0.06328502415458938,0.05314009661835749,0.1159911606884198,0.9734188034188034,0.08459869848156182,2,0.8980477223427332,0,20,def>family>unit>name>stage>order,NA,0.1257,-0.0242,2,0.0846,0.898,TRUE,62,679,TRUE,NA
10,0.9734188034188034,1,0.8666666666666667,0.06328502415458938,0.05314009661835749,0.1159911606884198,0.9734188034188034,0.08459869848156182,2,0.8980477223427332,0,23,def>family>unit>stage>name>order,NA,0.1344,-0.0242,2,0.0846,0.898,TRUE,62,658,TRUE,NA
10,0.9891666666666666,1,0.9333333333333333,0.06324582338902147,0.05250596658711217,0.11604974712638516,0.9933333333333333,0.06290672451193059,3,0.9088937093275488,0,698,unit>stage>def>family>order>name,NA,0.09,-0.0253,3,0.0629,0.9089,TRUE,31,701,TRUE,NA
10,0.9891666666666666,1,0.9333333333333333,0.06324582338902147,0.05250596658711217,0.11604974712638516,0.9891666666666666,0.0650759219088937,3,0.9088937093275488,0,596,stage>unit>order>def>name>family,NA,0.1064,-0.0272,3,0.0651,0.9089,TRUE,31,693,TRUE,NA
10,0.9891666666666666,1,0.9333333333333333,0.06324582338902147,0.05250596658711217,0.11604974712638516,0.9891666666666666,0.07158351409978309,2,0.9088937093275488,0,582,stage>unit>def>order>name>family,NA,0.1377,-0.0221,2,0.0716,0.9089,TRUE,31,635,TRUE,NA
10,0.9891666666666666,1,0.9333333333333333,0.06324582338902147,0.05250596658711217,0.11604974712638516,0.9891666666666666,0.0737527114967462,2,0.9088937093275488,0,115,def>unit>stage>family>name>order,NA,0.133,-0.0224,2,0.0738,0.9089,TRUE,31,664,TRUE,NA
10,0.9958333333333333,1,0.9583333333333334,0.06318289786223277,0.052256532066508314,0.11600134834708416,0.9958333333333333,0.07158351409978309,2,0.913232104121475,0,619,unit>def>stage>family>name>order,NA,0.1404,-0.0215,2,0.0716,0.9132,TRUE,3,623,TRUE,NA
10,0.9734188034188034,1,0.8666666666666667,0.06313253012048194,0.05301204819277108,0.11573439460318614,0.9734188034188034,0.0824295010845987,2,0.9002169197396963,0,71,def>order>unit>stage>family>name,NA,0.1366,-0.0239,2,0.0824,0.9002,TRUE,62,641,TRUE,NA
10,0.9734188034188034,1,0.8666666666666667,0.06313253012048194,0.05301204819277108,0.11573439460318614,0.9734188034188034,0.08676789587852494,2,0.9002169197396963,0,52,def>order>family>stage>unit>name,NA,0.1407,-0.0243,2,0.0868,0.9002,TRUE,62,621,TRUE,NA
10,0.9734188034188034,1,0.8666666666666667,0.06313253012048194,0.05301204819277108,0.11573439460318614,0.9734188034188034,0.08676789587852494,2,0.9002169197396963,0,54,def>order>family>unit>stage>name,NA,0.137,-0.0243,2,0.0868,0.9002,TRUE,62,639,TRUE,NA
10,0.9734188034188034,1,0.8666666666666667,0.06313253012048194,0.05301204819277108,0.11573439460318614,0.9734188034188034,0.08676789587852494,2,0.9002169197396963,0,90,def>stage>order>unit>name>family,NA,0.136,-0.0243,2,0.0868,0.9002,TRUE,62,645,TRUE,NA
10,0.9919444444444444,1,0.9333333333333333,0.0630952380952381,0.053571428571428575,0.11583957991235412,0.9919444444444444,0.0737527114967462,2,0.911062906724512,0,601,unit>def>family>name>order>stage,NA,0.1292,-0.0221,2,0.0738,0.9111,TRUE,28,674,TRUE,NA
10,0.9811111111111112,1,0.8666666666666667,0.0630695443645084,0.05275779376498801,0.11568938143797475,0.9811111111111112,0.07809110629067245,2,0.9045553145336226,0,78,def>stage>family>unit>order>name,NA,0.138,-0.0232,2,0.0781,0.9046,TRUE,56,632,TRUE,NA
10,0.9734188034188034,1,0.8666666666666667,0.06298076923076923,0.052884615384615384,0.11547876527608643,0.9734188034188034,0.08026030368763558,2,0.9023861171366594,0,22,def>family>unit>order>stage>name,NA,0.136,-0.0236,2,0.0803,0.9024,TRUE,62,645,TRUE,NA
10,0.9734188034188034,1,0.8666666666666667,0.06298076923076923,0.052884615384615384,0.11547876527608643,0.9734188034188034,0.0824295010845987,2,0.9023861171366594,0,17,def>family>stage>unit>name>order,NA,0.1343,-0.0238,2,0.0824,0.9024,TRUE,62,660,TRUE,NA
10,1,1,1,0.06297169811320755,0.05306603773584906,0.11569224402632675,1,0.06073752711496746,2,0.9197396963123644,0,621,unit>def>stage>name>family>order,NA,0.1391,-0.0201,2,0.0607,0.9197,TRUE,1,628,TRUE,NA
10,0.9891666666666666,1,0.9333333333333333,0.06294536817102138,0.052256532066508314,0.11554263275075388,0.9891666666666666,0.05856832971800434,3,0.913232104121475,0,587,stage>unit>family>order>def>name,NA,0.1152,-0.0241,3,0.0586,0.9132,TRUE,31,686,TRUE,NA
10,0.9919444444444444,1,0.9333333333333333,0.06294536817102138,0.05344418052256532,0.11558639143981649,0.9919444444444444,0.0650759219088937,2,0.913232104121475,0,602,unit>def>family>name>stage>order,NA,0.1328,-0.0218,2,0.0651,0.9132,TRUE,28,665,TRUE,NA
10,0.9800854700854701,1,0.9230769230769231,0.06291866028708135,0.05263157894736842,0.11543278053467622,0.9800854700854701,0.0737527114967462,2,0.9067245119305857,0,100,def>unit>family>order>stage>name,NA,0.1392,-0.0226,2,0.0738,0.9067,TRUE,61,627,TRUE,NA
10,0.9933333333333333,1,0.9333333333333333,0.06288416075650119,0.05319148936170213,0.1154873677885149,0.9933333333333333,0.04338394793926247,4,0.9175704989154013,0,577,stage>unit>def>family>name>order,NA,0.0612,-0.0265,4,0.0434,0.9176,TRUE,11,719,TRUE,NA
10,0.9877777777777778,1,0.9333333333333333,0.06285714285714286,0.05238095238095238,0.11538912946190368,0.9877777777777778,0.07158351409978309,2,0.911062906724512,0,113,def>unit>order>stage>family>name,NA,0.1353,-0.0219,2,0.0716,0.9111,TRUE,44,652,TRUE,NA
10,0.9734188034188034,1,0.8666666666666667,0.06282973621103118,0.05275779376498801,0.11522426515890498,0.9734188034188034,0.07809110629067245,2,0.9045553145336226,0,10,def>family>order>stage>unit>name,NA,0.1396,-0.0232,2,0.0781,0.9046,TRUE,62,624,TRUE,NA
10,0.9734188034188034,1,0.8666666666666667,0.06282973621103118,0.05275779376498801,0.11522426515890498,0.9734188034188034,0.07809110629067245,2,0.9045553145336226,0,11,def>family>order>unit>name>stage,NA,0.1311,-0.0232,2,0.0781,0.9046,TRUE,62,672,TRUE,NA
10,0.9734188034188034,1,0.8666666666666667,0.06282973621103118,0.05275779376498801,0.11522426515890498,0.9734188034188034,0.0824295010845987,2,0.9045553145336226,0,53,def>order>family>unit>name>stage,NA,0.1314,-0.0236,2,0.0824,0.9046,TRUE,62,669,TRUE,NA
10,0.9891666666666666,1,0.9333333333333333,0.06279620853080568,0.052132701421800945,0.11529073748864578,0.9891666666666666,0.06941431670281996,2,0.9154013015184381,0,110,def>unit>order>family>stage>name,NA,0.1351,-0.0209,2,0.0694,0.9154,TRUE,31,653,TRUE,NA
10,0.9825,1,0.8666666666666667,0.06270783847980997,0.052256532066508314,0.1150839171544236,0.9825,0.04338394793926247,4,0.913232104121475,0,592,stage>unit>name>family>order>def,NA,0.0745,-0.0258,4,0.0434,0.9132,TRUE,54,717,TRUE,NA
10,0.9734188034188034,1,0.8666666666666667,0.06267942583732057,0.05263157894736842,0.11497088677024205,0.9734188034188034,0.07592190889370933,2,0.9067245119305857,0,77,def>stage>family>unit>name>order,NA,0.1354,-0.0228,2,0.0759,0.9067,TRUE,62,649,TRUE,NA
10,1,1,1,0.06267605633802817,0.0528169014084507,0.11519202680664119,1,0.05856832971800434,2,0.9240780911062907,0,622,unit>def>stage>name>order>family,NA,0.1377,-0.0181,2,0.0586,0.9241,TRUE,1,635,TRUE,NA
10,0.9891666666666666,1,0.9333333333333333,0.06264775413711585,0.05200945626477542,0.11503994049545004,0.9891666666666666,0.05639913232104121,3,0.9175704989154013,0,584,stage>unit>family>def>order>name,NA,0.1054,-0.0246,3,0.0564,0.9176,TRUE,31,695,TRUE,NA
10,0.9734188034188034,1,0.8666666666666667,0.06252983293556086,0.05250596658711217,0.11471862269477455,0.9734188034188034,0.0737527114967462,2,0.9088937093275488,0,21,def>family>unit>order>name>stage,NA,0.128,-0.0224,2,0.0738,0.9089,TRUE,62,677,TRUE,NA
10,0.9958333333333333,1,0.9583333333333334,0.06244131455399061,0.05164319248826291,0.11474758236219673,0.9958333333333333,0.04772234273318872,3,0.9240780911062907,0,620,unit>def>stage>family>order>name,NA,0.1049,-0.0202,3,0.0477,0.9241,TRUE,3,697,TRUE,NA
10,0.9734188034188034,1,0.8666666666666667,0.062380952380952384,0.05238095238095238,0.11446746558252696,0.9734188034188034,0.07158351409978309,2,0.911062906724512,0,16,def>family>stage>order>unit>name,NA,0.1365,-0.0219,2,0.0716,0.9111,TRUE,62,642,TRUE,NA
10,0.9811111111111112,1,0.8666666666666667,0.062322274881516586,0.052132701421800945,0.11442821328516047,0.9811111111111112,0.0650759219088937,2,0.9154013015184381,0,92,def>stage>unit>family>order>name,NA,0.1407,-0.0205,2,0.0651,0.9154,TRUE,56,621,TRUE,NA
10,0.9856410256410256,1,0.9230769230769231,0.062206572769953054,0.0528169014084507,0.11428293120180852,0.9856410256410256,0.05639913232104121,2,0.9240780911062907,0,493,stage>def>order>family>name>unit,NA,0.1328,-0.0179,2,0.0564,0.9241,TRUE,48,665,TRUE,NA
10,0.9811111111111112,1,0.8666666666666667,0.06217494089834515,0.05200945626477542,0.11417927908684342,0.9811111111111112,0.0650759219088937,2,0.9175704989154013,0,76,def>stage>family>order>unit>name,NA,0.1379,-0.0201,2,0.0651,0.9176,TRUE,56,633,TRUE,NA
10,0.9811111111111112,1,0.8666666666666667,0.06217494089834515,0.05200945626477542,0.11417927908684342,0.9811111111111112,0.0650759219088937,2,0.9175704989154013,0,86,def>stage>order>family>unit>name,NA,0.1354,-0.0201,2,0.0651,0.9176,TRUE,56,649,TRUE,NA
10,0.9933333333333333,1,0.9333333333333333,0.062004662004662,0.05244755244755245,0.1139993254468794,0.9933333333333333,0.039045553145336226,3,0.93058568329718,0,537,stage>name>family>order>def>unit,NA,0.0662,-0.0173,3,0.039,0.9306,TRUE,11,718,TRUE,NA
10,0.9734188034188034,1,0.8666666666666667,0.06193853427895981,0.05200945626477542,0.11372056349051314,0.9734188034188034,0.0650759219088937,2,0.9175704989154013,0,24,def>family>unit>stage>order>name,NA,0.1307,-0.0201,2,0.0651,0.9176,TRUE,62,673,TRUE,NA
10,0.9933333333333333,1,0.9333333333333333,0.06186046511627907,0.05232558139534883,0.11375504623299296,0.9933333333333333,0.03470715835140998,3,0.9327548806941431,0,550,stage>name>unit>family>order>def,NA,0.0836,-0.0161,3,0.0347,0.9328,TRUE,11,711,TRUE,NA
10,0.9933333333333333,1,0.9333333333333333,0.0617169373549884,0.052204176334106726,0.11351181382304566,0.9933333333333333,0.03470715835140998,2,0.9349240780911063,0,544,stage>name>order>family>unit>def,NA,0.1223,-0.0149,2,0.0347,0.9349,TRUE,11,682,TRUE,NA
10,0.9933333333333333,1,0.9333333333333333,0.0617169373549884,0.052204176334106726,0.11351181382304566,0.9933333333333333,0.03470715835140998,2,0.9349240780911063,0,552,stage>name>unit>order>family>def,NA,0.117,-0.0149,2,0.0347,0.9349,TRUE,11,684,TRUE,NA
10,0.9933333333333333,1,0.9333333333333333,0.0617169373549884,0.052204176334106726,0.11351181382304566,0.9933333333333333,0.04338394793926247,2,0.9349240780911063,0,539,stage>name>family>unit>def>order,NA,0.1365,-0.0134,2,0.0434,0.9349,TRUE,11,642,TRUE,NA
10,0.9933333333333333,1,0.9333333333333333,0.0617169373549884,0.052204176334106726,0.11351181382304566,0.9933333333333333,0.04772234273318872,2,0.9349240780911063,0,497,stage>def>order>unit>family>name,NA,0.1247,-0.0139,2,0.0477,0.9349,TRUE,11,680,TRUE,NA
10,0.9891666666666666,1,0.9333333333333333,0.06162790697674419,0.05116279069767442,0.11331451759863172,0.9891666666666666,0.04121475054229935,3,0.9327548806941431,0,583,stage>unit>family>def>name>order,NA,0.1065,-0.0166,3,0.0412,0.9328,TRUE,31,692,TRUE,NA
10,0.9933333333333333,1,0.9333333333333333,0.06157407407407407,0.05208333333333333,0.11326962148929053,0.9933333333333333,0.03253796095444685,2,0.9370932754880694,0,546,stage>name>order>unit>family>def,NA,0.1179,-0.0139,2,0.0325,0.9371,TRUE,11,683,TRUE,NA
10,0.9933333333333333,1,0.9333333333333333,0.06157407407407407,0.05208333333333333,0.11326962148929053,0.9933333333333333,0.03470715835140998,2,0.9370932754880694,0,540,stage>name>family>unit>order>def,NA,0.1286,-0.0136,2,0.0347,0.9371,TRUE,11,676,TRUE,NA
10,0.9933333333333333,1,0.9333333333333333,0.06157407407407407,0.05208333333333333,0.11326962148929053,0.9933333333333333,0.04121475054229935,2,0.9370932754880694,0,549,stage>name>unit>family>def>order,NA,0.1357,-0.0125,2,0.0412,0.9371,TRUE,11,648,TRUE,NA
10,0.9933333333333333,1,0.9333333333333333,0.06157407407407407,0.05208333333333333,0.11326962148929053,0.9933333333333333,0.0455531453362256,2,0.9370932754880694,0,535,stage>name>family>def>order>unit,NA,0.1321,-0.0129,2,0.0456,0.9371,TRUE,11,668,TRUE,NA
10,0.9933333333333333,1,0.9333333333333333,0.06157407407407407,0.05208333333333333,0.11326962148929053,0.9933333333333333,0.0455531453362256,2,0.9370932754880694,0,579,stage>unit>def>name>family>order,NA,0.1439,-0.015,2,0.0456,0.9371,TRUE,11,619,TRUE,NA
10,0.9933333333333333,1,0.9333333333333333,0.06157407407407407,0.05208333333333333,0.11326962148929053,0.9933333333333333,0.0455531453362256,2,0.9370932754880694,0,580,stage>unit>def>name>order>family,NA,0.1387,-0.015,2,0.0456,0.9371,TRUE,11,629,TRUE,NA
10,0.9933333333333333,1,0.9333333333333333,0.06129032258064516,0.05184331797235023,0.11278833042694576,0.9933333333333333,0.039045553145336226,2,0.9414316702819957,0,536,stage>name>family>def>unit>order,NA,0.1289,-0.0107,2,0.039,0.9414,TRUE,11,675,TRUE,NA
10,0.9856410256410256,1,0.9230769230769231,0.061200923787528866,0.05196304849884527,0.11258003206834583,0.9856410256410256,0.04338394793926247,2,0.9392624728850325,0,482,stage>def>family>name>unit>order,NA,0.1234,-0.012,2,0.0434,0.9393,TRUE,48,681,TRUE,NA
10,0.9933333333333333,1,0.9333333333333333,0.06114942528735632,0.05172413793103448,0.11254921852859602,0.9933333333333333,0.03470715835140998,2,0.9436008676789588,0,503,stage>def>unit>order>family>name,NA,0.1337,-0.0095,2,0.0347,0.9436,TRUE,11,662,TRUE,NA
10,0.9933333333333333,1,0.9333333333333333,0.06114942528735632,0.05172413793103448,0.11254921852859602,0.9933333333333333,0.03470715835140998,2,0.9436008676789588,0,538,stage>name>family>order>unit>def,NA,0.1373,-0.0095,2,0.0347,0.9436,TRUE,11,638,TRUE,NA
10,0.9856410256410256,1,0.9230769230769231,0.06077981651376147,0.051605504587155966,0.11186568606726668,0.9856410256410256,0.03253796095444685,2,0.9457700650759219,0,490,stage>def>name>order>unit>family,NA,0.1322,-0.0084,2,0.0325,0.9458,TRUE,48,667,TRUE,NA
10,0.9933333333333333,1,0.9333333333333333,0.060730593607305934,0.05136986301369863,0.11183793951836733,0.9933333333333333,0.028199566160520606,2,0.9501084598698482,0,501,stage>def>unit>name>family>order,NA,0.1365,-0.0061,2,0.0282,0.9501,TRUE,11,642,TRUE,NA
10,0.9856410256410256,1,0.9230769230769231,0.06050228310502283,0.05136986301369863,0.11139448053832299,0.9856410256410256,0.028199566160520606,2,0.9501084598698482,0,487,stage>def>name>family>order>unit,NA,0.135,-0.0061,2,0.0282,0.9501,TRUE,48,654,TRUE,NA
10,0.9856410256410256,1,0.9230769230769231,0.06036446469248292,0.05125284738041003,0.11116036622983551,0.9856410256410256,0.02386117136659436,2,0.9522776572668112,0,488,stage>def>name>family>unit>order,NA,0.1313,-0.0052,2,0.0239,0.9523,TRUE,48,670,TRUE,NA
