query_trait,ontology,term_id,term_label,term_definition
development time,PATO,PATO:0000165,time,A quality in which events occur in sequence.
development time,PATO,PATO:0000498,increased duration,A duration quality of a process which is relatively high.
development time,PATO,PATO:0000499,decreased duration,A duration quality of a process which is relatively low.
development time,PATO,PATO:0001309,duration,A process quality inhering in a bearer by virtue of the bearer's magnitude of the temporal extent between the starting and ending point.
development time,PATO,PATO:0040049,male with DSD,A biological sex quality inhering in an individual or a population who are otherwise male of a non-hermaphroditic species who has ambiguous or atypical congenital development of the reproductive system.
survival,PATO,PATO:0000718,lethal (sensu genetics),A viability quality inhering in a population by virtue of the bearer's long term survival inability.
survival,PATO,PATO:0000719,viable,A viability quality inhering in a bearer or a population by virtue of the bearer's ability to survive or the long term survival ability of a given population.
survival,PATO,GO:0043066,negative regulation of apoptotic process,"This term should only be used when it is not possible to determine which phase or subtype of the apoptotic process is negatively regulated by a gene product. Whenever detailed information is available, the more granular children terms should be used."
survival,PATO,GO:0043524,negative regulation of neuron apoptotic process,"Any process that stops, prevents, or reduces the frequency, rate or extent of cell death by apoptotic process in neurons."
survival,PATO,CHEBI:38323,cholinergic drug,"Any drug used for its actions on cholinergic systems. Included here are agonists and antagonists, drugs that affect the life cycle of acetylcholine, and drugs that affect the survival of cholinergic neurons."
body size,PATO,PATO:0000117,size,A morphology quality inhering in a bearer by virtue of the bearer's physical magnitude.
body size,PATO,PATO:0000276,brood size,A reproductive quality inhering in the young of an animal by virtue of their number.
body size,PATO,PATO:0000586,increased size,A size quality which is relatively high.
body size,PATO,PATO:0000587,decreased size,A size quality which is relatively low.
body size,PATO,PATO:0005015,tapered size,A size quality inhering in an entity or set of entities in which size increases or decreases along the extent of the entity or set.
juvenile life span,PATO,PATO:0000050,life span,A time quality inhering in a bearer by virtue of the bearer's expected maximum age.
juvenile life span,PATO,PATO:0001603,increased life span,A life span which is relatively high.
juvenile life span,PATO,PATO:0001604,decreased life span,A life span which is relatively low.
juvenile life span,PATO,PATO:0045026,normal life span,A life span which is relatively normal or average.
juvenile life span,PATO,PATO:0001190,juvenile,A maturity quality inhering in a bearer by virtue the bearer's being not fully grown or developed.
fecundity,PATO,PATO:0000273,fecundity,A reproductive quality inhering in an organism or population by virtue of the bearer's potential reproductive capacity ad measured by the number of gametes.
fecundity,PATO,PATO:0001695,increased fecundity,A fecundity which is relatively high.
fecundity,PATO,PATO:0001696,decreased fecundity,A fecundity which is relatively low.
fecundity,PATO,PATO:0045017,normal fecundity,A fecundity which is relatively normal or average.
fecundity,PATO,PCO:0000003,quality of a population,A quality that inheres in a population of organisms.
cold hardiness,PATO,PATO:0001306,decreased temperature,A temperature which is relatively low.
survival rate,PATO,PATO:0000161,rate,A quality of a single process inhering in a bearer by virtue of the bearer's occurrence per unit time.
survival rate,PATO,PATO:0000911,decreased rate,A rate which is relatively low.
survival rate,PATO,PATO:0000912,increased rate,A rate which is relatively high.
survival rate,PATO,PATO:0001492,growth rate,The rate or speed of the change in size of an individual entity or change in number of a population.
survival rate,PATO,PATO:0001574,flow rate,A physical quality inhering in a bearer by virtue of the bearer's motion characteristic.
development rate,PATO,PATO:0000161,rate,A quality of a single process inhering in a bearer by virtue of the bearer's occurrence per unit time.
development rate,PATO,PATO:0000911,decreased rate,A rate which is relatively low.
development rate,PATO,PATO:0000912,increased rate,A rate which is relatively high.
development rate,PATO,PATO:0001492,growth rate,The rate or speed of the change in size of an individual entity or change in number of a population.
development rate,PATO,PATO:0001574,flow rate,A physical quality inhering in a bearer by virtue of the bearer's motion characteristic.
fecundity rate,PATO,PATO:0000273,fecundity,A reproductive quality inhering in an organism or population by virtue of the bearer's potential reproductive capacity ad measured by the number of gametes.
fecundity rate,PATO,PATO:0001695,increased fecundity,A fecundity which is relatively high.
fecundity rate,PATO,PATO:0001696,decreased fecundity,A fecundity which is relatively low.
fecundity rate,PATO,PATO:0045017,normal fecundity,A fecundity which is relatively normal or average.
fecundity rate,PATO,PATO:0000161,rate,A quality of a single process inhering in a bearer by virtue of the bearer's occurrence per unit time.
pre-reproductive period,PATO,PATO:0000499,decreased duration,A duration quality of a process which is relatively low.
pre-reproductive period,PATO,PATO:0001309,duration,A process quality inhering in a bearer by virtue of the bearer's magnitude of the temporal extent between the starting and ending point.
pre-reproductive period,PATO,PATO:0000498,increased duration,A duration quality of a process which is relatively high.
pre-reproductive period,PATO,PATO:0000695,synchronous,A quality of a single process inhering in a bearer by virtue of the bearer's occurring or existing at the same time or having the same period or phase.
pre-reproductive period,PATO,PATO:0000688,asynchronous,A quality of a single process inhering in a bearer by virtue of the bearer's not occurring or existing at the same time or having the same period or phase.
mortality rate,PATO,PATO:0000161,rate,A quality of a single process inhering in a bearer by virtue of the bearer's occurrence per unit time.
mortality rate,PATO,PATO:0000911,decreased rate,A rate which is relatively low.
mortality rate,PATO,PATO:0000912,increased rate,A rate which is relatively high.
mortality rate,PATO,PATO:0001492,growth rate,The rate or speed of the change in size of an individual entity or change in number of a population.
mortality rate,PATO,PATO:0001574,flow rate,A physical quality inhering in a bearer by virtue of the bearer's motion characteristic.
reproductive period,PATO,PATO:0001434,reproductive quality,An organismal quality inhering in a bearer by virtue of the bearer's ability to produce new life or offspring.
reproductive period,PATO,PATO:0000499,decreased duration,A duration quality of a process which is relatively low.
reproductive period,PATO,PATO:0001309,duration,A process quality inhering in a bearer by virtue of the bearer's magnitude of the temporal extent between the starting and ending point.
reproductive period,PATO,PATO:0000498,increased duration,A duration quality of a process which is relatively high.
reproductive period,PATO,GO:0019098,reproductive behavior,The specific behavior of an organism that is associated with reproduction.
recovery time,PATO,PATO:0000165,time,A quality in which events occur in sequence.
recovery time,PATO,PATO:0000498,increased duration,A duration quality of a process which is relatively high.
recovery time,PATO,PATO:0000499,decreased duration,A duration quality of a process which is relatively low.
recovery time,PATO,PATO:0001309,duration,A process quality inhering in a bearer by virtue of the bearer's magnitude of the temporal extent between the starting and ending point.
recovery time,PATO,PATO:0001005,latency,"This class is a candidate for obsoletion. The definition is not clear, and the placement under ""delayed"" is not consistent with the definition."
weight loss,PATO,PATO:0000128,weight,"For any biological use of PATO, the concept that should be used is 'mass' and not 'weight'. For example, increased weight of an organism."
weight loss,PATO,PATO:0000582,increased weight,A weight which is relatively high.
weight loss,PATO,PATO:0000583,decreased weight,A weight which is relatively low.
weight loss,PATO,PATO:0001999,lacks parts or has fewer parts of type,"The bearer of this quality has_part < n of the indicated entity type, where n is the normal amount for a comparable organism. Note that the bearer of the quality is the whole, not the part. Formally: If a bearer entity e has fewer parts of type X at time t, then the number of instances x of X at t such that x part_of e is < n, where n is either the normal number for comparable entities, or n is stated explicitly. This case includes the limit case, where the bearer lacks all parts of the specified type."
weight loss,PATO,PATO:0002461,wilty,To bend or hang downwards due to loss of water
ovipositional period,PATO,PATO:0000499,decreased duration,A duration quality of a process which is relatively low.
ovipositional period,PATO,PATO:0001309,duration,A process quality inhering in a bearer by virtue of the bearer's magnitude of the temporal extent between the starting and ending point.
ovipositional period,PATO,PATO:0000498,increased duration,A duration quality of a process which is relatively high.
ovipositional period,PATO,PATO:0000695,synchronous,A quality of a single process inhering in a bearer by virtue of the bearer's occurring or existing at the same time or having the same period or phase.
ovipositional period,PATO,PATO:0000688,asynchronous,A quality of a single process inhering in a bearer by virtue of the bearer's not occurring or existing at the same time or having the same period or phase.
gonotrophic cycle,PATO,GO:0007049,cell cycle,"The progression of biochemical and morphological phases and events that occur in a cell during successive cell replication or nuclear replication events. Canonically, the cell cycle comprises the replication and segregation of genetic material followed by the division of the cell, but in endocycles or syncytial cells nuclear replication or nuclear division may not be followed by cell division."
gonotrophic cycle,PATO,UBERON:0000104,life cycle,"An entire span of an organism's life. In metazoans, commences with the zygote stage and ends with the death of the organism."
gonotrophic cycle,PATO,GO:0000278,mitotic cell cycle,"Note that this term should not be confused with 'GO:0140014 ; mitotic nuclear division'. 'GO:0000278 ; mitotic cell cycle represents the entire mitotic cell cycle, while 'GO:0140014 ; mitotic nuclear division' specifically represents the actual nuclear division step of the mitotic cell cycle."
gonotrophic cycle,PATO,GO:0007113,endomitotic cell cycle,"Note that this term should not be confused with 'abortive mitotic cell cycle ; GO:0033277'. Although abortive mitosis is sometimes called endomitosis, GO:0033277 refers to a process in which a mitotic spindle forms and chromosome separation begins."
gonotrophic cycle,PATO,GO:0022402,cell cycle process,The cellular process that ensures successive accurate and complete genome replication and chromosome segregation.
starvation tolerance,PATO,PATO:0002393,increased tolerance to,A tolerance quality inhering in a bearer by virtue of the bearer's increased ability to endure a stimulus.
starvation tolerance,PATO,PATO:0002394,decreased tolerance to,A tolerance quality inhering in a bearer by virtue of the bearer's decreased ability to endure a stimulus.
starvation tolerance,PATO,PATO:0045070,normal tolerance to,A tolerance to an external stimulus which is relatively normal or average
preoviposition period,PATO,PATO:0000499,decreased duration,A duration quality of a process which is relatively low.
preoviposition period,PATO,PATO:0001309,duration,A process quality inhering in a bearer by virtue of the bearer's magnitude of the temporal extent between the starting and ending point.
preoviposition period,PATO,PATO:0000498,increased duration,A duration quality of a process which is relatively high.
preoviposition period,PATO,PATO:0000695,synchronous,A quality of a single process inhering in a bearer by virtue of the bearer's occurring or existing at the same time or having the same period or phase.
preoviposition period,PATO,PATO:0000688,asynchronous,A quality of a single process inhering in a bearer by virtue of the bearer's not occurring or existing at the same time or having the same period or phase.
egg mass,PATO,PATO:0000125,mass,"For any biological use of PATO, the concept that should be used is 'mass' and not 'weight'. For example, increased weight of an organism."
egg mass,PATO,PATO:0001019,mass density,A physical quality which inheres in a bearer by virtue of some influence is exerted by the bearer's mass per unit size.
egg mass,PATO,PATO:0001562,decreased mass,A mass which is lower than normal or average.
egg mass,PATO,PATO:0001563,increased mass,A mass which is higher than normal or average.
egg mass,PATO,PATO:0001681,molar mass,A physical quality that inheres in a homogeneous substance containing 6.02 x 1023 atoms or molecules.
gonotrophic cycle 1,PATO,GO:0007049,cell cycle,"The progression of biochemical and morphological phases and events that occur in a cell during successive cell replication or nuclear replication events. Canonically, the cell cycle comprises the replication and segregation of genetic material followed by the division of the cell, but in endocycles or syncytial cells nuclear replication or nuclear division may not be followed by cell division."
gonotrophic cycle 1,PATO,UBERON:0000104,life cycle,"An entire span of an organism's life. In metazoans, commences with the zygote stage and ends with the death of the organism."
gonotrophic cycle 1,PATO,GO:0000278,mitotic cell cycle,"Note that this term should not be confused with 'GO:0140014 ; mitotic nuclear division'. 'GO:0000278 ; mitotic cell cycle represents the entire mitotic cell cycle, while 'GO:0140014 ; mitotic nuclear division' specifically represents the actual nuclear division step of the mitotic cell cycle."
gonotrophic cycle 1,PATO,GO:0007113,endomitotic cell cycle,"Note that this term should not be confused with 'abortive mitotic cell cycle ; GO:0033277'. Although abortive mitosis is sometimes called endomitosis, GO:0033277 refers to a process in which a mitotic spindle forms and chromosome separation begins."
gonotrophic cycle 1,PATO,GO:0022402,cell cycle process,The cellular process that ensures successive accurate and complete genome replication and chromosome segregation.
survival time,PATO,PATO:0000165,time,A quality in which events occur in sequence.
survival time,PATO,PATO:0000498,increased duration,A duration quality of a process which is relatively high.
survival time,PATO,PATO:0000499,decreased duration,A duration quality of a process which is relatively low.
survival time,PATO,PATO:0001309,duration,A process quality inhering in a bearer by virtue of the bearer's magnitude of the temporal extent between the starting and ending point.
survival time,PATO,PATO:0000718,lethal (sensu genetics),A viability quality inhering in a population by virtue of the bearer's long term survival inability.
post-reproductive period,PATO,PATO:0000499,decreased duration,A duration quality of a process which is relatively low.
post-reproductive period,PATO,PATO:0001309,duration,A process quality inhering in a bearer by virtue of the bearer's magnitude of the temporal extent between the starting and ending point.
post-reproductive period,PATO,PATO:0000498,increased duration,A duration quality of a process which is relatively high.
post-reproductive period,PATO,PATO:0000695,synchronous,A quality of a single process inhering in a bearer by virtue of the bearer's occurring or existing at the same time or having the same period or phase.
post-reproductive period,PATO,PATO:0000688,asynchronous,A quality of a single process inhering in a bearer by virtue of the bearer's not occurring or existing at the same time or having the same period or phase.
molting period,PATO,PATO:0000499,decreased duration,A duration quality of a process which is relatively low.
molting period,PATO,PATO:0001309,duration,A process quality inhering in a bearer by virtue of the bearer's magnitude of the temporal extent between the starting and ending point.
molting period,PATO,PATO:0000498,increased duration,A duration quality of a process which is relatively high.
molting period,PATO,PATO:0000695,synchronous,A quality of a single process inhering in a bearer by virtue of the bearer's occurring or existing at the same time or having the same period or phase.
molting period,PATO,PATO:0000688,asynchronous,A quality of a single process inhering in a bearer by virtue of the bearer's not occurring or existing at the same time or having the same period or phase.
pre-oviposition period,PATO,PATO:0000499,decreased duration,A duration quality of a process which is relatively low.
pre-oviposition period,PATO,PATO:0001309,duration,A process quality inhering in a bearer by virtue of the bearer's magnitude of the temporal extent between the starting and ending point.
pre-oviposition period,PATO,PATO:0000498,increased duration,A duration quality of a process which is relatively high.
pre-oviposition period,PATO,PATO:0000695,synchronous,A quality of a single process inhering in a bearer by virtue of the bearer's occurring or existing at the same time or having the same period or phase.
pre-oviposition period,PATO,PATO:0000688,asynchronous,A quality of a single process inhering in a bearer by virtue of the bearer's not occurring or existing at the same time or having the same period or phase.
resource consumption rate,PATO,PATO:0000161,rate,A quality of a single process inhering in a bearer by virtue of the bearer's occurrence per unit time.
resource consumption rate,PATO,PATO:0000911,decreased rate,A rate which is relatively low.
resource consumption rate,PATO,PATO:0000912,increased rate,A rate which is relatively high.
resource consumption rate,PATO,PATO:0001492,growth rate,The rate or speed of the change in size of an individual entity or change in number of a population.
resource consumption rate,PATO,PATO:0001574,flow rate,A physical quality inhering in a bearer by virtue of the bearer's motion characteristic.
age specific fecundity,PATO,PATO:0000273,fecundity,A reproductive quality inhering in an organism or population by virtue of the bearer's potential reproductive capacity ad measured by the number of gametes.
age specific fecundity,PATO,PATO:0001695,increased fecundity,A fecundity which is relatively high.
age specific fecundity,PATO,PATO:0001696,decreased fecundity,A fecundity which is relatively low.
age specific fecundity,PATO,PATO:0045017,normal fecundity,A fecundity which is relatively normal or average.
age specific fecundity,PATO,PATO:0000011,age,A time quality inhering in a bearer by virtue of how long the bearer has existed.
life cycle,PATO,UBERON:0000104,life cycle,"An entire span of an organism's life. In metazoans, commences with the zygote stage and ends with the death of the organism."
life cycle,PATO,UBERON:0000105,life cycle stage,A spatiotemporal region encompassing some part of the life cycle of an organism.
life cycle,PATO,PATO:0000050,life span,A time quality inhering in a bearer by virtue of the bearer's expected maximum age.
life cycle,PATO,PATO:0001603,increased life span,A life span which is relatively high.
life cycle,PATO,PATO:0001604,decreased life span,A life span which is relatively low.
premolt period (nymphal),PATO,PATO:0000499,decreased duration,A duration quality of a process which is relatively low.
premolt period (nymphal),PATO,PATO:0001309,duration,A process quality inhering in a bearer by virtue of the bearer's magnitude of the temporal extent between the starting and ending point.
premolt period (nymphal),PATO,PATO:0000498,increased duration,A duration quality of a process which is relatively high.
premolt period (nymphal),PATO,PATO:0000695,synchronous,A quality of a single process inhering in a bearer by virtue of the bearer's occurring or existing at the same time or having the same period or phase.
premolt period (nymphal),PATO,PATO:0000688,asynchronous,A quality of a single process inhering in a bearer by virtue of the bearer's not occurring or existing at the same time or having the same period or phase.
Weight,PATO,PATO:0000128,weight,"For any biological use of PATO, the concept that should be used is 'mass' and not 'weight'. For example, increased weight of an organism."
Weight,PATO,PATO:0000582,increased weight,A weight which is relatively high.
Weight,PATO,PATO:0000583,decreased weight,A weight which is relatively low.
Weight,PATO,PATO:0000125,mass,"For any biological use of PATO, the concept that should be used is 'mass' and not 'weight'. For example, increased weight of an organism."
Weight,PATO,PATO:0001470,ratio,A quality inhering in a bearer by virtue of the bearer's magnitude in proportion to the magnitude of another entity.
incubation period,PATO,PATO:0000499,decreased duration,A duration quality of a process which is relatively low.
incubation period,PATO,PATO:0001309,duration,A process quality inhering in a bearer by virtue of the bearer's magnitude of the temporal extent between the starting and ending point.
incubation period,PATO,PATO:0000498,increased duration,A duration quality of a process which is relatively high.
incubation period,PATO,PATO:0000695,synchronous,A quality of a single process inhering in a bearer by virtue of the bearer's occurring or existing at the same time or having the same period or phase.
incubation period,PATO,PATO:0000688,asynchronous,A quality of a single process inhering in a bearer by virtue of the bearer's not occurring or existing at the same time or having the same period or phase.
age at first reproduction,PATO,PATO:0000011,age,A time quality inhering in a bearer by virtue of how long the bearer has existed.
age at first reproduction,PATO,PATO:0001486,chronological age,An age quality that exists by virtue of the time (years and months) that the bearer has existed.
age at first reproduction,PATO,PATO:0001764,increased age,An age which is high relative to the normal or average.
age at first reproduction,PATO,PATO:0001765,decreased age,An age which is low relative to the normal or average.
age at first reproduction,PATO,PATO:0045005,normal age,An age which is relatively normal or average.
percent survival,PATO,PATO:0000718,lethal (sensu genetics),A viability quality inhering in a population by virtue of the bearer's long term survival inability.
percent survival,PATO,PATO:0000719,viable,A viability quality inhering in a bearer or a population by virtue of the bearer's ability to survive or the long term survival ability of a given population.
percent survival,PATO,GO:0043066,negative regulation of apoptotic process,"This term should only be used when it is not possible to determine which phase or subtype of the apoptotic process is negatively regulated by a gene product. Whenever detailed information is available, the more granular children terms should be used."
percent survival,PATO,GO:0043524,negative regulation of neuron apoptotic process,"Any process that stops, prevents, or reduces the frequency, rate or extent of cell death by apoptotic process in neurons."
percent survival,PATO,CHEBI:38323,cholinergic drug,"Any drug used for its actions on cholinergic systems. Included here are agonists and antagonists, drugs that affect the life cycle of acetylcholine, and drugs that affect the survival of cholinergic neurons."
temperature thresholds for oviposition,PATO,PATO:0000146,temperature,A physical quality of the thermal energy of a system.
temperature thresholds for oviposition,PATO,PATO:0001305,increased temperature,A temperature which is relatively high.
temperature thresholds for oviposition,PATO,PATO:0001306,decreased temperature,A temperature which is relatively low.
temperature thresholds for oviposition,PATO,PATO:0001313,invariant temperature,A variability quality inhering in a bearer by virtue of the bearer's lacking or not exhibiting variation of temperature.
temperature thresholds for oviposition,PATO,PATO:0001314,variant temperature,A variability quality inhering in a bearer by virtue of the bearer's having or exhibiting variation of temperature.
growth rate,PATO,PATO:0001492,growth rate,The rate or speed of the change in size of an individual entity or change in number of a population.
growth rate,PATO,PATO:0040045,population growth rate,The rate or speed of the change in in number of a population.
growth rate,PATO,PATO:0040046,single organismal growth rate,The rate or speed of the change in size of an individual entity.
growth rate,PATO,PATO:0000161,rate,A quality of a single process inhering in a bearer by virtue of the bearer's occurrence per unit time.
growth rate,PATO,PATO:0000911,decreased rate,A rate which is relatively low.
metabolic rate,PATO,PATO:0000161,rate,A quality of a single process inhering in a bearer by virtue of the bearer's occurrence per unit time.
metabolic rate,PATO,PATO:0000911,decreased rate,A rate which is relatively low.
metabolic rate,PATO,PATO:0000912,increased rate,A rate which is relatively high.
metabolic rate,PATO,PATO:0001492,growth rate,The rate or speed of the change in size of an individual entity or change in number of a population.
metabolic rate,PATO,PATO:0001574,flow rate,A physical quality inhering in a bearer by virtue of the bearer's motion characteristic.
premolt period (larval),PATO,PATO:0001185,larval,"A maturity quality inhering in a bearer by virtue of the bearer's indirect development, undergoing metamorphosis."
premolt period (larval),PATO,PATO:0000499,decreased duration,A duration quality of a process which is relatively low.
premolt period (larval),PATO,PATO:0001309,duration,A process quality inhering in a bearer by virtue of the bearer's magnitude of the temporal extent between the starting and ending point.
premolt period (larval),PATO,PATO:0000498,increased duration,A duration quality of a process which is relatively high.
premolt period (larval),PATO,PATO:0001187,pupal,A maturity quality inhering in a insect by virtue of the bearer's being in the chrysalis (cocoon) or post larval stage.
hatch rate,PATO,PATO:0000161,rate,A quality of a single process inhering in a bearer by virtue of the bearer's occurrence per unit time.
hatch rate,PATO,PATO:0000911,decreased rate,A rate which is relatively low.
hatch rate,PATO,PATO:0000912,increased rate,A rate which is relatively high.
hatch rate,PATO,PATO:0001492,growth rate,The rate or speed of the change in size of an individual entity or change in number of a population.
hatch rate,PATO,PATO:0001574,flow rate,A physical quality inhering in a bearer by virtue of the bearer's motion characteristic.
oocyst intensity,PATO,PATO:0000049,intensity,A quality inhering in a bearer by virtue of the bearer's possessing or displaying a distinctive feature in type or degree or effect or force.
oocyst intensity,PATO,PATO:0000394,mild intensity,An intensity which is less than moderate in type or degree or effect or force.
oocyst intensity,PATO,PATO:0000395,moderate intensity,An intensity which is less than extreme in type or degree or effect or force.
oocyst intensity,PATO,PATO:0000396,severe intensity,An intensity which is extremely bad or unpleasant in type or degree or effect or force.
oocyst intensity,PATO,PATO:0001782,increased intensity,An intensity which is relatively high.
age-specific daily fecundity,PATO,PATO:0000273,fecundity,A reproductive quality inhering in an organism or population by virtue of the bearer's potential reproductive capacity ad measured by the number of gametes.
age-specific daily fecundity,PATO,PATO:0001695,increased fecundity,A fecundity which is relatively high.
age-specific daily fecundity,PATO,PATO:0001696,decreased fecundity,A fecundity which is relatively low.
age-specific daily fecundity,PATO,PATO:0045017,normal fecundity,A fecundity which is relatively normal or average.
age-specific daily fecundity,PATO,PCO:0000003,quality of a population,A quality that inheres in a population of organisms.
development duration,PATO,PATO:0001309,duration,A process quality inhering in a bearer by virtue of the bearer's magnitude of the temporal extent between the starting and ending point.
development duration,PATO,PATO:0000498,increased duration,A duration quality of a process which is relatively high.
development duration,PATO,PATO:0000499,decreased duration,A duration quality of a process which is relatively low.
development duration,PATO,PATO:0001416,regular duration,A duration which has regular start and/or end times.
development duration,PATO,PATO:0001417,irregular duration,A duration quality of a process inhering in a bearer by virtue of the bearer's duration which has irregular start and/or end times.
developmental time,PATO,PATO:0000165,time,A quality in which events occur in sequence.
developmental time,PATO,PATO:0000498,increased duration,A duration quality of a process which is relatively high.
developmental time,PATO,PATO:0000499,decreased duration,A duration quality of a process which is relatively low.
developmental time,PATO,PATO:0001309,duration,A process quality inhering in a bearer by virtue of the bearer's magnitude of the temporal extent between the starting and ending point.
developmental time,PATO,GO:0021700,developmental maturation,"A developmental process, independent of morphogenetic (shape) change, that is required for an anatomical structure, cell or cellular component to attain its fully functional state."
gonotrophic cycle 2,PATO,GO:0007049,cell cycle,"The progression of biochemical and morphological phases and events that occur in a cell during successive cell replication or nuclear replication events. Canonically, the cell cycle comprises the replication and segregation of genetic material followed by the division of the cell, but in endocycles or syncytial cells nuclear replication or nuclear division may not be followed by cell division."
gonotrophic cycle 2,PATO,UBERON:0000104,life cycle,"An entire span of an organism's life. In metazoans, commences with the zygote stage and ends with the death of the organism."
gonotrophic cycle 2,PATO,GO:0000278,mitotic cell cycle,"Note that this term should not be confused with 'GO:0140014 ; mitotic nuclear division'. 'GO:0000278 ; mitotic cell cycle represents the entire mitotic cell cycle, while 'GO:0140014 ; mitotic nuclear division' specifically represents the actual nuclear division step of the mitotic cell cycle."
gonotrophic cycle 2,PATO,GO:0007113,endomitotic cell cycle,"Note that this term should not be confused with 'abortive mitotic cell cycle ; GO:0033277'. Although abortive mitosis is sometimes called endomitosis, GO:0033277 refers to a process in which a mitotic spindle forms and chromosome separation begins."
gonotrophic cycle 2,PATO,GO:0022402,cell cycle process,The cellular process that ensures successive accurate and complete genome replication and chromosome segregation.
average daily fecundity,PATO,PATO:0000273,fecundity,A reproductive quality inhering in an organism or population by virtue of the bearer's potential reproductive capacity ad measured by the number of gametes.
average daily fecundity,PATO,PATO:0001695,increased fecundity,A fecundity which is relatively high.
average daily fecundity,PATO,PATO:0001696,decreased fecundity,A fecundity which is relatively low.
average daily fecundity,PATO,PATO:0045017,normal fecundity,A fecundity which is relatively normal or average.
average daily fecundity,PATO,PATO:0000461,normal,A quality inhering in a bearer by virtue of the bearer's exhibiting no deviation from normal or average.
Development time,PATO,PATO:0000165,time,A quality in which events occur in sequence.
Development time,PATO,PATO:0000498,increased duration,A duration quality of a process which is relatively high.
Development time,PATO,PATO:0000499,decreased duration,A duration quality of a process which is relatively low.
Development time,PATO,PATO:0001309,duration,A process quality inhering in a bearer by virtue of the bearer's magnitude of the temporal extent between the starting and ending point.
Development time,PATO,PATO:0040049,male with DSD,A biological sex quality inhering in an individual or a population who are otherwise male of a non-hermaphroditic species who has ambiguous or atypical congenital development of the reproductive system.
Water loss,PATO,PATO:0001800,water composition,A composition quality inhering in an bearer by virtue of the quantities or relative ratios of water of the inhering entity.
Water loss,PATO,PATO:0001801,decreased water composition,A composition quality inhering in an bearer by virtue of the reduction in amount of water the bearer contains.
Water loss,PATO,PATO:0001999,lacks parts or has fewer parts of type,"The bearer of this quality has_part < n of the indicated entity type, where n is the normal amount for a comparable organism. Note that the bearer of the quality is the whole, not the part. Formally: If a bearer entity e has fewer parts of type X at time t, then the number of instances x of X at t such that x part_of e is < n, where n is either the normal number for comparable entities, or n is stated explicitly. This case includes the limit case, where the bearer lacks all parts of the specified type."
Water loss,PATO,PATO:0002461,wilty,To bend or hang downwards due to loss of water
Water loss,PATO,PATO:0001885,hydrophobic,A quality inhering in a bearer by virtue of the bearer's lacking affinity for water; tending to repel and not absorb water; tending not to dissolve in or mix with or be wetted by water.
viral load,PATO,GO:0030141,secretory granule,"Note that the term 'secretory vesicle' is sometimes used in this sense, but can also mean 'transport vesicle ; GO:0030133'."
viral load,PATO,GO:0032774,RNA biosynthetic process,"Note that, in some cases, viral RNA replication and viral transcription from RNA actually refer to the same process, but may be called differently depending on the focus of a specific research study."
viral load,PATO,GO:0005575,cellular_component,"Note that, in addition to forming the root of the cellular component ontology, this term is recommended for the annotation of gene products whose cellular component is unknown. When this term is used for annotation, it indicates that no information was available about the cellular component of the gene product annotated as of the date the annotation was made; the evidence code 'no data' (ND), is used to indicate this."
viral load,PATO,GO:1903018,regulation of glycoprotein metabolic process,"human serum amyloid P component (SAP) P02743 inhibits viral neuraminidase, NA (exo-alpha-sialidase activity) and thus the metabolism of glycoproteins, demonstrated in Figure 4A PMID:23544079, (IDA), the negative regulation term would be applied to this protein"
viral load,PATO,GO:1903020,positive regulation of glycoprotein metabolic process,"human serum amyloid P component (SAP) P02743 inhibits viral neuraminidase, NA (exo-alpha-sialidase activity) and thus the metabolism of glycoproteins, demonstrated in Figure 4A PMID:23544079, (IDA), the negative regulation term would be applied to this protein"
adult longevity,PATO,CL:0008017,adult skeletal muscle myoblast,"The vast majority of these cells develop from skeletal muscle satellite cells, although there are some reports of other origins."
adult longevity,PATO,UBERON:0000066,fully formed stage,"The stage of development at which the animal is fully formed, including immaturity and maturity. Includes both sexually immature stage, and adult stage."
adult longevity,PATO,UBERON:0002200,vasculature of head,Vasculature that is part of a head [Automatically generated definition].
adult longevity,PATO,UBERON:0003457,head bone,Different sources vary regarding which bones are craniofacial; e.g. hyoid bone
adult longevity,PATO,UBERON:0003566,head connective tissue,A portion of connective tissue that is part of a head [Automatically generated definition].
bloodmeal weight,PATO,PATO:0000128,weight,"For any biological use of PATO, the concept that should be used is 'mass' and not 'weight'. For example, increased weight of an organism."
bloodmeal weight,PATO,PATO:0000582,increased weight,A weight which is relatively high.
bloodmeal weight,PATO,PATO:0000583,decreased weight,A weight which is relatively low.
bloodmeal weight,PATO,PATO:0000125,mass,"For any biological use of PATO, the concept that should be used is 'mass' and not 'weight'. For example, increased weight of an organism."
bloodmeal weight,PATO,PATO:0001470,ratio,A quality inhering in a bearer by virtue of the bearer's magnitude in proportion to the magnitude of another entity.
Development Rate,PATO,PATO:0000161,rate,A quality of a single process inhering in a bearer by virtue of the bearer's occurrence per unit time.
Development Rate,PATO,PATO:0000911,decreased rate,A rate which is relatively low.
Development Rate,PATO,PATO:0000912,increased rate,A rate which is relatively high.
Development Rate,PATO,PATO:0001492,growth rate,The rate or speed of the change in size of an individual entity or change in number of a population.
Development Rate,PATO,PATO:0001574,flow rate,A physical quality inhering in a bearer by virtue of the bearer's motion characteristic.
conversion efficiency index,PATO,PATO:0001029,efficiency,A physical quality inhering in a bearer by virtue of ratio of the bearer's output to the bearer's input.
conversion efficiency index,PATO,PATO:0001675,decreased efficiency,An efficiency which is relatively low.
conversion efficiency index,PATO,PATO:0001676,increased efficiency,An efficiency which is relatively high.
conversion efficiency index,PATO,PATO:0045015,normal efficiency,An efficiency which is relatively normal or average.
conversion efficiency index,PATO,PATO:0001677,inefficient,An efficiency quality inhering in a bearer by virtue of the bearer's lacking efficiency.
feeding behavior,PATO,GO:0007610,behavior,"1. Note that this term is in the subset of terms that should not be used for direct gene product annotation. Instead, select a child term or, if no appropriate child term exists, please request a new term. Direct annotations to this term may be amended during annotation reviews.
2. While a broader definition of behavior encompassing plants and single cell organisms would be justified on the basis of some usage (see PMID:20160973 for discussion), GO uses a tight definition that limits behavior to animals and to responses involving the nervous system, excluding plant responses that GO classifies under development, and responses of unicellular organisms that has general classifications for covering the responses of cells in multicellular organisms (e.g. cell chemotaxis)."
feeding behavior,PATO,GO:0019098,reproductive behavior,The specific behavior of an organism that is associated with reproduction.
feeding behavior,PATO,GO:0050795,regulation of behavior,"Any process that modulates the frequency, rate or extent of behavior, the internally coordinated responses (actions or inactions) of whole living organisms (individuals or groups) to internal or external stimuli."
feeding behavior,PATO,GO:0048520,positive regulation of behavior,"Any process that activates or increases the frequency, rate or extent of behavior, the internally coordinated responses (actions or inactions) of whole living organisms (individuals or groups) to internal or external stimuli."
feeding behavior,PATO,GO:0048521,negative regulation of behavior,"Any process that stops, prevents, or reduces the frequency, rate or extent of behavior, the internally coordinated responses (actions or inactions) of whole living organisms (individuals or groups) to internal or external stimuli."
metabolic rate (standard),PATO,PATO:0000161,rate,A quality of a single process inhering in a bearer by virtue of the bearer's occurrence per unit time.
metabolic rate (standard),PATO,PATO:0070017,standard pyramidal morphology,A pyramidal family morphology that inheres in neurons which have a standard pyramidal shape with its apical dendrite aligned vertically.
metabolic rate (standard),PATO,PATO:0000911,decreased rate,A rate which is relatively low.
metabolic rate (standard),PATO,PATO:0000912,increased rate,A rate which is relatively high.
metabolic rate (standard),PATO,PATO:0001492,growth rate,The rate or speed of the change in size of an individual entity or change in number of a population.
Body Mass,PATO,PATO:0000125,mass,"For any biological use of PATO, the concept that should be used is 'mass' and not 'weight'. For example, increased weight of an organism."
Body Mass,PATO,PATO:0001019,mass density,A physical quality which inheres in a bearer by virtue of some influence is exerted by the bearer's mass per unit size.
Body Mass,PATO,PATO:0001562,decreased mass,A mass which is lower than normal or average.
Body Mass,PATO,PATO:0001563,increased mass,A mass which is higher than normal or average.
Body Mass,PATO,PATO:0001681,molar mass,A physical quality that inheres in a homogeneous substance containing 6.02 x 1023 atoms or molecules.
fat consumption rate,PATO,PATO:0000161,rate,A quality of a single process inhering in a bearer by virtue of the bearer's occurrence per unit time.
fat consumption rate,PATO,PATO:0000911,decreased rate,A rate which is relatively low.
fat consumption rate,PATO,PATO:0000912,increased rate,A rate which is relatively high.
fat consumption rate,PATO,PATO:0001492,growth rate,The rate or speed of the change in size of an individual entity or change in number of a population.
fat consumption rate,PATO,PATO:0001574,flow rate,A physical quality inhering in a bearer by virtue of the bearer's motion characteristic.
molt success rate (larval),PATO,PATO:0001185,larval,"A maturity quality inhering in a bearer by virtue of the bearer's indirect development, undergoing metamorphosis."
molt success rate (larval),PATO,PATO:0000161,rate,A quality of a single process inhering in a bearer by virtue of the bearer's occurrence per unit time.
molt success rate (larval),PATO,PATO:0000911,decreased rate,A rate which is relatively low.
molt success rate (larval),PATO,PATO:0000912,increased rate,A rate which is relatively high.
molt success rate (larval),PATO,PATO:0001492,growth rate,The rate or speed of the change in size of an individual entity or change in number of a population.
Mortality Rate,PATO,PATO:0000161,rate,A quality of a single process inhering in a bearer by virtue of the bearer's occurrence per unit time.
Mortality Rate,PATO,PATO:0000911,decreased rate,A rate which is relatively low.
Mortality Rate,PATO,PATO:0000912,increased rate,A rate which is relatively high.
Mortality Rate,PATO,PATO:0001492,growth rate,The rate or speed of the change in size of an individual entity or change in number of a population.
Mortality Rate,PATO,PATO:0001574,flow rate,A physical quality inhering in a bearer by virtue of the bearer's motion characteristic.
Pre-reproductive average,PATO,PATO:0000461,normal,A quality inhering in a bearer by virtue of the bearer's exhibiting no deviation from normal or average.
Pre-reproductive average,PATO,PATO:0002297,decreased cellular motility,A cellular motility which is lower relative to the normal or average.
Pre-reproductive average,PATO,PATO:0002298,increased cellular motility,A cellular motility which is higher relative to the normal or average.
Pre-reproductive average,PATO,PATO:0000374,increased distance,A distance which is greater relative to the normal or average.
Pre-reproductive average,PATO,PATO:0000375,decreased distance,A distance which is lesser relative to the normal or average.
lipid content,PATO,PATO:0000025,composition,"For example calcium composition (which may inhere in bone), haemoglobin composition (which may inhere in blood)."
lipid content,PATO,CHEBI:18059,lipid,"'Lipids' is a loosely defined term for substances of biological origin that are soluble in nonpolar solvents. They consist of saponifiable lipids, such as glycerides (fats and oils) and phospholipids, as well as nonsaponifiable lipids, principally steroids."
lipid content,PATO,GO:0006869,lipid transport,"The directed movement of lipids into, out of or within a cell, or between cells, by means of some agent such as a transporter or pore. Lipids are compounds soluble in an organic solvent but not, or sparingly, in an aqueous solvent."
lipid content,PATO,GO:0010876,lipid localization,"Any process in which a lipid is transported to, or maintained in, a specific location."
lipid content,PATO,GO:0006629,lipid metabolic process,"The chemical reactions and pathways involving lipids, compounds soluble in an organic solvent but not, or sparingly, in an aqueous solvent. Includes fatty acids; neutral fats, other fatty-acid esters, and soaps; long-chain (fatty) alcohols and waxes; sphingoids and other long-chain bases; glycolipids, phospholipids and sphingolipids; and carotenes, polyprenols, sterols, terpenes and other isoprenoids."
metabolic rate (resting),PATO,PATO:0000161,rate,A quality of a single process inhering in a bearer by virtue of the bearer's occurrence per unit time.
metabolic rate (resting),PATO,PATO:0000911,decreased rate,A rate which is relatively low.
metabolic rate (resting),PATO,PATO:0000912,increased rate,A rate which is relatively high.
metabolic rate (resting),PATO,PATO:0001492,growth rate,The rate or speed of the change in size of an individual entity or change in number of a population.
metabolic rate (resting),PATO,PATO:0001574,flow rate,A physical quality inhering in a bearer by virtue of the bearer's motion characteristic.
feeding time,PATO,PATO:0000165,time,A quality in which events occur in sequence.
feeding time,PATO,PATO:0000498,increased duration,A duration quality of a process which is relatively high.
feeding time,PATO,PATO:0000499,decreased duration,A duration quality of a process which is relatively low.
feeding time,PATO,PATO:0001309,duration,A process quality inhering in a bearer by virtue of the bearer's magnitude of the temporal extent between the starting and ending point.
feeding time,PATO,PATO:0001005,latency,"This class is a candidate for obsoletion. The definition is not clear, and the placement under ""delayed"" is not consistent with the definition."
Molting Period,PATO,PATO:0000499,decreased duration,A duration quality of a process which is relatively low.
Molting Period,PATO,PATO:0001309,duration,A process quality inhering in a bearer by virtue of the bearer's magnitude of the temporal extent between the starting and ending point.
Molting Period,PATO,PATO:0000498,increased duration,A duration quality of a process which is relatively high.
Molting Period,PATO,PATO:0000695,synchronous,A quality of a single process inhering in a bearer by virtue of the bearer's occurring or existing at the same time or having the same period or phase.
Molting Period,PATO,PATO:0000688,asynchronous,A quality of a single process inhering in a bearer by virtue of the bearer's not occurring or existing at the same time or having the same period or phase.
premolting period,PATO,PATO:0000499,decreased duration,A duration quality of a process which is relatively low.
premolting period,PATO,PATO:0001309,duration,A process quality inhering in a bearer by virtue of the bearer's magnitude of the temporal extent between the starting and ending point.
premolting period,PATO,PATO:0000498,increased duration,A duration quality of a process which is relatively high.
premolting period,PATO,PATO:0000695,synchronous,A quality of a single process inhering in a bearer by virtue of the bearer's occurring or existing at the same time or having the same period or phase.
premolting period,PATO,PATO:0000688,asynchronous,A quality of a single process inhering in a bearer by virtue of the bearer's not occurring or existing at the same time or having the same period or phase.
weight,PATO,PATO:0000128,weight,"For any biological use of PATO, the concept that should be used is 'mass' and not 'weight'. For example, increased weight of an organism."
weight,PATO,PATO:0000582,increased weight,A weight which is relatively high.
weight,PATO,PATO:0000583,decreased weight,A weight which is relatively low.
weight,PATO,PATO:0000125,mass,"For any biological use of PATO, the concept that should be used is 'mass' and not 'weight'. For example, increased weight of an organism."
weight,PATO,PATO:0001470,ratio,A quality inhering in a bearer by virtue of the bearer's magnitude in proportion to the magnitude of another entity.
feed conversion rate,PATO,PATO:0000161,rate,A quality of a single process inhering in a bearer by virtue of the bearer's occurrence per unit time.
feed conversion rate,PATO,PATO:0000911,decreased rate,A rate which is relatively low.
feed conversion rate,PATO,PATO:0000912,increased rate,A rate which is relatively high.
feed conversion rate,PATO,PATO:0001492,growth rate,The rate or speed of the change in size of an individual entity or change in number of a population.
feed conversion rate,PATO,PATO:0001574,flow rate,A physical quality inhering in a bearer by virtue of the bearer's motion characteristic.
mortality (adult),PATO,CL:0008017,adult skeletal muscle myoblast,"The vast majority of these cells develop from skeletal muscle satellite cells, although there are some reports of other origins."
mortality (adult),PATO,UBERON:0000066,fully formed stage,"The stage of development at which the animal is fully formed, including immaturity and maturity. Includes both sexually immature stage, and adult stage."
mortality (adult),PATO,UBERON:0002200,vasculature of head,Vasculature that is part of a head [Automatically generated definition].
mortality (adult),PATO,UBERON:0003457,head bone,Different sources vary regarding which bones are craniofacial; e.g. hyoid bone
mortality (adult),PATO,UBERON:0003566,head connective tissue,A portion of connective tissue that is part of a head [Automatically generated definition].
peak fecundity,PATO,PATO:0000273,fecundity,A reproductive quality inhering in an organism or population by virtue of the bearer's potential reproductive capacity ad measured by the number of gametes.
peak fecundity,PATO,PATO:0001695,increased fecundity,A fecundity which is relatively high.
peak fecundity,PATO,PATO:0001696,decreased fecundity,A fecundity which is relatively low.
peak fecundity,PATO,PATO:0045017,normal fecundity,A fecundity which is relatively normal or average.
peak fecundity,PATO,CHEBI:228364,NMR chemical shift reference compound,Any compound that produces a peak used as reference frequency in the delta chemical shift scale.
molt success rate (nymphal),PATO,PATO:0000161,rate,A quality of a single process inhering in a bearer by virtue of the bearer's occurrence per unit time.
molt success rate (nymphal),PATO,PATO:0000911,decreased rate,A rate which is relatively low.
molt success rate (nymphal),PATO,PATO:0000912,increased rate,A rate which is relatively high.
molt success rate (nymphal),PATO,PATO:0001492,growth rate,The rate or speed of the change in size of an individual entity or change in number of a population.
molt success rate (nymphal),PATO,PATO:0001574,flow rate,A physical quality inhering in a bearer by virtue of the bearer's motion characteristic.
Egg Mass,PATO,PATO:0000125,mass,"For any biological use of PATO, the concept that should be used is 'mass' and not 'weight'. For example, increased weight of an organism."
Egg Mass,PATO,PATO:0001019,mass density,A physical quality which inheres in a bearer by virtue of some influence is exerted by the bearer's mass per unit size.
Egg Mass,PATO,PATO:0001562,decreased mass,A mass which is lower than normal or average.
Egg Mass,PATO,PATO:0001563,increased mass,A mass which is higher than normal or average.
Egg Mass,PATO,PATO:0001681,molar mass,A physical quality that inheres in a homogeneous substance containing 6.02 x 1023 atoms or molecules.
hatch time,PATO,PATO:0000165,time,A quality in which events occur in sequence.
hatch time,PATO,PATO:0000498,increased duration,A duration quality of a process which is relatively high.
hatch time,PATO,PATO:0000499,decreased duration,A duration quality of a process which is relatively low.
hatch time,PATO,PATO:0001309,duration,A process quality inhering in a bearer by virtue of the bearer's magnitude of the temporal extent between the starting and ending point.
hatch time,PATO,PATO:0001005,latency,"This class is a candidate for obsoletion. The definition is not clear, and the placement under ""delayed"" is not consistent with the definition."
conversion efficiency,PATO,PATO:0001029,efficiency,A physical quality inhering in a bearer by virtue of ratio of the bearer's output to the bearer's input.
conversion efficiency,PATO,PATO:0001675,decreased efficiency,An efficiency which is relatively low.
conversion efficiency,PATO,PATO:0001676,increased efficiency,An efficiency which is relatively high.
conversion efficiency,PATO,PATO:0045015,normal efficiency,An efficiency which is relatively normal or average.
conversion efficiency,PATO,PATO:0001677,inefficient,An efficiency quality inhering in a bearer by virtue of the bearer's lacking efficiency.
consumption rate,PATO,PATO:0000161,rate,A quality of a single process inhering in a bearer by virtue of the bearer's occurrence per unit time.
consumption rate,PATO,PATO:0000911,decreased rate,A rate which is relatively low.
consumption rate,PATO,PATO:0000912,increased rate,A rate which is relatively high.
consumption rate,PATO,PATO:0001492,growth rate,The rate or speed of the change in size of an individual entity or change in number of a population.
consumption rate,PATO,PATO:0001574,flow rate,A physical quality inhering in a bearer by virtue of the bearer's motion characteristic.
molting time,PATO,PATO:0000165,time,A quality in which events occur in sequence.
molting time,PATO,PATO:0000498,increased duration,A duration quality of a process which is relatively high.
molting time,PATO,PATO:0000499,decreased duration,A duration quality of a process which is relatively low.
molting time,PATO,PATO:0001309,duration,A process quality inhering in a bearer by virtue of the bearer's magnitude of the temporal extent between the starting and ending point.
molting time,PATO,PATO:0001005,latency,"This class is a candidate for obsoletion. The definition is not clear, and the placement under ""delayed"" is not consistent with the definition."
larval hatch rate,PATO,PATO:0001185,larval,"A maturity quality inhering in a bearer by virtue of the bearer's indirect development, undergoing metamorphosis."
larval hatch rate,PATO,PATO:0000161,rate,A quality of a single process inhering in a bearer by virtue of the bearer's occurrence per unit time.
larval hatch rate,PATO,PATO:0000911,decreased rate,A rate which is relatively low.
larval hatch rate,PATO,PATO:0000912,increased rate,A rate which is relatively high.
larval hatch rate,PATO,PATO:0001492,growth rate,The rate or speed of the change in size of an individual entity or change in number of a population.
Oviposition Rate,PATO,PATO:0000161,rate,A quality of a single process inhering in a bearer by virtue of the bearer's occurrence per unit time.
Oviposition Rate,PATO,PATO:0000911,decreased rate,A rate which is relatively low.
Oviposition Rate,PATO,PATO:0000912,increased rate,A rate which is relatively high.
Oviposition Rate,PATO,PATO:0001492,growth rate,The rate or speed of the change in size of an individual entity or change in number of a population.
Oviposition Rate,PATO,PATO:0001574,flow rate,A physical quality inhering in a bearer by virtue of the bearer's motion characteristic.
feeding period,PATO,PATO:0000499,decreased duration,A duration quality of a process which is relatively low.
feeding period,PATO,PATO:0001309,duration,A process quality inhering in a bearer by virtue of the bearer's magnitude of the temporal extent between the starting and ending point.
feeding period,PATO,PATO:0000498,increased duration,A duration quality of a process which is relatively high.
feeding period,PATO,PATO:0000695,synchronous,A quality of a single process inhering in a bearer by virtue of the bearer's occurring or existing at the same time or having the same period or phase.
feeding period,PATO,PATO:0000688,asynchronous,A quality of a single process inhering in a bearer by virtue of the bearer's not occurring or existing at the same time or having the same period or phase.
fertility,PATO,PATO:0000274,fertility,"A reproductive quality inhering in a bearer by virtue of the bearer's initiating, sustaining, or supporting reproduction."
fertility,PATO,PATO:0000277,female fertility,"A fertility quality inhering in a female by virtue of the bearer's disposition to initiate, sustain, or support reproduction."
fertility,PATO,PATO:0000279,male fertility,"A fertility quality of inhering in a male by virtue of the bearer's disposition to initiate, sustain, or support reproduction."
fertility,PATO,PATO:0001834,decreased fertility,A fertility which is relatively low.
fertility,PATO,PATO:0001835,increased fertility,A fertility which is relatively high.
oviposition period,PATO,PATO:0000499,decreased duration,A duration quality of a process which is relatively low.
oviposition period,PATO,PATO:0001309,duration,A process quality inhering in a bearer by virtue of the bearer's magnitude of the temporal extent between the starting and ending point.
oviposition period,PATO,PATO:0000498,increased duration,A duration quality of a process which is relatively high.
oviposition period,PATO,PATO:0000695,synchronous,A quality of a single process inhering in a bearer by virtue of the bearer's occurring or existing at the same time or having the same period or phase.
oviposition period,PATO,PATO:0000688,asynchronous,A quality of a single process inhering in a bearer by virtue of the bearer's not occurring or existing at the same time or having the same period or phase.
body size (alate nymph),PATO,PATO:0000117,size,A morphology quality inhering in a bearer by virtue of the bearer's physical magnitude.
body size (alate nymph),PATO,PATO:0000276,brood size,A reproductive quality inhering in the young of an animal by virtue of their number.
body size (alate nymph),PATO,PATO:0000586,increased size,A size quality which is relatively high.
body size (alate nymph),PATO,PATO:0000587,decreased size,A size quality which is relatively low.
body size (alate nymph),PATO,PATO:0005015,tapered size,A size quality inhering in an entity or set of entities in which size increases or decreases along the extent of the entity or set.
body size (length),PATO,PATO:0000122,length,"Length often refers to the longer or longest dimension of an object, however, this is not always true. See https://github.com/pato-ontology/pato/issues/337 for full discussion."
body size (length),PATO,PATO:0000573,increased length,A length quality which is relatively large.
body size (length),PATO,PATO:0000574,decreased length,A length quality which is relatively small.
body size (length),PATO,PATO:0045054,normal length,A length quality which is relatively normal or average
body size (length),PATO,PATO:0000117,size,A morphology quality inhering in a bearer by virtue of the bearer's physical magnitude.
molting period (larval),PATO,PATO:0001185,larval,"A maturity quality inhering in a bearer by virtue of the bearer's indirect development, undergoing metamorphosis."
molting period (larval),PATO,PATO:0000499,decreased duration,A duration quality of a process which is relatively low.
molting period (larval),PATO,PATO:0001309,duration,A process quality inhering in a bearer by virtue of the bearer's magnitude of the temporal extent between the starting and ending point.
molting period (larval),PATO,PATO:0000498,increased duration,A duration quality of a process which is relatively high.
molting period (larval),PATO,PATO:0001187,pupal,A maturity quality inhering in a insect by virtue of the bearer's being in the chrysalis (cocoon) or post larval stage.
molting period (nymphal),PATO,PATO:0000499,decreased duration,A duration quality of a process which is relatively low.
molting period (nymphal),PATO,PATO:0001309,duration,A process quality inhering in a bearer by virtue of the bearer's magnitude of the temporal extent between the starting and ending point.
molting period (nymphal),PATO,PATO:0000498,increased duration,A duration quality of a process which is relatively high.
molting period (nymphal),PATO,PATO:0000695,synchronous,A quality of a single process inhering in a bearer by virtue of the bearer's occurring or existing at the same time or having the same period or phase.
molting period (nymphal),PATO,PATO:0000688,asynchronous,A quality of a single process inhering in a bearer by virtue of the bearer's not occurring or existing at the same time or having the same period or phase.
Weight loss,PATO,PATO:0000128,weight,"For any biological use of PATO, the concept that should be used is 'mass' and not 'weight'. For example, increased weight of an organism."
Weight loss,PATO,PATO:0000582,increased weight,A weight which is relatively high.
Weight loss,PATO,PATO:0000583,decreased weight,A weight which is relatively low.
Weight loss,PATO,PATO:0001999,lacks parts or has fewer parts of type,"The bearer of this quality has_part < n of the indicated entity type, where n is the normal amount for a comparable organism. Note that the bearer of the quality is the whole, not the part. Formally: If a bearer entity e has fewer parts of type X at time t, then the number of instances x of X at t such that x part_of e is < n, where n is either the normal number for comparable entities, or n is stated explicitly. This case includes the limit case, where the bearer lacks all parts of the specified type."
Weight loss,PATO,PATO:0002461,wilty,To bend or hang downwards due to loss of water
body length,PATO,PATO:0000122,length,"Length often refers to the longer or longest dimension of an object, however, this is not always true. See https://github.com/pato-ontology/pato/issues/337 for full discussion."
body length,PATO,PATO:0000573,increased length,A length quality which is relatively large.
body length,PATO,PATO:0000574,decreased length,A length quality which is relatively small.
body length,PATO,PATO:0045054,normal length,A length quality which is relatively normal or average
body length,PATO,PATO:0040030,decreased width and length,"A width and length quality which is relatively small, where both width and length are decreased."
egg hatch,PATO,PATO:0001891,ovate,A spheroid quality inhering in a bearer by virtue of the bearer's exhibiting a continuous convex surface with an axis of symmetry and one axis longer than the other; egg-shaped.
egg hatch,PATO,CL:0000025,egg cell,A female gamete where meiosis has progressed to metaphase II and is able to participate in fertilization.
egg hatch,PATO,GO:0007343,egg activation,"The process in which the egg becomes metabolically active, initiates protein and DNA synthesis and undergoes structural changes to its cortex and/or cytoplasm."
egg hatch,PATO,GO:0007293,germarium-derived egg chamber formation,"Construction of a stage-1 egg chamber in the anterior part of the germarium, from the progeny of germ-line and somatic stem cells. An example of this is found in Drosophila melanogaster."
egg hatch,PATO,GO:0009792,embryo development ending in birth or egg hatching,"The process whose specific outcome is the progression of an embryo over time, from zygote formation until the end of the embryonic life stage. The end of the embryonic life stage is organism-specific and may be somewhat arbitrary; for mammals it is usually considered to be birth, for insects the hatching of the first instar larva from the eggshell."
feeding preference,PATO,PATO:0000773,preference,A discrimination quality in a bearer by virtue of the bearer's liking a perceived stimulus.
feeding preference,PATO,PATO:0000772,indifference,A preference quality in a bearer by virtue of the bearer's having no preference to a perceived stimulus.
feeding preference,PATO,PATO:0000771,aversion,A preference quality in a bearer by virtue of the bearer's disliking a perceived stimulus.
feeding preference,PATO,UBERON:0013765,digestive system element,"Any of the organs or elements that are part of the digestive system. Examples: tongue, esophagus, spleen, crop, lunge feeding organ, tooth elements."
oviposition failure,PATO,PATO:0001511,non-functional,A disfunctional quality held by the bearer when the latter is unable to perform a regular function(s).
oviposition failure,PATO,PATO:0002291,agenesis,Absence of a tissue or organ due to failure to develop.
oviposition failure,PATO,PATO:0001483,aplastic,"With aplasia, the primordium or precursor develops, but does not proceed in its development to a mature structure"
oviposition failure,PATO,PATO:0002270,increased accumulation,An increased number of physical objects that are accumulated within another physical object usually as a result of a failure to break down or remove objects in a timely manner.
sex ratio,PATO,PATO:0000047,biological sex,An organismal quality inhering in a bearer by virtue of the bearer's ability to undergo sexual reproduction in order to differentiate the individuals or types involved.
sex ratio,PATO,PATO:0001338,mixed sex,For example a mixture of females and male or males and hermaphrodites.
sex ratio,PATO,PATO:0001894,phenotypic sex,An organismal quality inhering in a bearer by virtue of the bearer's physical expression of sexual characteristics.
sex ratio,PATO,PATO:0020000,genotypic sex,"Note that the chromosomal constitution of genotypic sex varies in different organisms. In human, we have XY, XX, though abnormal XXY, X0, XYY, and other combinations are possible."
sex ratio,PATO,PATO:0060001,sex-specific,A quality inhering in a bearer by virtue of the bearer's being present in one sex and absent from the other in members of the same species.
Feeding Period of Nymphs (Days),PATO,PATO:0000499,decreased duration,A duration quality of a process which is relatively low.
Feeding Period of Nymphs (Days),PATO,PATO:0001309,duration,A process quality inhering in a bearer by virtue of the bearer's magnitude of the temporal extent between the starting and ending point.
Feeding Period of Nymphs (Days),PATO,PATO:0000498,increased duration,A duration quality of a process which is relatively high.
Feeding Period of Nymphs (Days),PATO,PATO:0000033,concentration of,A quality inhering in a substance by virtue of the amount of the bearer's there is mixed with another substance.
Feeding Period of Nymphs (Days),PATO,PATO:0001905,has normal numbers of parts of type,"The bearer of this quality has_part = n, where n is the normal amount for a comparable organism. Note that the bearer of the quality is the whole, not the part."
hatching range,PATO,GO:0009792,embryo development ending in birth or egg hatching,"The process whose specific outcome is the progression of an embryo over time, from zygote formation until the end of the embryonic life stage. The end of the embryonic life stage is organism-specific and may be somewhat arbitrary; for mammals it is usually considered to be birth, for insects the hatching of the first instar larva from the eggshell."
hatching range,PATO,UBERON:0000092,post-embryonic stage,"Stage succeeding embryo, including mature structure."
hatching range,PATO,PATO:0001524,intrasonic,A sound frequency in the range of 0-20 Hz.
hatching range,PATO,PATO:0001526,ultrasonic,A sound frequency in the range of 20 000 + Hz.
hatching range,PATO,PATO:0001292,full-spectrum EM radiation quality,An EM radiation quality that is independent of the EM wavelength range.
head capsule width,PATO,PATO:0000921,width,"Width often refers to the dimension that is greater than the extent in only one of the other two orthogonal dimensions, however, this is not always true. See https://github.com/pato-ontology/pato/issues/337 for full discussion."
head capsule width,PATO,PATO:0000599,decreased width,A width which is relatively small.
head capsule width,PATO,PATO:0000600,increased width,A width which is relatively large.
head capsule width,PATO,PATO:0045061,normal width,A width which is relatively normal or average
head capsule width,PATO,PATO:0040030,decreased width and length,"A width and length quality which is relatively small, where both width and length are decreased."
mortality (larval),PATO,PATO:0001185,larval,"A maturity quality inhering in a bearer by virtue of the bearer's indirect development, undergoing metamorphosis."
mortality (larval),PATO,PATO:0001187,pupal,A maturity quality inhering in a insect by virtue of the bearer's being in the chrysalis (cocoon) or post larval stage.
mortality (larval),PATO,PATO:0001188,prepupal,"A maturity quality inhering in a bearer by virtue of the bearer's being in an inactive stage in the development of some insects, between the larval and the pupal stages."
mortality (larval),PATO,UBERON:0034705,developing neuroepithelium,An embryonic or larval epithelium that is committed to form part of the nervous system.
mortality (larval),PATO,GO:0048598,embryonic morphogenesis,"The process in which anatomical structures are generated and organized during the embryonic phase. The embryonic phase begins with zygote formation. The end of the embryonic phase is organism-specific. For example, it would be at birth for mammals, larval hatching for insects and seed dormancy in plants."
nymph production,PATO,GO:0001816,cytokine production,"Note that this term is in the subset of terms that should not be used for direct gene product annotation. Instead, select one of the 'regulation' children terms."
nymph production,PATO,GO:0001817,regulation of cytokine production,"Any process that modulates the frequency, rate, or extent of production of a cytokine."
nymph production,PATO,GO:0001818,negative regulation of cytokine production,"Any process that stops, prevents, or reduces the rate of production of a cytokine."
nymph production,PATO,GO:0001819,positive regulation of cytokine production,"Any process that activates or increases the frequency, rate or extent of production of a cytokine."
nymph production,PATO,GO:0002351,serotonin production involved in inflammatory response,"The synthesis or release of serotonin following a stimulus as part of an inflammatory response, resulting in an increase in its intracellular or extracellular levels."
body size (apterous),PATO,PATO:0000117,size,A morphology quality inhering in a bearer by virtue of the bearer's physical magnitude.
body size (apterous),PATO,PATO:0000276,brood size,A reproductive quality inhering in the young of an animal by virtue of their number.
body size (apterous),PATO,PATO:0000586,increased size,A size quality which is relatively high.
body size (apterous),PATO,PATO:0000587,decreased size,A size quality which is relatively low.
body size (apterous),PATO,PATO:0005015,tapered size,A size quality inhering in an entity or set of entities in which size increases or decreases along the extent of the entity or set.
fecundity (apterous),PATO,PATO:0000273,fecundity,A reproductive quality inhering in an organism or population by virtue of the bearer's potential reproductive capacity ad measured by the number of gametes.
fecundity (apterous),PATO,PATO:0001695,increased fecundity,A fecundity which is relatively high.
fecundity (apterous),PATO,PATO:0001696,decreased fecundity,A fecundity which is relatively low.
fecundity (apterous),PATO,PATO:0045017,normal fecundity,A fecundity which is relatively normal or average.
fecundity (apterous),PATO,PCO:0000003,quality of a population,A quality that inheres in a population of organisms.
interlarval period,PATO,PATO:0000499,decreased duration,A duration quality of a process which is relatively low.
interlarval period,PATO,PATO:0001309,duration,A process quality inhering in a bearer by virtue of the bearer's magnitude of the temporal extent between the starting and ending point.
interlarval period,PATO,PATO:0000498,increased duration,A duration quality of a process which is relatively high.
interlarval period,PATO,PATO:0000695,synchronous,A quality of a single process inhering in a bearer by virtue of the bearer's occurring or existing at the same time or having the same period or phase.
interlarval period,PATO,PATO:0000688,asynchronous,A quality of a single process inhering in a bearer by virtue of the bearer's not occurring or existing at the same time or having the same period or phase.
effective fecundity,PATO,PATO:0000273,fecundity,A reproductive quality inhering in an organism or population by virtue of the bearer's potential reproductive capacity ad measured by the number of gametes.
effective fecundity,PATO,PATO:0001695,increased fecundity,A fecundity which is relatively high.
effective fecundity,PATO,PATO:0001696,decreased fecundity,A fecundity which is relatively low.
effective fecundity,PATO,PATO:0045017,normal fecundity,A fecundity which is relatively normal or average.
effective fecundity,PATO,PATO:0000769,coordinated,A coordination quality of inhering in a bearer by virtue of the bearer's having skillful and effective interaction of movement.
post-oviposition period,PATO,PATO:0000499,decreased duration,A duration quality of a process which is relatively low.
post-oviposition period,PATO,PATO:0001309,duration,A process quality inhering in a bearer by virtue of the bearer's magnitude of the temporal extent between the starting and ending point.
post-oviposition period,PATO,PATO:0000498,increased duration,A duration quality of a process which is relatively high.
post-oviposition period,PATO,PATO:0000695,synchronous,A quality of a single process inhering in a bearer by virtue of the bearer's occurring or existing at the same time or having the same period or phase.
post-oviposition period,PATO,PATO:0000688,asynchronous,A quality of a single process inhering in a bearer by virtue of the bearer's not occurring or existing at the same time or having the same period or phase.
anabolic rate,PATO,PATO:0000161,rate,A quality of a single process inhering in a bearer by virtue of the bearer's occurrence per unit time.
anabolic rate,PATO,PATO:0000911,decreased rate,A rate which is relatively low.
anabolic rate,PATO,PATO:0000912,increased rate,A rate which is relatively high.
anabolic rate,PATO,PATO:0001492,growth rate,The rate or speed of the change in size of an individual entity or change in number of a population.
anabolic rate,PATO,PATO:0001574,flow rate,A physical quality inhering in a bearer by virtue of the bearer's motion characteristic.
mean fecundity,PATO,PATO:0000273,fecundity,A reproductive quality inhering in an organism or population by virtue of the bearer's potential reproductive capacity ad measured by the number of gametes.
mean fecundity,PATO,PATO:0001695,increased fecundity,A fecundity which is relatively high.
mean fecundity,PATO,PATO:0001696,decreased fecundity,A fecundity which is relatively low.
mean fecundity,PATO,PATO:0045017,normal fecundity,A fecundity which is relatively normal or average.
mean fecundity,PATO,PATO:0040060,absence of anatomical entity,"Absence of anatomical entity should only be used when all of the entity is absent. For example, absent teeth would mean all teeth are absent not some teeth are absent."
metabolic heat rate,PATO,PATO:0001756,heat conductivity,A conductivity quality inhering in a bearer by virtue of the bearer's disposition to spontaneous transfer of thermal energy from a region of higher temperature to a region of lower temperature.
metabolic heat rate,PATO,PATO:0000161,rate,A quality of a single process inhering in a bearer by virtue of the bearer's occurrence per unit time.
metabolic heat rate,PATO,PATO:0000911,decreased rate,A rate which is relatively low.
metabolic heat rate,PATO,PATO:0000912,increased rate,A rate which is relatively high.
metabolic heat rate,PATO,PATO:0001492,growth rate,The rate or speed of the change in size of an individual entity or change in number of a population.
EIP (extrinsic incubation period),PATO,PATO:0000499,decreased duration,A duration quality of a process which is relatively low.
EIP (extrinsic incubation period),PATO,PATO:0001309,duration,A process quality inhering in a bearer by virtue of the bearer's magnitude of the temporal extent between the starting and ending point.
EIP (extrinsic incubation period),PATO,PATO:0000498,increased duration,A duration quality of a process which is relatively high.
EIP (extrinsic incubation period),PATO,UBERON:0001575,extrinsic muscle of tongue,A muscle organ that attaches the tongue to some other structure.
EIP (extrinsic incubation period),PATO,UBERON:0011332,extrinsic tongue pre-muscle mass,NA
egg conversion ratio,PATO,PATO:0001470,ratio,A quality inhering in a bearer by virtue of the bearer's magnitude in proportion to the magnitude of another entity.
egg conversion ratio,PATO,PATO:0040042,decreased ratio,Example: decreased proportion of CD4 T cells relative to total T cells.
egg conversion ratio,PATO,PATO:0040043,increased ratio,Example: increased proportion of CD4 T cells relative to total T cells.
egg conversion ratio,PATO,PATO:0040071,nuclear/cytoplasmic ratio,A quality inhering in a cell by virtue of the ratio between the volume of its nucleus and the volume of its cytoplasm.
egg conversion ratio,PATO,PATO:0040072,high nuclear/cytoplasmic ratio,A high nuclear/cytolasmic ratio is 70% or higher.
fecundity (alate),PATO,PATO:0000273,fecundity,A reproductive quality inhering in an organism or population by virtue of the bearer's potential reproductive capacity ad measured by the number of gametes.
fecundity (alate),PATO,PATO:0001695,increased fecundity,A fecundity which is relatively high.
fecundity (alate),PATO,PATO:0001696,decreased fecundity,A fecundity which is relatively low.
fecundity (alate),PATO,PATO:0045017,normal fecundity,A fecundity which is relatively normal or average.
fecundity (alate),PATO,PCO:0000003,quality of a population,A quality that inheres in a population of organisms.
reproductive efficiency index,PATO,PATO:0001029,efficiency,A physical quality inhering in a bearer by virtue of ratio of the bearer's output to the bearer's input.
reproductive efficiency index,PATO,PATO:0001675,decreased efficiency,An efficiency which is relatively low.
reproductive efficiency index,PATO,PATO:0001676,increased efficiency,An efficiency which is relatively high.
reproductive efficiency index,PATO,PATO:0045015,normal efficiency,An efficiency which is relatively normal or average.
reproductive efficiency index,PATO,PATO:0001434,reproductive quality,An organismal quality inhering in a bearer by virtue of the bearer's ability to produce new life or offspring.
Distance Traveled,PATO,PATO:0000040,distance,A quality that is the extent of space between two entities.
Distance Traveled,PATO,PATO:0000374,increased distance,A distance which is greater relative to the normal or average.
Distance Traveled,PATO,PATO:0000375,decreased distance,A distance which is lesser relative to the normal or average.
Distance Traveled,PATO,PATO:0045014,normal distance,A distance which is relatively normal or average.
Distance Traveled,PATO,PATO:0040032,increased linear velocity,A distance traveled in a specific time that is relatively high.
Questing Height,PATO,PATO:0000119,height,A 1-D extent quality inhering in a bearer by virtue of the bearer's vertical dimension of extension.
Questing Height,PATO,PATO:0000569,decreased height,A height which is relatively low.
Questing Height,PATO,PATO:0000570,increased height,A height which is relatively high.
Questing Height,PATO,PATO:0045053,normal height,A height which is relatively normal or average
Questing Height,PATO,PATO:0001874,discoid,"A shape quality inhering in a bearer by virtue of the bearer's being cylindrical, in which the height is less than the diameter."
Questing Time,PATO,PATO:0000165,time,A quality in which events occur in sequence.
Questing Time,PATO,PATO:0000498,increased duration,A duration quality of a process which is relatively high.
Questing Time,PATO,PATO:0000499,decreased duration,A duration quality of a process which is relatively low.
Questing Time,PATO,PATO:0001309,duration,A process quality inhering in a bearer by virtue of the bearer's magnitude of the temporal extent between the starting and ending point.
Questing Time,PATO,PATO:0001005,latency,"This class is a candidate for obsoletion. The definition is not clear, and the placement under ""delayed"" is not consistent with the definition."
blood feeding,PATO,UBERON:0000178,blood,A fluid that is composed of blood plasma and erythrocytes.
blood feeding,PATO,CL:0000081,blood cell,A cell found predominately in the blood.
blood feeding,PATO,CL:4030029,blood lymphocyte,A lymphocyte located in blood.
blood feeding,PATO,GO:0008015,blood circulation,"The flow of blood through the body of an animal, enabling the transport of nutrients to the tissues and the removal of waste products."
blood feeding,PATO,UBERON:0001969,blood plasma,"The liquid component of blood, in which erythrocytes are suspended."
heat knockdown time,PATO,PATO:0000165,time,A quality in which events occur in sequence.
heat knockdown time,PATO,PATO:0001756,heat conductivity,A conductivity quality inhering in a bearer by virtue of the bearer's disposition to spontaneous transfer of thermal energy from a region of higher temperature to a region of lower temperature.
heat knockdown time,PATO,PATO:0000498,increased duration,A duration quality of a process which is relatively high.
heat knockdown time,PATO,PATO:0000499,decreased duration,A duration quality of a process which is relatively low.
heat knockdown time,PATO,PATO:0001309,duration,A process quality inhering in a bearer by virtue of the bearer's magnitude of the temporal extent between the starting and ending point.
knockdown time,PATO,PATO:0000165,time,A quality in which events occur in sequence.
knockdown time,PATO,PATO:0000498,increased duration,A duration quality of a process which is relatively high.
knockdown time,PATO,PATO:0000499,decreased duration,A duration quality of a process which is relatively low.
knockdown time,PATO,PATO:0001309,duration,A process quality inhering in a bearer by virtue of the bearer's magnitude of the temporal extent between the starting and ending point.
knockdown time,PATO,PATO:0001005,latency,"This class is a candidate for obsoletion. The definition is not clear, and the placement under ""delayed"" is not consistent with the definition."
body size (alate),PATO,PATO:0000117,size,A morphology quality inhering in a bearer by virtue of the bearer's physical magnitude.
body size (alate),PATO,PATO:0000276,brood size,A reproductive quality inhering in the young of an animal by virtue of their number.
body size (alate),PATO,PATO:0000586,increased size,A size quality which is relatively high.
body size (alate),PATO,PATO:0000587,decreased size,A size quality which is relatively low.
body size (alate),PATO,PATO:0005015,tapered size,A size quality inhering in an entity or set of entities in which size increases or decreases along the extent of the entity or set.
egg size,PATO,PATO:0000117,size,A morphology quality inhering in a bearer by virtue of the bearer's physical magnitude.
egg size,PATO,PATO:0000276,brood size,A reproductive quality inhering in the young of an animal by virtue of their number.
egg size,PATO,PATO:0000586,increased size,A size quality which is relatively high.
egg size,PATO,PATO:0000587,decreased size,A size quality which is relatively low.
egg size,PATO,PATO:0005015,tapered size,A size quality inhering in an entity or set of entities in which size increases or decreases along the extent of the entity or set.
engorgement period,PATO,PATO:0000499,decreased duration,A duration quality of a process which is relatively low.
engorgement period,PATO,PATO:0001309,duration,A process quality inhering in a bearer by virtue of the bearer's magnitude of the temporal extent between the starting and ending point.
engorgement period,PATO,PATO:0000498,increased duration,A duration quality of a process which is relatively high.
engorgement period,PATO,PATO:0000695,synchronous,A quality of a single process inhering in a bearer by virtue of the bearer's occurring or existing at the same time or having the same period or phase.
engorgement period,PATO,PATO:0000688,asynchronous,A quality of a single process inhering in a bearer by virtue of the bearer's not occurring or existing at the same time or having the same period or phase.
feeding rate,PATO,PATO:0000161,rate,A quality of a single process inhering in a bearer by virtue of the bearer's occurrence per unit time.
feeding rate,PATO,PATO:0000911,decreased rate,A rate which is relatively low.
feeding rate,PATO,PATO:0000912,increased rate,A rate which is relatively high.
feeding rate,PATO,PATO:0001492,growth rate,The rate or speed of the change in size of an individual entity or change in number of a population.
feeding rate,PATO,PATO:0001574,flow rate,A physical quality inhering in a bearer by virtue of the bearer's motion characteristic.
reproductive capacity,PATO,PATO:0001434,reproductive quality,An organismal quality inhering in a bearer by virtue of the bearer's ability to produce new life or offspring.
reproductive capacity,PATO,GO:0019098,reproductive behavior,The specific behavior of an organism that is associated with reproduction.
reproductive capacity,PATO,GO:0022414,reproductive process,A biological process that directly contributes to the process of producing new individuals by one or two organisms. The new individuals inherit some proportion of their genetic material from the parent or parents.
reproductive capacity,PATO,UBERON:0000990,reproductive system,Anatomical system that has as its parts the organs concerned with reproduction.
reproductive capacity,PATO,UBERON:0003133,reproductive organ,An organ involved in reproduction.
Post-reproductive average,PATO,PATO:0000461,normal,A quality inhering in a bearer by virtue of the bearer's exhibiting no deviation from normal or average.
Post-reproductive average,PATO,PATO:0002297,decreased cellular motility,A cellular motility which is lower relative to the normal or average.
Post-reproductive average,PATO,PATO:0002298,increased cellular motility,A cellular motility which is higher relative to the normal or average.
Post-reproductive average,PATO,PATO:0000374,increased distance,A distance which is greater relative to the normal or average.
Post-reproductive average,PATO,PATO:0000375,decreased distance,A distance which is lesser relative to the normal or average.
Reproductive average,PATO,PATO:0001434,reproductive quality,An organismal quality inhering in a bearer by virtue of the bearer's ability to produce new life or offspring.
Reproductive average,PATO,PATO:0000461,normal,A quality inhering in a bearer by virtue of the bearer's exhibiting no deviation from normal or average.
Reproductive average,PATO,GO:0019098,reproductive behavior,The specific behavior of an organism that is associated with reproduction.
Reproductive average,PATO,GO:0022414,reproductive process,A biological process that directly contributes to the process of producing new individuals by one or two organisms. The new individuals inherit some proportion of their genetic material from the parent or parents.
Reproductive average,PATO,UBERON:0000990,reproductive system,Anatomical system that has as its parts the organs concerned with reproduction.
Reproductive average daily fecundity,PATO,PATO:0000273,fecundity,A reproductive quality inhering in an organism or population by virtue of the bearer's potential reproductive capacity ad measured by the number of gametes.
Reproductive average daily fecundity,PATO,PATO:0001695,increased fecundity,A fecundity which is relatively high.
Reproductive average daily fecundity,PATO,PATO:0001696,decreased fecundity,A fecundity which is relatively low.
Reproductive average daily fecundity,PATO,PATO:0045017,normal fecundity,A fecundity which is relatively normal or average.
Reproductive average daily fecundity,PATO,PATO:0001434,reproductive quality,An organismal quality inhering in a bearer by virtue of the bearer's ability to produce new life or offspring.
Reproductive average total fecundity,PATO,PATO:0000273,fecundity,A reproductive quality inhering in an organism or population by virtue of the bearer's potential reproductive capacity ad measured by the number of gametes.
Reproductive average total fecundity,PATO,PATO:0001695,increased fecundity,A fecundity which is relatively high.
Reproductive average total fecundity,PATO,PATO:0001696,decreased fecundity,A fecundity which is relatively low.
Reproductive average total fecundity,PATO,PATO:0045017,normal fecundity,A fecundity which is relatively normal or average.
Reproductive average total fecundity,PATO,PATO:0001434,reproductive quality,An organismal quality inhering in a bearer by virtue of the bearer's ability to produce new life or offspring.
body size (apterous nymph),PATO,PATO:0000117,size,A morphology quality inhering in a bearer by virtue of the bearer's physical magnitude.
body size (apterous nymph),PATO,PATO:0000276,brood size,A reproductive quality inhering in the young of an animal by virtue of their number.
body size (apterous nymph),PATO,PATO:0000586,increased size,A size quality which is relatively high.
body size (apterous nymph),PATO,PATO:0000587,decreased size,A size quality which is relatively low.
body size (apterous nymph),PATO,PATO:0005015,tapered size,A size quality inhering in an entity or set of entities in which size increases or decreases along the extent of the entity or set.
body size (mass),PATO,PATO:0001019,mass density,A physical quality which inheres in a bearer by virtue of some influence is exerted by the bearer's mass per unit size.
body size (mass),PATO,PATO:0103001,total mass,"A quantitative quality that represents the sum of all 'mass' qualities of the component parts that constitute a whole entity. The total mass quality inheres in the whole entity and reflects the aggregate measure of mass across all its components, such that changes in the mass of individual components may not necessarily correspond to equivalent changes in the total mass of the whole.

Example of usage: ""total body mass"" represents the sum of the masses of all tissues and organs in the body, while ""liver mass"" represents only the mass of the liver. An increase in liver mass does not necessarily mean an increase in total body mass, as the mass of other organs or tissues may decrease simultaneously."
body size (mass),PATO,PATO:0000125,mass,"For any biological use of PATO, the concept that should be used is 'mass' and not 'weight'. For example, increased weight of an organism."
body size (mass),PATO,PATO:0001562,decreased mass,A mass which is lower than normal or average.
body size (mass),PATO,PATO:0001563,increased mass,A mass which is higher than normal or average.
fecundity rate (apterous),PATO,PATO:0000273,fecundity,A reproductive quality inhering in an organism or population by virtue of the bearer's potential reproductive capacity ad measured by the number of gametes.
fecundity rate (apterous),PATO,PATO:0001695,increased fecundity,A fecundity which is relatively high.
fecundity rate (apterous),PATO,PATO:0001696,decreased fecundity,A fecundity which is relatively low.
fecundity rate (apterous),PATO,PATO:0045017,normal fecundity,A fecundity which is relatively normal or average.
fecundity rate (apterous),PATO,PATO:0000161,rate,A quality of a single process inhering in a bearer by virtue of the bearer's occurrence per unit time.
hatching period,PATO,PATO:0000499,decreased duration,A duration quality of a process which is relatively low.
hatching period,PATO,PATO:0001309,duration,A process quality inhering in a bearer by virtue of the bearer's magnitude of the temporal extent between the starting and ending point.
hatching period,PATO,PATO:0000498,increased duration,A duration quality of a process which is relatively high.
hatching period,PATO,GO:0009792,embryo development ending in birth or egg hatching,"The process whose specific outcome is the progression of an embryo over time, from zygote formation until the end of the embryonic life stage. The end of the embryonic life stage is organism-specific and may be somewhat arbitrary; for mammals it is usually considered to be birth, for insects the hatching of the first instar larva from the eggshell."
hatching period,PATO,UBERON:0000092,post-embryonic stage,"Stage succeeding embryo, including mature structure."
hatching rate,PATO,PATO:0000161,rate,A quality of a single process inhering in a bearer by virtue of the bearer's occurrence per unit time.
hatching rate,PATO,PATO:0000911,decreased rate,A rate which is relatively low.
hatching rate,PATO,PATO:0000912,increased rate,A rate which is relatively high.
hatching rate,PATO,PATO:0001492,growth rate,The rate or speed of the change in size of an individual entity or change in number of a population.
hatching rate,PATO,PATO:0001574,flow rate,A physical quality inhering in a bearer by virtue of the bearer's motion characteristic.
lifespan,PATO,UBERON:0000104,life cycle,"An entire span of an organism's life. In metazoans, commences with the zygote stage and ends with the death of the organism."
metabolic rate (active),PATO,PATO:0002354,active,A quality of an physical object that is currently realizing one of its functions.
metabolic rate (active),PATO,PATO:0001707,behavioural active,A behavioral quality of a process inhering in a bearer by virtue of the bearer's exhibiting marked activity.
metabolic rate (active),PATO,PATO:0002356,constitutively active,A quality of a physical object that has been constantly realizing some of its functions.
metabolic rate (active),PATO,PATO:0002414,chronic-active,"A quality of duration having progressive course of indefinite duration with active, acute-like elements."
metabolic rate (active),PATO,PATO:0000161,rate,A quality of a single process inhering in a bearer by virtue of the bearer's occurrence per unit time.
pre hatching period,PATO,PATO:0000499,decreased duration,A duration quality of a process which is relatively low.
pre hatching period,PATO,PATO:0001309,duration,A process quality inhering in a bearer by virtue of the bearer's magnitude of the temporal extent between the starting and ending point.
pre hatching period,PATO,PATO:0000498,increased duration,A duration quality of a process which is relatively high.
pre hatching period,PATO,UBERON:0005865,pre-muscle condensation,NA
pre hatching period,PATO,UBERON:0005866,pre-cartilage condensation,A delimited region of dense mesenchyme within looser mesenchyme whose cells are committed to become chondroblasts.
pre-hatch period,PATO,PATO:0000499,decreased duration,A duration quality of a process which is relatively low.
pre-hatch period,PATO,PATO:0001309,duration,A process quality inhering in a bearer by virtue of the bearer's magnitude of the temporal extent between the starting and ending point.
pre-hatch period,PATO,PATO:0000498,increased duration,A duration quality of a process which is relatively high.
pre-hatch period,PATO,PATO:0000695,synchronous,A quality of a single process inhering in a bearer by virtue of the bearer's occurring or existing at the same time or having the same period or phase.
pre-hatch period,PATO,PATO:0000688,asynchronous,A quality of a single process inhering in a bearer by virtue of the bearer's not occurring or existing at the same time or having the same period or phase.
relative activity,PATO,PATO:0040010,mobile relative to,"For example, distinct anteroposterior mobility of palatine relative to mesethmoid."
relative activity,PATO,PATO:0040011,immobile relative to,For example: distinct anteroposterior immobility of palatine relative to mesethmoid.
relative activity,PATO,PATO:0002515,increased elevation relative to,An elevation quality inhering in a bearer by virtue the bearer's being in a high position relative to another entity.
relative activity,PATO,PATO:0000014,color,"A composite chromatic quality composed of hue, saturation and intensity parts."
relative activity,PATO,PATO:0001414,catalytic activity,A physical quality inhering in a catalyst by virtue of the amount of the catalyst's action.
reproductive and post-reproductive periods,PATO,PATO:0001434,reproductive quality,An organismal quality inhering in a bearer by virtue of the bearer's ability to produce new life or offspring.
reproductive and post-reproductive periods,PATO,PATO:0002049,lateral and rotional curvature,A curvature quality inhering in a bearer by virtue of the bearer's being curved around an axis and towards the side.
reproductive and post-reproductive periods,PATO,PATO:0040030,decreased width and length,"A width and length quality which is relatively small, where both width and length are decreased."
reproductive and post-reproductive periods,PATO,PATO:0040031,increased width and length,"A width and length quality that is relatively large, where both width and length are increased."
reproductive and post-reproductive periods,PATO,GO:0019098,reproductive behavior,The specific behavior of an organism that is associated with reproduction.
Development Rate (Egg),PATO,PATO:0000161,rate,A quality of a single process inhering in a bearer by virtue of the bearer's occurrence per unit time.
Development Rate (Egg),PATO,PATO:0000911,decreased rate,A rate which is relatively low.
Development Rate (Egg),PATO,PATO:0000912,increased rate,A rate which is relatively high.
Development Rate (Egg),PATO,PATO:0001492,growth rate,The rate or speed of the change in size of an individual entity or change in number of a population.
Development Rate (Egg),PATO,PATO:0001574,flow rate,A physical quality inhering in a bearer by virtue of the bearer's motion characteristic.
Development Rate (Larva),PATO,PATO:0000161,rate,A quality of a single process inhering in a bearer by virtue of the bearer's occurrence per unit time.
Development Rate (Larva),PATO,PATO:0000911,decreased rate,A rate which is relatively low.
Development Rate (Larva),PATO,PATO:0000912,increased rate,A rate which is relatively high.
Development Rate (Larva),PATO,PATO:0001492,growth rate,The rate or speed of the change in size of an individual entity or change in number of a population.
Development Rate (Larva),PATO,PATO:0001574,flow rate,A physical quality inhering in a bearer by virtue of the bearer's motion characteristic.
Development Rate (Nymph),PATO,PATO:0000161,rate,A quality of a single process inhering in a bearer by virtue of the bearer's occurrence per unit time.
Development Rate (Nymph),PATO,PATO:0000911,decreased rate,A rate which is relatively low.
Development Rate (Nymph),PATO,PATO:0000912,increased rate,A rate which is relatively high.
Development Rate (Nymph),PATO,PATO:0001492,growth rate,The rate or speed of the change in size of an individual entity or change in number of a population.
Development Rate (Nymph),PATO,PATO:0001574,flow rate,A physical quality inhering in a bearer by virtue of the bearer's motion characteristic.
Oviposition Period,PATO,PATO:0000499,decreased duration,A duration quality of a process which is relatively low.
Oviposition Period,PATO,PATO:0001309,duration,A process quality inhering in a bearer by virtue of the bearer's magnitude of the temporal extent between the starting and ending point.
Oviposition Period,PATO,PATO:0000498,increased duration,A duration quality of a process which is relatively high.
Oviposition Period,PATO,PATO:0000695,synchronous,A quality of a single process inhering in a bearer by virtue of the bearer's occurring or existing at the same time or having the same period or phase.
Oviposition Period,PATO,PATO:0000688,asynchronous,A quality of a single process inhering in a bearer by virtue of the bearer's not occurring or existing at the same time or having the same period or phase.
Pre-Oviposition Period in engorged females,PATO,PATO:0000499,decreased duration,A duration quality of a process which is relatively low.
Pre-Oviposition Period in engorged females,PATO,PATO:0001309,duration,A process quality inhering in a bearer by virtue of the bearer's magnitude of the temporal extent between the starting and ending point.
Pre-Oviposition Period in engorged females,PATO,PATO:0000498,increased duration,A duration quality of a process which is relatively high.
Pre-Oviposition Period in engorged females,PATO,PATO:0001537,soluble in,A solubility quality inhering in a substance by virtue of the bearer's disposition to dissolve in a liquid.
Pre-Oviposition Period in engorged females,PATO,PATO:0001538,insoluble in,A solubility quality inhering in a substance by virtue of the bearer's inability of a substance to dissolve in a liquid.
body mass,PATO,PATO:0000125,mass,"For any biological use of PATO, the concept that should be used is 'mass' and not 'weight'. For example, increased weight of an organism."
body mass,PATO,PATO:0001019,mass density,A physical quality which inheres in a bearer by virtue of some influence is exerted by the bearer's mass per unit size.
body mass,PATO,PATO:0001562,decreased mass,A mass which is lower than normal or average.
body mass,PATO,PATO:0001563,increased mass,A mass which is higher than normal or average.
body mass,PATO,PATO:0001681,molar mass,A physical quality that inheres in a homogeneous substance containing 6.02 x 1023 atoms or molecules.
body width,PATO,PATO:0000921,width,"Width often refers to the dimension that is greater than the extent in only one of the other two orthogonal dimensions, however, this is not always true. See https://github.com/pato-ontology/pato/issues/337 for full discussion."
body width,PATO,PATO:0000599,decreased width,A width which is relatively small.
body width,PATO,PATO:0000600,increased width,A width which is relatively large.
body width,PATO,PATO:0045061,normal width,A width which is relatively normal or average
body width,PATO,PATO:0040030,decreased width and length,"A width and length quality which is relatively small, where both width and length are decreased."
copulation duration,PATO,PATO:0001309,duration,A process quality inhering in a bearer by virtue of the bearer's magnitude of the temporal extent between the starting and ending point.
copulation duration,PATO,PATO:0000498,increased duration,A duration quality of a process which is relatively high.
copulation duration,PATO,PATO:0000499,decreased duration,A duration quality of a process which is relatively low.
copulation duration,PATO,PATO:0001416,regular duration,A duration which has regular start and/or end times.
copulation duration,PATO,PATO:0001417,irregular duration,A duration quality of a process inhering in a bearer by virtue of the bearer's duration which has irregular start and/or end times.
fecundity rate (alate),PATO,PATO:0000273,fecundity,A reproductive quality inhering in an organism or population by virtue of the bearer's potential reproductive capacity ad measured by the number of gametes.
fecundity rate (alate),PATO,PATO:0001695,increased fecundity,A fecundity which is relatively high.
fecundity rate (alate),PATO,PATO:0001696,decreased fecundity,A fecundity which is relatively low.
fecundity rate (alate),PATO,PATO:0045017,normal fecundity,A fecundity which is relatively normal or average.
fecundity rate (alate),PATO,PATO:0000161,rate,A quality of a single process inhering in a bearer by virtue of the bearer's occurrence per unit time.
hatch ratio,PATO,PATO:0001470,ratio,A quality inhering in a bearer by virtue of the bearer's magnitude in proportion to the magnitude of another entity.
hatch ratio,PATO,PATO:0040042,decreased ratio,Example: decreased proportion of CD4 T cells relative to total T cells.
hatch ratio,PATO,PATO:0040043,increased ratio,Example: increased proportion of CD4 T cells relative to total T cells.
hatch ratio,PATO,PATO:0040071,nuclear/cytoplasmic ratio,A quality inhering in a cell by virtue of the ratio between the volume of its nucleus and the volume of its cytoplasm.
hatch ratio,PATO,PATO:0040072,high nuclear/cytoplasmic ratio,A high nuclear/cytolasmic ratio is 70% or higher.
maximum fecundity,PATO,PATO:0000273,fecundity,A reproductive quality inhering in an organism or population by virtue of the bearer's potential reproductive capacity ad measured by the number of gametes.
maximum fecundity,PATO,PATO:0001695,increased fecundity,A fecundity which is relatively high.
maximum fecundity,PATO,PATO:0001696,decreased fecundity,A fecundity which is relatively low.
maximum fecundity,PATO,PATO:0045017,normal fecundity,A fecundity which is relatively normal or average.
maximum fecundity,PATO,PATO:0000050,life span,A time quality inhering in a bearer by virtue of the bearer's expected maximum age.
molting ratio (larval),PATO,PATO:0001185,larval,"A maturity quality inhering in a bearer by virtue of the bearer's indirect development, undergoing metamorphosis."
molting ratio (larval),PATO,PATO:0001470,ratio,A quality inhering in a bearer by virtue of the bearer's magnitude in proportion to the magnitude of another entity.
molting ratio (larval),PATO,PATO:0040042,decreased ratio,Example: decreased proportion of CD4 T cells relative to total T cells.
molting ratio (larval),PATO,PATO:0040043,increased ratio,Example: increased proportion of CD4 T cells relative to total T cells.
molting ratio (larval),PATO,PATO:0040071,nuclear/cytoplasmic ratio,A quality inhering in a cell by virtue of the ratio between the volume of its nucleus and the volume of its cytoplasm.
molting ratio (nymphal),PATO,PATO:0001470,ratio,A quality inhering in a bearer by virtue of the bearer's magnitude in proportion to the magnitude of another entity.
molting ratio (nymphal),PATO,PATO:0040042,decreased ratio,Example: decreased proportion of CD4 T cells relative to total T cells.
molting ratio (nymphal),PATO,PATO:0040043,increased ratio,Example: increased proportion of CD4 T cells relative to total T cells.
molting ratio (nymphal),PATO,PATO:0040071,nuclear/cytoplasmic ratio,A quality inhering in a cell by virtue of the ratio between the volume of its nucleus and the volume of its cytoplasm.
molting ratio (nymphal),PATO,PATO:0040072,high nuclear/cytoplasmic ratio,A high nuclear/cytolasmic ratio is 70% or higher.
pre-blood meal period,PATO,PATO:0000499,decreased duration,A duration quality of a process which is relatively low.
pre-blood meal period,PATO,PATO:0001309,duration,A process quality inhering in a bearer by virtue of the bearer's magnitude of the temporal extent between the starting and ending point.
pre-blood meal period,PATO,PATO:0000498,increased duration,A duration quality of a process which is relatively high.
pre-blood meal period,PATO,PATO:0000695,synchronous,A quality of a single process inhering in a bearer by virtue of the bearer's occurring or existing at the same time or having the same period or phase.
pre-blood meal period,PATO,PATO:0000688,asynchronous,A quality of a single process inhering in a bearer by virtue of the bearer's not occurring or existing at the same time or having the same period or phase.
blood feeding frequency,PATO,PATO:0000044,frequency,A physical quality which inheres in a bearer by virtue of the number of the bearer's repetitive actions in a particular time.
blood feeding frequency,PATO,PATO:0000380,increased frequency,A frequency which is relatively high.
blood feeding frequency,PATO,PATO:0000381,decreased frequency,A frequency which is relatively low.
blood feeding frequency,PATO,PATO:0001520,sound frequency,The frequency of transmitted vibrations.
blood feeding frequency,PATO,PATO:0045087,normal frequency,A frequency which is relatively normal.
chill-coma recovery time,PATO,PATO:0000165,time,A quality in which events occur in sequence.
chill-coma recovery time,PATO,PATO:0000498,increased duration,A duration quality of a process which is relatively high.
chill-coma recovery time,PATO,PATO:0000499,decreased duration,A duration quality of a process which is relatively low.
chill-coma recovery time,PATO,PATO:0001309,duration,A process quality inhering in a bearer by virtue of the bearer's magnitude of the temporal extent between the starting and ending point.
chill-coma recovery time,PATO,PATO:0001005,latency,"This class is a candidate for obsoletion. The definition is not clear, and the placement under ""delayed"" is not consistent with the definition."
hypostome length,PATO,PATO:0000122,length,"Length often refers to the longer or longest dimension of an object, however, this is not always true. See https://github.com/pato-ontology/pato/issues/337 for full discussion."
hypostome length,PATO,PATO:0000573,increased length,A length quality which is relatively large.
hypostome length,PATO,PATO:0000574,decreased length,A length quality which is relatively small.
hypostome length,PATO,PATO:0045054,normal length,A length quality which is relatively normal or average
hypostome length,PATO,PATO:0040030,decreased width and length,"A width and length quality which is relatively small, where both width and length are decreased."
mean longevity,PATO,PATO:0040060,absence of anatomical entity,"Absence of anatomical entity should only be used when all of the entity is absent. For example, absent teeth would mean all teeth are absent not some teeth are absent."
mean longevity,PATO,PATO:0103004,total amount,"A quantitative quality that represents the sum of all 'amount' qualities of the component parts that constitute a whole entity. The total amount quality inheres in the whole entity and reflects the aggregate measure across all its components, such that changes in the amount of individual components may not necessarily correspond to equivalent changes in the total amount of the whole.

Example of usage: ""blood total protein amount"" represents the sum of the amounts of all protein types in blood, while ""blood leptin amount"" represents only the amount of leptin proteins. An increase in blood leptin amount does not necessarily mean an increase in blood total protein amount, as other protein levels may decrease simultaneously."
mean longevity,PATO,PATO:0103001,total mass,"A quantitative quality that represents the sum of all 'mass' qualities of the component parts that constitute a whole entity. The total mass quality inheres in the whole entity and reflects the aggregate measure of mass across all its components, such that changes in the mass of individual components may not necessarily correspond to equivalent changes in the total mass of the whole.

Example of usage: ""total body mass"" represents the sum of the masses of all tissues and organs in the body, while ""liver mass"" represents only the mass of the liver. An increase in liver mass does not necessarily mean an increase in total body mass, as the mass of other organs or tissues may decrease simultaneously."
mean longevity,PATO,GO:0030323,respiratory tube development,"The process whose specific outcome is the progression of the respiratory tube over time, from its formation to the mature structure. The respiratory tube is assumed to mean any tube in the respiratory tract."
mean longevity,PATO,GO:0030133,transport vesicle,"Note that the term 'secretory vesicle' is sometimes used in this sense, but can also mean 'secretory granule ; GO:0030141'."
ovariole number,PATO,PATO:0001555,has number of,"The number of parts of a particular type that the bearer entity has. This is a relational quality, and thus holds between two entities: the bearer of the quality, and the type of parts."
ovariole number,PATO,PATO:0002083,altered number of,Having extra or fewer parts.
ovariole number,PATO,PATO:0005001,variability of count,A variability quality inhering in the bearer by virtue of the bearer having a variable number or count of an entity.
ovariole number,PATO,PATO:0002001,has fewer parts of type,Example: [E=hand Q=has_fewer_parts_of_type E2=digit] - applies to an organism that has no less fingers than is normal for organisms of that type.
ovariole number,PATO,PATO:0002002,has extra parts of type,"In polydactyly, the bearer of the quality is the hand, and the entity type being counted is 'finger'. In EQ syntax, E=hand, Q=<this> E2=finger."
parasite maturation time,PATO,PATO:0000165,time,A quality in which events occur in sequence.
parasite maturation time,PATO,PATO:0000498,increased duration,A duration quality of a process which is relatively high.
parasite maturation time,PATO,PATO:0000499,decreased duration,A duration quality of a process which is relatively low.
parasite maturation time,PATO,PATO:0001309,duration,A process quality inhering in a bearer by virtue of the bearer's magnitude of the temporal extent between the starting and ending point.
parasite maturation time,PATO,GO:0001556,oocyte maturation,"A developmental process, independent of morphogenetic (shape) change, that is required for an oocyte to attain its fully functional state. Oocyte maturation commences after reinitiation of meiosis commonly starting with germinal vesicle breakdown, and continues up to the second meiotic arrest prior to fertilization."
total preoviposition period,PATO,PATO:0103001,total mass,"A quantitative quality that represents the sum of all 'mass' qualities of the component parts that constitute a whole entity. The total mass quality inheres in the whole entity and reflects the aggregate measure of mass across all its components, such that changes in the mass of individual components may not necessarily correspond to equivalent changes in the total mass of the whole.

Example of usage: ""total body mass"" represents the sum of the masses of all tissues and organs in the body, while ""liver mass"" represents only the mass of the liver. An increase in liver mass does not necessarily mean an increase in total body mass, as the mass of other organs or tissues may decrease simultaneously."
total preoviposition period,PATO,PATO:0103004,total amount,"A quantitative quality that represents the sum of all 'amount' qualities of the component parts that constitute a whole entity. The total amount quality inheres in the whole entity and reflects the aggregate measure across all its components, such that changes in the amount of individual components may not necessarily correspond to equivalent changes in the total amount of the whole.

Example of usage: ""blood total protein amount"" represents the sum of the amounts of all protein types in blood, while ""blood leptin amount"" represents only the amount of leptin proteins. An increase in blood leptin amount does not necessarily mean an increase in blood total protein amount, as other protein levels may decrease simultaneously."
total preoviposition period,PATO,PATO:0103002,increased total mass,A total mass which is higher than normal or average.
total preoviposition period,PATO,PATO:0103003,decreased total mass,A total mass which is lower than normal or average.
total preoviposition period,PATO,PATO:0103005,decreased total amount,A total amount which is relatively low.
post-reproduction period,PATO,PATO:0000499,decreased duration,A duration quality of a process which is relatively low.
post-reproduction period,PATO,PATO:0001309,duration,A process quality inhering in a bearer by virtue of the bearer's magnitude of the temporal extent between the starting and ending point.
post-reproduction period,PATO,PATO:0000498,increased duration,A duration quality of a process which is relatively high.
post-reproduction period,PATO,PATO:0000695,synchronous,A quality of a single process inhering in a bearer by virtue of the bearer's occurring or existing at the same time or having the same period or phase.
post-reproduction period,PATO,PATO:0000688,asynchronous,A quality of a single process inhering in a bearer by virtue of the bearer's not occurring or existing at the same time or having the same period or phase.
pre-reproduction period,PATO,PATO:0000499,decreased duration,A duration quality of a process which is relatively low.
pre-reproduction period,PATO,PATO:0001309,duration,A process quality inhering in a bearer by virtue of the bearer's magnitude of the temporal extent between the starting and ending point.
pre-reproduction period,PATO,PATO:0000498,increased duration,A duration quality of a process which is relatively high.
pre-reproduction period,PATO,PATO:0000695,synchronous,A quality of a single process inhering in a bearer by virtue of the bearer's occurring or existing at the same time or having the same period or phase.
pre-reproduction period,PATO,PATO:0000688,asynchronous,A quality of a single process inhering in a bearer by virtue of the bearer's not occurring or existing at the same time or having the same period or phase.
reproduction period,PATO,PATO:0000499,decreased duration,A duration quality of a process which is relatively low.
reproduction period,PATO,GO:0019953,sexual reproduction,"Note that gametes may come from two organisms or from a single organism in the case of self-fertilizing hermaphrodites, e.g. C. elegans, or self-fertilization in plants. Note also that sexual reproduction may be seen as the regular alternation, in the life cycle of haplontic, diplontic and diplohaplontic organisms, of meiosis and fertilization which provides for the production offspring. In diplontic organisms there is a life cycle in which the products of meiosis behave directly as gametes, fusing to form a zygote from which the diploid, or sexually reproductive polyploid, adult organism will develop. In diplohaplontic organisms a haploid phase (gametophyte) exists in the life cycle between meiosis and fertilization (e.g. higher plants, many algae and Fungi); the products of meiosis are spores that develop as haploid individuals from which haploid gametes develop to form a diploid zygote; diplohaplontic organisms show an alternation of haploid and diploid generations. In haplontic organisms meiosis occurs in the zygote, giving rise to four haploid cells (e.g. many algae and protozoa), only the zygote is diploid and this may form a resistant spore, tiding organisms over hard times."
reproduction period,PATO,PATO:0001309,duration,A process quality inhering in a bearer by virtue of the bearer's magnitude of the temporal extent between the starting and ending point.
reproduction period,PATO,PATO:0000498,increased duration,A duration quality of a process which is relatively high.
reproduction period,PATO,GO:0003006,developmental process involved in reproduction,"A developmental process in which a progressive change in the state of some part of an organism, germline or somatic, specifically contributes to its ability to form offspring."
transmission potential,PATO,PATO:0001462,membrane potential,A quality inhering in a cell's plasma membrane by virtue of the electrical potential difference across it.
transmission potential,PATO,PATO:0001463,action potential,A quality inhering in a cell's plasma membrane by virtue of a brief fluctuation in the bearer's potential caused by the rapid opening and closing of voltage-gated ion channels.
transmission potential,PATO,PATO:0001464,electric potential,"A quality that is equal to the potential energy per unit charge associated with a static (time-invariant) electric field, also called the electrostatic potential."
transmission potential,PATO,GO:0001508,action potential,Action potentials typically propagate across excitable membranes. This class covers both action potentials that propagate and those that fail to do so.
transmission potential,PATO,GO:0007268,chemical synaptic transmission,"The vesicular release of classical neurotransmitter molecules from a presynapse, across a chemical synapse, the subsequent activation of neurotransmitter receptors at the postsynapse of a target cell (neuron, muscle, or secretory cell) and the effects of this activation on the postsynaptic membrane potential and ionic composition of the postsynaptic cytosol. This process encompasses both spontaneous and evoked release of neurotransmitter and all parts of synaptic vesicle exocytosis. Evoked transmission starts with the arrival of an action potential at the presynapse."
egg viability,PATO,PATO:0000169,viability,An organismal quality inhering in a bearer or a population by virtue of the bearer's disposition to survive and develop normally or the number of surviving individuals in a given population.
egg viability,PATO,PATO:0001497,brood viability,A reproductive quality inhering in the young of an animal by virtue of the bearer's disposition to survive and develop normally.
egg viability,PATO,PATO:0001891,ovate,A spheroid quality inhering in a bearer by virtue of the bearer's exhibiting a continuous convex surface with an axis of symmetry and one axis longer than the other; egg-shaped.
egg viability,PATO,CL:0000025,egg cell,A female gamete where meiosis has progressed to metaphase II and is able to participate in fertilization.
egg viability,PATO,GO:0007343,egg activation,"The process in which the egg becomes metabolically active, initiates protein and DNA synthesis and undergoes structural changes to its cortex and/or cytoplasm."
fat content,PATO,PATO:0000025,composition,"For example calcium composition (which may inhere in bone), haemoglobin composition (which may inhere in blood)."
fat content,PATO,UBERON:0015129,epicardial fat,Visceral intrapericardial fat contiguous with the myocardial surface.
fat content,PATO,UBERON:0035814,pericardial fat,The sum of epicardial and paracardial fat deposits.
fat content,PATO,UBERON:0035815,paracardial fat,Fat deposits in the mediastinum outside the parietal pericardium .
fat content,PATO,UBERON:0035818,visceral fat,Any fat deposit surrounding a visceral organ.
feeding period (adult),PATO,PATO:0000499,decreased duration,A duration quality of a process which is relatively low.
feeding period (adult),PATO,PATO:0001309,duration,A process quality inhering in a bearer by virtue of the bearer's magnitude of the temporal extent between the starting and ending point.
feeding period (adult),PATO,PATO:0000498,increased duration,A duration quality of a process which is relatively high.
feeding period (adult),PATO,PATO:0000695,synchronous,A quality of a single process inhering in a bearer by virtue of the bearer's occurring or existing at the same time or having the same period or phase.
feeding period (adult),PATO,CL:0008017,adult skeletal muscle myoblast,"The vast majority of these cells develop from skeletal muscle satellite cells, although there are some reports of other origins."
feeding period (larval),PATO,PATO:0001185,larval,"A maturity quality inhering in a bearer by virtue of the bearer's indirect development, undergoing metamorphosis."
feeding period (larval),PATO,PATO:0000499,decreased duration,A duration quality of a process which is relatively low.
feeding period (larval),PATO,PATO:0001309,duration,A process quality inhering in a bearer by virtue of the bearer's magnitude of the temporal extent between the starting and ending point.
feeding period (larval),PATO,PATO:0000498,increased duration,A duration quality of a process which is relatively high.
feeding period (larval),PATO,PATO:0001187,pupal,A maturity quality inhering in a insect by virtue of the bearer's being in the chrysalis (cocoon) or post larval stage.
feeding period (nymphal),PATO,PATO:0000499,decreased duration,A duration quality of a process which is relatively low.
feeding period (nymphal),PATO,PATO:0001309,duration,A process quality inhering in a bearer by virtue of the bearer's magnitude of the temporal extent between the starting and ending point.
feeding period (nymphal),PATO,PATO:0000498,increased duration,A duration quality of a process which is relatively high.
feeding period (nymphal),PATO,PATO:0000695,synchronous,A quality of a single process inhering in a bearer by virtue of the bearer's occurring or existing at the same time or having the same period or phase.
feeding period (nymphal),PATO,PATO:0000688,asynchronous,A quality of a single process inhering in a bearer by virtue of the bearer's not occurring or existing at the same time or having the same period or phase.
glycogen content,PATO,PATO:0000025,composition,"For example calcium composition (which may inhere in bone), haemoglobin composition (which may inhere in blood)."
glycogen content,PATO,PATO:0015009,humidity,A quality inhering in air by virtue of the partial pressure exerted by the bearer's water vapour content.
glycogen content,PATO,PATO:0001540,glutinous,An amylose composition quality inhering in an bearer by virtue of the bearer's having negligible or no amylose content.
glycogen content,PATO,PATO:0001541,non-glutinous,An amylose composition quality inhering in an bearer by virtue of the bearer's having high amount of amylose content.
glycogen content,PATO,UBERON:0004088,orbital region,"The subdivision of the face that includes the eye (eyeball plus adnexa such as eyelids) and the orbit of the skull and associated parts of the face such as the eyebrows, if present."
hardening period,PATO,PATO:0000499,decreased duration,A duration quality of a process which is relatively low.
hardening period,PATO,PATO:0001309,duration,A process quality inhering in a bearer by virtue of the bearer's magnitude of the temporal extent between the starting and ending point.
hardening period,PATO,PATO:0000498,increased duration,A duration quality of a process which is relatively high.
hardening period,PATO,PATO:0000695,synchronous,A quality of a single process inhering in a bearer by virtue of the bearer's occurring or existing at the same time or having the same period or phase.
hardening period,PATO,PATO:0000688,asynchronous,A quality of a single process inhering in a bearer by virtue of the bearer's not occurring or existing at the same time or having the same period or phase.
moulting period,PATO,PATO:0000499,decreased duration,A duration quality of a process which is relatively low.
moulting period,PATO,PATO:0001309,duration,A process quality inhering in a bearer by virtue of the bearer's magnitude of the temporal extent between the starting and ending point.
moulting period,PATO,PATO:0000498,increased duration,A duration quality of a process which is relatively high.
moulting period,PATO,PATO:0000695,synchronous,A quality of a single process inhering in a bearer by virtue of the bearer's occurring or existing at the same time or having the same period or phase.
moulting period,PATO,PATO:0000688,asynchronous,A quality of a single process inhering in a bearer by virtue of the bearer's not occurring or existing at the same time or having the same period or phase.
prefeeding period (adult),PATO,PATO:0000499,decreased duration,A duration quality of a process which is relatively low.
prefeeding period (adult),PATO,PATO:0001309,duration,A process quality inhering in a bearer by virtue of the bearer's magnitude of the temporal extent between the starting and ending point.
prefeeding period (adult),PATO,PATO:0000498,increased duration,A duration quality of a process which is relatively high.
prefeeding period (adult),PATO,PATO:0000695,synchronous,A quality of a single process inhering in a bearer by virtue of the bearer's occurring or existing at the same time or having the same period or phase.
prefeeding period (adult),PATO,CL:0008017,adult skeletal muscle myoblast,"The vast majority of these cells develop from skeletal muscle satellite cells, although there are some reports of other origins."
prefeeding period (larval),PATO,PATO:0001185,larval,"A maturity quality inhering in a bearer by virtue of the bearer's indirect development, undergoing metamorphosis."
prefeeding period (larval),PATO,PATO:0000499,decreased duration,A duration quality of a process which is relatively low.
prefeeding period (larval),PATO,PATO:0001309,duration,A process quality inhering in a bearer by virtue of the bearer's magnitude of the temporal extent between the starting and ending point.
prefeeding period (larval),PATO,PATO:0000498,increased duration,A duration quality of a process which is relatively high.
prefeeding period (larval),PATO,PATO:0001187,pupal,A maturity quality inhering in a insect by virtue of the bearer's being in the chrysalis (cocoon) or post larval stage.
prefeeding period (nymphal),PATO,PATO:0000499,decreased duration,A duration quality of a process which is relatively low.
prefeeding period (nymphal),PATO,PATO:0001309,duration,A process quality inhering in a bearer by virtue of the bearer's magnitude of the temporal extent between the starting and ending point.
prefeeding period (nymphal),PATO,PATO:0000498,increased duration,A duration quality of a process which is relatively high.
prefeeding period (nymphal),PATO,PATO:0000695,synchronous,A quality of a single process inhering in a bearer by virtue of the bearer's occurring or existing at the same time or having the same period or phase.
prefeeding period (nymphal),PATO,PATO:0000688,asynchronous,A quality of a single process inhering in a bearer by virtue of the bearer's not occurring or existing at the same time or having the same period or phase.
protein content,PATO,PATO:0000025,composition,"For example calcium composition (which may inhere in bone), haemoglobin composition (which may inhere in blood)."
protein content,PATO,PATO:0015009,humidity,A quality inhering in air by virtue of the partial pressure exerted by the bearer's water vapour content.
protein content,PATO,PATO:0001540,glutinous,An amylose composition quality inhering in an bearer by virtue of the bearer's having negligible or no amylose content.
protein content,PATO,PATO:0001541,non-glutinous,An amylose composition quality inhering in an bearer by virtue of the bearer's having high amount of amylose content.
protein content,PATO,PATO:0103004,total amount,"A quantitative quality that represents the sum of all 'amount' qualities of the component parts that constitute a whole entity. The total amount quality inheres in the whole entity and reflects the aggregate measure across all its components, such that changes in the amount of individual components may not necessarily correspond to equivalent changes in the total amount of the whole.

Example of usage: ""blood total protein amount"" represents the sum of the amounts of all protein types in blood, while ""blood leptin amount"" represents only the amount of leptin proteins. An increase in blood leptin amount does not necessarily mean an increase in blood total protein amount, as other protein levels may decrease simultaneously."
Feeding Period,PATO,PATO:0000499,decreased duration,A duration quality of a process which is relatively low.
Feeding Period,PATO,PATO:0001309,duration,A process quality inhering in a bearer by virtue of the bearer's magnitude of the temporal extent between the starting and ending point.
Feeding Period,PATO,PATO:0000498,increased duration,A duration quality of a process which is relatively high.
Feeding Period,PATO,PATO:0000695,synchronous,A quality of a single process inhering in a bearer by virtue of the bearer's occurring or existing at the same time or having the same period or phase.
Feeding Period,PATO,PATO:0000688,asynchronous,A quality of a single process inhering in a bearer by virtue of the bearer's not occurring or existing at the same time or having the same period or phase.
Incubation Period,PATO,PATO:0000499,decreased duration,A duration quality of a process which is relatively low.
Incubation Period,PATO,PATO:0001309,duration,A process quality inhering in a bearer by virtue of the bearer's magnitude of the temporal extent between the starting and ending point.
Incubation Period,PATO,PATO:0000498,increased duration,A duration quality of a process which is relatively high.
Incubation Period,PATO,PATO:0000695,synchronous,A quality of a single process inhering in a bearer by virtue of the bearer's occurring or existing at the same time or having the same period or phase.
Incubation Period,PATO,PATO:0000688,asynchronous,A quality of a single process inhering in a bearer by virtue of the bearer's not occurring or existing at the same time or having the same period or phase.
Pre-Oviposition Period,PATO,PATO:0000499,decreased duration,A duration quality of a process which is relatively low.
Pre-Oviposition Period,PATO,PATO:0001309,duration,A process quality inhering in a bearer by virtue of the bearer's magnitude of the temporal extent between the starting and ending point.
Pre-Oviposition Period,PATO,PATO:0000498,increased duration,A duration quality of a process which is relatively high.
Pre-Oviposition Period,PATO,PATO:0000695,synchronous,A quality of a single process inhering in a bearer by virtue of the bearer's occurring or existing at the same time or having the same period or phase.
Pre-Oviposition Period,PATO,PATO:0000688,asynchronous,A quality of a single process inhering in a bearer by virtue of the bearer's not occurring or existing at the same time or having the same period or phase.
egg count,PATO,PATO:0005001,variability of count,A variability quality inhering in the bearer by virtue of the bearer having a variable number or count of an entity.
egg count,PATO,PATO:0001891,ovate,A spheroid quality inhering in a bearer by virtue of the bearer's exhibiting a continuous convex surface with an axis of symmetry and one axis longer than the other; egg-shaped.
egg count,PATO,CL:0000025,egg cell,A female gamete where meiosis has progressed to metaphase II and is able to participate in fertilization.
egg count,PATO,GO:0007343,egg activation,"The process in which the egg becomes metabolically active, initiates protein and DNA synthesis and undergoes structural changes to its cortex and/or cytoplasm."
egg count,PATO,PATO:0000070,amount,"This term was originally named ""presence"". It has been renamed to reduce ambiguity. Consider annotating with the reciprocal relation,PATO:0001555, has_number_of. For example, rather than E=fin ray Q=count in organism C=10, say E=organism Q=has number of E2= fin ray C=10."
premolt period,PATO,PATO:0000499,decreased duration,A duration quality of a process which is relatively low.
premolt period,PATO,PATO:0001309,duration,A process quality inhering in a bearer by virtue of the bearer's magnitude of the temporal extent between the starting and ending point.
premolt period,PATO,PATO:0000498,increased duration,A duration quality of a process which is relatively high.
premolt period,PATO,PATO:0000695,synchronous,A quality of a single process inhering in a bearer by virtue of the bearer's occurring or existing at the same time or having the same period or phase.
premolt period,PATO,PATO:0000688,asynchronous,A quality of a single process inhering in a bearer by virtue of the bearer's not occurring or existing at the same time or having the same period or phase.
