trait_name,trait_def,ontology,term_id,term_label,term_definition,similarity,above_threshold
mortality rate,per capita daily mortality,OBA,OBA:0002011,micturition rate,The rate of a micturition.,0.1868,FALSE
mortality rate,per capita daily mortality,OBA,OBA:0002200,reflex rate,The rate of a reflex.,0.166,FALSE
mortality rate,per capita daily mortality,OBA,OBA:0002672,gluconeogenesis rate,The rate of a gluconeogenesis.,0.215,FALSE
mortality rate,per capita daily mortality,OBA,OBA:0002850,spermatogenesis rate,The rate of a spermatogenesis.,0.243,FALSE
mortality rate,per capita daily mortality,OBA,OBA:0003172,anagen rate,The rate of a anagen.,0.2056,FALSE
mortality rate,per capita daily mortality,PATO,PATO:0000161,rate,A quality of a single process inhering in a bearer by virtue of the bearer's occurrence per unit time.,0.2406,FALSE
mortality rate,per capita daily mortality,PATO,PATO:0000911,decreased rate,A rate which is relatively low.,0.2889,FALSE
mortality rate,per capita daily mortality,PATO,PATO:0000912,increased rate,A rate which is relatively high.,0.2856,FALSE
mortality rate,per capita daily mortality,PATO,PATO:0001492,growth rate,The rate or speed of the change in size of an individual entity or change in number of a population.,0.2489,FALSE
mortality rate,per capita daily mortality,PATO,PATO:0001574,flow rate,A physical quality inhering in a bearer by virtue of the bearer's motion characteristic.,0.0837,FALSE
blood feeding frequency,mean lifetime blood meals individual-1,OBA,OBA:1000748,feeding behavior quality,The quality of a feeding behavior.,0.2853,FALSE
blood feeding frequency,mean lifetime blood meals individual-1,OBA,OBA:0002283,defecation frequency,The frequency of a defecation.,0.1974,FALSE
blood feeding frequency,mean lifetime blood meals individual-1,OBA,OBA:0003672,micturition frequency,The frequency of a micturition.,0.1641,FALSE
blood feeding frequency,mean lifetime blood meals individual-1,OBA,OBA:0004805,fertilization frequency,The frequency of a fertilization.,0.2632,FALSE
blood feeding frequency,mean lifetime blood meals individual-1,OBA,OBA:0000060,cilium beat frequency,check this,0.1265,FALSE
blood feeding frequency,mean lifetime blood meals individual-1,PATO,PATO:0000044,frequency,A physical quality which inheres in a bearer by virtue of the number of the bearer's repetitive actions in a particular time.,0.1297,FALSE
blood feeding frequency,mean lifetime blood meals individual-1,PATO,PATO:0000380,increased frequency,A frequency which is relatively high.,0.1393,FALSE
blood feeding frequency,mean lifetime blood meals individual-1,PATO,PATO:0000381,decreased frequency,A frequency which is relatively low.,0.1482,FALSE
blood feeding frequency,mean lifetime blood meals individual-1,PATO,PATO:0001520,sound frequency,The frequency of transmitted vibrations.,0.1162,FALSE
blood feeding frequency,mean lifetime blood meals individual-1,PATO,PATO:0045087,normal frequency,A frequency which is relatively normal.,0.186,FALSE
egg viability,mean percentage of viable eggs produced per female,OBA,OBA:0004486,embryo viability,The viability of a embryo.,0.505,FALSE
egg viability,mean percentage of viable eggs produced per female,OBA,OBA:VT1000294,egg quantity,The amount of a egg cell.,0.3732,FALSE
egg viability,mean percentage of viable eggs produced per female,OBA,OBA:1001091,egg shell trait,The quality of a eggshell.,0.3606,FALSE
egg viability,mean percentage of viable eggs produced per female,OBA,OBA:1001092,egg shell color,The color of a eggshell.,0.2661,FALSE
egg viability,mean percentage of viable eggs produced per female,OBA,OBA:2040151,shelled egg length,The length of a shelled egg.,0.3116,FALSE
egg viability,mean percentage of viable eggs produced per female,PATO,PATO:0000169,viability,An organismal quality inhering in a bearer or a population by virtue of the bearer's disposition to survive and develop normally or the number of surviving individuals in a given population.,0.3127,FALSE
egg viability,mean percentage of viable eggs produced per female,PATO,PATO:0001497,brood viability,A reproductive quality inhering in the young of an animal by virtue of the bearer's disposition to survive and develop normally.,0.3755,FALSE
egg viability,mean percentage of viable eggs produced per female,PATO,PATO:0001891,ovate,A spheroid quality inhering in a bearer by virtue of the bearer's exhibiting a continuous convex surface with an axis of symmetry and one axis longer than the other; egg-shaped.,0.1974,FALSE
egg viability,mean percentage of viable eggs produced per female,PATO,CL:0000025,egg cell,A female gamete where meiosis has progressed to metaphase II and is able to participate in fertilization.,0.3129,FALSE
egg viability,mean percentage of viable eggs produced per female,PATO,GO:0007343,egg activation,"The process in which the egg becomes metabolically active, initiates protein and DNA synthesis and undergoes structural changes to its cortex and/or cytoplasm.",0.3102,FALSE
fat content,mean lipid content per individual,OBA,OBA:2045435,stomach content pH,The acidity of a stomach lumen.,0.2348,FALSE
fat content,mean lipid content per individual,OBA,OBA:VT0010714,milk zinc content,The amount of a zinc atom when measured in milk.,0.3456,FALSE
fat content,mean lipid content per individual,OBA,OBA:2045301,erythrocyte hemoglobin content trait,The amount of a hemoglobin when measured in erythrocyte.,0.2222,FALSE
fat content,mean lipid content per individual,OBA,OBA:0004528,fat pad mass,The mass of a fat pad.,0.3384,FALSE
fat content,mean lipid content per individual,OBA,OBA:2050198,pericardial fat amount,The amount of a pericardial fat.,0.3808,FALSE
fat content,mean lipid content per individual,PATO,PATO:0000025,composition,"For example calcium composition (which may inhere in bone), haemoglobin composition (which may inhere in blood).",0.3019,FALSE
fat content,mean lipid content per individual,PATO,UBERON:0015129,epicardial fat,Visceral intrapericardial fat contiguous with the myocardial surface.,0.267,FALSE
fat content,mean lipid content per individual,PATO,UBERON:0035814,pericardial fat,The sum of epicardial and paracardial fat deposits.,0.3201,FALSE
fat content,mean lipid content per individual,PATO,UBERON:0035815,paracardial fat,Fat deposits in the mediastinum outside the parietal pericardium .,0.2948,FALSE
fat content,mean lipid content per individual,PATO,UBERON:0035818,visceral fat,Any fat deposit surrounding a visceral organ.,0.2958,FALSE
pre-blood meal period,average duration from emergence to first blood meal,OBA,OBA:VT0002292,gestation period duration,The duration of a female pregnancy.,0.3702,FALSE
pre-blood meal period,average duration from emergence to first blood meal,OBA,OBA:2051375,level of pre-pro-epidermal growth factor in blood,The amount of a pre-pro-epidermal growth factor when measured in blood.,0.2487,FALSE
pre-blood meal period,average duration from emergence to first blood meal,OBA,OBA:2043038,level of pre-mRNA-processing factor 19 in blood serum,The amount of a pre-mRNA-processing factor 19 when measured in blood serum.,0.1895,FALSE
pre-blood meal period,average duration from emergence to first blood meal,OBA,OBA:2044144,level of pre-mRNA-splicing regulator WTAP in blood serum,The amount of a pre-mRNA-splicing regulator WTAP when measured in blood serum.,0.1583,FALSE
pre-blood meal period,average duration from emergence to first blood meal,OBA,OBA:2052659,amount of pre-pro-epidermal growth factor (human) in blood,The amount of a pre-pro-epidermal growth factor (human) when measured in blood.,0.2432,FALSE
pre-blood meal period,average duration from emergence to first blood meal,PATO,PATO:0000499,decreased duration,A duration quality of a process which is relatively low.,0.262,FALSE
pre-blood meal period,average duration from emergence to first blood meal,PATO,PATO:0001309,duration,A process quality inhering in a bearer by virtue of the bearer's magnitude of the temporal extent between the starting and ending point.,0.1707,FALSE
pre-blood meal period,average duration from emergence to first blood meal,PATO,PATO:0000498,increased duration,A duration quality of a process which is relatively high.,0.26,FALSE
pre-blood meal period,average duration from emergence to first blood meal,PATO,PATO:0000695,synchronous,A quality of a single process inhering in a bearer by virtue of the bearer's occurring or existing at the same time or having the same period or phase.,0.1057,FALSE
pre-blood meal period,average duration from emergence to first blood meal,PATO,PATO:0000688,asynchronous,A quality of a single process inhering in a bearer by virtue of the bearer's not occurring or existing at the same time or having the same period or phase.,0.1203,FALSE
resource consumption rate,mean daily resource consumption rate,OBA,OBA:1000654,saccharin consumption quality,The quality of a saccharin consumption.,0.2069,FALSE
resource consumption rate,mean daily resource consumption rate,OBA,OBA:1000679,cocaine consumption quality,The quality of a cocaine consumption.,0.1952,FALSE
resource consumption rate,mean daily resource consumption rate,OBA,OBA:1000690,food consumption quality,The quality of a food consumption.,0.2903,FALSE
resource consumption rate,mean daily resource consumption rate,OBA,OBA:1000840,alcohol consumption quality,The quality of a alcohol consumption.,0.2333,FALSE
resource consumption rate,mean daily resource consumption rate,OBA,OBA:0002011,micturition rate,The rate of a micturition.,0.2861,FALSE
resource consumption rate,mean daily resource consumption rate,PATO,PATO:0000161,rate,A quality of a single process inhering in a bearer by virtue of the bearer's occurrence per unit time.,0.335,FALSE
resource consumption rate,mean daily resource consumption rate,PATO,PATO:0000911,decreased rate,A rate which is relatively low.,0.3347,FALSE
resource consumption rate,mean daily resource consumption rate,PATO,PATO:0000912,increased rate,A rate which is relatively high.,0.3156,FALSE
resource consumption rate,mean daily resource consumption rate,PATO,PATO:0001492,growth rate,The rate or speed of the change in size of an individual entity or change in number of a population.,0.2982,FALSE
resource consumption rate,mean daily resource consumption rate,PATO,PATO:0001574,flow rate,A physical quality inhering in a bearer by virtue of the bearer's motion characteristic.,0.1389,FALSE
blood feeding,percent taking one bloodmeal,OBA,OBA:1000748,feeding behavior quality,The quality of a feeding behavior.,0.3035,FALSE
blood feeding,percent taking one bloodmeal,OBA,OBA:0003648,blood volume,The volume of a blood.,0.2558,FALSE
blood feeding,percent taking one bloodmeal,OBA,OBA:0004561,blood osmolality,The osmolality of a blood.,0.2152,FALSE
blood feeding,percent taking one bloodmeal,OBA,OBA:0004999,blood size,The size of a blood.,0.3756,FALSE
blood feeding,percent taking one bloodmeal,OBA,OBA:2045409,blood pH,The acidity of a blood.,0.2222,FALSE
blood feeding,percent taking one bloodmeal,PATO,UBERON:0000178,blood,A fluid that is composed of blood plasma and erythrocytes.,0.1868,FALSE
blood feeding,percent taking one bloodmeal,PATO,CL:0000081,blood cell,A cell found predominately in the blood.,0.2457,FALSE
blood feeding,percent taking one bloodmeal,PATO,CL:4030029,blood lymphocyte,A lymphocyte located in blood.,0.1952,FALSE
blood feeding,percent taking one bloodmeal,PATO,GO:0008015,blood circulation,"The flow of blood through the body of an animal, enabling the transport of nutrients to the tissues and the removal of waste products.",0.2055,FALSE
blood feeding,percent taking one bloodmeal,PATO,UBERON:0001969,blood plasma,"The liquid component of blood, in which erythrocytes are suspended.",0.1834,FALSE
transmission potential,percent of individuals with transmission potential,OBA,OBA:VT0003635,synaptic transmission trait,The quality of a chemical synaptic transmission.,0.2494,FALSE
transmission potential,percent of individuals with transmission potential,OBA,OBA:0000099,membrane potential trait,The electric potential of a membrane.,0.1749,FALSE
transmission potential,percent of individuals with transmission potential,OBA,OBA:0000105,mitochondrial membrane potential,The membrane potential of a mitochondrial membrane.,0.1698,FALSE
transmission potential,percent of individuals with transmission potential,OBA,OBA:0003974,cochlea electric potential,The electric potential of a cochlea.,0.1603,FALSE
transmission potential,percent of individuals with transmission potential,PATO,PATO:0001462,membrane potential,A quality inhering in a cell's plasma membrane by virtue of the electrical potential difference across it.,0.1327,FALSE
transmission potential,percent of individuals with transmission potential,PATO,PATO:0001463,action potential,A quality inhering in a cell's plasma membrane by virtue of a brief fluctuation in the bearer's potential caused by the rapid opening and closing of voltage-gated ion channels.,0.1915,FALSE
transmission potential,percent of individuals with transmission potential,PATO,PATO:0001464,electric potential,"A quality that is equal to the potential energy per unit charge associated with a static (time-invariant) electric field, also called the electrostatic potential.",0.1306,FALSE
transmission potential,percent of individuals with transmission potential,PATO,GO:0001508,action potential,Action potentials typically propagate across excitable membranes. This class covers both action potentials that propagate and those that fail to do so.,0.1924,FALSE
transmission potential,percent of individuals with transmission potential,PATO,GO:0007268,chemical synaptic transmission,"The vesicular release of classical neurotransmitter molecules from a presynapse, across a chemical synapse, the subsequent activation of neurotransmitter receptors at the postsynapse of a target cell (neuron, muscle, or secretory cell) and the effects of this activation on the postsynaptic membrane potential and ionic composition of the postsynaptic cytosol. This process encompasses both spontaneous and evoked release of neurotransmitter and all parts of synaptic vesicle exocytosis. Evoked transmission starts with the arrival of an action potential at the presynapse.",0.1862,FALSE
lipid content,mean lipid content per individual,OBA,HP:0009058,Increased muscle lipid content,Increased neutral lipid content may be observed on muscle biopsies specimen with the specific staining of Sudan black or oil red O techniques by optic microscopy.,0.4231,FALSE
lipid content,mean lipid content per individual,OBA,OBA:2045435,stomach content pH,The acidity of a stomach lumen.,0.2348,FALSE
lipid content,mean lipid content per individual,OBA,OBA:VT0010714,milk zinc content,The amount of a zinc atom when measured in milk.,0.3456,FALSE
lipid content,mean lipid content per individual,OBA,OBA:VT0001547,lipid amount,The amount of a lipid when measured in anatomical entity.,0.6059,FALSE
lipid content,mean lipid content per individual,OBA,OBA:2045301,erythrocyte hemoglobin content trait,The amount of a hemoglobin when measured in erythrocyte.,0.2222,FALSE
lipid content,mean lipid content per individual,PATO,PATO:0000025,composition,"For example calcium composition (which may inhere in bone), haemoglobin composition (which may inhere in blood).",0.3019,FALSE
lipid content,mean lipid content per individual,PATO,CHEBI:18059,lipid,"'Lipids' is a loosely defined term for substances of biological origin that are soluble in nonpolar solvents. They consist of saponifiable lipids, such as glycerides (fats and oils) and phospholipids, as well as nonsaponifiable lipids, principally steroids.",0.3929,FALSE
lipid content,mean lipid content per individual,PATO,GO:0006869,lipid transport,"The directed movement of lipids into, out of or within a cell, or between cells, by means of some agent such as a transporter or pore. Lipids are compounds soluble in an organic solvent but not, or sparingly, in an aqueous solvent.",0.389,FALSE
lipid content,mean lipid content per individual,PATO,GO:0010876,lipid localization,"Any process in which a lipid is transported to, or maintained in, a specific location.",0.3794,FALSE
lipid content,mean lipid content per individual,PATO,GO:0006629,lipid metabolic process,"The chemical reactions and pathways involving lipids, compounds soluble in an organic solvent but not, or sparingly, in an aqueous solvent. Includes fatty acids; neutral fats, other fatty-acid esters, and soaps; long-chain (fatty) alcohols and waxes; sphingoids and other long-chain bases; glycolipids, phospholipids and sphingolipids; and carotenes, polyprenols, sterols, terpenes and other isoprenoids.",0.3668,FALSE
protein content,mean protein content per individual,OBA,OBA:2045435,stomach content pH,The acidity of a stomach lumen.,0.2072,FALSE
protein content,mean protein content per individual,OBA,OBA:VT0010714,milk zinc content,The amount of a zinc atom when measured in milk.,0.4073,FALSE
protein content,mean protein content per individual,OBA,OBA:2045301,erythrocyte hemoglobin content trait,The amount of a hemoglobin when measured in erythrocyte.,0.2772,FALSE
protein content,mean protein content per individual,OBA,OBA:2045305,reticulocyte corpuscular hemoglobin content attribute,The amount of a hemoglobin when measured in reticulocyte.,0.2548,FALSE
protein content,mean protein content per individual,PATO,PATO:0000025,composition,"For example calcium composition (which may inhere in bone), haemoglobin composition (which may inhere in blood).",0.3099,FALSE
protein content,mean protein content per individual,PATO,PATO:0015009,humidity,A quality inhering in air by virtue of the partial pressure exerted by the bearer's water vapour content.,0.188,FALSE
protein content,mean protein content per individual,PATO,PATO:0001540,glutinous,An amylose composition quality inhering in an bearer by virtue of the bearer's having negligible or no amylose content.,0.2586,FALSE
protein content,mean protein content per individual,PATO,PATO:0001541,non-glutinous,An amylose composition quality inhering in an bearer by virtue of the bearer's having high amount of amylose content.,0.2856,FALSE
protein content,mean protein content per individual,PATO,PATO:0103004,total amount,"A quantitative quality that represents the sum of all 'amount' qualities of the component parts that constitute a whole entity. The total amount quality inheres in the whole entity and reflects the aggregate measure across all its components, such that changes in the amount of individual components may not necessarily correspond to equivalent changes in the total amount of the whole.

Example of usage: ""blood total protein amount"" represents the sum of the amounts of all protein types in blood, while ""blood leptin amount"" represents only the amount of leptin proteins. An increase in blood leptin amount does not necessarily mean an increase in blood total protein amount, as other protein levels may decrease simultaneously.",0.3169,FALSE
glycogen content,mean glycogen content per individual,OBA,HP:0006568,Increased hepatic glycogen content,Glycogen acts as secondary long-term energy storage in the liver and other organs. Its intracellular concentration can be increased in some disease states such as obesity.,0.5075,FALSE
glycogen content,mean glycogen content per individual,OBA,HP:0012269,Abnormal muscle glycogen content,Glycogen functions as a secondary short term energy storage in muscle.,0.448,FALSE
glycogen content,mean glycogen content per individual,OBA,OBA:VT0002713,glycogen catabolism trait,The quality of a glycogen catabolic process.,0.4893,FALSE
glycogen content,mean glycogen content per individual,PATO,PATO:0000025,composition,"For example calcium composition (which may inhere in bone), haemoglobin composition (which may inhere in blood).",0.2898,FALSE
glycogen content,mean glycogen content per individual,PATO,PATO:0015009,humidity,A quality inhering in air by virtue of the partial pressure exerted by the bearer's water vapour content.,0.0819,FALSE
glycogen content,mean glycogen content per individual,PATO,PATO:0001540,glutinous,An amylose composition quality inhering in an bearer by virtue of the bearer's having negligible or no amylose content.,0.3067,FALSE
glycogen content,mean glycogen content per individual,PATO,PATO:0001541,non-glutinous,An amylose composition quality inhering in an bearer by virtue of the bearer's having high amount of amylose content.,0.3271,FALSE
glycogen content,mean glycogen content per individual,PATO,UBERON:0004088,orbital region,"The subdivision of the face that includes the eye (eyeball plus adnexa such as eyelids) and the orbit of the skull and associated parts of the face such as the eyebrows, if present.",0.0588,FALSE
ovariole number,mean number of ovarioles per individual,OBA,OBA:0000112,myofibril number,The amount of a myofibril.,0.2393,FALSE
ovariole number,mean number of ovarioles per individual,OBA,OBA:2045279,number of teeth,The has number of of a dentition.,0.2968,FALSE
ovariole number,mean number of ovarioles per individual,OBA,OBA:0003174,retina altered number of,The altered number of of a retina.,0.3191,FALSE
ovariole number,mean number of ovarioles per individual,OBA,OBA:0003275,platelet altered number of,The altered number of of a platelet.,0.2251,FALSE
ovariole number,mean number of ovarioles per individual,OBA,OBA:0003397,oligodendrocyte altered number of,The altered number of of a oligodendrocyte.,0.3088,FALSE
ovariole number,mean number of ovarioles per individual,PATO,PATO:0001555,has number of,"The number of parts of a particular type that the bearer entity has. This is a relational quality, and thus holds between two entities: the bearer of the quality, and the type of parts.",0.213,FALSE
ovariole number,mean number of ovarioles per individual,PATO,PATO:0002083,altered number of,Having extra or fewer parts.,0.2119,FALSE
ovariole number,mean number of ovarioles per individual,PATO,PATO:0005001,variability of count,A variability quality inhering in the bearer by virtue of the bearer having a variable number or count of an entity.,0.2657,FALSE
ovariole number,mean number of ovarioles per individual,PATO,PATO:0002001,has fewer parts of type,Example: [E=hand Q=has_fewer_parts_of_type E2=digit] - applies to an organism that has no less fingers than is normal for organisms of that type.,0.2406,FALSE
ovariole number,mean number of ovarioles per individual,PATO,PATO:0002002,has extra parts of type,"In polydactyly, the bearer of the quality is the hand, and the entity type being counted is 'finger'. In EQ syntax, E=hand, Q=<this> E2=finger.",0.2285,FALSE
resource consumption rate,mean lifetime prey consumed,OBA,OBA:1000654,saccharin consumption quality,The quality of a saccharin consumption.,0.2002,FALSE
resource consumption rate,mean lifetime prey consumed,OBA,OBA:1000679,cocaine consumption quality,The quality of a cocaine consumption.,0.2074,FALSE
resource consumption rate,mean lifetime prey consumed,OBA,OBA:1000690,food consumption quality,The quality of a food consumption.,0.2955,FALSE
resource consumption rate,mean lifetime prey consumed,OBA,OBA:1000840,alcohol consumption quality,The quality of a alcohol consumption.,0.1476,FALSE
resource consumption rate,mean lifetime prey consumed,OBA,OBA:0002011,micturition rate,The rate of a micturition.,0.1274,FALSE
resource consumption rate,mean lifetime prey consumed,PATO,PATO:0000161,rate,A quality of a single process inhering in a bearer by virtue of the bearer's occurrence per unit time.,0.2118,FALSE
resource consumption rate,mean lifetime prey consumed,PATO,PATO:0000911,decreased rate,A rate which is relatively low.,0.1631,FALSE
resource consumption rate,mean lifetime prey consumed,PATO,PATO:0000912,increased rate,A rate which is relatively high.,0.1577,FALSE
resource consumption rate,mean lifetime prey consumed,PATO,PATO:0001492,growth rate,The rate or speed of the change in size of an individual entity or change in number of a population.,0.1609,FALSE
resource consumption rate,mean lifetime prey consumed,PATO,PATO:0001574,flow rate,A physical quality inhering in a bearer by virtue of the bearer's motion characteristic.,0.0565,FALSE
survival,percent surviving life stage (across all humidity levels),OBA,OBA:2044232,level of survival motor neuron protein in blood serum,The amount of a survival motor neuron protein when measured in blood serum.,0.2266,FALSE
survival,percent surviving life stage (across all humidity levels),OBA,OBA:2059004,level of survival motor neuron protein (human) in cerebrospinal fluid,The amount of a survival motor neuron protein (human) when measured in cerebrospinal fluid.,0.2598,FALSE
survival,percent surviving life stage (across all humidity levels),OBA,OBA:2050909,level of survival of motor neuron-related-splicing factor 30 in blood,The amount of a survival of motor neuron-related-splicing factor 30 when measured in blood.,0.2408,FALSE
survival,percent surviving life stage (across all humidity levels),OBA,OBA:2043556,level of survival of motor neuron-related-splicing factor 30 in blood serum,The amount of a survival of motor neuron-related-splicing factor 30 when measured in blood serum.,0.2421,FALSE
survival,percent surviving life stage (across all humidity levels),OBA,OBA:2056414,level of survival of motor neuron-related-splicing factor 30 (human) in cerebrospinal fluid,The amount of a survival of motor neuron-related-splicing factor 30 (human) when measured in cerebrospinal fluid.,0.2585,FALSE
survival,percent surviving life stage (across all humidity levels),PATO,PATO:0000718,lethal (sensu genetics),A viability quality inhering in a population by virtue of the bearer's long term survival inability.,0.332,FALSE
survival,percent surviving life stage (across all humidity levels),PATO,PATO:0000719,viable,A viability quality inhering in a bearer or a population by virtue of the bearer's ability to survive or the long term survival ability of a given population.,0.325,FALSE
survival,percent surviving life stage (across all humidity levels),PATO,GO:0043066,negative regulation of apoptotic process,"This term should only be used when it is not possible to determine which phase or subtype of the apoptotic process is negatively regulated by a gene product. Whenever detailed information is available, the more granular children terms should be used.",0.1718,FALSE
survival,percent surviving life stage (across all humidity levels),PATO,GO:0043524,negative regulation of neuron apoptotic process,"Any process that stops, prevents, or reduces the frequency, rate or extent of cell death by apoptotic process in neurons.",0.1651,FALSE
survival,percent surviving life stage (across all humidity levels),PATO,CHEBI:38323,cholinergic drug,"Any drug used for its actions on cholinergic systems. Included here are agonists and antagonists, drugs that affect the life cycle of acetylcholine, and drugs that affect the survival of cholinergic neurons.",0.10780000000000001,FALSE
hatch time,mean duration of life stage,OBA,OBA:2040171,sleep duration trait,The duration of a sleep.,0.3777,FALSE
hatch time,mean duration of life stage,OBA,OBA:2040011,trait in response to mycophenolic acid,A trait that affects the response to a stimulus with mycophenolic acid.,0.0913,FALSE
hatch time,mean duration of life stage,OBA,OBA:2045215,menstrual cycle attribute,The quality of a menstrual cycle.,0.2054,FALSE
hatch time,mean duration of life stage,OBA,OBA:2001010,age of onset of essential hypertension,The age at which essential hypertension manifestations first appear.,0.2293,FALSE
hatch time,mean duration of life stage,PATO,PATO:0000165,time,A quality in which events occur in sequence.,0.1569,FALSE
hatch time,mean duration of life stage,PATO,PATO:0000498,increased duration,A duration quality of a process which is relatively high.,0.3789,FALSE
hatch time,mean duration of life stage,PATO,PATO:0000499,decreased duration,A duration quality of a process which is relatively low.,0.3653,FALSE
hatch time,mean duration of life stage,PATO,PATO:0001309,duration,A process quality inhering in a bearer by virtue of the bearer's magnitude of the temporal extent between the starting and ending point.,0.276,FALSE
hatch time,mean duration of life stage,PATO,PATO:0001005,latency,"This class is a candidate for obsoletion. The definition is not clear, and the placement under ""delayed"" is not consistent with the definition.",0.2007,FALSE
hatching range,range of the number of days all eggs hatched from when the first egg hatching started,OBA,OBA:0003853,blastocyst hatching amount,The amount of a blastocyst hatching.,0.498,FALSE
hatching range,range of the number of days all eggs hatched from when the first egg hatching started,OBA,OBA:0003854,blastocyst hatching onset quality,The onset quality of a blastocyst hatching.,0.4245,FALSE
hatching range,range of the number of days all eggs hatched from when the first egg hatching started,OBA,GO:0001835,blastocyst hatching,"See also the Anatomical Dictionary for Mouse Development ontology terms 'TS4, zona pellucida ; EMAP:22' and 'TS5, embryo ; EMAP:23'.",0.2284,FALSE
hatching range,range of the number of days all eggs hatched from when the first egg hatching started,PATO,GO:0009792,embryo development ending in birth or egg hatching,"The process whose specific outcome is the progression of an embryo over time, from zygote formation until the end of the embryonic life stage. The end of the embryonic life stage is organism-specific and may be somewhat arbitrary; for mammals it is usually considered to be birth, for insects the hatching of the first instar larva from the eggshell.",0.3924,FALSE
hatching range,range of the number of days all eggs hatched from when the first egg hatching started,PATO,UBERON:0000092,post-embryonic stage,"Stage succeeding embryo, including mature structure.",0.27,FALSE
hatching range,range of the number of days all eggs hatched from when the first egg hatching started,PATO,PATO:0001524,intrasonic,A sound frequency in the range of 0-20 Hz.,0.1077,FALSE
hatching range,range of the number of days all eggs hatched from when the first egg hatching started,PATO,PATO:0001526,ultrasonic,A sound frequency in the range of 20 000 + Hz.,0.1292,FALSE
hatching range,range of the number of days all eggs hatched from when the first egg hatching started,PATO,PATO:0001292,full-spectrum EM radiation quality,An EM radiation quality that is independent of the EM wavelength range.,0.0886,FALSE
chill-coma recovery time,mean duration for individuals to regain full movement after being cold shocked as function of growth temperature,OBA,OBA:2040171,sleep duration trait,The duration of a sleep.,0.2217,FALSE
chill-coma recovery time,mean duration for individuals to regain full movement after being cold shocked as function of growth temperature,OBA,OBA:2040011,trait in response to mycophenolic acid,A trait that affects the response to a stimulus with mycophenolic acid.,0.1919,FALSE
chill-coma recovery time,mean duration for individuals to regain full movement after being cold shocked as function of growth temperature,OBA,OBA:2045215,menstrual cycle attribute,The quality of a menstrual cycle.,0.1334,FALSE
chill-coma recovery time,mean duration for individuals to regain full movement after being cold shocked as function of growth temperature,OBA,OBA:2001010,age of onset of essential hypertension,The age at which essential hypertension manifestations first appear.,0.1444,FALSE
chill-coma recovery time,mean duration for individuals to regain full movement after being cold shocked as function of growth temperature,PATO,PATO:0000165,time,A quality in which events occur in sequence.,0.0949,FALSE
chill-coma recovery time,mean duration for individuals to regain full movement after being cold shocked as function of growth temperature,PATO,PATO:0000498,increased duration,A duration quality of a process which is relatively high.,0.2552,FALSE
chill-coma recovery time,mean duration for individuals to regain full movement after being cold shocked as function of growth temperature,PATO,PATO:0000499,decreased duration,A duration quality of a process which is relatively low.,0.2684,FALSE
chill-coma recovery time,mean duration for individuals to regain full movement after being cold shocked as function of growth temperature,PATO,PATO:0001309,duration,A process quality inhering in a bearer by virtue of the bearer's magnitude of the temporal extent between the starting and ending point.,0.2075,FALSE
chill-coma recovery time,mean duration for individuals to regain full movement after being cold shocked as function of growth temperature,PATO,PATO:0001005,latency,"This class is a candidate for obsoletion. The definition is not clear, and the placement under ""delayed"" is not consistent with the definition.",0.1318,FALSE
chill-coma recovery time,mean duration for individuals to regain full movement after being cold shocked as function of adult temperature,OBA,OBA:2040171,sleep duration trait,The duration of a sleep.,0.2447,FALSE
chill-coma recovery time,mean duration for individuals to regain full movement after being cold shocked as function of adult temperature,OBA,OBA:2040011,trait in response to mycophenolic acid,A trait that affects the response to a stimulus with mycophenolic acid.,0.1277,FALSE
chill-coma recovery time,mean duration for individuals to regain full movement after being cold shocked as function of adult temperature,OBA,OBA:2045215,menstrual cycle attribute,The quality of a menstrual cycle.,0.1348,FALSE
chill-coma recovery time,mean duration for individuals to regain full movement after being cold shocked as function of adult temperature,OBA,OBA:2001010,age of onset of essential hypertension,The age at which essential hypertension manifestations first appear.,0.1847,FALSE
chill-coma recovery time,mean duration for individuals to regain full movement after being cold shocked as function of adult temperature,PATO,PATO:0000165,time,A quality in which events occur in sequence.,0.0646,FALSE
chill-coma recovery time,mean duration for individuals to regain full movement after being cold shocked as function of adult temperature,PATO,PATO:0000498,increased duration,A duration quality of a process which is relatively high.,0.2293,FALSE
chill-coma recovery time,mean duration for individuals to regain full movement after being cold shocked as function of adult temperature,PATO,PATO:0000499,decreased duration,A duration quality of a process which is relatively low.,0.2348,FALSE
chill-coma recovery time,mean duration for individuals to regain full movement after being cold shocked as function of adult temperature,PATO,PATO:0001309,duration,A process quality inhering in a bearer by virtue of the bearer's magnitude of the temporal extent between the starting and ending point.,0.199,FALSE
chill-coma recovery time,mean duration for individuals to regain full movement after being cold shocked as function of adult temperature,PATO,PATO:0001005,latency,"This class is a candidate for obsoletion. The definition is not clear, and the placement under ""delayed"" is not consistent with the definition.",0.0936,FALSE
heat knockdown time,mean duration individuals can tolerate heat exposure before movement ceases as a function of adult temperature,OBA,OBA:2040442,level of heat shock protein 105 kDa in blood serum,The amount of a heat shock protein 105 kDa when measured in blood serum.,0.2961,FALSE
heat knockdown time,mean duration individuals can tolerate heat exposure before movement ceases as a function of adult temperature,OBA,OBA:2041950,level of heat shock protein beta-3 in blood serum,The amount of a heat shock protein beta-3 when measured in blood serum.,0.2812,FALSE
heat knockdown time,mean duration individuals can tolerate heat exposure before movement ceases as a function of adult temperature,OBA,OBA:2041951,level of heat shock protein beta-6 in blood serum,The amount of a heat shock protein beta-6 when measured in blood serum.,0.2649,FALSE
heat knockdown time,mean duration individuals can tolerate heat exposure before movement ceases as a function of adult temperature,OBA,OBA:2050696,level of heat shock factor 2-binding protein in blood,The amount of a heat shock factor 2-binding protein when measured in blood.,0.2988,FALSE
heat knockdown time,mean duration individuals can tolerate heat exposure before movement ceases as a function of adult temperature,OBA,OBA:2051470,level of heat shock factor-binding protein 1 in blood,The amount of a heat shock factor-binding protein 1 when measured in blood.,0.2856,FALSE
heat knockdown time,mean duration individuals can tolerate heat exposure before movement ceases as a function of adult temperature,PATO,PATO:0000165,time,A quality in which events occur in sequence.,0.089,FALSE
heat knockdown time,mean duration individuals can tolerate heat exposure before movement ceases as a function of adult temperature,PATO,PATO:0001756,heat conductivity,A conductivity quality inhering in a bearer by virtue of the bearer's disposition to spontaneous transfer of thermal energy from a region of higher temperature to a region of lower temperature.,0.2535,FALSE
heat knockdown time,mean duration individuals can tolerate heat exposure before movement ceases as a function of adult temperature,PATO,PATO:0000498,increased duration,A duration quality of a process which is relatively high.,0.3027,FALSE
heat knockdown time,mean duration individuals can tolerate heat exposure before movement ceases as a function of adult temperature,PATO,PATO:0000499,decreased duration,A duration quality of a process which is relatively low.,0.2889,FALSE
heat knockdown time,mean duration individuals can tolerate heat exposure before movement ceases as a function of adult temperature,PATO,PATO:0001309,duration,A process quality inhering in a bearer by virtue of the bearer's magnitude of the temporal extent between the starting and ending point.,0.2737,FALSE
heat knockdown time,mean duration individuals can tolerate heat exposure before movement ceases as a function of sex and growth temperature,OBA,OBA:2040442,level of heat shock protein 105 kDa in blood serum,The amount of a heat shock protein 105 kDa when measured in blood serum.,0.2956,FALSE
heat knockdown time,mean duration individuals can tolerate heat exposure before movement ceases as a function of sex and growth temperature,OBA,OBA:2041950,level of heat shock protein beta-3 in blood serum,The amount of a heat shock protein beta-3 when measured in blood serum.,0.2813,FALSE
heat knockdown time,mean duration individuals can tolerate heat exposure before movement ceases as a function of sex and growth temperature,OBA,OBA:2041951,level of heat shock protein beta-6 in blood serum,The amount of a heat shock protein beta-6 when measured in blood serum.,0.2686,FALSE
heat knockdown time,mean duration individuals can tolerate heat exposure before movement ceases as a function of sex and growth temperature,OBA,OBA:2050696,level of heat shock factor 2-binding protein in blood,The amount of a heat shock factor 2-binding protein when measured in blood.,0.3056,FALSE
heat knockdown time,mean duration individuals can tolerate heat exposure before movement ceases as a function of sex and growth temperature,OBA,OBA:2051470,level of heat shock factor-binding protein 1 in blood,The amount of a heat shock factor-binding protein 1 when measured in blood.,0.2865,FALSE
heat knockdown time,mean duration individuals can tolerate heat exposure before movement ceases as a function of sex and growth temperature,PATO,PATO:0000165,time,A quality in which events occur in sequence.,0.099,FALSE
heat knockdown time,mean duration individuals can tolerate heat exposure before movement ceases as a function of sex and growth temperature,PATO,PATO:0001756,heat conductivity,A conductivity quality inhering in a bearer by virtue of the bearer's disposition to spontaneous transfer of thermal energy from a region of higher temperature to a region of lower temperature.,0.2444,FALSE
heat knockdown time,mean duration individuals can tolerate heat exposure before movement ceases as a function of sex and growth temperature,PATO,PATO:0000498,increased duration,A duration quality of a process which is relatively high.,0.2923,FALSE
heat knockdown time,mean duration individuals can tolerate heat exposure before movement ceases as a function of sex and growth temperature,PATO,PATO:0000499,decreased duration,A duration quality of a process which is relatively low.,0.2822,FALSE
heat knockdown time,mean duration individuals can tolerate heat exposure before movement ceases as a function of sex and growth temperature,PATO,PATO:0001309,duration,A process quality inhering in a bearer by virtue of the bearer's magnitude of the temporal extent between the starting and ending point.,0.256,FALSE
consumption rate,mean relative consumption rate,OBA,OBA:1000654,saccharin consumption quality,The quality of a saccharin consumption.,0.3019,FALSE
consumption rate,mean relative consumption rate,OBA,OBA:1000679,cocaine consumption quality,The quality of a cocaine consumption.,0.3038,FALSE
consumption rate,mean relative consumption rate,OBA,OBA:1000690,food consumption quality,The quality of a food consumption.,0.3978,FALSE
consumption rate,mean relative consumption rate,OBA,OBA:1000840,alcohol consumption quality,The quality of a alcohol consumption.,0.3386,FALSE
consumption rate,mean relative consumption rate,OBA,OBA:0002011,micturition rate,The rate of a micturition.,0.2759,FALSE
consumption rate,mean relative consumption rate,PATO,PATO:0000161,rate,A quality of a single process inhering in a bearer by virtue of the bearer's occurrence per unit time.,0.2434,FALSE
consumption rate,mean relative consumption rate,PATO,PATO:0000911,decreased rate,A rate which is relatively low.,0.4775,FALSE
consumption rate,mean relative consumption rate,PATO,PATO:0000912,increased rate,A rate which is relatively high.,0.4495,FALSE
consumption rate,mean relative consumption rate,PATO,PATO:0001492,growth rate,The rate or speed of the change in size of an individual entity or change in number of a population.,0.2633,FALSE
consumption rate,mean relative consumption rate,PATO,PATO:0001574,flow rate,A physical quality inhering in a bearer by virtue of the bearer's motion characteristic.,0.1001,FALSE
growth rate,mean daily growth rate (the product of ln pupal weight divided by larval development time),OBA,OBA:0002215,growth rate trait,The rate of a growth.,0.4865,FALSE
growth rate,mean daily growth rate (the product of ln pupal weight divided by larval development time),OBA,OBA:2045230,growth rate attribute,The growth rate of a growth.,0.49370000000000003,FALSE
growth rate,mean daily growth rate (the product of ln pupal weight divided by larval development time),OBA,OBA:0002148,growth hormone secretion rate,The rate of a growth hormone secretion.,0.3373,FALSE
growth rate,mean daily growth rate (the product of ln pupal weight divided by larval development time),OBA,OBA:0002011,micturition rate,The rate of a micturition.,0.184,FALSE
growth rate,mean daily growth rate (the product of ln pupal weight divided by larval development time),PATO,PATO:0001492,growth rate,The rate or speed of the change in size of an individual entity or change in number of a population.,0.3592,FALSE
growth rate,mean daily growth rate (the product of ln pupal weight divided by larval development time),PATO,PATO:0040045,population growth rate,The rate or speed of the change in in number of a population.,0.3474,FALSE
growth rate,mean daily growth rate (the product of ln pupal weight divided by larval development time),PATO,PATO:0040046,single organismal growth rate,The rate or speed of the change in size of an individual entity.,0.3552,FALSE
growth rate,mean daily growth rate (the product of ln pupal weight divided by larval development time),PATO,PATO:0000161,rate,A quality of a single process inhering in a bearer by virtue of the bearer's occurrence per unit time.,0.2458,FALSE
growth rate,mean daily growth rate (the product of ln pupal weight divided by larval development time),PATO,PATO:0000911,decreased rate,A rate which is relatively low.,0.2311,FALSE
weight loss,proportionate weight loss in relation to temperature and population,OBA,OBA:0003744,regulation of water loss via skin rate,regulation of water loss via skin (GO_0033561) was obsoleted,0.2286,FALSE
weight loss,proportionate weight loss in relation to temperature and population,OBA,OBA:VT0004257,placenta mass,The mass of a placenta.,0.2107,FALSE
weight loss,proportionate weight loss in relation to temperature and population,OBA,OBA:2051506,level of loss of heterozygosity 11 chromosomal region 2 gene A protein in blood,The amount of a loss of heterozygosity 11 chromosomal region 2 gene A protein when measured in blood.,0.2287,FALSE
weight loss,proportionate weight loss in relation to temperature and population,PATO,PATO:0000128,weight,"For any biological use of PATO, the concept that should be used is 'mass' and not 'weight'. For example, increased weight of an organism.",0.3271,FALSE
weight loss,proportionate weight loss in relation to temperature and population,PATO,PATO:0000582,increased weight,A weight which is relatively high.,0.3235,FALSE
weight loss,proportionate weight loss in relation to temperature and population,PATO,PATO:0000583,decreased weight,A weight which is relatively low.,0.34,FALSE
weight loss,proportionate weight loss in relation to temperature and population,PATO,PATO:0001999,lacks parts or has fewer parts of type,"The bearer of this quality has_part < n of the indicated entity type, where n is the normal amount for a comparable organism. Note that the bearer of the quality is the whole, not the part. Formally: If a bearer entity e has fewer parts of type X at time t, then the number of instances x of X at t such that x part_of e is < n, where n is either the normal number for comparable entities, or n is stated explicitly. This case includes the limit case, where the bearer lacks all parts of the specified type.",0.163,FALSE
weight loss,proportionate weight loss in relation to temperature and population,PATO,PATO:0002461,wilty,To bend or hang downwards due to loss of water,0.2466,FALSE
feeding rate,mean lifetime feeding punctures,OBA,OBA:1000748,feeding behavior quality,The quality of a feeding behavior.,0.3739,FALSE
feeding rate,mean lifetime feeding punctures,OBA,OBA:0002011,micturition rate,The rate of a micturition.,0.1416,FALSE
feeding rate,mean lifetime feeding punctures,OBA,OBA:0002200,reflex rate,The rate of a reflex.,0.1594,FALSE
feeding rate,mean lifetime feeding punctures,OBA,OBA:0002672,gluconeogenesis rate,The rate of a gluconeogenesis.,0.1317,FALSE
feeding rate,mean lifetime feeding punctures,OBA,OBA:0002850,spermatogenesis rate,The rate of a spermatogenesis.,0.1713,FALSE
feeding rate,mean lifetime feeding punctures,PATO,PATO:0000161,rate,A quality of a single process inhering in a bearer by virtue of the bearer's occurrence per unit time.,0.1629,FALSE
feeding rate,mean lifetime feeding punctures,PATO,PATO:0000911,decreased rate,A rate which is relatively low.,0.155,FALSE
feeding rate,mean lifetime feeding punctures,PATO,PATO:0000912,increased rate,A rate which is relatively high.,0.148,FALSE
feeding rate,mean lifetime feeding punctures,PATO,PATO:0001492,growth rate,The rate or speed of the change in size of an individual entity or change in number of a population.,0.0867,FALSE
feeding rate,mean lifetime feeding punctures,PATO,PATO:0001574,flow rate,A physical quality inhering in a bearer by virtue of the bearer's motion characteristic.,0.0242,FALSE
EIP (extrinsic incubation period),day sporozoites first detected in salivary glands,OBA,OBA:VT0002292,gestation period duration,The duration of a female pregnancy.,0.1563,FALSE
EIP (extrinsic incubation period),day sporozoites first detected in salivary glands,OBA,OBA:1000286,extrinsic muscle of tongue quality,The quality of a extrinsic muscle of tongue.,0.141,FALSE
EIP (extrinsic incubation period),day sporozoites first detected in salivary glands,OBA,OBA:1000391,"blood coagulation, extrinsic pathway quality","The quality of a blood coagulation, extrinsic pathway.",0.1882,FALSE
EIP (extrinsic incubation period),day sporozoites first detected in salivary glands,OBA,OBA:2051617,level of period circadian protein homolog 3 in blood,The amount of a period circadian protein homolog 3 when measured in blood.,0.2234,FALSE
EIP (extrinsic incubation period),day sporozoites first detected in salivary glands,OBA,GO:0007598,"blood coagulation, extrinsic pathway","See also the biological process term 'blood coagulation, intrinsic pathway ; GO:0007597' and 'blood coagulation, common pathway ; GO:0072377'.",0.1355,FALSE
EIP (extrinsic incubation period),day sporozoites first detected in salivary glands,PATO,PATO:0000499,decreased duration,A duration quality of a process which is relatively low.,0.1135,FALSE
EIP (extrinsic incubation period),day sporozoites first detected in salivary glands,PATO,PATO:0001309,duration,A process quality inhering in a bearer by virtue of the bearer's magnitude of the temporal extent between the starting and ending point.,0.0705,FALSE
EIP (extrinsic incubation period),day sporozoites first detected in salivary glands,PATO,PATO:0000498,increased duration,A duration quality of a process which is relatively high.,0.1062,FALSE
EIP (extrinsic incubation period),day sporozoites first detected in salivary glands,PATO,UBERON:0001575,extrinsic muscle of tongue,A muscle organ that attaches the tongue to some other structure.,0.107,FALSE
oocyst prevalence,not stated,OBA,HP:0002315,Headache,"Headache is one of the most common types of recurrent pain as well as one of the most frequent symptoms in neurology. In addition to occasional headaches, there are well-defined headache disorders that vary in incidence, prevalence and duration and can be divided into two broad categories. In secondary headache disorders, headaches are attributed to another condition, such as brain tumor or head injury; for the primary disorders the headache is not due to another condition.",0.0809,FALSE
oocyst intensity,not stated,OBA,OBA:VT1000190,estrus intensity,The intensity of a estrus.,0.1474,FALSE
oocyst intensity,not stated,OBA,OBA:0003827,cellular response to stimulus intensity,The intensity of a cellular response to stimulus.,0.0738,FALSE
oocyst intensity,not stated,PATO,PATO:0000049,intensity,A quality inhering in a bearer by virtue of the bearer's possessing or displaying a distinctive feature in type or degree or effect or force.,0.1211,FALSE
oocyst intensity,not stated,PATO,PATO:0000394,mild intensity,An intensity which is less than moderate in type or degree or effect or force.,0.1393,FALSE
oocyst intensity,not stated,PATO,PATO:0000395,moderate intensity,An intensity which is less than extreme in type or degree or effect or force.,0.1468,FALSE
oocyst intensity,not stated,PATO,PATO:0000396,severe intensity,An intensity which is extremely bad or unpleasant in type or degree or effect or force.,0.1161,FALSE
oocyst intensity,not stated,PATO,PATO:0001782,increased intensity,An intensity which is relatively high.,0.1238,FALSE
sporozoite prevalence,not stated,OBA,HP:0002315,Headache,"Headache is one of the most common types of recurrent pain as well as one of the most frequent symptoms in neurology. In addition to occasional headaches, there are well-defined headache disorders that vary in incidence, prevalence and duration and can be divided into two broad categories. In secondary headache disorders, headaches are attributed to another condition, such as brain tumor or head injury; for the primary disorders the headache is not due to another condition.",0.0809,FALSE
copulation duration,mean copulation duration,OBA,OBA:0004003,parturition duration,The duration of a parturition.,0.4456,FALSE
copulation duration,mean copulation duration,OBA,OBA:1001086,QRS duration,See also EFO_0005054,0.0683,FALSE
copulation duration,mean copulation duration,OBA,OBA:VT1000653,lactation duration,The length of a lactation.,0.3583,FALSE
copulation duration,mean copulation duration,OBA,OBA:0003416,penile erection duration,The duration of a penile erection.,0.4583,FALSE
copulation duration,mean copulation duration,PATO,PATO:0001309,duration,A process quality inhering in a bearer by virtue of the bearer's magnitude of the temporal extent between the starting and ending point.,0.1971,FALSE
copulation duration,mean copulation duration,PATO,PATO:0000498,increased duration,A duration quality of a process which is relatively high.,0.3135,FALSE
copulation duration,mean copulation duration,PATO,PATO:0000499,decreased duration,A duration quality of a process which is relatively low.,0.3187,FALSE
copulation duration,mean copulation duration,PATO,PATO:0001416,regular duration,A duration which has regular start and/or end times.,0.245,FALSE
copulation duration,mean copulation duration,PATO,PATO:0001417,irregular duration,A duration quality of a process inhering in a bearer by virtue of the bearer's duration which has irregular start and/or end times.,0.2429,FALSE
prey consumption,mean number of prey consumed,OBA,OBA:1000654,saccharin consumption quality,The quality of a saccharin consumption.,0.2326,FALSE
prey consumption,mean number of prey consumed,OBA,OBA:1000679,cocaine consumption quality,The quality of a cocaine consumption.,0.2417,FALSE
prey consumption,mean number of prey consumed,OBA,OBA:1000690,food consumption quality,The quality of a food consumption.,0.3379,FALSE
prey consumption,mean number of prey consumed,OBA,OBA:1000840,alcohol consumption quality,The quality of a alcohol consumption.,0.2054,FALSE
parasite maturation time,mean duration time from infective feed to mature infection,OBA,OBA:0002663,bone maturation occurrence,The occurrence of a bone maturation.,0.2078,FALSE
parasite maturation time,mean duration time from infective feed to mature infection,OBA,OBA:2050237,ribosome maturation protein SBDS amount,The amount of a ribosome maturation protein SBDS when measured in anatomical entity.,0.1841,FALSE
parasite maturation time,mean duration time from infective feed to mature infection,OBA,OBA:2059129,level of actin maturation protease (human) in cerebrospinal fluid,The amount of a actin maturation protease (human) when measured in cerebrospinal fluid.,0.2513,FALSE
parasite maturation time,mean duration time from infective feed to mature infection,OBA,OBA:2056220,level of glia maturation factor gamma (human) in cerebrospinal fluid,The amount of a glia maturation factor gamma (human) when measured in cerebrospinal fluid.,0.1833,FALSE
parasite maturation time,mean duration time from infective feed to mature infection,OBA,OBA:2058256,level of glia maturation factor beta (human) in cerebrospinal fluid,The amount of a glia maturation factor beta (human) when measured in cerebrospinal fluid.,0.1823,FALSE
parasite maturation time,mean duration time from infective feed to mature infection,PATO,PATO:0000165,time,A quality in which events occur in sequence.,0.0996,FALSE
parasite maturation time,mean duration time from infective feed to mature infection,PATO,PATO:0000498,increased duration,A duration quality of a process which is relatively high.,0.3,FALSE
parasite maturation time,mean duration time from infective feed to mature infection,PATO,PATO:0000499,decreased duration,A duration quality of a process which is relatively low.,0.3007,FALSE
parasite maturation time,mean duration time from infective feed to mature infection,PATO,PATO:0001309,duration,A process quality inhering in a bearer by virtue of the bearer's magnitude of the temporal extent between the starting and ending point.,0.2069,FALSE
parasite maturation time,mean duration time from infective feed to mature infection,PATO,GO:0001556,oocyte maturation,"A developmental process, independent of morphogenetic (shape) change, that is required for an oocyte to attain its fully functional state. Oocyte maturation commences after reinitiation of meiosis commonly starting with germinal vesicle breakdown, and continues up to the second meiotic arrest prior to fertilization.",0.2429,FALSE
interlarval period,mean frequency of larval production,OBA,OBA:VT0002292,gestation period duration,The duration of a female pregnancy.,0.2599,FALSE
interlarval period,mean frequency of larval production,OBA,OBA:2051617,level of period circadian protein homolog 3 in blood,The amount of a period circadian protein homolog 3 when measured in blood.,0.208,FALSE
interlarval period,mean frequency of larval production,OBA,PR:000050150,period circadian protein homolog,Category=family.,0.1527,FALSE
interlarval period,mean frequency of larval production,OBA,PR:000012549,period circadian protein homolog 3,Category=gene.,0.1384,FALSE
interlarval period,mean frequency of larval production,OBA,PR:O70361,period circadian protein homolog 3 (mouse),Category=organism-gene.,0.1993,FALSE
interlarval period,mean frequency of larval production,PATO,PATO:0000499,decreased duration,A duration quality of a process which is relatively low.,0.2417,FALSE
interlarval period,mean frequency of larval production,PATO,PATO:0001309,duration,A process quality inhering in a bearer by virtue of the bearer's magnitude of the temporal extent between the starting and ending point.,0.1649,FALSE
interlarval period,mean frequency of larval production,PATO,PATO:0000498,increased duration,A duration quality of a process which is relatively high.,0.2204,FALSE
interlarval period,mean frequency of larval production,PATO,PATO:0000695,synchronous,A quality of a single process inhering in a bearer by virtue of the bearer's occurring or existing at the same time or having the same period or phase.,0.1989,FALSE
interlarval period,mean frequency of larval production,PATO,PATO:0000688,asynchronous,A quality of a single process inhering in a bearer by virtue of the bearer's not occurring or existing at the same time or having the same period or phase.,0.1833,FALSE
survival,probability of survival after exposure to extreme temperatures,OBA,OBA:2044232,level of survival motor neuron protein in blood serum,The amount of a survival motor neuron protein when measured in blood serum.,0.1971,FALSE
survival,probability of survival after exposure to extreme temperatures,OBA,OBA:2059004,level of survival motor neuron protein (human) in cerebrospinal fluid,The amount of a survival motor neuron protein (human) when measured in cerebrospinal fluid.,0.1915,FALSE
survival,probability of survival after exposure to extreme temperatures,OBA,OBA:2050909,level of survival of motor neuron-related-splicing factor 30 in blood,The amount of a survival of motor neuron-related-splicing factor 30 when measured in blood.,0.2041,FALSE
survival,probability of survival after exposure to extreme temperatures,OBA,OBA:2043556,level of survival of motor neuron-related-splicing factor 30 in blood serum,The amount of a survival of motor neuron-related-splicing factor 30 when measured in blood serum.,0.2015,FALSE
survival,probability of survival after exposure to extreme temperatures,OBA,OBA:2056414,level of survival of motor neuron-related-splicing factor 30 (human) in cerebrospinal fluid,The amount of a survival of motor neuron-related-splicing factor 30 (human) when measured in cerebrospinal fluid.,0.1986,FALSE
survival,probability of survival after exposure to extreme temperatures,PATO,PATO:0000718,lethal (sensu genetics),A viability quality inhering in a population by virtue of the bearer's long term survival inability.,0.3059,FALSE
survival,probability of survival after exposure to extreme temperatures,PATO,PATO:0000719,viable,A viability quality inhering in a bearer or a population by virtue of the bearer's ability to survive or the long term survival ability of a given population.,0.2946,FALSE
survival,probability of survival after exposure to extreme temperatures,PATO,GO:0043066,negative regulation of apoptotic process,"This term should only be used when it is not possible to determine which phase or subtype of the apoptotic process is negatively regulated by a gene product. Whenever detailed information is available, the more granular children terms should be used.",0.1622,FALSE
survival,probability of survival after exposure to extreme temperatures,PATO,GO:0043524,negative regulation of neuron apoptotic process,"Any process that stops, prevents, or reduces the frequency, rate or extent of cell death by apoptotic process in neurons.",0.2209,FALSE
survival,probability of survival after exposure to extreme temperatures,PATO,CHEBI:38323,cholinergic drug,"Any drug used for its actions on cholinergic systems. Included here are agonists and antagonists, drugs that affect the life cycle of acetylcholine, and drugs that affect the survival of cholinergic neurons.",0.0473,FALSE
fat consumption rate,mean daily rate of fat consumption,OBA,OBA:1000654,saccharin consumption quality,The quality of a saccharin consumption.,0.257,FALSE
fat consumption rate,mean daily rate of fat consumption,OBA,OBA:1000679,cocaine consumption quality,The quality of a cocaine consumption.,0.1737,FALSE
fat consumption rate,mean daily rate of fat consumption,OBA,OBA:1000690,food consumption quality,The quality of a food consumption.,0.3514,FALSE
fat consumption rate,mean daily rate of fat consumption,OBA,OBA:1000840,alcohol consumption quality,The quality of a alcohol consumption.,0.222,FALSE
fat consumption rate,mean daily rate of fat consumption,OBA,OBA:0002011,micturition rate,The rate of a micturition.,0.2075,FALSE
fat consumption rate,mean daily rate of fat consumption,PATO,PATO:0000161,rate,A quality of a single process inhering in a bearer by virtue of the bearer's occurrence per unit time.,0.1448,FALSE
fat consumption rate,mean daily rate of fat consumption,PATO,PATO:0000911,decreased rate,A rate which is relatively low.,0.3023,FALSE
fat consumption rate,mean daily rate of fat consumption,PATO,PATO:0000912,increased rate,A rate which is relatively high.,0.2924,FALSE
fat consumption rate,mean daily rate of fat consumption,PATO,PATO:0001492,growth rate,The rate or speed of the change in size of an individual entity or change in number of a population.,0.1753,FALSE
fat consumption rate,mean daily rate of fat consumption,PATO,PATO:0001574,flow rate,A physical quality inhering in a bearer by virtue of the bearer's motion characteristic.,0.0503,FALSE
blood feeding,mean lifetime blood feeds,OBA,OBA:1000748,feeding behavior quality,The quality of a feeding behavior.,0.2904,FALSE
blood feeding,mean lifetime blood feeds,OBA,OBA:0003648,blood volume,The volume of a blood.,0.2775,FALSE
blood feeding,mean lifetime blood feeds,OBA,OBA:0004561,blood osmolality,The osmolality of a blood.,0.1944,FALSE
blood feeding,mean lifetime blood feeds,OBA,OBA:0004999,blood size,The size of a blood.,0.3931,FALSE
blood feeding,mean lifetime blood feeds,OBA,OBA:2045409,blood pH,The acidity of a blood.,0.221,FALSE
blood feeding,mean lifetime blood feeds,PATO,UBERON:0000178,blood,A fluid that is composed of blood plasma and erythrocytes.,0.1969,FALSE
blood feeding,mean lifetime blood feeds,PATO,CL:0000081,blood cell,A cell found predominately in the blood.,0.2473,FALSE
blood feeding,mean lifetime blood feeds,PATO,CL:4030029,blood lymphocyte,A lymphocyte located in blood.,0.2487,FALSE
blood feeding,mean lifetime blood feeds,PATO,GO:0008015,blood circulation,"The flow of blood through the body of an animal, enabling the transport of nutrients to the tissues and the removal of waste products.",0.272,FALSE
blood feeding,mean lifetime blood feeds,PATO,UBERON:0001969,blood plasma,"The liquid component of blood, in which erythrocytes are suspended.",0.2296,FALSE
relative activity,amount of activity as a percentage of maximum recorded activity,OBA,OBA:2045259,urine relative density,The concentration of of a urine.,0.2292,FALSE
relative activity,amount of activity as a percentage of maximum recorded activity,OBA,OBA:2045294,asparaginase activity,The process quality of a L-asparagine catabolic process.,0.2257,FALSE
relative activity,amount of activity as a percentage of maximum recorded activity,OBA,OBA:VT0002504,serotonin activity,The functionality of a serotonin when measured in anatomical entity.,0.3004,FALSE
relative activity,amount of activity as a percentage of maximum recorded activity,OBA,OBA:0003310,catalase activity rate,The rate of a catalase activity.,0.3897,FALSE
relative activity,amount of activity as a percentage of maximum recorded activity,OBA,OBA:0005492,glucokinase activity rate,The rate of a glucokinase activity.,0.3839,FALSE
relative activity,amount of activity as a percentage of maximum recorded activity,PATO,PATO:0040010,mobile relative to,"For example, distinct anteroposterior mobility of palatine relative to mesethmoid.",0.1254,FALSE
relative activity,amount of activity as a percentage of maximum recorded activity,PATO,PATO:0040011,immobile relative to,For example: distinct anteroposterior immobility of palatine relative to mesethmoid.,0.1373,FALSE
relative activity,amount of activity as a percentage of maximum recorded activity,PATO,PATO:0002515,increased elevation relative to,An elevation quality inhering in a bearer by virtue the bearer's being in a high position relative to another entity.,0.1587,FALSE
relative activity,amount of activity as a percentage of maximum recorded activity,PATO,PATO:0000014,color,"A composite chromatic quality composed of hue, saturation and intensity parts.",0.1566,FALSE
relative activity,amount of activity as a percentage of maximum recorded activity,PATO,PATO:0001414,catalytic activity,A physical quality inhering in a catalyst by virtue of the amount of the catalyst's action.,0.3441,FALSE
viral load,individual-level viral load,OBA,OBA:2051394,level of ecotropic viral integration site 5 protein in blood,The amount of a ecotropic viral integration site 5 protein when measured in blood.,0.4528,FALSE
viral load,individual-level viral load,OBA,GO:0016032,viral process,See also the biological process terms 'viral infectious cycle ; GO:0019058' and 'lysogeny ; GO:0030069'.,0.2895,FALSE
viral load,individual-level viral load,PATO,GO:0030141,secretory granule,"Note that the term 'secretory vesicle' is sometimes used in this sense, but can also mean 'transport vesicle ; GO:0030133'.",0.1213,FALSE
viral load,individual-level viral load,PATO,GO:0032774,RNA biosynthetic process,"Note that, in some cases, viral RNA replication and viral transcription from RNA actually refer to the same process, but may be called differently depending on the focus of a specific research study.",0.3715,FALSE
viral load,individual-level viral load,PATO,GO:0005575,cellular_component,"Note that, in addition to forming the root of the cellular component ontology, this term is recommended for the annotation of gene products whose cellular component is unknown. When this term is used for annotation, it indicates that no information was available about the cellular component of the gene product annotated as of the date the annotation was made; the evidence code 'no data' (ND), is used to indicate this.",0.1456,FALSE
viral load,individual-level viral load,PATO,GO:1903018,regulation of glycoprotein metabolic process,"human serum amyloid P component (SAP) P02743 inhibits viral neuraminidase, NA (exo-alpha-sialidase activity) and thus the metabolism of glycoproteins, demonstrated in Figure 4A PMID:23544079, (IDA), the negative regulation term would be applied to this protein",0.2998,FALSE
viral load,individual-level viral load,PATO,GO:1903020,positive regulation of glycoprotein metabolic process,"human serum amyloid P component (SAP) P02743 inhibits viral neuraminidase, NA (exo-alpha-sialidase activity) and thus the metabolism of glycoproteins, demonstrated in Figure 4A PMID:23544079, (IDA), the negative regulation term would be applied to this protein",0.2998,FALSE
starvation tolerance,individual-level starvation tolerance as a function of temperature and body size (interactor1size),PATO,PATO:0002393,increased tolerance to,A tolerance quality inhering in a bearer by virtue of the bearer's increased ability to endure a stimulus.,0.3047,FALSE
starvation tolerance,individual-level starvation tolerance as a function of temperature and body size (interactor1size),PATO,PATO:0002394,decreased tolerance to,A tolerance quality inhering in a bearer by virtue of the bearer's decreased ability to endure a stimulus.,0.3148,FALSE
starvation tolerance,individual-level starvation tolerance as a function of temperature and body size (interactor1size),PATO,PATO:0045070,normal tolerance to,A tolerance to an external stimulus which is relatively normal or average,0.2948,FALSE
recovery time,individual-level duration to recover movement after exposure to extreme temperature,OBA,OBA:2040171,sleep duration trait,The duration of a sleep.,0.301,FALSE
recovery time,individual-level duration to recover movement after exposure to extreme temperature,OBA,OBA:2040011,trait in response to mycophenolic acid,A trait that affects the response to a stimulus with mycophenolic acid.,0.1675,FALSE
recovery time,individual-level duration to recover movement after exposure to extreme temperature,OBA,OBA:2045215,menstrual cycle attribute,The quality of a menstrual cycle.,0.1873,FALSE
recovery time,individual-level duration to recover movement after exposure to extreme temperature,OBA,OBA:2001010,age of onset of essential hypertension,The age at which essential hypertension manifestations first appear.,0.1282,FALSE
recovery time,individual-level duration to recover movement after exposure to extreme temperature,PATO,PATO:0000165,time,A quality in which events occur in sequence.,0.1183,FALSE
recovery time,individual-level duration to recover movement after exposure to extreme temperature,PATO,PATO:0000498,increased duration,A duration quality of a process which is relatively high.,0.2975,FALSE
recovery time,individual-level duration to recover movement after exposure to extreme temperature,PATO,PATO:0000499,decreased duration,A duration quality of a process which is relatively low.,0.3063,FALSE
recovery time,individual-level duration to recover movement after exposure to extreme temperature,PATO,PATO:0001309,duration,A process quality inhering in a bearer by virtue of the bearer's magnitude of the temporal extent between the starting and ending point.,0.2661,FALSE
recovery time,individual-level duration to recover movement after exposure to extreme temperature,PATO,PATO:0001005,latency,"This class is a candidate for obsoletion. The definition is not clear, and the placement under ""delayed"" is not consistent with the definition.",0.1437,FALSE
survival,individual-level binomial survival,OBA,OBA:2044232,level of survival motor neuron protein in blood serum,The amount of a survival motor neuron protein when measured in blood serum.,0.2222,FALSE
survival,individual-level binomial survival,OBA,OBA:2059004,level of survival motor neuron protein (human) in cerebrospinal fluid,The amount of a survival motor neuron protein (human) when measured in cerebrospinal fluid.,0.2262,FALSE
survival,individual-level binomial survival,OBA,OBA:2050909,level of survival of motor neuron-related-splicing factor 30 in blood,The amount of a survival of motor neuron-related-splicing factor 30 when measured in blood.,0.2252,FALSE
survival,individual-level binomial survival,OBA,OBA:2043556,level of survival of motor neuron-related-splicing factor 30 in blood serum,The amount of a survival of motor neuron-related-splicing factor 30 when measured in blood serum.,0.2244,FALSE
survival,individual-level binomial survival,OBA,OBA:2056414,level of survival of motor neuron-related-splicing factor 30 (human) in cerebrospinal fluid,The amount of a survival of motor neuron-related-splicing factor 30 (human) when measured in cerebrospinal fluid.,0.2236,FALSE
survival,individual-level binomial survival,PATO,PATO:0000718,lethal (sensu genetics),A viability quality inhering in a population by virtue of the bearer's long term survival inability.,0.3297,FALSE
survival,individual-level binomial survival,PATO,PATO:0000719,viable,A viability quality inhering in a bearer or a population by virtue of the bearer's ability to survive or the long term survival ability of a given population.,0.3045,FALSE
survival,individual-level binomial survival,PATO,GO:0043066,negative regulation of apoptotic process,"This term should only be used when it is not possible to determine which phase or subtype of the apoptotic process is negatively regulated by a gene product. Whenever detailed information is available, the more granular children terms should be used.",0.2342,FALSE
survival,individual-level binomial survival,PATO,GO:0043524,negative regulation of neuron apoptotic process,"Any process that stops, prevents, or reduces the frequency, rate or extent of cell death by apoptotic process in neurons.",0.2333,FALSE
survival,individual-level binomial survival,PATO,CHEBI:38323,cholinergic drug,"Any drug used for its actions on cholinergic systems. Included here are agonists and antagonists, drugs that affect the life cycle of acetylcholine, and drugs that affect the survival of cholinergic neurons.",0.0878,FALSE
juvenile life span,individual-level duration from hatching to death or adult eclosion,OBA,OBA:0003653,multicellular organism life span,The life span of a multicellular organism.,0.4267,FALSE
juvenile life span,individual-level duration from hatching to death or adult eclosion,OBA,OBA:VT0005372,life span determination trait,The process quality of a determination of adult lifespan.,0.4686,FALSE
juvenile life span,individual-level duration from hatching to death or adult eclosion,PATO,PATO:0000050,life span,A time quality inhering in a bearer by virtue of the bearer's expected maximum age.,0.3168,FALSE
juvenile life span,individual-level duration from hatching to death or adult eclosion,PATO,PATO:0001603,increased life span,A life span which is relatively high.,0.4573,FALSE
juvenile life span,individual-level duration from hatching to death or adult eclosion,PATO,PATO:0001604,decreased life span,A life span which is relatively low.,0.4684,FALSE
juvenile life span,individual-level duration from hatching to death or adult eclosion,PATO,PATO:0045026,normal life span,A life span which is relatively normal or average.,0.3689,FALSE
juvenile life span,individual-level duration from hatching to death or adult eclosion,PATO,PATO:0001190,juvenile,A maturity quality inhering in a bearer by virtue the bearer's being not fully grown or developed.,0.269,FALSE
bloodmeal weight,individual-level weight of bloodmeal,OBA,OBA:VT0004257,placenta mass,The mass of a placenta.,0.3606,FALSE
bloodmeal weight,individual-level weight of bloodmeal,OBA,OBA:2057477,level of low molecular weight phosphotyrosine protein phosphatase (human) in cerebrospinal fluid,The amount of a low molecular weight phosphotyrosine protein phosphatase (human) when measured in cerebrospinal fluid.,0.2264,FALSE
bloodmeal weight,individual-level weight of bloodmeal,OBA,HP:0004324,Increased body weight,Abnormally increased body weight.,0.3366,FALSE
bloodmeal weight,individual-level weight of bloodmeal,OBA,HP:0004325,Decreased body weight,Abnormally low body weight.,0.3285,FALSE
bloodmeal weight,individual-level weight of bloodmeal,PATO,PATO:0000128,weight,"For any biological use of PATO, the concept that should be used is 'mass' and not 'weight'. For example, increased weight of an organism.",0.3711,FALSE
bloodmeal weight,individual-level weight of bloodmeal,PATO,PATO:0000582,increased weight,A weight which is relatively high.,0.4228,FALSE
bloodmeal weight,individual-level weight of bloodmeal,PATO,PATO:0000583,decreased weight,A weight which is relatively low.,0.3981,FALSE
bloodmeal weight,individual-level weight of bloodmeal,PATO,PATO:0000125,mass,"For any biological use of PATO, the concept that should be used is 'mass' and not 'weight'. For example, increased weight of an organism.",0.3711,FALSE
bloodmeal weight,individual-level weight of bloodmeal,PATO,PATO:0001470,ratio,A quality inhering in a bearer by virtue of the bearer's magnitude in proportion to the magnitude of another entity.,0.1945,FALSE
knockdown time,mean time for 50% knockdown of femelaes under exposure to deltamethrin concentration (see notes),OBA,OBA:2040171,sleep duration trait,The duration of a sleep.,0.2651,FALSE
knockdown time,mean time for 50% knockdown of femelaes under exposure to deltamethrin concentration (see notes),OBA,OBA:2040011,trait in response to mycophenolic acid,A trait that affects the response to a stimulus with mycophenolic acid.,0.1919,FALSE
knockdown time,mean time for 50% knockdown of femelaes under exposure to deltamethrin concentration (see notes),OBA,OBA:2045215,menstrual cycle attribute,The quality of a menstrual cycle.,0.1691,FALSE
knockdown time,mean time for 50% knockdown of femelaes under exposure to deltamethrin concentration (see notes),OBA,OBA:2001010,age of onset of essential hypertension,The age at which essential hypertension manifestations first appear.,0.1666,FALSE
knockdown time,mean time for 50% knockdown of femelaes under exposure to deltamethrin concentration (see notes),PATO,PATO:0000165,time,A quality in which events occur in sequence.,0.0436,FALSE
knockdown time,mean time for 50% knockdown of femelaes under exposure to deltamethrin concentration (see notes),PATO,PATO:0000498,increased duration,A duration quality of a process which is relatively high.,0.2148,FALSE
knockdown time,mean time for 50% knockdown of femelaes under exposure to deltamethrin concentration (see notes),PATO,PATO:0000499,decreased duration,A duration quality of a process which is relatively low.,0.2474,FALSE
knockdown time,mean time for 50% knockdown of femelaes under exposure to deltamethrin concentration (see notes),PATO,PATO:0001309,duration,A process quality inhering in a bearer by virtue of the bearer's magnitude of the temporal extent between the starting and ending point.,0.124,FALSE
knockdown time,mean time for 50% knockdown of femelaes under exposure to deltamethrin concentration (see notes),PATO,PATO:0001005,latency,"This class is a candidate for obsoletion. The definition is not clear, and the placement under ""delayed"" is not consistent with the definition.",0.1792,FALSE
feeding time,mean duration of adult female feeding developmental phase,OBA,OBA:1000748,feeding behavior quality,The quality of a feeding behavior.,0.3944,FALSE
feeding time,mean duration of adult female feeding developmental phase,OBA,GO:0007631,feeding behavior,See also the biological process term 'behavior ; GO:0007610'.,0.1463,FALSE
feeding time,mean duration of adult female feeding developmental phase,OBA,HP:0011968,Feeding difficulties,"Difficulties with eating and drinking, resulting in decreased oral nutrition",0.2626,FALSE
feeding time,mean duration of adult female feeding developmental phase,OBA,NBO:0000079,feeding behavior,"The act of bringing an object or substance into the body by swallowing, surrounding or absorbing it [NBO:SMAC]",0.1175,FALSE
feeding time,mean duration of adult female feeding developmental phase,PATO,PATO:0000165,time,A quality in which events occur in sequence.,0.0704,FALSE
feeding time,mean duration of adult female feeding developmental phase,PATO,PATO:0000498,increased duration,A duration quality of a process which is relatively high.,0.2878,FALSE
feeding time,mean duration of adult female feeding developmental phase,PATO,PATO:0000499,decreased duration,A duration quality of a process which is relatively low.,0.2664,FALSE
feeding time,mean duration of adult female feeding developmental phase,PATO,PATO:0001309,duration,A process quality inhering in a bearer by virtue of the bearer's magnitude of the temporal extent between the starting and ending point.,0.1911,FALSE
feeding time,mean duration of adult female feeding developmental phase,PATO,PATO:0001005,latency,"This class is a candidate for obsoletion. The definition is not clear, and the placement under ""delayed"" is not consistent with the definition.",0.131,FALSE
egg size,mean weight of egg mass produced by adult female ticks,OBA,OBA:VT1000294,egg quantity,The amount of a egg cell.,0.3717,FALSE
egg size,mean weight of egg mass produced by adult female ticks,OBA,OBA:1001091,egg shell trait,The quality of a eggshell.,0.295,FALSE
egg size,mean weight of egg mass produced by adult female ticks,OBA,OBA:1001092,egg shell color,The color of a eggshell.,0.2666,FALSE
egg size,mean weight of egg mass produced by adult female ticks,OBA,OBA:2040151,shelled egg length,The length of a shelled egg.,0.3508,FALSE
egg size,mean weight of egg mass produced by adult female ticks,OBA,OBA:2040152,shelled egg width,The width of a shelled egg.,0.3787,FALSE
egg size,mean weight of egg mass produced by adult female ticks,PATO,PATO:0000117,size,A morphology quality inhering in a bearer by virtue of the bearer's physical magnitude.,0.1515,FALSE
egg size,mean weight of egg mass produced by adult female ticks,PATO,PATO:0000276,brood size,A reproductive quality inhering in the young of an animal by virtue of their number.,0.2276,FALSE
egg size,mean weight of egg mass produced by adult female ticks,PATO,PATO:0000586,increased size,A size quality which is relatively high.,0.1376,FALSE
egg size,mean weight of egg mass produced by adult female ticks,PATO,PATO:0000587,decreased size,A size quality which is relatively low.,0.147,FALSE
egg size,mean weight of egg mass produced by adult female ticks,PATO,PATO:0005015,tapered size,A size quality inhering in an entity or set of entities in which size increases or decreases along the extent of the entity or set.,0.1083,FALSE
sex ratio,ratio of male ticks to female ticks,OBA,OBA:1001089,multicellular organism sex,The biological sex of a multicellular organism.,0.2687,FALSE
sex ratio,ratio of male ticks to female ticks,OBA,OBA:VT0002210,sex determination trait,The quality of a sex determination.,0.3501,FALSE
sex ratio,ratio of male ticks to female ticks,OBA,OBA:0002003,multicellular organism phenotypic sex,The phenotypic sex of a multicellular organism.,0.2706,FALSE
sex ratio,ratio of male ticks to female ticks,OBA,OBA:0004263,testis sex cord amount,The amount of a testis sex cord.,0.3144,FALSE
sex ratio,ratio of male ticks to female ticks,OBA,OBA:1000853,primary sex determination quality,The quality of a primary sex determination.,0.3246,FALSE
sex ratio,ratio of male ticks to female ticks,PATO,PATO:0000047,biological sex,An organismal quality inhering in a bearer by virtue of the bearer's ability to undergo sexual reproduction in order to differentiate the individuals or types involved.,0.2276,FALSE
sex ratio,ratio of male ticks to female ticks,PATO,PATO:0001338,mixed sex,For example a mixture of females and male or males and hermaphrodites.,0.3963,FALSE
sex ratio,ratio of male ticks to female ticks,PATO,PATO:0001894,phenotypic sex,An organismal quality inhering in a bearer by virtue of the bearer's physical expression of sexual characteristics.,0.2286,FALSE
sex ratio,ratio of male ticks to female ticks,PATO,PATO:0020000,genotypic sex,"Note that the chromosomal constitution of genotypic sex varies in different organisms. In human, we have XY, XX, though abnormal XXY, X0, XYY, and other combinations are possible.",0.2769,FALSE
sex ratio,ratio of male ticks to female ticks,PATO,PATO:0060001,sex-specific,A quality inhering in a bearer by virtue of the bearer's being present in one sex and absent from the other in members of the same species.,0.3001,FALSE
feeding time,mean duration of feeding developmental phase,OBA,OBA:1000748,feeding behavior quality,The quality of a feeding behavior.,0.4226,FALSE
feeding time,mean duration of feeding developmental phase,OBA,GO:0007631,feeding behavior,See also the biological process term 'behavior ; GO:0007610'.,0.1363,FALSE
feeding time,mean duration of feeding developmental phase,OBA,HP:0011968,Feeding difficulties,"Difficulties with eating and drinking, resulting in decreased oral nutrition",0.3554,FALSE
feeding time,mean duration of feeding developmental phase,OBA,NBO:0000079,feeding behavior,"The act of bringing an object or substance into the body by swallowing, surrounding or absorbing it [NBO:SMAC]",0.1584,FALSE
feeding time,mean duration of feeding developmental phase,PATO,PATO:0000165,time,A quality in which events occur in sequence.,0.0866,FALSE
feeding time,mean duration of feeding developmental phase,PATO,PATO:0000498,increased duration,A duration quality of a process which is relatively high.,0.3,FALSE
feeding time,mean duration of feeding developmental phase,PATO,PATO:0000499,decreased duration,A duration quality of a process which is relatively low.,0.2963,FALSE
feeding time,mean duration of feeding developmental phase,PATO,PATO:0001309,duration,A process quality inhering in a bearer by virtue of the bearer's magnitude of the temporal extent between the starting and ending point.,0.2001,FALSE
feeding time,mean duration of feeding developmental phase,PATO,PATO:0001005,latency,"This class is a candidate for obsoletion. The definition is not clear, and the placement under ""delayed"" is not consistent with the definition.",0.143,FALSE
fertility,percentage of females that laid fertile eggs,OBA,OBA:VT0010464,fertility trait,The fertility of a multicellular organism.,0.3655,FALSE
fertility,percentage of females that laid fertile eggs,OBA,OBA:VT0001922,male fertility trait,The fertility of a male organism.,0.3186,FALSE
fertility,percentage of females that laid fertile eggs,OBA,OBA:VT0001923,female fertility trait,The female fertility of a female organism.,0.5138,FALSE
fertility,percentage of females that laid fertile eggs,OBA,OBA:0003685,multicellular organism male fertility,The male fertility of a multicellular organism.,0.3331,FALSE
fertility,percentage of females that laid fertile eggs,PATO,PATO:0000274,fertility,"A reproductive quality inhering in a bearer by virtue of the bearer's initiating, sustaining, or supporting reproduction.",0.3009,FALSE
fertility,percentage of females that laid fertile eggs,PATO,PATO:0000277,female fertility,"A fertility quality inhering in a female by virtue of the bearer's disposition to initiate, sustain, or support reproduction.",0.3968,FALSE
fertility,percentage of females that laid fertile eggs,PATO,PATO:0000279,male fertility,"A fertility quality of inhering in a male by virtue of the bearer's disposition to initiate, sustain, or support reproduction.",0.2774,FALSE
fertility,percentage of females that laid fertile eggs,PATO,PATO:0001834,decreased fertility,A fertility which is relatively low.,0.4092,FALSE
fertility,percentage of females that laid fertile eggs,PATO,PATO:0001835,increased fertility,A fertility which is relatively high.,0.4255,FALSE
oviposition failure,mean probability of failure to oviposit,OBA,HP:0001508,Failure to thrive,"Although there is no clear consensus on the exact definition of FTT, it is usually diagnoses in a child growing below the 3rd percentile or in a child whose decreased growth has cross two major growth percentiles (for example, from above the 75th percentile to below the 25th percentile).",0.1495,FALSE
oviposition failure,mean probability of failure to oviposit,PATO,PATO:0001511,non-functional,A disfunctional quality held by the bearer when the latter is unable to perform a regular function(s).,0.192,FALSE
oviposition failure,mean probability of failure to oviposit,PATO,PATO:0002291,agenesis,Absence of a tissue or organ due to failure to develop.,0.2326,FALSE
oviposition failure,mean probability of failure to oviposit,PATO,PATO:0001483,aplastic,"With aplasia, the primordium or precursor develops, but does not proceed in its development to a mature structure",0.2454,FALSE
oviposition failure,mean probability of failure to oviposit,PATO,PATO:0002270,increased accumulation,An increased number of physical objects that are accumulated within another physical object usually as a result of a failure to break down or remove objects in a timely manner.,0.12,FALSE
weight loss,cumulative weight loss across time (see notes for time intervals),OBA,OBA:0003744,regulation of water loss via skin rate,regulation of water loss via skin (GO_0033561) was obsoleted,0.2108,FALSE
weight loss,cumulative weight loss across time (see notes for time intervals),OBA,OBA:VT0004257,placenta mass,The mass of a placenta.,0.2404,FALSE
weight loss,cumulative weight loss across time (see notes for time intervals),OBA,OBA:2051506,level of loss of heterozygosity 11 chromosomal region 2 gene A protein in blood,The amount of a loss of heterozygosity 11 chromosomal region 2 gene A protein when measured in blood.,0.2196,FALSE
weight loss,cumulative weight loss across time (see notes for time intervals),PATO,PATO:0000128,weight,"For any biological use of PATO, the concept that should be used is 'mass' and not 'weight'. For example, increased weight of an organism.",0.3361,FALSE
weight loss,cumulative weight loss across time (see notes for time intervals),PATO,PATO:0000582,increased weight,A weight which is relatively high.,0.3264,FALSE
weight loss,cumulative weight loss across time (see notes for time intervals),PATO,PATO:0000583,decreased weight,A weight which is relatively low.,0.3438,FALSE
weight loss,cumulative weight loss across time (see notes for time intervals),PATO,PATO:0001999,lacks parts or has fewer parts of type,"The bearer of this quality has_part < n of the indicated entity type, where n is the normal amount for a comparable organism. Note that the bearer of the quality is the whole, not the part. Formally: If a bearer entity e has fewer parts of type X at time t, then the number of instances x of X at t such that x part_of e is < n, where n is either the normal number for comparable entities, or n is stated explicitly. This case includes the limit case, where the bearer lacks all parts of the specified type.",0.1386,FALSE
weight loss,cumulative weight loss across time (see notes for time intervals),PATO,PATO:0002461,wilty,To bend or hang downwards due to loss of water,0.2485,FALSE
mortality,number of dead individuals per group,OBA,OBA:2050757,level of mortality factor 4-like protein 1 in blood,The amount of a mortality factor 4-like protein 1 when measured in blood.,0.3255,FALSE
mortality,number of dead individuals per group,OBA,OBA:2050758,level of mortality factor 4-like protein 2 in blood,The amount of a mortality factor 4-like protein 2 when measured in blood.,0.3298,FALSE
mortality,number of dead individuals per group,OBA,OBA:2042401,level of mortality factor 4-like protein 1 in blood serum,The amount of a mortality factor 4-like protein 1 when measured in blood serum.,0.316,FALSE
mortality,number of dead individuals per group,OBA,OBA:2042402,level of mortality factor 4-like protein 2 in blood serum,The amount of a mortality factor 4-like protein 2 when measured in blood serum.,0.318,FALSE
mortality,number of dead individuals per group,OBA,OBA:2058865,level of mortality factor 4-like protein 2 (human) in cerebrospinal fluid,The amount of a mortality factor 4-like protein 2 (human) when measured in cerebrospinal fluid.,0.3204,FALSE
weight loss,mean weight loss,OBA,OBA:0003744,regulation of water loss via skin rate,regulation of water loss via skin (GO_0033561) was obsoleted,0.1598,FALSE
weight loss,mean weight loss,OBA,OBA:VT0004257,placenta mass,The mass of a placenta.,0.3434,FALSE
weight loss,mean weight loss,OBA,OBA:2051506,level of loss of heterozygosity 11 chromosomal region 2 gene A protein in blood,The amount of a loss of heterozygosity 11 chromosomal region 2 gene A protein when measured in blood.,0.2245,FALSE
weight loss,mean weight loss,PATO,PATO:0000128,weight,"For any biological use of PATO, the concept that should be used is 'mass' and not 'weight'. For example, increased weight of an organism.",0.2865,FALSE
weight loss,mean weight loss,PATO,PATO:0000582,increased weight,A weight which is relatively high.,0.3693,FALSE
weight loss,mean weight loss,PATO,PATO:0000583,decreased weight,A weight which is relatively low.,0.4201,FALSE
weight loss,mean weight loss,PATO,PATO:0001999,lacks parts or has fewer parts of type,"The bearer of this quality has_part < n of the indicated entity type, where n is the normal amount for a comparable organism. Note that the bearer of the quality is the whole, not the part. Formally: If a bearer entity e has fewer parts of type X at time t, then the number of instances x of X at t such that x part_of e is < n, where n is either the normal number for comparable entities, or n is stated explicitly. This case includes the limit case, where the bearer lacks all parts of the specified type.",0.094,FALSE
weight loss,mean weight loss,PATO,PATO:0002461,wilty,To bend or hang downwards due to loss of water,0.2012,FALSE
feeding preference,mean number of individual ticks selecting to feed on human (see notes for %),OBA,OBA:1000748,feeding behavior quality,The quality of a feeding behavior.,0.2842,FALSE
feeding preference,mean number of individual ticks selecting to feed on human (see notes for %),OBA,OBA:1000817,conditioned place preference behavior quality,The quality of a conditioned place preference behavior.,0.1643,FALSE
feeding preference,mean number of individual ticks selecting to feed on human (see notes for %),PATO,PATO:0000773,preference,A discrimination quality in a bearer by virtue of the bearer's liking a perceived stimulus.,0.1512,FALSE
feeding preference,mean number of individual ticks selecting to feed on human (see notes for %),PATO,PATO:0000772,indifference,A preference quality in a bearer by virtue of the bearer's having no preference to a perceived stimulus.,0.1375,FALSE
feeding preference,mean number of individual ticks selecting to feed on human (see notes for %),PATO,PATO:0000771,aversion,A preference quality in a bearer by virtue of the bearer's disliking a perceived stimulus.,0.1735,FALSE
feeding preference,mean number of individual ticks selecting to feed on human (see notes for %),PATO,UBERON:0013765,digestive system element,"Any of the organs or elements that are part of the digestive system. Examples: tongue, esophagus, spleen, crop, lunge feeding organ, tooth elements.",0.1453,FALSE
survival rate,percent surviving to oviposition,OBA,OBA:0002011,micturition rate,The rate of a micturition.,0.0975,FALSE
survival rate,percent surviving to oviposition,OBA,OBA:0002200,reflex rate,The rate of a reflex.,0.1388,FALSE
survival rate,percent surviving to oviposition,OBA,OBA:0002672,gluconeogenesis rate,The rate of a gluconeogenesis.,0.1208,FALSE
survival rate,percent surviving to oviposition,OBA,OBA:0002850,spermatogenesis rate,The rate of a spermatogenesis.,0.2531,FALSE
survival rate,percent surviving to oviposition,OBA,OBA:0003172,anagen rate,The rate of a anagen.,0.2335,FALSE
survival rate,percent surviving to oviposition,PATO,PATO:0000161,rate,A quality of a single process inhering in a bearer by virtue of the bearer's occurrence per unit time.,0.134,FALSE
survival rate,percent surviving to oviposition,PATO,PATO:0000911,decreased rate,A rate which is relatively low.,0.2174,FALSE
survival rate,percent surviving to oviposition,PATO,PATO:0000912,increased rate,A rate which is relatively high.,0.2232,FALSE
survival rate,percent surviving to oviposition,PATO,PATO:0001492,growth rate,The rate or speed of the change in size of an individual entity or change in number of a population.,0.1632,FALSE
survival rate,percent surviving to oviposition,PATO,PATO:0001574,flow rate,A physical quality inhering in a bearer by virtue of the bearer's motion characteristic.,0.021,FALSE
molting period (larval),mean duration of life stage,OBA,OBA:VT0002292,gestation period duration,The duration of a female pregnancy.,0.3879,FALSE
molting period (larval),mean duration of life stage,OBA,OBA:2051617,level of period circadian protein homolog 3 in blood,The amount of a period circadian protein homolog 3 when measured in blood.,0.188,FALSE
molting period (larval),mean duration of life stage,PATO,PATO:0001185,larval,"A maturity quality inhering in a bearer by virtue of the bearer's indirect development, undergoing metamorphosis.",0.265,FALSE
molting period (larval),mean duration of life stage,PATO,PATO:0000499,decreased duration,A duration quality of a process which is relatively low.,0.3653,FALSE
molting period (larval),mean duration of life stage,PATO,PATO:0001309,duration,A process quality inhering in a bearer by virtue of the bearer's magnitude of the temporal extent between the starting and ending point.,0.276,FALSE
molting period (larval),mean duration of life stage,PATO,PATO:0000498,increased duration,A duration quality of a process which is relatively high.,0.3789,FALSE
molting period (larval),mean duration of life stage,PATO,PATO:0001187,pupal,A maturity quality inhering in a insect by virtue of the bearer's being in the chrysalis (cocoon) or post larval stage.,0.2812,FALSE
pre-hatch period,number of days until hatching,OBA,OBA:VT0002292,gestation period duration,The duration of a female pregnancy.,0.3474,FALSE
pre-hatch period,number of days until hatching,OBA,OBA:2051617,level of period circadian protein homolog 3 in blood,The amount of a period circadian protein homolog 3 when measured in blood.,0.1991,FALSE
pre-hatch period,number of days until hatching,OBA,PR:000050150,period circadian protein homolog,Category=family.,0.1312,FALSE
pre-hatch period,number of days until hatching,OBA,PR:000012549,period circadian protein homolog 3,Category=gene.,0.1356,FALSE
pre-hatch period,number of days until hatching,OBA,PR:O70361,period circadian protein homolog 3 (mouse),Category=organism-gene.,0.1485,FALSE
pre-hatch period,number of days until hatching,PATO,PATO:0000499,decreased duration,A duration quality of a process which is relatively low.,0.1941,FALSE
pre-hatch period,number of days until hatching,PATO,PATO:0001309,duration,A process quality inhering in a bearer by virtue of the bearer's magnitude of the temporal extent between the starting and ending point.,0.134,FALSE
pre-hatch period,number of days until hatching,PATO,PATO:0000498,increased duration,A duration quality of a process which is relatively high.,0.1914,FALSE
pre-hatch period,number of days until hatching,PATO,PATO:0000695,synchronous,A quality of a single process inhering in a bearer by virtue of the bearer's occurring or existing at the same time or having the same period or phase.,0.1041,FALSE
pre-hatch period,number of days until hatching,PATO,PATO:0000688,asynchronous,A quality of a single process inhering in a bearer by virtue of the bearer's not occurring or existing at the same time or having the same period or phase.,0.1026,FALSE
mortality (larval),duration for 100% mortality (unfed larvae),OBA,OBA:2050757,level of mortality factor 4-like protein 1 in blood,The amount of a mortality factor 4-like protein 1 when measured in blood.,0.2428,FALSE
mortality (larval),duration for 100% mortality (unfed larvae),OBA,OBA:2050758,level of mortality factor 4-like protein 2 in blood,The amount of a mortality factor 4-like protein 2 when measured in blood.,0.2456,FALSE
mortality (larval),duration for 100% mortality (unfed larvae),OBA,OBA:2042401,level of mortality factor 4-like protein 1 in blood serum,The amount of a mortality factor 4-like protein 1 when measured in blood serum.,0.2443,FALSE
mortality (larval),duration for 100% mortality (unfed larvae),OBA,OBA:2042402,level of mortality factor 4-like protein 2 in blood serum,The amount of a mortality factor 4-like protein 2 when measured in blood serum.,0.2448,FALSE
mortality (larval),duration for 100% mortality (unfed larvae),OBA,OBA:2058865,level of mortality factor 4-like protein 2 (human) in cerebrospinal fluid,The amount of a mortality factor 4-like protein 2 (human) when measured in cerebrospinal fluid.,0.2399,FALSE
mortality (larval),duration for 100% mortality (unfed larvae),PATO,PATO:0001185,larval,"A maturity quality inhering in a bearer by virtue of the bearer's indirect development, undergoing metamorphosis.",0.213,FALSE
mortality (larval),duration for 100% mortality (unfed larvae),PATO,PATO:0001187,pupal,A maturity quality inhering in a insect by virtue of the bearer's being in the chrysalis (cocoon) or post larval stage.,0.3294,FALSE
mortality (larval),duration for 100% mortality (unfed larvae),PATO,PATO:0001188,prepupal,"A maturity quality inhering in a bearer by virtue of the bearer's being in an inactive stage in the development of some insects, between the larval and the pupal stages.",0.3133,FALSE
mortality (larval),duration for 100% mortality (unfed larvae),PATO,UBERON:0034705,developing neuroepithelium,An embryonic or larval epithelium that is committed to form part of the nervous system.,0.151,FALSE
mortality (larval),duration for 100% mortality (unfed larvae),PATO,GO:0048598,embryonic morphogenesis,"The process in which anatomical structures are generated and organized during the embryonic phase. The embryonic phase begins with zygote formation. The end of the embryonic phase is organism-specific. For example, it would be at birth for mammals, larval hatching for insects and seed dormancy in plants.",0.1765,FALSE
mortality (nymphal),duration for 50% mortality (unfed nymphs),OBA,OBA:2050757,level of mortality factor 4-like protein 1 in blood,The amount of a mortality factor 4-like protein 1 when measured in blood.,0.2204,FALSE
mortality (nymphal),duration for 50% mortality (unfed nymphs),OBA,OBA:2050758,level of mortality factor 4-like protein 2 in blood,The amount of a mortality factor 4-like protein 2 when measured in blood.,0.2316,FALSE
mortality (nymphal),duration for 50% mortality (unfed nymphs),OBA,OBA:2042401,level of mortality factor 4-like protein 1 in blood serum,The amount of a mortality factor 4-like protein 1 when measured in blood serum.,0.2122,FALSE
mortality (nymphal),duration for 50% mortality (unfed nymphs),OBA,OBA:2042402,level of mortality factor 4-like protein 2 in blood serum,The amount of a mortality factor 4-like protein 2 when measured in blood serum.,0.2212,FALSE
mortality (nymphal),duration for 50% mortality (unfed nymphs),OBA,OBA:2058865,level of mortality factor 4-like protein 2 (human) in cerebrospinal fluid,The amount of a mortality factor 4-like protein 2 (human) when measured in cerebrospinal fluid.,0.2148,FALSE
mortality,time taken for 50% of adults to die,OBA,OBA:2050757,level of mortality factor 4-like protein 1 in blood,The amount of a mortality factor 4-like protein 1 when measured in blood.,0.2225,FALSE
mortality,time taken for 50% of adults to die,OBA,OBA:2050758,level of mortality factor 4-like protein 2 in blood,The amount of a mortality factor 4-like protein 2 when measured in blood.,0.2341,FALSE
mortality,time taken for 50% of adults to die,OBA,OBA:2042401,level of mortality factor 4-like protein 1 in blood serum,The amount of a mortality factor 4-like protein 1 when measured in blood serum.,0.211,FALSE
mortality,time taken for 50% of adults to die,OBA,OBA:2042402,level of mortality factor 4-like protein 2 in blood serum,The amount of a mortality factor 4-like protein 2 when measured in blood serum.,0.2213,FALSE
mortality,time taken for 50% of adults to die,OBA,OBA:2058865,level of mortality factor 4-like protein 2 (human) in cerebrospinal fluid,The amount of a mortality factor 4-like protein 2 (human) when measured in cerebrospinal fluid.,0.2169,FALSE
reproductive capacity,proportion of individuals that laid eggs after first blood meal,OBA,OBA:VT0001942,lung capacity,The volume of a lung.,0.1229,FALSE
reproductive capacity,proportion of individuals that laid eggs after first blood meal,OBA,OBA:VT0002846,aorta capacity,The volume of a aorta.,0.1467,FALSE
reproductive capacity,proportion of individuals that laid eggs after first blood meal,OBA,OBA:VT0010133,gizzard capacity,The volume of a gizzard.,0.1674,FALSE
reproductive capacity,proportion of individuals that laid eggs after first blood meal,OBA,OBA:VT0010199,stomach capacity,The volume of a stomach.,0.1395,FALSE
reproductive capacity,proportion of individuals that laid eggs after first blood meal,OBA,OBA:VT0010204,proventriculus capacity,The volume of a proventriculus.,0.2418,FALSE
reproductive capacity,proportion of individuals that laid eggs after first blood meal,PATO,PATO:0001434,reproductive quality,An organismal quality inhering in a bearer by virtue of the bearer's ability to produce new life or offspring.,0.2358,FALSE
reproductive capacity,proportion of individuals that laid eggs after first blood meal,PATO,GO:0019098,reproductive behavior,The specific behavior of an organism that is associated with reproduction.,0.2658,FALSE
reproductive capacity,proportion of individuals that laid eggs after first blood meal,PATO,GO:0022414,reproductive process,A biological process that directly contributes to the process of producing new individuals by one or two organisms. The new individuals inherit some proportion of their genetic material from the parent or parents.,0.2426,FALSE
reproductive capacity,proportion of individuals that laid eggs after first blood meal,PATO,UBERON:0000990,reproductive system,Anatomical system that has as its parts the organs concerned with reproduction.,0.1241,FALSE
reproductive capacity,proportion of individuals that laid eggs after first blood meal,PATO,UBERON:0003133,reproductive organ,An organ involved in reproduction.,0.1443,FALSE
lifespan,mean duration of entrie lifespan (from egg to adult death),OBA,OBA:VT0005372,life span determination trait,The process quality of a determination of adult lifespan.,0.4329,FALSE
lifespan,mean duration of entrie lifespan (from egg to adult death),OBA,CHEBI:176497,geroprotector,"Any compound that supports healthy aging, slows the biological aging process, or extends lifespan.",0.2134,FALSE
lifespan,mean duration of entrie lifespan (from egg to adult death),OBA,HP:0031467,Dysregulated negative emotional state,"Manifestations may be conveyed through self-report or observed through behavior, allowing applicability across the lifespan and in individuals with limited verbal communication. This term refers to an observed negative emotional state rather than enduring traits of personality or temperament.",0.1618,FALSE
lifespan,mean duration of entrie lifespan (from egg to adult death),PATO,UBERON:0000104,life cycle,"An entire span of an organism's life. In metazoans, commences with the zygote stage and ends with the death of the organism.",0.526,FALSE
sex ratio,mean proportion of female adults cohort-1,OBA,OBA:1001089,multicellular organism sex,The biological sex of a multicellular organism.,0.2081,FALSE
sex ratio,mean proportion of female adults cohort-1,OBA,OBA:VT0002210,sex determination trait,The quality of a sex determination.,0.2805,FALSE
sex ratio,mean proportion of female adults cohort-1,OBA,OBA:0002003,multicellular organism phenotypic sex,The phenotypic sex of a multicellular organism.,0.2166,FALSE
sex ratio,mean proportion of female adults cohort-1,OBA,OBA:0004263,testis sex cord amount,The amount of a testis sex cord.,0.2095,FALSE
sex ratio,mean proportion of female adults cohort-1,OBA,OBA:1000853,primary sex determination quality,The quality of a primary sex determination.,0.2557,FALSE
sex ratio,mean proportion of female adults cohort-1,PATO,PATO:0000047,biological sex,An organismal quality inhering in a bearer by virtue of the bearer's ability to undergo sexual reproduction in order to differentiate the individuals or types involved.,0.1998,FALSE
sex ratio,mean proportion of female adults cohort-1,PATO,PATO:0001338,mixed sex,For example a mixture of females and male or males and hermaphrodites.,0.3026,FALSE
sex ratio,mean proportion of female adults cohort-1,PATO,PATO:0001894,phenotypic sex,An organismal quality inhering in a bearer by virtue of the bearer's physical expression of sexual characteristics.,0.1884,FALSE
sex ratio,mean proportion of female adults cohort-1,PATO,PATO:0020000,genotypic sex,"Note that the chromosomal constitution of genotypic sex varies in different organisms. In human, we have XY, XX, though abnormal XXY, X0, XYY, and other combinations are possible.",0.1923,FALSE
sex ratio,mean proportion of female adults cohort-1,PATO,PATO:0060001,sex-specific,A quality inhering in a bearer by virtue of the bearer's being present in one sex and absent from the other in members of the same species.,0.2015,FALSE
sex ratio,ratio of male psyllids to female psyllids,OBA,OBA:1001089,multicellular organism sex,The biological sex of a multicellular organism.,0.2596,FALSE
sex ratio,ratio of male psyllids to female psyllids,OBA,OBA:VT0002210,sex determination trait,The quality of a sex determination.,0.3363,FALSE
sex ratio,ratio of male psyllids to female psyllids,OBA,OBA:0002003,multicellular organism phenotypic sex,The phenotypic sex of a multicellular organism.,0.2904,FALSE
sex ratio,ratio of male psyllids to female psyllids,OBA,OBA:0004263,testis sex cord amount,The amount of a testis sex cord.,0.286,FALSE
sex ratio,ratio of male psyllids to female psyllids,OBA,OBA:1000853,primary sex determination quality,The quality of a primary sex determination.,0.3385,FALSE
sex ratio,ratio of male psyllids to female psyllids,PATO,PATO:0000047,biological sex,An organismal quality inhering in a bearer by virtue of the bearer's ability to undergo sexual reproduction in order to differentiate the individuals or types involved.,0.2457,FALSE
sex ratio,ratio of male psyllids to female psyllids,PATO,PATO:0001338,mixed sex,For example a mixture of females and male or males and hermaphrodites.,0.4177,FALSE
sex ratio,ratio of male psyllids to female psyllids,PATO,PATO:0001894,phenotypic sex,An organismal quality inhering in a bearer by virtue of the bearer's physical expression of sexual characteristics.,0.2495,FALSE
sex ratio,ratio of male psyllids to female psyllids,PATO,PATO:0020000,genotypic sex,"Note that the chromosomal constitution of genotypic sex varies in different organisms. In human, we have XY, XX, though abnormal XXY, X0, XYY, and other combinations are possible.",0.2932,FALSE
sex ratio,ratio of male psyllids to female psyllids,PATO,PATO:0060001,sex-specific,A quality inhering in a bearer by virtue of the bearer's being present in one sex and absent from the other in members of the same species.,0.2841,FALSE
head capsule width,mean width of head capsule,OBA,OBA:VT0000027,head width,The width of a head.,0.6607,FALSE
head capsule width,mean width of head capsule,OBA,OBA:1000085,nucleus width,The width of a nucleus.,0.409,FALSE
head capsule width,mean width of head capsule,OBA,OBA:2040146,cell width,The width of a cell.,0.3624,FALSE
head capsule width,mean width of head capsule,OBA,OBA:VT0000132,epiphysis width,The width of a epiphysis.,0.4157,FALSE
head capsule width,mean width of head capsule,OBA,OBA:VT0003588,ureter width,The width of a ureter.,0.3327,FALSE
head capsule width,mean width of head capsule,PATO,PATO:0000921,width,"Width often refers to the dimension that is greater than the extent in only one of the other two orthogonal dimensions, however, this is not always true. See https://github.com/pato-ontology/pato/issues/337 for full discussion.",0.3267,FALSE
head capsule width,mean width of head capsule,PATO,PATO:0000599,decreased width,A width which is relatively small.,0.3948,FALSE
head capsule width,mean width of head capsule,PATO,PATO:0000600,increased width,A width which is relatively large.,0.3857,FALSE
head capsule width,mean width of head capsule,PATO,PATO:0045061,normal width,A width which is relatively normal or average,0.4054,FALSE
head capsule width,mean width of head capsule,PATO,PATO:0040030,decreased width and length,"A width and length quality which is relatively small, where both width and length are decreased.",0.2679,FALSE
cold hardiness,percent of eggs hatched after being exposed to freezing temperatures for a given duration of time,OBA,OBA:2041033,level of cold-inducible RNA-binding protein in blood serum,The amount of a cold-inducible RNA-binding protein when measured in blood serum.,0.1975,FALSE
cold hardiness,percent of eggs hatched after being exposed to freezing temperatures for a given duration of time,OBA,OBA:2058752,level of cold-inducible RNA-binding protein (human) in cerebrospinal fluid,The amount of a cold-inducible RNA-binding protein (human) when measured in cerebrospinal fluid.,0.1882,FALSE
cold hardiness,percent of eggs hatched after being exposed to freezing temperatures for a given duration of time,OBA,OBA:2041165,level of cold shock domain-containing protein C2 in blood serum,The amount of a cold shock domain-containing protein C2 when measured in blood serum.,0.2427,FALSE
cold hardiness,percent of eggs hatched after being exposed to freezing temperatures for a given duration of time,OBA,OBA:2041166,level of cold shock domain-containing protein E1 in blood serum,The amount of a cold shock domain-containing protein E1 when measured in blood serum.,0.2711,FALSE
cold hardiness,percent of eggs hatched after being exposed to freezing temperatures for a given duration of time,OBA,OBA:2056371,level of cold shock domain-containing protein E1 (human) in cerebrospinal fluid,The amount of a cold shock domain-containing protein E1 (human) when measured in cerebrospinal fluid.,0.2451,FALSE
cold hardiness,percent of eggs hatched after being exposed to freezing temperatures for a given duration of time,PATO,PATO:0001306,decreased temperature,A temperature which is relatively low.,0.272,FALSE
temperature thresholds for oviposition,number of psyllid eggs laid over a 48 hour period at temperatures at which female psyllids were held,OBA,OBA:1000356,temperature homeostasis quality,The quality of a temperature homeostasis.,0.2474,FALSE
temperature thresholds for oviposition,number of psyllid eggs laid over a 48 hour period at temperatures at which female psyllids were held,OBA,OBA:VT0005535,body temperature trait,The temperature of a multicellular organism.,0.2287,FALSE
temperature thresholds for oviposition,number of psyllid eggs laid over a 48 hour period at temperatures at which female psyllids were held,OBA,OBA:1000912,circadian temperature homeostasis quality,The quality of a circadian temperature homeostasis.,0.2856,FALSE
temperature thresholds for oviposition,number of psyllid eggs laid over a 48 hour period at temperatures at which female psyllids were held,PATO,PATO:0000146,temperature,A physical quality of the thermal energy of a system.,0.1556,FALSE
temperature thresholds for oviposition,number of psyllid eggs laid over a 48 hour period at temperatures at which female psyllids were held,PATO,PATO:0001305,increased temperature,A temperature which is relatively high.,0.2393,FALSE
temperature thresholds for oviposition,number of psyllid eggs laid over a 48 hour period at temperatures at which female psyllids were held,PATO,PATO:0001306,decreased temperature,A temperature which is relatively low.,0.2288,FALSE
temperature thresholds for oviposition,number of psyllid eggs laid over a 48 hour period at temperatures at which female psyllids were held,PATO,PATO:0001313,invariant temperature,A variability quality inhering in a bearer by virtue of the bearer's lacking or not exhibiting variation of temperature.,0.1705,FALSE
temperature thresholds for oviposition,number of psyllid eggs laid over a 48 hour period at temperatures at which female psyllids were held,PATO,PATO:0001314,variant temperature,A variability quality inhering in a bearer by virtue of the bearer's having or exhibiting variation of temperature.,0.1733,FALSE
mortality rate,inverse of mean longevity,OBA,OBA:0002011,micturition rate,The rate of a micturition.,0.1379,FALSE
mortality rate,inverse of mean longevity,OBA,OBA:0002200,reflex rate,The rate of a reflex.,0.189,FALSE
mortality rate,inverse of mean longevity,OBA,OBA:0002672,gluconeogenesis rate,The rate of a gluconeogenesis.,0.1636,FALSE
mortality rate,inverse of mean longevity,OBA,OBA:0002850,spermatogenesis rate,The rate of a spermatogenesis.,0.2459,FALSE
mortality rate,inverse of mean longevity,OBA,OBA:0003172,anagen rate,The rate of a anagen.,0.2371,FALSE
mortality rate,inverse of mean longevity,PATO,PATO:0000161,rate,A quality of a single process inhering in a bearer by virtue of the bearer's occurrence per unit time.,0.2172,FALSE
mortality rate,inverse of mean longevity,PATO,PATO:0000911,decreased rate,A rate which is relatively low.,0.2229,FALSE
mortality rate,inverse of mean longevity,PATO,PATO:0000912,increased rate,A rate which is relatively high.,0.2015,FALSE
mortality rate,inverse of mean longevity,PATO,PATO:0001492,growth rate,The rate or speed of the change in size of an individual entity or change in number of a population.,0.189,FALSE
mortality rate,inverse of mean longevity,PATO,PATO:0001574,flow rate,A physical quality inhering in a bearer by virtue of the bearer's motion characteristic.,0.1081,FALSE
life cycle,mean duration of entire life cycle,OBA,OBA:2020001,life cycle stage trait,The quality of a life cycle stage.,0.4332,FALSE
life cycle,mean duration of entire life cycle,OBA,OBA:2045261,quality of life cycle,The quality of a life cycle.,0.4681,FALSE
life cycle,mean duration of entire life cycle,OBA,OBA:0003653,multicellular organism life span,The life span of a multicellular organism.,0.506,FALSE
life cycle,mean duration of entire life cycle,PATO,UBERON:0000104,life cycle,"An entire span of an organism's life. In metazoans, commences with the zygote stage and ends with the death of the organism.",0.5002,FALSE
life cycle,mean duration of entire life cycle,PATO,UBERON:0000105,life cycle stage,A spatiotemporal region encompassing some part of the life cycle of an organism.,0.4371,FALSE
life cycle,mean duration of entire life cycle,PATO,PATO:0000050,life span,A time quality inhering in a bearer by virtue of the bearer's expected maximum age.,0.3268,FALSE
life cycle,mean duration of entire life cycle,PATO,PATO:0001603,increased life span,A life span which is relatively high.,0.5546,FALSE
life cycle,mean duration of entire life cycle,PATO,PATO:0001604,decreased life span,A life span which is relatively low.,0.5261,FALSE
growth rate,mean relative growth rate (ln(adult moult weight (ug)) - ln(birth wt (ug))/development time),OBA,OBA:0002215,growth rate trait,The rate of a growth.,0.4879,FALSE
growth rate,mean relative growth rate (ln(adult moult weight (ug)) - ln(birth wt (ug))/development time),OBA,OBA:2045230,growth rate attribute,The growth rate of a growth.,0.4883,FALSE
growth rate,mean relative growth rate (ln(adult moult weight (ug)) - ln(birth wt (ug))/development time),OBA,OBA:0002148,growth hormone secretion rate,The rate of a growth hormone secretion.,0.3275,FALSE
growth rate,mean relative growth rate (ln(adult moult weight (ug)) - ln(birth wt (ug))/development time),OBA,OBA:0002011,micturition rate,The rate of a micturition.,0.2379,FALSE
growth rate,mean relative growth rate (ln(adult moult weight (ug)) - ln(birth wt (ug))/development time),PATO,PATO:0001492,growth rate,The rate or speed of the change in size of an individual entity or change in number of a population.,0.3725,FALSE
growth rate,mean relative growth rate (ln(adult moult weight (ug)) - ln(birth wt (ug))/development time),PATO,PATO:0040045,population growth rate,The rate or speed of the change in in number of a population.,0.3718,FALSE
growth rate,mean relative growth rate (ln(adult moult weight (ug)) - ln(birth wt (ug))/development time),PATO,PATO:0040046,single organismal growth rate,The rate or speed of the change in size of an individual entity.,0.3548,FALSE
growth rate,mean relative growth rate (ln(adult moult weight (ug)) - ln(birth wt (ug))/development time),PATO,PATO:0000161,rate,A quality of a single process inhering in a bearer by virtue of the bearer's occurrence per unit time.,0.2264,FALSE
growth rate,mean relative growth rate (ln(adult moult weight (ug)) - ln(birth wt (ug))/development time),PATO,PATO:0000911,decreased rate,A rate which is relatively low.,0.2726,FALSE
body length,replicate-level mean body length,OBA,OBA:VT0001256,body length,The length of a multicellular organism.,0.4423,FALSE
body length,replicate-level mean body length,OBA,OBA:2045456,body mass to body extent ratio,A compound attribute that is the ratio of body mass to body extent.,0.333,FALSE
body length,replicate-level mean body length,OBA,OBA:0000102,microvillus length,The length of a microvillus.,0.3333,FALSE
body length,replicate-level mean body length,OBA,OBA:0002056,face length,The length of a face.,0.287,FALSE
body length,replicate-level mean body length,OBA,OBA:0002069,chin length,The length of a chin.,0.2819,FALSE
body length,replicate-level mean body length,PATO,PATO:0000122,length,"Length often refers to the longer or longest dimension of an object, however, this is not always true. See https://github.com/pato-ontology/pato/issues/337 for full discussion.",0.3166,FALSE
body length,replicate-level mean body length,PATO,PATO:0000573,increased length,A length quality which is relatively large.,0.3365,FALSE
body length,replicate-level mean body length,PATO,PATO:0000574,decreased length,A length quality which is relatively small.,0.3323,FALSE
body length,replicate-level mean body length,PATO,PATO:0045054,normal length,A length quality which is relatively normal or average,0.3659,FALSE
body length,replicate-level mean body length,PATO,PATO:0040030,decreased width and length,"A width and length quality which is relatively small, where both width and length are decreased.",0.2661,FALSE
body size (alate nymph),mean wet mass,OBA,OBA:0000107,multivesicular body size,The size of a multivesicular body.,0.2578,FALSE
body size (alate nymph),mean wet mass,OBA,OBA:0002793,ciliary body size,The size of a ciliary body.,0.1763,FALSE
body size (alate nymph),mean wet mass,OBA,OBA:0003321,pineal body size,The size of a pineal body.,0.2184,FALSE
body size (alate nymph),mean wet mass,OBA,OBA:VT0100005,body size trait,The size of a multicellular organism.,0.2571,FALSE
body size (alate nymph),mean wet mass,OBA,OBA:0002168,skin of body size,The size of a skin of body.,0.2491,FALSE
body size (alate nymph),mean wet mass,PATO,PATO:0000117,size,A morphology quality inhering in a bearer by virtue of the bearer's physical magnitude.,0.2728,FALSE
body size (alate nymph),mean wet mass,PATO,PATO:0000276,brood size,A reproductive quality inhering in the young of an animal by virtue of their number.,0.1747,FALSE
body size (alate nymph),mean wet mass,PATO,PATO:0000586,increased size,A size quality which is relatively high.,0.2042,FALSE
body size (alate nymph),mean wet mass,PATO,PATO:0000587,decreased size,A size quality which is relatively low.,0.1969,FALSE
body size (alate nymph),mean wet mass,PATO,PATO:0005015,tapered size,A size quality inhering in an entity or set of entities in which size increases or decreases along the extent of the entity or set.,0.1657,FALSE
development duration,period at 4th instar,OBA,OBA:0004003,parturition duration,The duration of a parturition.,0.2792,FALSE
development duration,period at 4th instar,OBA,OBA:1001086,QRS duration,See also EFO_0005054,0.1422,FALSE
development duration,period at 4th instar,OBA,OBA:VT1000653,lactation duration,The length of a lactation.,0.2867,FALSE
development duration,period at 4th instar,OBA,OBA:0003416,penile erection duration,The duration of a penile erection.,0.1528,FALSE
development duration,period at 4th instar,OBA,OBA:0004567,ovulation cycle duration,The duration of a ovulation cycle.,0.1919,FALSE
development duration,period at 4th instar,PATO,PATO:0001309,duration,A process quality inhering in a bearer by virtue of the bearer's magnitude of the temporal extent between the starting and ending point.,0.1796,FALSE
development duration,period at 4th instar,PATO,PATO:0000498,increased duration,A duration quality of a process which is relatively high.,0.2085,FALSE
development duration,period at 4th instar,PATO,PATO:0000499,decreased duration,A duration quality of a process which is relatively low.,0.2023,FALSE
development duration,period at 4th instar,PATO,PATO:0001416,regular duration,A duration which has regular start and/or end times.,0.1434,FALSE
development duration,period at 4th instar,PATO,PATO:0001417,irregular duration,A duration quality of a process inhering in a bearer by virtue of the bearer's duration which has irregular start and/or end times.,0.2079,FALSE
pre-reproductive period,period of time before female aphids reproduce,OBA,OBA:VT0002292,gestation period duration,The duration of a female pregnancy.,0.3867,FALSE
pre-reproductive period,period of time before female aphids reproduce,OBA,OBA:2051617,level of period circadian protein homolog 3 in blood,The amount of a period circadian protein homolog 3 when measured in blood.,0.1607,FALSE
pre-reproductive period,period of time before female aphids reproduce,OBA,PR:000050150,period circadian protein homolog,Category=family.,0.088,FALSE
pre-reproductive period,period of time before female aphids reproduce,OBA,PR:000012549,period circadian protein homolog 3,Category=gene.,0.1092,FALSE
pre-reproductive period,period of time before female aphids reproduce,OBA,PR:O70361,period circadian protein homolog 3 (mouse),Category=organism-gene.,0.1386,FALSE
pre-reproductive period,period of time before female aphids reproduce,PATO,PATO:0000499,decreased duration,A duration quality of a process which is relatively low.,0.1962,FALSE
pre-reproductive period,period of time before female aphids reproduce,PATO,PATO:0001309,duration,A process quality inhering in a bearer by virtue of the bearer's magnitude of the temporal extent between the starting and ending point.,0.1444,FALSE
pre-reproductive period,period of time before female aphids reproduce,PATO,PATO:0000498,increased duration,A duration quality of a process which is relatively high.,0.1967,FALSE
pre-reproductive period,period of time before female aphids reproduce,PATO,PATO:0000695,synchronous,A quality of a single process inhering in a bearer by virtue of the bearer's occurring or existing at the same time or having the same period or phase.,0.1608,FALSE
pre-reproductive period,period of time before female aphids reproduce,PATO,PATO:0000688,asynchronous,A quality of a single process inhering in a bearer by virtue of the bearer's not occurring or existing at the same time or having the same period or phase.,0.2122,FALSE
reproductive period,period of time where female aphids reproduce,OBA,OBA:VT0002292,gestation period duration,The duration of a female pregnancy.,0.3919,FALSE
reproductive period,period of time where female aphids reproduce,OBA,OBA:0002007,reproductive system size,The size of a reproductive system.,0.3367,FALSE
reproductive period,period of time where female aphids reproduce,OBA,OBA:0002409,reproductive system displaced,The displaced of a reproductive system.,0.3357,FALSE
reproductive period,period of time where female aphids reproduce,OBA,OBA:2050117,reproductive behavior trait,The quality of a reproductive behavior.,0.3292,FALSE
reproductive period,period of time where female aphids reproduce,OBA,OBA:VT0005389,reproductive system trait,The quality when measured in reproductive system.,0.3141,FALSE
reproductive period,period of time where female aphids reproduce,PATO,PATO:0001434,reproductive quality,An organismal quality inhering in a bearer by virtue of the bearer's ability to produce new life or offspring.,0.3094,FALSE
reproductive period,period of time where female aphids reproduce,PATO,PATO:0000499,decreased duration,A duration quality of a process which is relatively low.,0.2368,FALSE
reproductive period,period of time where female aphids reproduce,PATO,PATO:0001309,duration,A process quality inhering in a bearer by virtue of the bearer's magnitude of the temporal extent between the starting and ending point.,0.1621,FALSE
reproductive period,period of time where female aphids reproduce,PATO,PATO:0000498,increased duration,A duration quality of a process which is relatively high.,0.2336,FALSE
reproductive period,period of time where female aphids reproduce,PATO,GO:0019098,reproductive behavior,The specific behavior of an organism that is associated with reproduction.,0.3187,FALSE
nymph production,number of nymphs produced / female,OBA,OBA:0004453,interferon-alpha production rate,The rate of a interferon-alpha production.,0.2858,FALSE
nymph production,number of nymphs produced / female,OBA,OBA:0004454,interferon-beta production rate,The rate of a interferon-beta production.,0.273,FALSE
nymph production,number of nymphs produced / female,OBA,OBA:0004465,interleukin-1 production rate,The rate of a interleukin-1 production.,0.2661,FALSE
nymph production,number of nymphs produced / female,OBA,OBA:0004468,interleukin-10 production rate,The rate of a interleukin-10 production.,0.2483,FALSE
nymph production,number of nymphs produced / female,OBA,OBA:0004469,interleukin-12 production rate,The rate of a interleukin-12 production.,0.2466,FALSE
nymph production,number of nymphs produced / female,PATO,GO:0001816,cytokine production,"Note that this term is in the subset of terms that should not be used for direct gene product annotation. Instead, select one of the 'regulation' children terms.",0.1548,FALSE
nymph production,number of nymphs produced / female,PATO,GO:0001817,regulation of cytokine production,"Any process that modulates the frequency, rate, or extent of production of a cytokine.",0.1404,FALSE
nymph production,number of nymphs produced / female,PATO,GO:0001818,negative regulation of cytokine production,"Any process that stops, prevents, or reduces the rate of production of a cytokine.",0.1246,FALSE
nymph production,number of nymphs produced / female,PATO,GO:0001819,positive regulation of cytokine production,"Any process that activates or increases the frequency, rate or extent of production of a cytokine.",0.1474,FALSE
nymph production,number of nymphs produced / female,PATO,GO:0002351,serotonin production involved in inflammatory response,"The synthesis or release of serotonin following a stimulus as part of an inflammatory response, resulting in an increase in its intracellular or extracellular levels.",0.1274,FALSE
survival,cumulative daily survival,OBA,OBA:2044232,level of survival motor neuron protein in blood serum,The amount of a survival motor neuron protein when measured in blood serum.,0.297,FALSE
survival,cumulative daily survival,OBA,OBA:2059004,level of survival motor neuron protein (human) in cerebrospinal fluid,The amount of a survival motor neuron protein (human) when measured in cerebrospinal fluid.,0.3101,FALSE
survival,cumulative daily survival,OBA,OBA:2050909,level of survival of motor neuron-related-splicing factor 30 in blood,The amount of a survival of motor neuron-related-splicing factor 30 when measured in blood.,0.3022,FALSE
survival,cumulative daily survival,OBA,OBA:2043556,level of survival of motor neuron-related-splicing factor 30 in blood serum,The amount of a survival of motor neuron-related-splicing factor 30 when measured in blood serum.,0.3003,FALSE
survival,cumulative daily survival,OBA,OBA:2056414,level of survival of motor neuron-related-splicing factor 30 (human) in cerebrospinal fluid,The amount of a survival of motor neuron-related-splicing factor 30 (human) when measured in cerebrospinal fluid.,0.305,FALSE
survival,cumulative daily survival,PATO,PATO:0000718,lethal (sensu genetics),A viability quality inhering in a population by virtue of the bearer's long term survival inability.,0.3358,FALSE
survival,cumulative daily survival,PATO,PATO:0000719,viable,A viability quality inhering in a bearer or a population by virtue of the bearer's ability to survive or the long term survival ability of a given population.,0.3136,FALSE
survival,cumulative daily survival,PATO,GO:0043066,negative regulation of apoptotic process,"This term should only be used when it is not possible to determine which phase or subtype of the apoptotic process is negatively regulated by a gene product. Whenever detailed information is available, the more granular children terms should be used.",0.1814,FALSE
survival,cumulative daily survival,PATO,GO:0043524,negative regulation of neuron apoptotic process,"Any process that stops, prevents, or reduces the frequency, rate or extent of cell death by apoptotic process in neurons.",0.2186,FALSE
survival,cumulative daily survival,PATO,CHEBI:38323,cholinergic drug,"Any drug used for its actions on cholinergic systems. Included here are agonists and antagonists, drugs that affect the life cycle of acetylcholine, and drugs that affect the survival of cholinergic neurons.",0.1153,FALSE
adult longevity,period from adult emergence until death,OBA,OBA:1000037,adult organism mass,The mass of a adult organism.,0.3702,FALSE
adult longevity,period from adult emergence until death,OBA,OBA:2041551,level of fetal and adult testis-expressed transcript protein in blood serum,The amount of a fetal and adult testis-expressed transcript protein when measured in blood serum.,0.2006,FALSE
adult longevity,period from adult emergence until death,OBA,OBA:2080239,level of fetal and adult testis-expressed transcript protein (human) in cerebrospinal fluid,The amount of a fetal and adult testis-expressed transcript protein (human) when measured in cerebrospinal fluid.,0.1765,FALSE
adult longevity,period from adult emergence until death,OBA,OBA:VT0005372,life span determination trait,The process quality of a determination of adult lifespan.,0.4776,FALSE
adult longevity,period from adult emergence until death,PATO,CL:0008017,adult skeletal muscle myoblast,"The vast majority of these cells develop from skeletal muscle satellite cells, although there are some reports of other origins.",0.101,FALSE
adult longevity,period from adult emergence until death,PATO,UBERON:0000066,fully formed stage,"The stage of development at which the animal is fully formed, including immaturity and maturity. Includes both sexually immature stage, and adult stage.",0.4612,FALSE
adult longevity,period from adult emergence until death,PATO,UBERON:0002200,vasculature of head,Vasculature that is part of a head [Automatically generated definition].,0.0484,FALSE
adult longevity,period from adult emergence until death,PATO,UBERON:0003457,head bone,Different sources vary regarding which bones are craniofacial; e.g. hyoid bone,0.087,FALSE
adult longevity,period from adult emergence until death,PATO,UBERON:0003566,head connective tissue,A portion of connective tissue that is part of a head [Automatically generated definition].,0.0777,FALSE
percent survival,percent of adult aphids that were still alive each day,OBA,OBA:2044232,level of survival motor neuron protein in blood serum,The amount of a survival motor neuron protein when measured in blood serum.,0.1591,FALSE
percent survival,percent of adult aphids that were still alive each day,OBA,OBA:2059004,level of survival motor neuron protein (human) in cerebrospinal fluid,The amount of a survival motor neuron protein (human) when measured in cerebrospinal fluid.,0.1459,FALSE
percent survival,percent of adult aphids that were still alive each day,OBA,OBA:2050909,level of survival of motor neuron-related-splicing factor 30 in blood,The amount of a survival of motor neuron-related-splicing factor 30 when measured in blood.,0.1918,FALSE
percent survival,percent of adult aphids that were still alive each day,OBA,OBA:2043556,level of survival of motor neuron-related-splicing factor 30 in blood serum,The amount of a survival of motor neuron-related-splicing factor 30 when measured in blood serum.,0.1779,FALSE
percent survival,percent of adult aphids that were still alive each day,OBA,OBA:2056414,level of survival of motor neuron-related-splicing factor 30 (human) in cerebrospinal fluid,The amount of a survival of motor neuron-related-splicing factor 30 (human) when measured in cerebrospinal fluid.,0.1646,FALSE
percent survival,percent of adult aphids that were still alive each day,PATO,PATO:0000718,lethal (sensu genetics),A viability quality inhering in a population by virtue of the bearer's long term survival inability.,0.2555,FALSE
percent survival,percent of adult aphids that were still alive each day,PATO,PATO:0000719,viable,A viability quality inhering in a bearer or a population by virtue of the bearer's ability to survive or the long term survival ability of a given population.,0.2446,FALSE
percent survival,percent of adult aphids that were still alive each day,PATO,GO:0043066,negative regulation of apoptotic process,"This term should only be used when it is not possible to determine which phase or subtype of the apoptotic process is negatively regulated by a gene product. Whenever detailed information is available, the more granular children terms should be used.",0.1552,FALSE
percent survival,percent of adult aphids that were still alive each day,PATO,GO:0043524,negative regulation of neuron apoptotic process,"Any process that stops, prevents, or reduces the frequency, rate or extent of cell death by apoptotic process in neurons.",0.2066,FALSE
percent survival,percent of adult aphids that were still alive each day,PATO,CHEBI:38323,cholinergic drug,"Any drug used for its actions on cholinergic systems. Included here are agonists and antagonists, drugs that affect the life cycle of acetylcholine, and drugs that affect the survival of cholinergic neurons.",0.0835,FALSE
feeding behavior,initiation of stylet penetration of leaf tissue,OBA,GO:0007631,feeding behavior,See also the biological process term 'behavior ; GO:0007610'.,0.10780000000000001,FALSE
feeding behavior,initiation of stylet penetration of leaf tissue,OBA,NBO:0000079,feeding behavior,"The act of bringing an object or substance into the body by swallowing, surrounding or absorbing it [NBO:SMAC]",0.2202,FALSE
feeding behavior,initiation of stylet penetration of leaf tissue,OBA,OBA:1000748,feeding behavior quality,The quality of a feeding behavior.,0.2325,FALSE
feeding behavior,initiation of stylet penetration of leaf tissue,PATO,GO:0007610,behavior,"1. Note that this term is in the subset of terms that should not be used for direct gene product annotation. Instead, select a child term or, if no appropriate child term exists, please request a new term. Direct annotations to this term may be amended during annotation reviews.
2. While a broader definition of behavior encompassing plants and single cell organisms would be justified on the basis of some usage (see PMID:20160973 for discussion), GO uses a tight definition that limits behavior to animals and to responses involving the nervous system, excluding plant responses that GO classifies under development, and responses of unicellular organisms that has general classifications for covering the responses of cells in multicellular organisms (e.g. cell chemotaxis).",0.1443,FALSE
feeding behavior,initiation of stylet penetration of leaf tissue,PATO,GO:0019098,reproductive behavior,The specific behavior of an organism that is associated with reproduction.,0.1303,FALSE
feeding behavior,initiation of stylet penetration of leaf tissue,PATO,GO:0050795,regulation of behavior,"Any process that modulates the frequency, rate or extent of behavior, the internally coordinated responses (actions or inactions) of whole living organisms (individuals or groups) to internal or external stimuli.",0.1153,FALSE
feeding behavior,initiation of stylet penetration of leaf tissue,PATO,GO:0048520,positive regulation of behavior,"Any process that activates or increases the frequency, rate or extent of behavior, the internally coordinated responses (actions or inactions) of whole living organisms (individuals or groups) to internal or external stimuli.",0.1352,FALSE
feeding behavior,initiation of stylet penetration of leaf tissue,PATO,GO:0048521,negative regulation of behavior,"Any process that stops, prevents, or reduces the frequency, rate or extent of behavior, the internally coordinated responses (actions or inactions) of whole living organisms (individuals or groups) to internal or external stimuli.",0.1073,FALSE
Pre-reproductive average,Period from birth until first molt,OBA,OBA:2050113,LDL particle size,The size of a low-density lipoprotein particle.,0.0648,FALSE
Pre-reproductive average,Period from birth until first molt,OBA,OBA:2050114,VLDL particle size,The size of a very-low-density lipoprotein particle.,0.0991,FALSE
Pre-reproductive average,Period from birth until first molt,OBA,OBA:2050115,HDL particle size,The size of a high-density lipoprotein particle.,0.0596,FALSE
Pre-reproductive average,Period from birth until first molt,OBA,OBA:2040030,trait in response to ethanol,A trait that affects the response to a stimulus with ethanol.,0.1731,FALSE
Pre-reproductive average,Period from birth until first molt,OBA,OBA:VT0001253,body height,The height of a multicellular organism.,0.1742,FALSE
Pre-reproductive average,Period from birth until first molt,PATO,PATO:0000461,normal,A quality inhering in a bearer by virtue of the bearer's exhibiting no deviation from normal or average.,0.0862,FALSE
Pre-reproductive average,Period from birth until first molt,PATO,PATO:0002297,decreased cellular motility,A cellular motility which is lower relative to the normal or average.,0.1311,FALSE
Pre-reproductive average,Period from birth until first molt,PATO,PATO:0002298,increased cellular motility,A cellular motility which is higher relative to the normal or average.,0.1172,FALSE
Pre-reproductive average,Period from birth until first molt,PATO,PATO:0000374,increased distance,A distance which is greater relative to the normal or average.,0.0724,FALSE
Pre-reproductive average,Period from birth until first molt,PATO,PATO:0000375,decreased distance,A distance which is lesser relative to the normal or average.,0.0956,FALSE
Reproductive average,Period from the adult stage (genital plate appeared and the complete development of the cauda) until the end of reproduction,OBA,OBA:0002007,reproductive system size,The size of a reproductive system.,0.373,FALSE
Reproductive average,Period from the adult stage (genital plate appeared and the complete development of the cauda) until the end of reproduction,OBA,OBA:0002409,reproductive system displaced,The displaced of a reproductive system.,0.3252,FALSE
Reproductive average,Period from the adult stage (genital plate appeared and the complete development of the cauda) until the end of reproduction,OBA,OBA:2050117,reproductive behavior trait,The quality of a reproductive behavior.,0.3582,FALSE
Reproductive average,Period from the adult stage (genital plate appeared and the complete development of the cauda) until the end of reproduction,OBA,OBA:VT0005389,reproductive system trait,The quality when measured in reproductive system.,0.334,FALSE
Reproductive average,Period from the adult stage (genital plate appeared and the complete development of the cauda) until the end of reproduction,OBA,OBA:0004643,male reproductive organ morphology,The morphology of a male reproductive organ.,0.3993,FALSE
Reproductive average,Period from the adult stage (genital plate appeared and the complete development of the cauda) until the end of reproduction,PATO,PATO:0001434,reproductive quality,An organismal quality inhering in a bearer by virtue of the bearer's ability to produce new life or offspring.,0.296,FALSE
Reproductive average,Period from the adult stage (genital plate appeared and the complete development of the cauda) until the end of reproduction,PATO,PATO:0000461,normal,A quality inhering in a bearer by virtue of the bearer's exhibiting no deviation from normal or average.,0.1174,FALSE
Reproductive average,Period from the adult stage (genital plate appeared and the complete development of the cauda) until the end of reproduction,PATO,GO:0019098,reproductive behavior,The specific behavior of an organism that is associated with reproduction.,0.3721,FALSE
Reproductive average,Period from the adult stage (genital plate appeared and the complete development of the cauda) until the end of reproduction,PATO,GO:0022414,reproductive process,A biological process that directly contributes to the process of producing new individuals by one or two organisms. The new individuals inherit some proportion of their genetic material from the parent or parents.,0.2891,FALSE
Reproductive average,Period from the adult stage (genital plate appeared and the complete development of the cauda) until the end of reproduction,PATO,UBERON:0000990,reproductive system,Anatomical system that has as its parts the organs concerned with reproduction.,0.3008,FALSE
Post-reproductive average,period from the end of reproduction until death,OBA,OBA:2050113,LDL particle size,The size of a low-density lipoprotein particle.,0.0861,FALSE
Post-reproductive average,period from the end of reproduction until death,OBA,OBA:2050114,VLDL particle size,The size of a very-low-density lipoprotein particle.,0.0798,FALSE
Post-reproductive average,period from the end of reproduction until death,OBA,OBA:2050115,HDL particle size,The size of a high-density lipoprotein particle.,0.0872,FALSE
Post-reproductive average,period from the end of reproduction until death,OBA,OBA:2040030,trait in response to ethanol,A trait that affects the response to a stimulus with ethanol.,0.0995,FALSE
Post-reproductive average,period from the end of reproduction until death,OBA,OBA:VT0001253,body height,The height of a multicellular organism.,0.1949,FALSE
Post-reproductive average,period from the end of reproduction until death,PATO,PATO:0000461,normal,A quality inhering in a bearer by virtue of the bearer's exhibiting no deviation from normal or average.,0.1113,FALSE
Post-reproductive average,period from the end of reproduction until death,PATO,PATO:0002297,decreased cellular motility,A cellular motility which is lower relative to the normal or average.,0.1378,FALSE
Post-reproductive average,period from the end of reproduction until death,PATO,PATO:0002298,increased cellular motility,A cellular motility which is higher relative to the normal or average.,0.0892,FALSE
Post-reproductive average,period from the end of reproduction until death,PATO,PATO:0000374,increased distance,A distance which is greater relative to the normal or average.,0.1484,FALSE
Post-reproductive average,period from the end of reproduction until death,PATO,PATO:0000375,decreased distance,A distance which is lesser relative to the normal or average.,0.0894,FALSE
hypostome length,mean length of hypostome (appendage on the mouth),OBA,OBA:0000102,microvillus length,The length of a microvillus.,0.4997,FALSE
hypostome length,mean length of hypostome (appendage on the mouth),OBA,OBA:0002056,face length,The length of a face.,0.3333,FALSE
hypostome length,mean length of hypostome (appendage on the mouth),OBA,OBA:0002069,chin length,The length of a chin.,0.3862,FALSE
hypostome length,mean length of hypostome (appendage on the mouth),OBA,OBA:0002102,neck length,The length of a neck.,0.379,FALSE
hypostome length,mean length of hypostome (appendage on the mouth),OBA,OBA:0002110,eyelash length,The length of a eyelash.,0.3882,FALSE
hypostome length,mean length of hypostome (appendage on the mouth),PATO,PATO:0000122,length,"Length often refers to the longer or longest dimension of an object, however, this is not always true. See https://github.com/pato-ontology/pato/issues/337 for full discussion.",0.2998,FALSE
hypostome length,mean length of hypostome (appendage on the mouth),PATO,PATO:0000573,increased length,A length quality which is relatively large.,0.3211,FALSE
hypostome length,mean length of hypostome (appendage on the mouth),PATO,PATO:0000574,decreased length,A length quality which is relatively small.,0.3356,FALSE
hypostome length,mean length of hypostome (appendage on the mouth),PATO,PATO:0045054,normal length,A length quality which is relatively normal or average,0.3144,FALSE
hypostome length,mean length of hypostome (appendage on the mouth),PATO,PATO:0040030,decreased width and length,"A width and length quality which is relatively small, where both width and length are decreased.",0.2097,FALSE
body width,mean width (engorged),OBA,OBA:VT0015039,body width,The width of a multicellular organism.,0.4486,FALSE
body width,mean width (engorged),OBA,OBA:1000085,nucleus width,The width of a nucleus.,0.4525,FALSE
body width,mean width (engorged),OBA,OBA:2040146,cell width,The width of a cell.,0.4044,FALSE
body width,mean width (engorged),OBA,OBA:VT0000027,head width,The width of a head.,0.4422,FALSE
body width,mean width (engorged),OBA,OBA:VT0000132,epiphysis width,The width of a epiphysis.,0.4221,FALSE
body width,mean width (engorged),PATO,PATO:0000921,width,"Width often refers to the dimension that is greater than the extent in only one of the other two orthogonal dimensions, however, this is not always true. See https://github.com/pato-ontology/pato/issues/337 for full discussion.",0.3834,FALSE
body width,mean width (engorged),PATO,PATO:0000599,decreased width,A width which is relatively small.,0.4408,FALSE
body width,mean width (engorged),PATO,PATO:0000600,increased width,A width which is relatively large.,0.4873,FALSE
body width,mean width (engorged),PATO,PATO:0045061,normal width,A width which is relatively normal or average,0.5074,FALSE
body width,mean width (engorged),PATO,PATO:0040030,decreased width and length,"A width and length quality which is relatively small, where both width and length are decreased.",0.314,FALSE
feeding period,mean duration of feeding period,OBA,OBA:VT0002292,gestation period duration,The duration of a female pregnancy.,0.425,FALSE
feeding period,mean duration of feeding period,OBA,OBA:1000748,feeding behavior quality,The quality of a feeding behavior.,0.4516,FALSE
feeding period,mean duration of feeding period,OBA,OBA:2051617,level of period circadian protein homolog 3 in blood,The amount of a period circadian protein homolog 3 when measured in blood.,0.2067,FALSE
feeding period,mean duration of feeding period,OBA,GO:0007631,feeding behavior,See also the biological process term 'behavior ; GO:0007610'.,0.1411,FALSE
feeding period,mean duration of feeding period,OBA,HP:0011968,Feeding difficulties,"Difficulties with eating and drinking, resulting in decreased oral nutrition",0.323,FALSE
feeding period,mean duration of feeding period,PATO,PATO:0000499,decreased duration,A duration quality of a process which is relatively low.,0.345,FALSE
feeding period,mean duration of feeding period,PATO,PATO:0001309,duration,A process quality inhering in a bearer by virtue of the bearer's magnitude of the temporal extent between the starting and ending point.,0.2365,FALSE
feeding period,mean duration of feeding period,PATO,PATO:0000498,increased duration,A duration quality of a process which is relatively high.,0.346,FALSE
feeding period,mean duration of feeding period,PATO,PATO:0000695,synchronous,A quality of a single process inhering in a bearer by virtue of the bearer's occurring or existing at the same time or having the same period or phase.,0.1557,FALSE
feeding period,mean duration of feeding period,PATO,PATO:0000688,asynchronous,A quality of a single process inhering in a bearer by virtue of the bearer's not occurring or existing at the same time or having the same period or phase.,0.1569,FALSE
peak fecundity,day post engorgement on which an individual female laid most eggs,OBA,OBA:0003697,multicellular organism fecundity,The fecundity of a multicellular organism.,0.3515,FALSE
peak fecundity,day post engorgement on which an individual female laid most eggs,OBA,PATO:0045017,normal fecundity,A fecundity which is relatively normal or average.,0.3206,FALSE
peak fecundity,day post engorgement on which an individual female laid most eggs,PATO,PATO:0000273,fecundity,A reproductive quality inhering in an organism or population by virtue of the bearer's potential reproductive capacity ad measured by the number of gametes.,0.222,FALSE
peak fecundity,day post engorgement on which an individual female laid most eggs,PATO,PATO:0001695,increased fecundity,A fecundity which is relatively high.,0.3974,FALSE
peak fecundity,day post engorgement on which an individual female laid most eggs,PATO,PATO:0001696,decreased fecundity,A fecundity which is relatively low.,0.3601,FALSE
peak fecundity,day post engorgement on which an individual female laid most eggs,PATO,PATO:0045017,normal fecundity,A fecundity which is relatively normal or average.,0.3206,FALSE
peak fecundity,day post engorgement on which an individual female laid most eggs,PATO,CHEBI:228364,NMR chemical shift reference compound,Any compound that produces a peak used as reference frequency in the delta chemical shift scale.,0.0632,FALSE
Pre-Oviposition Period,Pre-oviposition period of ticks held at constant temperature,OBA,OBA:VT0002292,gestation period duration,The duration of a female pregnancy.,0.3414,FALSE
Pre-Oviposition Period,Pre-oviposition period of ticks held at constant temperature,OBA,OBA:2051617,level of period circadian protein homolog 3 in blood,The amount of a period circadian protein homolog 3 when measured in blood.,0.2433,FALSE
Pre-Oviposition Period,Pre-oviposition period of ticks held at constant temperature,OBA,PR:000050150,period circadian protein homolog,Category=family.,0.0845,FALSE
Pre-Oviposition Period,Pre-oviposition period of ticks held at constant temperature,OBA,PR:000012549,period circadian protein homolog 3,Category=gene.,0.1311,FALSE
Pre-Oviposition Period,Pre-oviposition period of ticks held at constant temperature,OBA,PR:O70361,period circadian protein homolog 3 (mouse),Category=organism-gene.,0.1771,FALSE
Pre-Oviposition Period,Pre-oviposition period of ticks held at constant temperature,PATO,PATO:0000499,decreased duration,A duration quality of a process which is relatively low.,0.2339,FALSE
Pre-Oviposition Period,Pre-oviposition period of ticks held at constant temperature,PATO,PATO:0001309,duration,A process quality inhering in a bearer by virtue of the bearer's magnitude of the temporal extent between the starting and ending point.,0.2033,FALSE
Pre-Oviposition Period,Pre-oviposition period of ticks held at constant temperature,PATO,PATO:0000498,increased duration,A duration quality of a process which is relatively high.,0.2529,FALSE
Pre-Oviposition Period,Pre-oviposition period of ticks held at constant temperature,PATO,PATO:0000695,synchronous,A quality of a single process inhering in a bearer by virtue of the bearer's occurring or existing at the same time or having the same period or phase.,0.1803,FALSE
Pre-Oviposition Period,Pre-oviposition period of ticks held at constant temperature,PATO,PATO:0000688,asynchronous,A quality of a single process inhering in a bearer by virtue of the bearer's not occurring or existing at the same time or having the same period or phase.,0.1881,FALSE
Oviposition Rate,mean number of eggs per female,OBA,OBA:0002011,micturition rate,The rate of a micturition.,0.1252,FALSE
Oviposition Rate,mean number of eggs per female,OBA,OBA:0002200,reflex rate,The rate of a reflex.,0.1423,FALSE
Oviposition Rate,mean number of eggs per female,OBA,OBA:0002672,gluconeogenesis rate,The rate of a gluconeogenesis.,0.1618,FALSE
Oviposition Rate,mean number of eggs per female,OBA,OBA:0002850,spermatogenesis rate,The rate of a spermatogenesis.,0.3216,FALSE
Oviposition Rate,mean number of eggs per female,OBA,OBA:0003172,anagen rate,The rate of a anagen.,0.2088,FALSE
Oviposition Rate,mean number of eggs per female,PATO,PATO:0000161,rate,A quality of a single process inhering in a bearer by virtue of the bearer's occurrence per unit time.,0.1374,FALSE
Oviposition Rate,mean number of eggs per female,PATO,PATO:0000911,decreased rate,A rate which is relatively low.,0.2037,FALSE
Oviposition Rate,mean number of eggs per female,PATO,PATO:0000912,increased rate,A rate which is relatively high.,0.198,FALSE
Oviposition Rate,mean number of eggs per female,PATO,PATO:0001492,growth rate,The rate or speed of the change in size of an individual entity or change in number of a population.,0.1947,FALSE
Oviposition Rate,mean number of eggs per female,PATO,PATO:0001574,flow rate,A physical quality inhering in a bearer by virtue of the bearer's motion characteristic.,0.0278,FALSE
Weight,Weight of eggs laid by an individual engorged female raised at constant temp,OBA,OBA:VT0004257,placenta mass,The mass of a placenta.,0.3572,FALSE
Weight,Weight of eggs laid by an individual engorged female raised at constant temp,OBA,OBA:2057477,level of low molecular weight phosphotyrosine protein phosphatase (human) in cerebrospinal fluid,The amount of a low molecular weight phosphotyrosine protein phosphatase (human) when measured in cerebrospinal fluid.,0.178,FALSE
Weight,Weight of eggs laid by an individual engorged female raised at constant temp,OBA,HP:0004324,Increased body weight,Abnormally increased body weight.,0.2896,FALSE
Weight,Weight of eggs laid by an individual engorged female raised at constant temp,OBA,HP:0004325,Decreased body weight,Abnormally low body weight.,0.2551,FALSE
Weight,Weight of eggs laid by an individual engorged female raised at constant temp,PATO,PATO:0000128,weight,"For any biological use of PATO, the concept that should be used is 'mass' and not 'weight'. For example, increased weight of an organism.",0.2963,FALSE
Weight,Weight of eggs laid by an individual engorged female raised at constant temp,PATO,PATO:0000582,increased weight,A weight which is relatively high.,0.3564,FALSE
Weight,Weight of eggs laid by an individual engorged female raised at constant temp,PATO,PATO:0000583,decreased weight,A weight which is relatively low.,0.3337,FALSE
Weight,Weight of eggs laid by an individual engorged female raised at constant temp,PATO,PATO:0000125,mass,"For any biological use of PATO, the concept that should be used is 'mass' and not 'weight'. For example, increased weight of an organism.",0.2963,FALSE
Weight,Weight of eggs laid by an individual engorged female raised at constant temp,PATO,PATO:0001470,ratio,A quality inhering in a bearer by virtue of the bearer's magnitude in proportion to the magnitude of another entity.,0.1686,FALSE
Weight,Weight of an individual engorged female in grams held at constant temperature,OBA,OBA:VT0004257,placenta mass,The mass of a placenta.,0.4298,FALSE
Weight,Weight of an individual engorged female in grams held at constant temperature,OBA,OBA:2057477,level of low molecular weight phosphotyrosine protein phosphatase (human) in cerebrospinal fluid,The amount of a low molecular weight phosphotyrosine protein phosphatase (human) when measured in cerebrospinal fluid.,0.2099,FALSE
Weight,Weight of an individual engorged female in grams held at constant temperature,OBA,HP:0004324,Increased body weight,Abnormally increased body weight.,0.3618,FALSE
Weight,Weight of an individual engorged female in grams held at constant temperature,OBA,HP:0004325,Decreased body weight,Abnormally low body weight.,0.3203,FALSE
Weight,Weight of an individual engorged female in grams held at constant temperature,PATO,PATO:0000128,weight,"For any biological use of PATO, the concept that should be used is 'mass' and not 'weight'. For example, increased weight of an organism.",0.3695,FALSE
Weight,Weight of an individual engorged female in grams held at constant temperature,PATO,PATO:0000582,increased weight,A weight which is relatively high.,0.3892,FALSE
Weight,Weight of an individual engorged female in grams held at constant temperature,PATO,PATO:0000583,decreased weight,A weight which is relatively low.,0.386,FALSE
Weight,Weight of an individual engorged female in grams held at constant temperature,PATO,PATO:0000125,mass,"For any biological use of PATO, the concept that should be used is 'mass' and not 'weight'. For example, increased weight of an organism.",0.3695,FALSE
Weight,Weight of an individual engorged female in grams held at constant temperature,PATO,PATO:0001470,ratio,A quality inhering in a bearer by virtue of the bearer's magnitude in proportion to the magnitude of another entity.,0.2092,FALSE
Incubation Period,Incubation period of ticks held at constant temperature,OBA,OBA:VT0002292,gestation period duration,The duration of a female pregnancy.,0.2746,FALSE
Incubation Period,Incubation period of ticks held at constant temperature,OBA,OBA:2051617,level of period circadian protein homolog 3 in blood,The amount of a period circadian protein homolog 3 when measured in blood.,0.2299,FALSE
Incubation Period,Incubation period of ticks held at constant temperature,OBA,PR:000050150,period circadian protein homolog,Category=family.,0.0636,FALSE
Incubation Period,Incubation period of ticks held at constant temperature,OBA,PR:000012549,period circadian protein homolog 3,Category=gene.,0.1297,FALSE
Incubation Period,Incubation period of ticks held at constant temperature,OBA,PR:O70361,period circadian protein homolog 3 (mouse),Category=organism-gene.,0.1718,FALSE
Incubation Period,Incubation period of ticks held at constant temperature,PATO,PATO:0000499,decreased duration,A duration quality of a process which is relatively low.,0.2233,FALSE
Incubation Period,Incubation period of ticks held at constant temperature,PATO,PATO:0001309,duration,A process quality inhering in a bearer by virtue of the bearer's magnitude of the temporal extent between the starting and ending point.,0.1996,FALSE
Incubation Period,Incubation period of ticks held at constant temperature,PATO,PATO:0000498,increased duration,A duration quality of a process which is relatively high.,0.241,FALSE
Incubation Period,Incubation period of ticks held at constant temperature,PATO,PATO:0000695,synchronous,A quality of a single process inhering in a bearer by virtue of the bearer's occurring or existing at the same time or having the same period or phase.,0.203,FALSE
Incubation Period,Incubation period of ticks held at constant temperature,PATO,PATO:0000688,asynchronous,A quality of a single process inhering in a bearer by virtue of the bearer's not occurring or existing at the same time or having the same period or phase.,0.191,FALSE
Molting Period,number of days required for an individual engorged nymph to molt into an adult,OBA,OBA:VT0002292,gestation period duration,The duration of a female pregnancy.,0.3029,FALSE
Molting Period,number of days required for an individual engorged nymph to molt into an adult,OBA,OBA:2051617,level of period circadian protein homolog 3 in blood,The amount of a period circadian protein homolog 3 when measured in blood.,0.1911,FALSE
Molting Period,number of days required for an individual engorged nymph to molt into an adult,OBA,PR:000050150,period circadian protein homolog,Category=family.,0.0896,FALSE
Molting Period,number of days required for an individual engorged nymph to molt into an adult,PATO,PATO:0000499,decreased duration,A duration quality of a process which is relatively low.,0.2031,FALSE
Molting Period,number of days required for an individual engorged nymph to molt into an adult,PATO,PATO:0001309,duration,A process quality inhering in a bearer by virtue of the bearer's magnitude of the temporal extent between the starting and ending point.,0.139,FALSE
Molting Period,number of days required for an individual engorged nymph to molt into an adult,PATO,PATO:0000498,increased duration,A duration quality of a process which is relatively high.,0.2033,FALSE
Molting Period,number of days required for an individual engorged nymph to molt into an adult,PATO,PATO:0000695,synchronous,A quality of a single process inhering in a bearer by virtue of the bearer's occurring or existing at the same time or having the same period or phase.,0.103,FALSE
Molting Period,number of days required for an individual engorged nymph to molt into an adult,PATO,PATO:0000688,asynchronous,A quality of a single process inhering in a bearer by virtue of the bearer's not occurring or existing at the same time or having the same period or phase.,0.113,FALSE
Feeding Period,number of days required for nymphs to fully engorge,OBA,OBA:VT0002292,gestation period duration,The duration of a female pregnancy.,0.2889,FALSE
Feeding Period,number of days required for nymphs to fully engorge,OBA,OBA:1000748,feeding behavior quality,The quality of a feeding behavior.,0.232,FALSE
Feeding Period,number of days required for nymphs to fully engorge,OBA,OBA:2051617,level of period circadian protein homolog 3 in blood,The amount of a period circadian protein homolog 3 when measured in blood.,0.2027,FALSE
Feeding Period,number of days required for nymphs to fully engorge,OBA,GO:0007631,feeding behavior,See also the biological process term 'behavior ; GO:0007610'.,0.0595,FALSE
Feeding Period,number of days required for nymphs to fully engorge,OBA,HP:0011968,Feeding difficulties,"Difficulties with eating and drinking, resulting in decreased oral nutrition",0.1675,FALSE
Feeding Period,number of days required for nymphs to fully engorge,PATO,PATO:0000499,decreased duration,A duration quality of a process which is relatively low.,0.187,FALSE
Feeding Period,number of days required for nymphs to fully engorge,PATO,PATO:0001309,duration,A process quality inhering in a bearer by virtue of the bearer's magnitude of the temporal extent between the starting and ending point.,0.1294,FALSE
Feeding Period,number of days required for nymphs to fully engorge,PATO,PATO:0000498,increased duration,A duration quality of a process which is relatively high.,0.1879,FALSE
Feeding Period,number of days required for nymphs to fully engorge,PATO,PATO:0000695,synchronous,A quality of a single process inhering in a bearer by virtue of the bearer's occurring or existing at the same time or having the same period or phase.,0.0781,FALSE
Feeding Period,number of days required for nymphs to fully engorge,PATO,PATO:0000688,asynchronous,A quality of a single process inhering in a bearer by virtue of the bearer's not occurring or existing at the same time or having the same period or phase.,0.0789,FALSE
Feeding Period of Nymphs (Days),number of days required for nymphs to fully engorge,OBA,OBA:VT0002292,gestation period duration,The duration of a female pregnancy.,0.2889,FALSE
Feeding Period of Nymphs (Days),number of days required for nymphs to fully engorge,OBA,OBA:1000748,feeding behavior quality,The quality of a feeding behavior.,0.232,FALSE
Feeding Period of Nymphs (Days),number of days required for nymphs to fully engorge,OBA,OBA:2051617,level of period circadian protein homolog 3 in blood,The amount of a period circadian protein homolog 3 when measured in blood.,0.2027,FALSE
Feeding Period of Nymphs (Days),number of days required for nymphs to fully engorge,PATO,PATO:0000499,decreased duration,A duration quality of a process which is relatively low.,0.187,FALSE
Feeding Period of Nymphs (Days),number of days required for nymphs to fully engorge,PATO,PATO:0001309,duration,A process quality inhering in a bearer by virtue of the bearer's magnitude of the temporal extent between the starting and ending point.,0.1294,FALSE
Feeding Period of Nymphs (Days),number of days required for nymphs to fully engorge,PATO,PATO:0000498,increased duration,A duration quality of a process which is relatively high.,0.1879,FALSE
Feeding Period of Nymphs (Days),number of days required for nymphs to fully engorge,PATO,PATO:0000033,concentration of,A quality inhering in a substance by virtue of the amount of the bearer's there is mixed with another substance.,0.0639,FALSE
Feeding Period of Nymphs (Days),number of days required for nymphs to fully engorge,PATO,PATO:0001905,has normal numbers of parts of type,"The bearer of this quality has_part = n, where n is the normal amount for a comparable organism. Note that the bearer of the quality is the whole, not the part.",0.2112,FALSE
feeding period,mean Feeding Period in days at larval state at constant temps,OBA,OBA:VT0002292,gestation period duration,The duration of a female pregnancy.,0.286,FALSE
feeding period,mean Feeding Period in days at larval state at constant temps,OBA,OBA:1000748,feeding behavior quality,The quality of a feeding behavior.,0.2986,FALSE
feeding period,mean Feeding Period in days at larval state at constant temps,OBA,OBA:2051617,level of period circadian protein homolog 3 in blood,The amount of a period circadian protein homolog 3 when measured in blood.,0.1979,FALSE
feeding period,mean Feeding Period in days at larval state at constant temps,OBA,GO:0007631,feeding behavior,See also the biological process term 'behavior ; GO:0007610'.,0.1359,FALSE
feeding period,mean Feeding Period in days at larval state at constant temps,OBA,HP:0011968,Feeding difficulties,"Difficulties with eating and drinking, resulting in decreased oral nutrition",0.147,FALSE
feeding period,mean Feeding Period in days at larval state at constant temps,PATO,PATO:0000499,decreased duration,A duration quality of a process which is relatively low.,0.2445,FALSE
feeding period,mean Feeding Period in days at larval state at constant temps,PATO,PATO:0001309,duration,A process quality inhering in a bearer by virtue of the bearer's magnitude of the temporal extent between the starting and ending point.,0.158,FALSE
feeding period,mean Feeding Period in days at larval state at constant temps,PATO,PATO:0000498,increased duration,A duration quality of a process which is relatively high.,0.2293,FALSE
feeding period,mean Feeding Period in days at larval state at constant temps,PATO,PATO:0000695,synchronous,A quality of a single process inhering in a bearer by virtue of the bearer's occurring or existing at the same time or having the same period or phase.,0.1418,FALSE
feeding period,mean Feeding Period in days at larval state at constant temps,PATO,PATO:0000688,asynchronous,A quality of a single process inhering in a bearer by virtue of the bearer's not occurring or existing at the same time or having the same period or phase.,0.1146,FALSE
feeding period,mean Feeding Period in days at adult female state at const temps,OBA,OBA:VT0002292,gestation period duration,The duration of a female pregnancy.,0.3915,FALSE
feeding period,mean Feeding Period in days at adult female state at const temps,OBA,OBA:1000748,feeding behavior quality,The quality of a feeding behavior.,0.3413,FALSE
feeding period,mean Feeding Period in days at adult female state at const temps,OBA,OBA:2051617,level of period circadian protein homolog 3 in blood,The amount of a period circadian protein homolog 3 when measured in blood.,0.2008,FALSE
feeding period,mean Feeding Period in days at adult female state at const temps,OBA,GO:0007631,feeding behavior,See also the biological process term 'behavior ; GO:0007610'.,0.1568,FALSE
feeding period,mean Feeding Period in days at adult female state at const temps,OBA,HP:0011968,Feeding difficulties,"Difficulties with eating and drinking, resulting in decreased oral nutrition",0.1954,FALSE
feeding period,mean Feeding Period in days at adult female state at const temps,PATO,PATO:0000499,decreased duration,A duration quality of a process which is relatively low.,0.2284,FALSE
feeding period,mean Feeding Period in days at adult female state at const temps,PATO,PATO:0001309,duration,A process quality inhering in a bearer by virtue of the bearer's magnitude of the temporal extent between the starting and ending point.,0.1766,FALSE
feeding period,mean Feeding Period in days at adult female state at const temps,PATO,PATO:0000498,increased duration,A duration quality of a process which is relatively high.,0.2402,FALSE
feeding period,mean Feeding Period in days at adult female state at const temps,PATO,PATO:0000695,synchronous,A quality of a single process inhering in a bearer by virtue of the bearer's occurring or existing at the same time or having the same period or phase.,0.1317,FALSE
feeding period,mean Feeding Period in days at adult female state at const temps,PATO,PATO:0000688,asynchronous,A quality of a single process inhering in a bearer by virtue of the bearer's not occurring or existing at the same time or having the same period or phase.,0.1208,FALSE
weight loss,Percentage loss in body weight during female prefeeding period,OBA,OBA:0003744,regulation of water loss via skin rate,regulation of water loss via skin (GO_0033561) was obsoleted,0.1596,FALSE
weight loss,Percentage loss in body weight during female prefeeding period,OBA,OBA:VT0004257,placenta mass,The mass of a placenta.,0.3231,FALSE
weight loss,Percentage loss in body weight during female prefeeding period,OBA,OBA:2051506,level of loss of heterozygosity 11 chromosomal region 2 gene A protein in blood,The amount of a loss of heterozygosity 11 chromosomal region 2 gene A protein when measured in blood.,0.2189,FALSE
weight loss,Percentage loss in body weight during female prefeeding period,PATO,PATO:0000128,weight,"For any biological use of PATO, the concept that should be used is 'mass' and not 'weight'. For example, increased weight of an organism.",0.2449,FALSE
weight loss,Percentage loss in body weight during female prefeeding period,PATO,PATO:0000582,increased weight,A weight which is relatively high.,0.2863,FALSE
weight loss,Percentage loss in body weight during female prefeeding period,PATO,PATO:0000583,decreased weight,A weight which is relatively low.,0.3421,FALSE
weight loss,Percentage loss in body weight during female prefeeding period,PATO,PATO:0001999,lacks parts or has fewer parts of type,"The bearer of this quality has_part < n of the indicated entity type, where n is the normal amount for a comparable organism. Note that the bearer of the quality is the whole, not the part. Formally: If a bearer entity e has fewer parts of type X at time t, then the number of instances x of X at t such that x part_of e is < n, where n is either the normal number for comparable entities, or n is stated explicitly. This case includes the limit case, where the bearer lacks all parts of the specified type.",0.1696,FALSE
weight loss,Percentage loss in body weight during female prefeeding period,PATO,PATO:0002461,wilty,To bend or hang downwards due to loss of water,0.278,FALSE
hardening period,mean time for a tick to become hardened,OBA,OBA:VT0002292,gestation period duration,The duration of a female pregnancy.,0.2374,FALSE
hardening period,mean time for a tick to become hardened,OBA,OBA:2051617,level of period circadian protein homolog 3 in blood,The amount of a period circadian protein homolog 3 when measured in blood.,0.2127,FALSE
hardening period,mean time for a tick to become hardened,OBA,PR:000050150,period circadian protein homolog,Category=family.,0.0515,FALSE
hardening period,mean time for a tick to become hardened,OBA,PR:000012549,period circadian protein homolog 3,Category=gene.,0.0605,FALSE
hardening period,mean time for a tick to become hardened,OBA,PR:O70361,period circadian protein homolog 3 (mouse),Category=organism-gene.,0.0697,FALSE
hardening period,mean time for a tick to become hardened,PATO,PATO:0000499,decreased duration,A duration quality of a process which is relatively low.,0.317,FALSE
hardening period,mean time for a tick to become hardened,PATO,PATO:0001309,duration,A process quality inhering in a bearer by virtue of the bearer's magnitude of the temporal extent between the starting and ending point.,0.268,FALSE
hardening period,mean time for a tick to become hardened,PATO,PATO:0000498,increased duration,A duration quality of a process which is relatively high.,0.3342,FALSE
hardening period,mean time for a tick to become hardened,PATO,PATO:0000695,synchronous,A quality of a single process inhering in a bearer by virtue of the bearer's occurring or existing at the same time or having the same period or phase.,0.21,FALSE
hardening period,mean time for a tick to become hardened,PATO,PATO:0000688,asynchronous,A quality of a single process inhering in a bearer by virtue of the bearer's not occurring or existing at the same time or having the same period or phase.,0.2215,FALSE
engorgement period,mean time required for females to become engorged,OBA,OBA:VT0002292,gestation period duration,The duration of a female pregnancy.,0.4053,FALSE
engorgement period,mean time required for females to become engorged,OBA,OBA:2051617,level of period circadian protein homolog 3 in blood,The amount of a period circadian protein homolog 3 when measured in blood.,0.1993,FALSE
engorgement period,mean time required for females to become engorged,OBA,PR:000050150,period circadian protein homolog,Category=family.,0.0735,FALSE
engorgement period,mean time required for females to become engorged,OBA,PR:000012549,period circadian protein homolog 3,Category=gene.,0.0753,FALSE
engorgement period,mean time required for females to become engorged,OBA,PR:O70361,period circadian protein homolog 3 (mouse),Category=organism-gene.,0.1069,FALSE
engorgement period,mean time required for females to become engorged,PATO,PATO:0000499,decreased duration,A duration quality of a process which is relatively low.,0.2407,FALSE
engorgement period,mean time required for females to become engorged,PATO,PATO:0001309,duration,A process quality inhering in a bearer by virtue of the bearer's magnitude of the temporal extent between the starting and ending point.,0.2081,FALSE
engorgement period,mean time required for females to become engorged,PATO,PATO:0000498,increased duration,A duration quality of a process which is relatively high.,0.2428,FALSE
engorgement period,mean time required for females to become engorged,PATO,PATO:0000695,synchronous,A quality of a single process inhering in a bearer by virtue of the bearer's occurring or existing at the same time or having the same period or phase.,0.1275,FALSE
engorgement period,mean time required for females to become engorged,PATO,PATO:0000688,asynchronous,A quality of a single process inhering in a bearer by virtue of the bearer's not occurring or existing at the same time or having the same period or phase.,0.1264,FALSE
egg count,mean number of eggs layed,OBA,OBA:VT1000294,egg quantity,The amount of a egg cell.,0.4453,FALSE
egg count,mean number of eggs layed,OBA,OBA:1001091,egg shell trait,The quality of a eggshell.,0.4182,FALSE
egg count,mean number of eggs layed,OBA,OBA:1001092,egg shell color,The color of a eggshell.,0.3958,FALSE
egg count,mean number of eggs layed,OBA,OBA:2040151,shelled egg length,The length of a shelled egg.,0.4453,FALSE
egg count,mean number of eggs layed,OBA,OBA:2040152,shelled egg width,The width of a shelled egg.,0.4391,FALSE
egg count,mean number of eggs layed,PATO,PATO:0005001,variability of count,A variability quality inhering in the bearer by virtue of the bearer having a variable number or count of an entity.,0.173,FALSE
egg count,mean number of eggs layed,PATO,PATO:0001891,ovate,A spheroid quality inhering in a bearer by virtue of the bearer's exhibiting a continuous convex surface with an axis of symmetry and one axis longer than the other; egg-shaped.,0.2193,FALSE
egg count,mean number of eggs layed,PATO,CL:0000025,egg cell,A female gamete where meiosis has progressed to metaphase II and is able to participate in fertilization.,0.2548,FALSE
egg count,mean number of eggs layed,PATO,GO:0007343,egg activation,"The process in which the egg becomes metabolically active, initiates protein and DNA synthesis and undergoes structural changes to its cortex and/or cytoplasm.",0.2772,FALSE
egg count,mean number of eggs layed,PATO,PATO:0000070,amount,"This term was originally named ""presence"". It has been renamed to reduce ambiguity. Consider annotating with the reciprocal relation,PATO:0001555, has_number_of. For example, rather than E=fin ray Q=count in organism C=10, say E=organism Q=has number of E2= fin ray C=10.",0.1968,FALSE
survival rate,percentage of unfed adults that survive,OBA,OBA:0002011,micturition rate,The rate of a micturition.,0.1183,FALSE
survival rate,percentage of unfed adults that survive,OBA,OBA:0002200,reflex rate,The rate of a reflex.,0.1674,FALSE
survival rate,percentage of unfed adults that survive,OBA,OBA:0002672,gluconeogenesis rate,The rate of a gluconeogenesis.,0.1882,FALSE
survival rate,percentage of unfed adults that survive,OBA,OBA:0002850,spermatogenesis rate,The rate of a spermatogenesis.,0.19,FALSE
survival rate,percentage of unfed adults that survive,OBA,OBA:0003172,anagen rate,The rate of a anagen.,0.233,FALSE
survival rate,percentage of unfed adults that survive,PATO,PATO:0000161,rate,A quality of a single process inhering in a bearer by virtue of the bearer's occurrence per unit time.,0.1095,FALSE
survival rate,percentage of unfed adults that survive,PATO,PATO:0000911,decreased rate,A rate which is relatively low.,0.2216,FALSE
survival rate,percentage of unfed adults that survive,PATO,PATO:0000912,increased rate,A rate which is relatively high.,0.2261,FALSE
survival rate,percentage of unfed adults that survive,PATO,PATO:0001492,growth rate,The rate or speed of the change in size of an individual entity or change in number of a population.,0.1478,FALSE
survival rate,percentage of unfed adults that survive,PATO,PATO:0001574,flow rate,A physical quality inhering in a bearer by virtue of the bearer's motion characteristic.,-0.0124,FALSE
percent moult,percentage moulted engorged on calves,OBA,OBA:2050351,breast density,The mass density of a breast.,0.2011,FALSE
percent moult,percentage moulted engorged on calves,OBA,HP:0010814,Abnormal position of hair whorl,"Placement of hair whorl should be described as parietal, vertex, eccentric, etc. In addition, the number of hair whorls should be noted. Five percent of the population has two whorls.",0.21560000000000001,FALSE
percent moult,percentage moulted engorged on calves,OBA,HP:0033144,Abnormal circulating ceruloplasmin concentration,"Ceruloplasmin is a serum ferroxidase responsible for 90 percent of copper transport. Also, ceruloplasmin is a positive acute-phase reactant, meaning its levels will increase in inflammatory conditions or cell injury.",0.1595,FALSE
percent moult,percentage moulted engorged on calves,OBA,HP:0002188,Delayed CNS myelination,"A delay in the process of myelination, which normally begins in the fifth fetal month and is about 90 percent complete at the age of two years. Myelination continues into early adulthood.",0.1487,FALSE
percent moult,percentage moulted engorged on calves,OBA,HP:0010813,Abnormal number of hair whorls,"Most individuals have one clockwise hair whorl at a single point on the scalp lateral to the midline but close to the vertex of the skull. Five percent of the population has two whorls. A double hair whorl is sometimes referred to as a double crown. In 10%, whorl direction is counter-clockwise.",0.1835,FALSE
premolting period,average pre-moulting period engorged on calves,OBA,OBA:VT0002292,gestation period duration,The duration of a female pregnancy.,0.316,FALSE
premolting period,average pre-moulting period engorged on calves,OBA,OBA:2051617,level of period circadian protein homolog 3 in blood,The amount of a period circadian protein homolog 3 when measured in blood.,0.1993,FALSE
premolting period,average pre-moulting period engorged on calves,OBA,PR:000050150,period circadian protein homolog,Category=family.,0.0935,FALSE
premolting period,average pre-moulting period engorged on calves,OBA,PR:000012549,period circadian protein homolog 3,Category=gene.,0.1022,FALSE
premolting period,average pre-moulting period engorged on calves,OBA,PR:O70361,period circadian protein homolog 3 (mouse),Category=organism-gene.,0.1498,FALSE
premolting period,average pre-moulting period engorged on calves,PATO,PATO:0000499,decreased duration,A duration quality of a process which is relatively low.,0.2369,FALSE
premolting period,average pre-moulting period engorged on calves,PATO,PATO:0001309,duration,A process quality inhering in a bearer by virtue of the bearer's magnitude of the temporal extent between the starting and ending point.,0.1724,FALSE
premolting period,average pre-moulting period engorged on calves,PATO,PATO:0000498,increased duration,A duration quality of a process which is relatively high.,0.2356,FALSE
premolting period,average pre-moulting period engorged on calves,PATO,PATO:0000695,synchronous,A quality of a single process inhering in a bearer by virtue of the bearer's occurring or existing at the same time or having the same period or phase.,0.1218,FALSE
premolting period,average pre-moulting period engorged on calves,PATO,PATO:0000688,asynchronous,A quality of a single process inhering in a bearer by virtue of the bearer's not occurring or existing at the same time or having the same period or phase.,0.1168,FALSE
percent moult,percentage moulted engorged on rabbits,OBA,OBA:2050351,breast density,The mass density of a breast.,0.1587,FALSE
percent moult,percentage moulted engorged on rabbits,OBA,HP:0010814,Abnormal position of hair whorl,"Placement of hair whorl should be described as parietal, vertex, eccentric, etc. In addition, the number of hair whorls should be noted. Five percent of the population has two whorls.",0.1739,FALSE
percent moult,percentage moulted engorged on rabbits,OBA,HP:0033144,Abnormal circulating ceruloplasmin concentration,"Ceruloplasmin is a serum ferroxidase responsible for 90 percent of copper transport. Also, ceruloplasmin is a positive acute-phase reactant, meaning its levels will increase in inflammatory conditions or cell injury.",0.1152,FALSE
percent moult,percentage moulted engorged on rabbits,OBA,HP:0002188,Delayed CNS myelination,"A delay in the process of myelination, which normally begins in the fifth fetal month and is about 90 percent complete at the age of two years. Myelination continues into early adulthood.",0.1047,FALSE
percent moult,percentage moulted engorged on rabbits,OBA,HP:0010813,Abnormal number of hair whorls,"Most individuals have one clockwise hair whorl at a single point on the scalp lateral to the midline but close to the vertex of the skull. Five percent of the population has two whorls. A double hair whorl is sometimes referred to as a double crown. In 10%, whorl direction is counter-clockwise.",0.1408,FALSE
engorgement period,average duration of engorgement on calves,OBA,OBA:VT0002292,gestation period duration,The duration of a female pregnancy.,0.3508,FALSE
engorgement period,average duration of engorgement on calves,OBA,OBA:2051617,level of period circadian protein homolog 3 in blood,The amount of a period circadian protein homolog 3 when measured in blood.,0.1996,FALSE
engorgement period,average duration of engorgement on calves,OBA,PR:000050150,period circadian protein homolog,Category=family.,0.0848,FALSE
engorgement period,average duration of engorgement on calves,OBA,PR:000012549,period circadian protein homolog 3,Category=gene.,0.1058,FALSE
engorgement period,average duration of engorgement on calves,OBA,PR:O70361,period circadian protein homolog 3 (mouse),Category=organism-gene.,0.109,FALSE
engorgement period,average duration of engorgement on calves,PATO,PATO:0000499,decreased duration,A duration quality of a process which is relatively low.,0.2698,FALSE
engorgement period,average duration of engorgement on calves,PATO,PATO:0001309,duration,A process quality inhering in a bearer by virtue of the bearer's magnitude of the temporal extent between the starting and ending point.,0.209,FALSE
engorgement period,average duration of engorgement on calves,PATO,PATO:0000498,increased duration,A duration quality of a process which is relatively high.,0.2824,FALSE
engorgement period,average duration of engorgement on calves,PATO,PATO:0000695,synchronous,A quality of a single process inhering in a bearer by virtue of the bearer's occurring or existing at the same time or having the same period or phase.,0.1306,FALSE
engorgement period,average duration of engorgement on calves,PATO,PATO:0000688,asynchronous,A quality of a single process inhering in a bearer by virtue of the bearer's not occurring or existing at the same time or having the same period or phase.,0.1143,FALSE
engorgement period,average duration of engorgement on rabbits,OBA,OBA:VT0002292,gestation period duration,The duration of a female pregnancy.,0.3642,FALSE
engorgement period,average duration of engorgement on rabbits,OBA,OBA:2051617,level of period circadian protein homolog 3 in blood,The amount of a period circadian protein homolog 3 when measured in blood.,0.1714,FALSE
engorgement period,average duration of engorgement on rabbits,OBA,PR:000050150,period circadian protein homolog,Category=family.,0.0464,FALSE
engorgement period,average duration of engorgement on rabbits,OBA,PR:000012549,period circadian protein homolog 3,Category=gene.,0.0761,FALSE
engorgement period,average duration of engorgement on rabbits,OBA,PR:O70361,period circadian protein homolog 3 (mouse),Category=organism-gene.,0.1011,FALSE
engorgement period,average duration of engorgement on rabbits,PATO,PATO:0000499,decreased duration,A duration quality of a process which is relatively low.,0.274,FALSE
engorgement period,average duration of engorgement on rabbits,PATO,PATO:0001309,duration,A process quality inhering in a bearer by virtue of the bearer's magnitude of the temporal extent between the starting and ending point.,0.2055,FALSE
engorgement period,average duration of engorgement on rabbits,PATO,PATO:0000498,increased duration,A duration quality of a process which is relatively high.,0.2773,FALSE
engorgement period,average duration of engorgement on rabbits,PATO,PATO:0000695,synchronous,A quality of a single process inhering in a bearer by virtue of the bearer's occurring or existing at the same time or having the same period or phase.,0.1184,FALSE
engorgement period,average duration of engorgement on rabbits,PATO,PATO:0000688,asynchronous,A quality of a single process inhering in a bearer by virtue of the bearer's not occurring or existing at the same time or having the same period or phase.,0.1073,FALSE
feeding time,time required for larval ticks to reach engorgement post attachment,OBA,OBA:1000748,feeding behavior quality,The quality of a feeding behavior.,0.2319,FALSE
feeding time,time required for larval ticks to reach engorgement post attachment,OBA,GO:0007631,feeding behavior,See also the biological process term 'behavior ; GO:0007610'.,0.0726,FALSE
feeding time,time required for larval ticks to reach engorgement post attachment,OBA,HP:0011968,Feeding difficulties,"Difficulties with eating and drinking, resulting in decreased oral nutrition",0.1433,FALSE
feeding time,time required for larval ticks to reach engorgement post attachment,OBA,NBO:0000079,feeding behavior,"The act of bringing an object or substance into the body by swallowing, surrounding or absorbing it [NBO:SMAC]",0.0927,FALSE
feeding time,time required for larval ticks to reach engorgement post attachment,PATO,PATO:0000165,time,A quality in which events occur in sequence.,0.0829,FALSE
feeding time,time required for larval ticks to reach engorgement post attachment,PATO,PATO:0000498,increased duration,A duration quality of a process which is relatively high.,0.2283,FALSE
feeding time,time required for larval ticks to reach engorgement post attachment,PATO,PATO:0000499,decreased duration,A duration quality of a process which is relatively low.,0.2366,FALSE
feeding time,time required for larval ticks to reach engorgement post attachment,PATO,PATO:0001309,duration,A process quality inhering in a bearer by virtue of the bearer's magnitude of the temporal extent between the starting and ending point.,0.1883,FALSE
feeding time,time required for larval ticks to reach engorgement post attachment,PATO,PATO:0001005,latency,"This class is a candidate for obsoletion. The definition is not clear, and the placement under ""delayed"" is not consistent with the definition.",0.1541,FALSE
molting period,time required for engorged larval ticks to molt,OBA,OBA:VT0002292,gestation period duration,The duration of a female pregnancy.,0.2506,FALSE
molting period,time required for engorged larval ticks to molt,OBA,OBA:2051617,level of period circadian protein homolog 3 in blood,The amount of a period circadian protein homolog 3 when measured in blood.,0.1748,FALSE
molting period,time required for engorged larval ticks to molt,OBA,PR:000050150,period circadian protein homolog,Category=family.,0.0848,FALSE
molting period,time required for engorged larval ticks to molt,PATO,PATO:0000499,decreased duration,A duration quality of a process which is relatively low.,0.2412,FALSE
molting period,time required for engorged larval ticks to molt,PATO,PATO:0001309,duration,A process quality inhering in a bearer by virtue of the bearer's magnitude of the temporal extent between the starting and ending point.,0.1754,FALSE
molting period,time required for engorged larval ticks to molt,PATO,PATO:0000498,increased duration,A duration quality of a process which is relatively high.,0.2322,FALSE
molting period,time required for engorged larval ticks to molt,PATO,PATO:0000695,synchronous,A quality of a single process inhering in a bearer by virtue of the bearer's occurring or existing at the same time or having the same period or phase.,0.1232,FALSE
molting period,time required for engorged larval ticks to molt,PATO,PATO:0000688,asynchronous,A quality of a single process inhering in a bearer by virtue of the bearer's not occurring or existing at the same time or having the same period or phase.,0.1354,FALSE
pre hatching period,mean time until hatching,OBA,OBA:0003853,blastocyst hatching amount,The amount of a blastocyst hatching.,0.548,FALSE
pre hatching period,mean time until hatching,OBA,OBA:VT0002292,gestation period duration,The duration of a female pregnancy.,0.3281,FALSE
pre hatching period,mean time until hatching,OBA,OBA:0003854,blastocyst hatching onset quality,The onset quality of a blastocyst hatching.,0.5235,FALSE
pre hatching period,mean time until hatching,OBA,OBA:0005182,pre-Botzinger complex morphology,The morphology of a pre-Botzinger complex.,0.1615,FALSE
pre hatching period,mean time until hatching,PATO,PATO:0000499,decreased duration,A duration quality of a process which is relatively low.,0.2734,FALSE
pre hatching period,mean time until hatching,PATO,PATO:0001309,duration,A process quality inhering in a bearer by virtue of the bearer's magnitude of the temporal extent between the starting and ending point.,0.2077,FALSE
pre hatching period,mean time until hatching,PATO,PATO:0000498,increased duration,A duration quality of a process which is relatively high.,0.2818,FALSE
pre hatching period,mean time until hatching,PATO,UBERON:0005866,pre-cartilage condensation,A delimited region of dense mesenchyme within looser mesenchyme whose cells are committed to become chondroblasts.,0.1775,FALSE
lipid content,median proportion of lipid content of the tick- calculated by (dried weight - lipid weight) / dried weight,OBA,HP:0009058,Increased muscle lipid content,Increased neutral lipid content may be observed on muscle biopsies specimen with the specific staining of Sudan black or oil red O techniques by optic microscopy.,0.3672,FALSE
lipid content,median proportion of lipid content of the tick- calculated by (dried weight - lipid weight) / dried weight,OBA,OBA:2045435,stomach content pH,The acidity of a stomach lumen.,0.2011,FALSE
lipid content,median proportion of lipid content of the tick- calculated by (dried weight - lipid weight) / dried weight,OBA,OBA:VT0010714,milk zinc content,The amount of a zinc atom when measured in milk.,0.2805,FALSE
lipid content,median proportion of lipid content of the tick- calculated by (dried weight - lipid weight) / dried weight,OBA,OBA:VT0001547,lipid amount,The amount of a lipid when measured in anatomical entity.,0.4878,FALSE
lipid content,median proportion of lipid content of the tick- calculated by (dried weight - lipid weight) / dried weight,OBA,OBA:2045301,erythrocyte hemoglobin content trait,The amount of a hemoglobin when measured in erythrocyte.,0.2066,FALSE
lipid content,median proportion of lipid content of the tick- calculated by (dried weight - lipid weight) / dried weight,PATO,PATO:0000025,composition,"For example calcium composition (which may inhere in bone), haemoglobin composition (which may inhere in blood).",0.2605,FALSE
lipid content,median proportion of lipid content of the tick- calculated by (dried weight - lipid weight) / dried weight,PATO,CHEBI:18059,lipid,"'Lipids' is a loosely defined term for substances of biological origin that are soluble in nonpolar solvents. They consist of saponifiable lipids, such as glycerides (fats and oils) and phospholipids, as well as nonsaponifiable lipids, principally steroids.",0.3066,FALSE
lipid content,median proportion of lipid content of the tick- calculated by (dried weight - lipid weight) / dried weight,PATO,GO:0006869,lipid transport,"The directed movement of lipids into, out of or within a cell, or between cells, by means of some agent such as a transporter or pore. Lipids are compounds soluble in an organic solvent but not, or sparingly, in an aqueous solvent.",0.3004,FALSE
lipid content,median proportion of lipid content of the tick- calculated by (dried weight - lipid weight) / dried weight,PATO,GO:0010876,lipid localization,"Any process in which a lipid is transported to, or maintained in, a specific location.",0.2832,FALSE
lipid content,median proportion of lipid content of the tick- calculated by (dried weight - lipid weight) / dried weight,PATO,GO:0006629,lipid metabolic process,"The chemical reactions and pathways involving lipids, compounds soluble in an organic solvent but not, or sparingly, in an aqueous solvent. Includes fatty acids; neutral fats, other fatty-acid esters, and soaps; long-chain (fatty) alcohols and waxes; sphingoids and other long-chain bases; glycolipids, phospholipids and sphingolipids; and carotenes, polyprenols, sterols, terpenes and other isoprenoids.",0.2956,FALSE
Questing Height,questing height -- Average (across 38 hours and interactor1number of ticks) mm from the lower end of the tube - measured along the length of the tube. Tube is at a 15* incline,OBA,OBA:0002073,forehead height,The height of a forehead.,0.2693,FALSE
Questing Height,questing height -- Average (across 38 hours and interactor1number of ticks) mm from the lower end of the tube - measured along the length of the tube. Tube is at a 15* incline,OBA,OBA:0003407,ilium height,The height of a ilium.,0.3577,FALSE
Questing Height,questing height -- Average (across 38 hours and interactor1number of ticks) mm from the lower end of the tube - measured along the length of the tube. Tube is at a 15* incline,OBA,OBA:0003758,ureter height,The height of a ureter.,0.4429,FALSE
Questing Height,questing height -- Average (across 38 hours and interactor1number of ticks) mm from the lower end of the tube - measured along the length of the tube. Tube is at a 15* incline,OBA,OBA:0003869,lip height,The height of a lip.,0.3033,FALSE
Questing Height,questing height -- Average (across 38 hours and interactor1number of ticks) mm from the lower end of the tube - measured along the length of the tube. Tube is at a 15* incline,OBA,OBA:0004448,cranium height,The height of a cranium.,0.3147,FALSE
Questing Height,questing height -- Average (across 38 hours and interactor1number of ticks) mm from the lower end of the tube - measured along the length of the tube. Tube is at a 15* incline,PATO,PATO:0000119,height,A 1-D extent quality inhering in a bearer by virtue of the bearer's vertical dimension of extension.,0.2647,FALSE
Questing Height,questing height -- Average (across 38 hours and interactor1number of ticks) mm from the lower end of the tube - measured along the length of the tube. Tube is at a 15* incline,PATO,PATO:0000569,decreased height,A height which is relatively low.,0.3955,FALSE
Questing Height,questing height -- Average (across 38 hours and interactor1number of ticks) mm from the lower end of the tube - measured along the length of the tube. Tube is at a 15* incline,PATO,PATO:0000570,increased height,A height which is relatively high.,0.3634,FALSE
Questing Height,questing height -- Average (across 38 hours and interactor1number of ticks) mm from the lower end of the tube - measured along the length of the tube. Tube is at a 15* incline,PATO,PATO:0045053,normal height,A height which is relatively normal or average,0.4133,FALSE
Questing Height,questing height -- Average (across 38 hours and interactor1number of ticks) mm from the lower end of the tube - measured along the length of the tube. Tube is at a 15* incline,PATO,PATO:0001874,discoid,"A shape quality inhering in a bearer by virtue of the bearer's being cylindrical, in which the height is less than the diameter.",0.304,FALSE
Distance Traveled,Average distance covered per hour while questing,OBA,OBA:1000003,inter-canthal distance,The length of a anatomical line between inner canthi.,0.1489,FALSE
Distance Traveled,Average distance covered per hour while questing,OBA,OBA:1000004,distance between ears,The length of a anatomical line between outer ears.,0.1857,FALSE
Distance Traveled,Average distance covered per hour while questing,OBA,OBA:1000005,inter-pupillar distance,The length of a anatomical line between pupils.,0.1673,FALSE
Distance Traveled,Average distance covered per hour while questing,PATO,PATO:0000040,distance,A quality that is the extent of space between two entities.,0.2121,FALSE
Distance Traveled,Average distance covered per hour while questing,PATO,PATO:0000374,increased distance,A distance which is greater relative to the normal or average.,0.238,FALSE
Distance Traveled,Average distance covered per hour while questing,PATO,PATO:0000375,decreased distance,A distance which is lesser relative to the normal or average.,0.2392,FALSE
Distance Traveled,Average distance covered per hour while questing,PATO,PATO:0045014,normal distance,A distance which is relatively normal or average.,0.3421,FALSE
Distance Traveled,Average distance covered per hour while questing,PATO,PATO:0040032,increased linear velocity,A distance traveled in a specific time that is relatively high.,0.4046,FALSE
Questing Time,Mean proportion of time tick seen questing (legs spread more than 50 percent) across the 38 hours,OBA,OBA:2040171,sleep duration trait,The duration of a sleep.,0.2651,FALSE
Questing Time,Mean proportion of time tick seen questing (legs spread more than 50 percent) across the 38 hours,OBA,OBA:2040011,trait in response to mycophenolic acid,A trait that affects the response to a stimulus with mycophenolic acid.,0.1249,FALSE
Questing Time,Mean proportion of time tick seen questing (legs spread more than 50 percent) across the 38 hours,OBA,OBA:2045215,menstrual cycle attribute,The quality of a menstrual cycle.,0.241,FALSE
Questing Time,Mean proportion of time tick seen questing (legs spread more than 50 percent) across the 38 hours,OBA,OBA:2001010,age of onset of essential hypertension,The age at which essential hypertension manifestations first appear.,0.0829,FALSE
Questing Time,Mean proportion of time tick seen questing (legs spread more than 50 percent) across the 38 hours,PATO,PATO:0000165,time,A quality in which events occur in sequence.,0.1406,FALSE
Questing Time,Mean proportion of time tick seen questing (legs spread more than 50 percent) across the 38 hours,PATO,PATO:0000498,increased duration,A duration quality of a process which is relatively high.,0.2973,FALSE
Questing Time,Mean proportion of time tick seen questing (legs spread more than 50 percent) across the 38 hours,PATO,PATO:0000499,decreased duration,A duration quality of a process which is relatively low.,0.275,FALSE
Questing Time,Mean proportion of time tick seen questing (legs spread more than 50 percent) across the 38 hours,PATO,PATO:0001309,duration,A process quality inhering in a bearer by virtue of the bearer's magnitude of the temporal extent between the starting and ending point.,0.2502,FALSE
Questing Time,Mean proportion of time tick seen questing (legs spread more than 50 percent) across the 38 hours,PATO,PATO:0001005,latency,"This class is a candidate for obsoletion. The definition is not clear, and the placement under ""delayed"" is not consistent with the definition.",0.1056,FALSE
Questing Height,questing height -- Average (across 43 hours and interactor1number of ticks) mm from the lower end of the tube - measured along the length of the tube. Tube is at a 15* incline,OBA,OBA:0002073,forehead height,The height of a forehead.,0.2706,FALSE
Questing Height,questing height -- Average (across 43 hours and interactor1number of ticks) mm from the lower end of the tube - measured along the length of the tube. Tube is at a 15* incline,OBA,OBA:0003407,ilium height,The height of a ilium.,0.3655,FALSE
Questing Height,questing height -- Average (across 43 hours and interactor1number of ticks) mm from the lower end of the tube - measured along the length of the tube. Tube is at a 15* incline,OBA,OBA:0003758,ureter height,The height of a ureter.,0.4472,FALSE
Questing Height,questing height -- Average (across 43 hours and interactor1number of ticks) mm from the lower end of the tube - measured along the length of the tube. Tube is at a 15* incline,OBA,OBA:0003869,lip height,The height of a lip.,0.3022,FALSE
Questing Height,questing height -- Average (across 43 hours and interactor1number of ticks) mm from the lower end of the tube - measured along the length of the tube. Tube is at a 15* incline,OBA,OBA:0004448,cranium height,The height of a cranium.,0.315,FALSE
Questing Height,questing height -- Average (across 43 hours and interactor1number of ticks) mm from the lower end of the tube - measured along the length of the tube. Tube is at a 15* incline,PATO,PATO:0000119,height,A 1-D extent quality inhering in a bearer by virtue of the bearer's vertical dimension of extension.,0.2638,FALSE
Questing Height,questing height -- Average (across 43 hours and interactor1number of ticks) mm from the lower end of the tube - measured along the length of the tube. Tube is at a 15* incline,PATO,PATO:0000569,decreased height,A height which is relatively low.,0.3979,FALSE
Questing Height,questing height -- Average (across 43 hours and interactor1number of ticks) mm from the lower end of the tube - measured along the length of the tube. Tube is at a 15* incline,PATO,PATO:0000570,increased height,A height which is relatively high.,0.3674,FALSE
Questing Height,questing height -- Average (across 43 hours and interactor1number of ticks) mm from the lower end of the tube - measured along the length of the tube. Tube is at a 15* incline,PATO,PATO:0045053,normal height,A height which is relatively normal or average,0.4179,FALSE
Questing Height,questing height -- Average (across 43 hours and interactor1number of ticks) mm from the lower end of the tube - measured along the length of the tube. Tube is at a 15* incline,PATO,PATO:0001874,discoid,"A shape quality inhering in a bearer by virtue of the bearer's being cylindrical, in which the height is less than the diameter.",0.3008,FALSE
Mortality Rate,number that survived the 38 hours,OBA,OBA:0002011,micturition rate,The rate of a micturition.,0.1124,FALSE
Mortality Rate,number that survived the 38 hours,OBA,OBA:0002200,reflex rate,The rate of a reflex.,0.1289,FALSE
Mortality Rate,number that survived the 38 hours,OBA,OBA:0002672,gluconeogenesis rate,The rate of a gluconeogenesis.,0.1136,FALSE
Mortality Rate,number that survived the 38 hours,OBA,OBA:0002850,spermatogenesis rate,The rate of a spermatogenesis.,0.1938,FALSE
Mortality Rate,number that survived the 38 hours,OBA,OBA:0003172,anagen rate,The rate of a anagen.,0.1729,FALSE
Mortality Rate,number that survived the 38 hours,PATO,PATO:0000161,rate,A quality of a single process inhering in a bearer by virtue of the bearer's occurrence per unit time.,0.1212,FALSE
Mortality Rate,number that survived the 38 hours,PATO,PATO:0000911,decreased rate,A rate which is relatively low.,0.151,FALSE
Mortality Rate,number that survived the 38 hours,PATO,PATO:0000912,increased rate,A rate which is relatively high.,0.1618,FALSE
Mortality Rate,number that survived the 38 hours,PATO,PATO:0001492,growth rate,The rate or speed of the change in size of an individual entity or change in number of a population.,0.1248,FALSE
Mortality Rate,number that survived the 38 hours,PATO,PATO:0001574,flow rate,A physical quality inhering in a bearer by virtue of the bearer's motion characteristic.,0.0122,FALSE
Mortality Rate,number that survived the 43 hours,OBA,OBA:0002011,micturition rate,The rate of a micturition.,0.1177,FALSE
Mortality Rate,number that survived the 43 hours,OBA,OBA:0002200,reflex rate,The rate of a reflex.,0.1475,FALSE
Mortality Rate,number that survived the 43 hours,OBA,OBA:0002672,gluconeogenesis rate,The rate of a gluconeogenesis.,0.1077,FALSE
Mortality Rate,number that survived the 43 hours,OBA,OBA:0002850,spermatogenesis rate,The rate of a spermatogenesis.,0.1763,FALSE
Mortality Rate,number that survived the 43 hours,OBA,OBA:0003172,anagen rate,The rate of a anagen.,0.1558,FALSE
Mortality Rate,number that survived the 43 hours,PATO,PATO:0000161,rate,A quality of a single process inhering in a bearer by virtue of the bearer's occurrence per unit time.,0.121,FALSE
Mortality Rate,number that survived the 43 hours,PATO,PATO:0000911,decreased rate,A rate which is relatively low.,0.1444,FALSE
Mortality Rate,number that survived the 43 hours,PATO,PATO:0000912,increased rate,A rate which is relatively high.,0.1571,FALSE
Mortality Rate,number that survived the 43 hours,PATO,PATO:0001492,growth rate,The rate or speed of the change in size of an individual entity or change in number of a population.,0.1191,FALSE
Mortality Rate,number that survived the 43 hours,PATO,PATO:0001574,flow rate,A physical quality inhering in a bearer by virtue of the bearer's motion characteristic.,0.0163,FALSE
Water loss,Water loss of ticks exposed to dry air for 24 hours,OBA,OBA:0003744,regulation of water loss via skin rate,regulation of water loss via skin (GO_0033561) was obsoleted,0.2975,FALSE
Water loss,Water loss of ticks exposed to dry air for 24 hours,OBA,OBA:VT0003853,skin water amount,The amount of a water when measured in zone of skin.,0.3046,FALSE
Water loss,Water loss of ticks exposed to dry air for 24 hours,OBA,OBA:VT1000432,muscle water amount,The amount of a water when measured in muscle organ.,0.2063,FALSE
Water loss,Water loss of ticks exposed to dry air for 24 hours,OBA,OBA:0002165,skin of body water composition,The water composition of a skin of body.,0.2539,FALSE
Water loss,Water loss of ticks exposed to dry air for 24 hours,OBA,OBA:0003876,zone of skin water composition,The water composition of a zone of skin.,0.3008,FALSE
Water loss,Water loss of ticks exposed to dry air for 24 hours,PATO,PATO:0001800,water composition,A composition quality inhering in an bearer by virtue of the quantities or relative ratios of water of the inhering entity.,0.1884,FALSE
Water loss,Water loss of ticks exposed to dry air for 24 hours,PATO,PATO:0001801,decreased water composition,A composition quality inhering in an bearer by virtue of the reduction in amount of water the bearer contains.,0.2423,FALSE
Water loss,Water loss of ticks exposed to dry air for 24 hours,PATO,PATO:0001999,lacks parts or has fewer parts of type,"The bearer of this quality has_part < n of the indicated entity type, where n is the normal amount for a comparable organism. Note that the bearer of the quality is the whole, not the part. Formally: If a bearer entity e has fewer parts of type X at time t, then the number of instances x of X at t such that x part_of e is < n, where n is either the normal number for comparable entities, or n is stated explicitly. This case includes the limit case, where the bearer lacks all parts of the specified type.",0.1268,FALSE
Water loss,Water loss of ticks exposed to dry air for 24 hours,PATO,PATO:0002461,wilty,To bend or hang downwards due to loss of water,0.36870000000000003,FALSE
Water loss,Water loss of ticks exposed to dry air for 24 hours,PATO,PATO:0001885,hydrophobic,A quality inhering in a bearer by virtue of the bearer's lacking affinity for water; tending to repel and not absorb water; tending not to dissolve in or mix with or be wetted by water.,0.2198,FALSE
Weight loss,Weight loss of ticks exposed to dry air for 24 hours,OBA,OBA:0003744,regulation of water loss via skin rate,regulation of water loss via skin (GO_0033561) was obsoleted,0.2689,FALSE
Weight loss,Weight loss of ticks exposed to dry air for 24 hours,OBA,OBA:VT0004257,placenta mass,The mass of a placenta.,0.2353,FALSE
Weight loss,Weight loss of ticks exposed to dry air for 24 hours,OBA,OBA:2051506,level of loss of heterozygosity 11 chromosomal region 2 gene A protein in blood,The amount of a loss of heterozygosity 11 chromosomal region 2 gene A protein when measured in blood.,0.2129,FALSE
Weight loss,Weight loss of ticks exposed to dry air for 24 hours,PATO,PATO:0000128,weight,"For any biological use of PATO, the concept that should be used is 'mass' and not 'weight'. For example, increased weight of an organism.",0.2527,FALSE
Weight loss,Weight loss of ticks exposed to dry air for 24 hours,PATO,PATO:0000582,increased weight,A weight which is relatively high.,0.2768,FALSE
Weight loss,Weight loss of ticks exposed to dry air for 24 hours,PATO,PATO:0000583,decreased weight,A weight which is relatively low.,0.3219,FALSE
Weight loss,Weight loss of ticks exposed to dry air for 24 hours,PATO,PATO:0001999,lacks parts or has fewer parts of type,"The bearer of this quality has_part < n of the indicated entity type, where n is the normal amount for a comparable organism. Note that the bearer of the quality is the whole, not the part. Formally: If a bearer entity e has fewer parts of type X at time t, then the number of instances x of X at t such that x part_of e is < n, where n is either the normal number for comparable entities, or n is stated explicitly. This case includes the limit case, where the bearer lacks all parts of the specified type.",0.1277,FALSE
Weight loss,Weight loss of ticks exposed to dry air for 24 hours,PATO,PATO:0002461,wilty,To bend or hang downwards due to loss of water,0.346,FALSE
Water loss,Water loss of dead engorged ticks exposed to dry air at a certain temperature for 30 mins,OBA,OBA:0003744,regulation of water loss via skin rate,regulation of water loss via skin (GO_0033561) was obsoleted,0.277,FALSE
Water loss,Water loss of dead engorged ticks exposed to dry air at a certain temperature for 30 mins,OBA,OBA:VT0003853,skin water amount,The amount of a water when measured in zone of skin.,0.278,FALSE
Water loss,Water loss of dead engorged ticks exposed to dry air at a certain temperature for 30 mins,OBA,OBA:VT1000432,muscle water amount,The amount of a water when measured in muscle organ.,0.1865,FALSE
Water loss,Water loss of dead engorged ticks exposed to dry air at a certain temperature for 30 mins,OBA,OBA:0002165,skin of body water composition,The water composition of a skin of body.,0.2182,FALSE
Water loss,Water loss of dead engorged ticks exposed to dry air at a certain temperature for 30 mins,OBA,OBA:0003876,zone of skin water composition,The water composition of a zone of skin.,0.2707,FALSE
Water loss,Water loss of dead engorged ticks exposed to dry air at a certain temperature for 30 mins,PATO,PATO:0001800,water composition,A composition quality inhering in an bearer by virtue of the quantities or relative ratios of water of the inhering entity.,0.197,FALSE
Water loss,Water loss of dead engorged ticks exposed to dry air at a certain temperature for 30 mins,PATO,PATO:0001801,decreased water composition,A composition quality inhering in an bearer by virtue of the reduction in amount of water the bearer contains.,0.233,FALSE
Water loss,Water loss of dead engorged ticks exposed to dry air at a certain temperature for 30 mins,PATO,PATO:0001999,lacks parts or has fewer parts of type,"The bearer of this quality has_part < n of the indicated entity type, where n is the normal amount for a comparable organism. Note that the bearer of the quality is the whole, not the part. Formally: If a bearer entity e has fewer parts of type X at time t, then the number of instances x of X at t such that x part_of e is < n, where n is either the normal number for comparable entities, or n is stated explicitly. This case includes the limit case, where the bearer lacks all parts of the specified type.",0.114,FALSE
Water loss,Water loss of dead engorged ticks exposed to dry air at a certain temperature for 30 mins,PATO,PATO:0002461,wilty,To bend or hang downwards due to loss of water,0.3427,FALSE
Water loss,Water loss of dead engorged ticks exposed to dry air at a certain temperature for 30 mins,PATO,PATO:0001885,hydrophobic,A quality inhering in a bearer by virtue of the bearer's lacking affinity for water; tending to repel and not absorb water; tending not to dissolve in or mix with or be wetted by water.,0.2053,FALSE
Mortality Rate,Percent mortality in engorged ticks before moulting,OBA,OBA:0002011,micturition rate,The rate of a micturition.,0.1895,FALSE
Mortality Rate,Percent mortality in engorged ticks before moulting,OBA,OBA:0002200,reflex rate,The rate of a reflex.,0.1696,FALSE
Mortality Rate,Percent mortality in engorged ticks before moulting,OBA,OBA:0002672,gluconeogenesis rate,The rate of a gluconeogenesis.,0.1499,FALSE
Mortality Rate,Percent mortality in engorged ticks before moulting,OBA,OBA:0002850,spermatogenesis rate,The rate of a spermatogenesis.,0.2085,FALSE
Mortality Rate,Percent mortality in engorged ticks before moulting,OBA,OBA:0003172,anagen rate,The rate of a anagen.,0.2856,FALSE
Mortality Rate,Percent mortality in engorged ticks before moulting,PATO,PATO:0000161,rate,A quality of a single process inhering in a bearer by virtue of the bearer's occurrence per unit time.,0.1377,FALSE
Mortality Rate,Percent mortality in engorged ticks before moulting,PATO,PATO:0000911,decreased rate,A rate which is relatively low.,0.2536,FALSE
Mortality Rate,Percent mortality in engorged ticks before moulting,PATO,PATO:0000912,increased rate,A rate which is relatively high.,0.2703,FALSE
Mortality Rate,Percent mortality in engorged ticks before moulting,PATO,PATO:0001492,growth rate,The rate or speed of the change in size of an individual entity or change in number of a population.,0.196,FALSE
Mortality Rate,Percent mortality in engorged ticks before moulting,PATO,PATO:0001574,flow rate,A physical quality inhering in a bearer by virtue of the bearer's motion characteristic.,0.0465,FALSE
Pre-Oviposition Period in engorged females,Pre-Oviposition Period in engorged females,OBA,OBA:2051617,level of period circadian protein homolog 3 in blood,The amount of a period circadian protein homolog 3 when measured in blood.,0.2187,FALSE
Pre-Oviposition Period in engorged females,Pre-Oviposition Period in engorged females,OBA,OBA:VT0002292,gestation period duration,The duration of a female pregnancy.,0.4209,FALSE
Pre-Oviposition Period in engorged females,Pre-Oviposition Period in engorged females,OBA,OBA:1000116,axon located in,The located in of a axon.,0.0853,FALSE
Pre-Oviposition Period in engorged females,Pre-Oviposition Period in engorged females,OBA,PR:000050150,period circadian protein homolog,Category=family.,0.108,FALSE
Pre-Oviposition Period in engorged females,Pre-Oviposition Period in engorged females,PATO,PATO:0000499,decreased duration,A duration quality of a process which is relatively low.,0.2069,FALSE
Pre-Oviposition Period in engorged females,Pre-Oviposition Period in engorged females,PATO,PATO:0001309,duration,A process quality inhering in a bearer by virtue of the bearer's magnitude of the temporal extent between the starting and ending point.,0.182,FALSE
Pre-Oviposition Period in engorged females,Pre-Oviposition Period in engorged females,PATO,PATO:0000498,increased duration,A duration quality of a process which is relatively high.,0.222,FALSE
Pre-Oviposition Period in engorged females,Pre-Oviposition Period in engorged females,PATO,PATO:0001537,soluble in,A solubility quality inhering in a substance by virtue of the bearer's disposition to dissolve in a liquid.,0.0328,FALSE
Pre-Oviposition Period in engorged females,Pre-Oviposition Period in engorged females,PATO,PATO:0001538,insoluble in,A solubility quality inhering in a substance by virtue of the bearer's inability of a substance to dissolve in a liquid.,0.0783,FALSE
Development Rate (Egg),1 / time for egg incubation across const temps,OBA,OBA:0002217,embryo development rate,The rate of a embryo development.,0.4092,FALSE
Development Rate (Egg),1 / time for egg incubation across const temps,OBA,OBA:0003600,artery development rate,The rate of a artery development.,0.196,FALSE
Development Rate (Egg),1 / time for egg incubation across const temps,OBA,OBA:0003599,ovarian follicle development rate,The rate of a ovarian follicle development.,0.3098,FALSE
Development Rate (Egg),1 / time for egg incubation across const temps,OBA,OBA:0004171,lung alveolus development rate,The rate of a lung alveolus development.,0.2634,FALSE
Development Rate (Egg),1 / time for egg incubation across const temps,OBA,OBA:0005316,mesenchymal cell proliferation involved in lung development rate,The rate of a mesenchymal cell proliferation involved in lung development.,0.1961,FALSE
Development Rate (Egg),1 / time for egg incubation across const temps,PATO,PATO:0000161,rate,A quality of a single process inhering in a bearer by virtue of the bearer's occurrence per unit time.,0.2,FALSE
Development Rate (Egg),1 / time for egg incubation across const temps,PATO,PATO:0000911,decreased rate,A rate which is relatively low.,0.213,FALSE
Development Rate (Egg),1 / time for egg incubation across const temps,PATO,PATO:0000912,increased rate,A rate which is relatively high.,0.1938,FALSE
Development Rate (Egg),1 / time for egg incubation across const temps,PATO,PATO:0001492,growth rate,The rate or speed of the change in size of an individual entity or change in number of a population.,0.2385,FALSE
Development Rate (Egg),1 / time for egg incubation across const temps,PATO,PATO:0001574,flow rate,A physical quality inhering in a bearer by virtue of the bearer's motion characteristic.,0.0983,FALSE
Development Rate (Larva),1 / development time of Engorged Larva,OBA,OBA:0002217,embryo development rate,The rate of a embryo development.,0.4839,FALSE
Development Rate (Larva),1 / development time of Engorged Larva,OBA,OBA:0003600,artery development rate,The rate of a artery development.,0.3636,FALSE
Development Rate (Larva),1 / development time of Engorged Larva,OBA,OBA:0003599,ovarian follicle development rate,The rate of a ovarian follicle development.,0.4013,FALSE
Development Rate (Larva),1 / development time of Engorged Larva,OBA,OBA:0004171,lung alveolus development rate,The rate of a lung alveolus development.,0.4068,FALSE
Development Rate (Larva),1 / development time of Engorged Larva,OBA,OBA:0005316,mesenchymal cell proliferation involved in lung development rate,The rate of a mesenchymal cell proliferation involved in lung development.,0.3498,FALSE
Development Rate (Larva),1 / development time of Engorged Larva,PATO,PATO:0000161,rate,A quality of a single process inhering in a bearer by virtue of the bearer's occurrence per unit time.,0.2344,FALSE
Development Rate (Larva),1 / development time of Engorged Larva,PATO,PATO:0000911,decreased rate,A rate which is relatively low.,0.2198,FALSE
Development Rate (Larva),1 / development time of Engorged Larva,PATO,PATO:0000912,increased rate,A rate which is relatively high.,0.1989,FALSE
Development Rate (Larva),1 / development time of Engorged Larva,PATO,PATO:0001492,growth rate,The rate or speed of the change in size of an individual entity or change in number of a population.,0.2773,FALSE
Development Rate (Larva),1 / development time of Engorged Larva,PATO,PATO:0001574,flow rate,A physical quality inhering in a bearer by virtue of the bearer's motion characteristic.,0.0983,FALSE
Development Rate (Nymph),1 / development time of Engorged Nymph,OBA,OBA:0002217,embryo development rate,The rate of a embryo development.,0.4696,FALSE
Development Rate (Nymph),1 / development time of Engorged Nymph,OBA,OBA:0003600,artery development rate,The rate of a artery development.,0.3541,FALSE
Development Rate (Nymph),1 / development time of Engorged Nymph,OBA,OBA:0003599,ovarian follicle development rate,The rate of a ovarian follicle development.,0.4003,FALSE
Development Rate (Nymph),1 / development time of Engorged Nymph,OBA,OBA:0004171,lung alveolus development rate,The rate of a lung alveolus development.,0.3528,FALSE
Development Rate (Nymph),1 / development time of Engorged Nymph,OBA,OBA:0005316,mesenchymal cell proliferation involved in lung development rate,The rate of a mesenchymal cell proliferation involved in lung development.,0.2982,FALSE
Development Rate (Nymph),1 / development time of Engorged Nymph,PATO,PATO:0000161,rate,A quality of a single process inhering in a bearer by virtue of the bearer's occurrence per unit time.,0.2108,FALSE
Development Rate (Nymph),1 / development time of Engorged Nymph,PATO,PATO:0000911,decreased rate,A rate which is relatively low.,0.2292,FALSE
Development Rate (Nymph),1 / development time of Engorged Nymph,PATO,PATO:0000912,increased rate,A rate which is relatively high.,0.2037,FALSE
Development Rate (Nymph),1 / development time of Engorged Nymph,PATO,PATO:0001492,growth rate,The rate or speed of the change in size of an individual entity or change in number of a population.,0.2897,FALSE
Development Rate (Nymph),1 / development time of Engorged Nymph,PATO,PATO:0001574,flow rate,A physical quality inhering in a bearer by virtue of the bearer's motion characteristic.,0.0828,FALSE
Development Rate,percent of immature stages remaining x days after attatchment,OBA,OBA:0002217,embryo development rate,The rate of a embryo development.,0.4433,FALSE
Development Rate,percent of immature stages remaining x days after attatchment,OBA,OBA:0003600,artery development rate,The rate of a artery development.,0.3018,FALSE
Development Rate,percent of immature stages remaining x days after attatchment,OBA,OBA:0003599,ovarian follicle development rate,The rate of a ovarian follicle development.,0.3212,FALSE
Development Rate,percent of immature stages remaining x days after attatchment,OBA,OBA:0004171,lung alveolus development rate,The rate of a lung alveolus development.,0.2989,FALSE
Development Rate,percent of immature stages remaining x days after attatchment,OBA,OBA:0005316,mesenchymal cell proliferation involved in lung development rate,The rate of a mesenchymal cell proliferation involved in lung development.,0.2619,FALSE
Development Rate,percent of immature stages remaining x days after attatchment,PATO,PATO:0000161,rate,A quality of a single process inhering in a bearer by virtue of the bearer's occurrence per unit time.,0.1677,FALSE
Development Rate,percent of immature stages remaining x days after attatchment,PATO,PATO:0000911,decreased rate,A rate which is relatively low.,0.2261,FALSE
Development Rate,percent of immature stages remaining x days after attatchment,PATO,PATO:0000912,increased rate,A rate which is relatively high.,0.2139,FALSE
Development Rate,percent of immature stages remaining x days after attatchment,PATO,PATO:0001492,growth rate,The rate or speed of the change in size of an individual entity or change in number of a population.,0.2336,FALSE
Development Rate,percent of immature stages remaining x days after attatchment,PATO,PATO:0001574,flow rate,A physical quality inhering in a bearer by virtue of the bearer's motion characteristic.,0.0749,FALSE
Development Rate,Percent of emerging males who develop on day X after attatchment (premolt period),OBA,OBA:0002217,embryo development rate,The rate of a embryo development.,0.4193,FALSE
Development Rate,Percent of emerging males who develop on day X after attatchment (premolt period),OBA,OBA:0003600,artery development rate,The rate of a artery development.,0.2638,FALSE
Development Rate,Percent of emerging males who develop on day X after attatchment (premolt period),OBA,OBA:0003599,ovarian follicle development rate,The rate of a ovarian follicle development.,0.3172,FALSE
Development Rate,Percent of emerging males who develop on day X after attatchment (premolt period),OBA,OBA:0004171,lung alveolus development rate,The rate of a lung alveolus development.,0.2877,FALSE
Development Rate,Percent of emerging males who develop on day X after attatchment (premolt period),OBA,OBA:0005316,mesenchymal cell proliferation involved in lung development rate,The rate of a mesenchymal cell proliferation involved in lung development.,0.2964,FALSE
Development Rate,Percent of emerging males who develop on day X after attatchment (premolt period),PATO,PATO:0000161,rate,A quality of a single process inhering in a bearer by virtue of the bearer's occurrence per unit time.,0.1708,FALSE
Development Rate,Percent of emerging males who develop on day X after attatchment (premolt period),PATO,PATO:0000911,decreased rate,A rate which is relatively low.,0.1849,FALSE
Development Rate,Percent of emerging males who develop on day X after attatchment (premolt period),PATO,PATO:0000912,increased rate,A rate which is relatively high.,0.209,FALSE
Development Rate,Percent of emerging males who develop on day X after attatchment (premolt period),PATO,PATO:0001492,growth rate,The rate or speed of the change in size of an individual entity or change in number of a population.,0.2335,FALSE
Development Rate,Percent of emerging males who develop on day X after attatchment (premolt period),PATO,PATO:0001574,flow rate,A physical quality inhering in a bearer by virtue of the bearer's motion characteristic.,0.0908,FALSE
Development Rate,Percent of emerging females who develop on day X after attatchment (premolt period),OBA,OBA:0002217,embryo development rate,The rate of a embryo development.,0.4555,FALSE
Development Rate,Percent of emerging females who develop on day X after attatchment (premolt period),OBA,OBA:0003600,artery development rate,The rate of a artery development.,0.2822,FALSE
Development Rate,Percent of emerging females who develop on day X after attatchment (premolt period),OBA,OBA:0003599,ovarian follicle development rate,The rate of a ovarian follicle development.,0.4044,FALSE
Development Rate,Percent of emerging females who develop on day X after attatchment (premolt period),OBA,OBA:0004171,lung alveolus development rate,The rate of a lung alveolus development.,0.3061,FALSE
Development Rate,Percent of emerging females who develop on day X after attatchment (premolt period),OBA,OBA:0005316,mesenchymal cell proliferation involved in lung development rate,The rate of a mesenchymal cell proliferation involved in lung development.,0.2849,FALSE
Development Rate,Percent of emerging females who develop on day X after attatchment (premolt period),PATO,PATO:0000161,rate,A quality of a single process inhering in a bearer by virtue of the bearer's occurrence per unit time.,0.1787,FALSE
Development Rate,Percent of emerging females who develop on day X after attatchment (premolt period),PATO,PATO:0000911,decreased rate,A rate which is relatively low.,0.2082,FALSE
Development Rate,Percent of emerging females who develop on day X after attatchment (premolt period),PATO,PATO:0000912,increased rate,A rate which is relatively high.,0.2195,FALSE
Development Rate,Percent of emerging females who develop on day X after attatchment (premolt period),PATO,PATO:0001492,growth rate,The rate or speed of the change in size of an individual entity or change in number of a population.,0.241,FALSE
Development Rate,Percent of emerging females who develop on day X after attatchment (premolt period),PATO,PATO:0001574,flow rate,A physical quality inhering in a bearer by virtue of the bearer's motion characteristic.,0.0926,FALSE
metabolic rate,mean CO2 production (VCO2) (RMR: resting metabolic rate),OBA,OBA:0002575,galactose metabolic process rate,The rate of a galactose metabolic process.,0.2974,FALSE
metabolic rate,mean CO2 production (VCO2) (RMR: resting metabolic rate),OBA,OBA:0003195,fructose metabolic process rate,The rate of a fructose metabolic process.,0.2987,FALSE
metabolic rate,mean CO2 production (VCO2) (RMR: resting metabolic rate),OBA,OBA:0002011,micturition rate,The rate of a micturition.,0.2246,FALSE
metabolic rate,mean CO2 production (VCO2) (RMR: resting metabolic rate),OBA,OBA:0002200,reflex rate,The rate of a reflex.,0.2217,FALSE
metabolic rate,mean CO2 production (VCO2) (RMR: resting metabolic rate),OBA,OBA:0002672,gluconeogenesis rate,The rate of a gluconeogenesis.,0.3015,FALSE
metabolic rate,mean CO2 production (VCO2) (RMR: resting metabolic rate),PATO,PATO:0000161,rate,A quality of a single process inhering in a bearer by virtue of the bearer's occurrence per unit time.,0.1954,FALSE
metabolic rate,mean CO2 production (VCO2) (RMR: resting metabolic rate),PATO,PATO:0000911,decreased rate,A rate which is relatively low.,0.2231,FALSE
metabolic rate,mean CO2 production (VCO2) (RMR: resting metabolic rate),PATO,PATO:0000912,increased rate,A rate which is relatively high.,0.2078,FALSE
metabolic rate,mean CO2 production (VCO2) (RMR: resting metabolic rate),PATO,PATO:0001492,growth rate,The rate or speed of the change in size of an individual entity or change in number of a population.,0.1741,FALSE
metabolic rate,mean CO2 production (VCO2) (RMR: resting metabolic rate),PATO,PATO:0001574,flow rate,A physical quality inhering in a bearer by virtue of the bearer's motion characteristic.,0.1383,FALSE
metabolic rate,mean CO2 production rate as a function of exposure temperature and acclimation temperature (secondstressor),OBA,OBA:0002575,galactose metabolic process rate,The rate of a galactose metabolic process.,0.3073,FALSE
metabolic rate,mean CO2 production rate as a function of exposure temperature and acclimation temperature (secondstressor),OBA,OBA:0003195,fructose metabolic process rate,The rate of a fructose metabolic process.,0.314,FALSE
metabolic rate,mean CO2 production rate as a function of exposure temperature and acclimation temperature (secondstressor),OBA,OBA:0002011,micturition rate,The rate of a micturition.,0.1727,FALSE
metabolic rate,mean CO2 production rate as a function of exposure temperature and acclimation temperature (secondstressor),OBA,OBA:0002200,reflex rate,The rate of a reflex.,0.251,FALSE
metabolic rate,mean CO2 production rate as a function of exposure temperature and acclimation temperature (secondstressor),OBA,OBA:0002672,gluconeogenesis rate,The rate of a gluconeogenesis.,0.312,FALSE
metabolic rate,mean CO2 production rate as a function of exposure temperature and acclimation temperature (secondstressor),PATO,PATO:0000161,rate,A quality of a single process inhering in a bearer by virtue of the bearer's occurrence per unit time.,0.2361,FALSE
metabolic rate,mean CO2 production rate as a function of exposure temperature and acclimation temperature (secondstressor),PATO,PATO:0000911,decreased rate,A rate which is relatively low.,0.2184,FALSE
metabolic rate,mean CO2 production rate as a function of exposure temperature and acclimation temperature (secondstressor),PATO,PATO:0000912,increased rate,A rate which is relatively high.,0.2258,FALSE
metabolic rate,mean CO2 production rate as a function of exposure temperature and acclimation temperature (secondstressor),PATO,PATO:0001492,growth rate,The rate or speed of the change in size of an individual entity or change in number of a population.,0.2666,FALSE
metabolic rate,mean CO2 production rate as a function of exposure temperature and acclimation temperature (secondstressor),PATO,PATO:0001574,flow rate,A physical quality inhering in a bearer by virtue of the bearer's motion characteristic.,0.1293,FALSE
metabolic rate,mean CO2 production rate,OBA,OBA:0002575,galactose metabolic process rate,The rate of a galactose metabolic process.,0.3791,FALSE
metabolic rate,mean CO2 production rate,OBA,OBA:0003195,fructose metabolic process rate,The rate of a fructose metabolic process.,0.3745,FALSE
metabolic rate,mean CO2 production rate,OBA,OBA:0002011,micturition rate,The rate of a micturition.,0.2915,FALSE
metabolic rate,mean CO2 production rate,OBA,OBA:0002200,reflex rate,The rate of a reflex.,0.2825,FALSE
metabolic rate,mean CO2 production rate,OBA,OBA:0002672,gluconeogenesis rate,The rate of a gluconeogenesis.,0.4286,FALSE
metabolic rate,mean CO2 production rate,PATO,PATO:0000161,rate,A quality of a single process inhering in a bearer by virtue of the bearer's occurrence per unit time.,0.2482,FALSE
metabolic rate,mean CO2 production rate,PATO,PATO:0000911,decreased rate,A rate which is relatively low.,0.3031,FALSE
metabolic rate,mean CO2 production rate,PATO,PATO:0000912,increased rate,A rate which is relatively high.,0.298,FALSE
metabolic rate,mean CO2 production rate,PATO,PATO:0001492,growth rate,The rate or speed of the change in size of an individual entity or change in number of a population.,0.2674,FALSE
metabolic rate,mean CO2 production rate,PATO,PATO:0001574,flow rate,A physical quality inhering in a bearer by virtue of the bearer's motion characteristic.,0.0971,FALSE
metabolic rate (active),mean active metabolic rate (AMR),OBA,OBA:0002575,galactose metabolic process rate,The rate of a galactose metabolic process.,0.2955,FALSE
metabolic rate (active),mean active metabolic rate (AMR),OBA,OBA:0003195,fructose metabolic process rate,The rate of a fructose metabolic process.,0.3235,FALSE
metabolic rate (active),mean active metabolic rate (AMR),OBA,OBA:0002011,micturition rate,The rate of a micturition.,0.1967,FALSE
metabolic rate (active),mean active metabolic rate (AMR),OBA,OBA:0002200,reflex rate,The rate of a reflex.,0.2121,FALSE
metabolic rate (active),mean active metabolic rate (AMR),OBA,OBA:0002672,gluconeogenesis rate,The rate of a gluconeogenesis.,0.2652,FALSE
metabolic rate (active),mean active metabolic rate (AMR),PATO,PATO:0002354,active,A quality of an physical object that is currently realizing one of its functions.,0.2283,FALSE
metabolic rate (active),mean active metabolic rate (AMR),PATO,PATO:0001707,behavioural active,A behavioral quality of a process inhering in a bearer by virtue of the bearer's exhibiting marked activity.,0.3199,FALSE
metabolic rate (active),mean active metabolic rate (AMR),PATO,PATO:0002356,constitutively active,A quality of a physical object that has been constantly realizing some of its functions.,0.1905,FALSE
metabolic rate (active),mean active metabolic rate (AMR),PATO,PATO:0002414,chronic-active,"A quality of duration having progressive course of indefinite duration with active, acute-like elements.",0.2165,FALSE
metabolic rate (active),mean active metabolic rate (AMR),PATO,PATO:0000161,rate,A quality of a single process inhering in a bearer by virtue of the bearer's occurrence per unit time.,0.2316,FALSE
metabolic rate,mean respiratory CO2 rate (RCO2),OBA,OBA:0002575,galactose metabolic process rate,The rate of a galactose metabolic process.,0.292,FALSE
metabolic rate,mean respiratory CO2 rate (RCO2),OBA,OBA:0003195,fructose metabolic process rate,The rate of a fructose metabolic process.,0.2805,FALSE
metabolic rate,mean respiratory CO2 rate (RCO2),OBA,OBA:0002011,micturition rate,The rate of a micturition.,0.2836,FALSE
metabolic rate,mean respiratory CO2 rate (RCO2),OBA,OBA:0002200,reflex rate,The rate of a reflex.,0.3179,FALSE
metabolic rate,mean respiratory CO2 rate (RCO2),OBA,OBA:0002672,gluconeogenesis rate,The rate of a gluconeogenesis.,0.3267,FALSE
metabolic rate,mean respiratory CO2 rate (RCO2),PATO,PATO:0000161,rate,A quality of a single process inhering in a bearer by virtue of the bearer's occurrence per unit time.,0.1969,FALSE
metabolic rate,mean respiratory CO2 rate (RCO2),PATO,PATO:0000911,decreased rate,A rate which is relatively low.,0.2796,FALSE
metabolic rate,mean respiratory CO2 rate (RCO2),PATO,PATO:0000912,increased rate,A rate which is relatively high.,0.2589,FALSE
metabolic rate,mean respiratory CO2 rate (RCO2),PATO,PATO:0001492,growth rate,The rate or speed of the change in size of an individual entity or change in number of a population.,0.2185,FALSE
metabolic rate,mean respiratory CO2 rate (RCO2),PATO,PATO:0001574,flow rate,A physical quality inhering in a bearer by virtue of the bearer's motion characteristic.,0.1402,FALSE
metabolic heat rate,mean metabolic heat rate (or 455RCO2),OBA,OBA:0002575,galactose metabolic process rate,The rate of a galactose metabolic process.,0.3313,FALSE
metabolic heat rate,mean metabolic heat rate (or 455RCO2),OBA,OBA:0003195,fructose metabolic process rate,The rate of a fructose metabolic process.,0.3571,FALSE
metabolic heat rate,mean metabolic heat rate (or 455RCO2),OBA,OBA:0002011,micturition rate,The rate of a micturition.,0.262,FALSE
metabolic heat rate,mean metabolic heat rate (or 455RCO2),OBA,OBA:0002200,reflex rate,The rate of a reflex.,0.2702,FALSE
metabolic heat rate,mean metabolic heat rate (or 455RCO2),OBA,OBA:0002672,gluconeogenesis rate,The rate of a gluconeogenesis.,0.3002,FALSE
metabolic heat rate,mean metabolic heat rate (or 455RCO2),PATO,PATO:0001756,heat conductivity,A conductivity quality inhering in a bearer by virtue of the bearer's disposition to spontaneous transfer of thermal energy from a region of higher temperature to a region of lower temperature.,0.2358,FALSE
metabolic heat rate,mean metabolic heat rate (or 455RCO2),PATO,PATO:0000161,rate,A quality of a single process inhering in a bearer by virtue of the bearer's occurrence per unit time.,0.2201,FALSE
metabolic heat rate,mean metabolic heat rate (or 455RCO2),PATO,PATO:0000911,decreased rate,A rate which is relatively low.,0.2287,FALSE
metabolic heat rate,mean metabolic heat rate (or 455RCO2),PATO,PATO:0000912,increased rate,A rate which is relatively high.,0.2454,FALSE
metabolic heat rate,mean metabolic heat rate (or 455RCO2),PATO,PATO:0001492,growth rate,The rate or speed of the change in size of an individual entity or change in number of a population.,0.1784,FALSE
anabolic rate,mean anabolic rate,OBA,OBA:0002011,micturition rate,The rate of a micturition.,0.2223,FALSE
anabolic rate,mean anabolic rate,OBA,OBA:0002200,reflex rate,The rate of a reflex.,0.253,FALSE
anabolic rate,mean anabolic rate,OBA,OBA:0002672,gluconeogenesis rate,The rate of a gluconeogenesis.,0.3347,FALSE
anabolic rate,mean anabolic rate,OBA,OBA:0002850,spermatogenesis rate,The rate of a spermatogenesis.,0.2658,FALSE
anabolic rate,mean anabolic rate,OBA,OBA:0003172,anagen rate,The rate of a anagen.,0.3845,FALSE
anabolic rate,mean anabolic rate,PATO,PATO:0000161,rate,A quality of a single process inhering in a bearer by virtue of the bearer's occurrence per unit time.,0.2366,FALSE
anabolic rate,mean anabolic rate,PATO,PATO:0000911,decreased rate,A rate which is relatively low.,0.2415,FALSE
anabolic rate,mean anabolic rate,PATO,PATO:0000912,increased rate,A rate which is relatively high.,0.2547,FALSE
anabolic rate,mean anabolic rate,PATO,PATO:0001492,growth rate,The rate or speed of the change in size of an individual entity or change in number of a population.,0.1989,FALSE
anabolic rate,mean anabolic rate,PATO,PATO:0001574,flow rate,A physical quality inhering in a bearer by virtue of the bearer's motion characteristic.,0.1742,FALSE
metabolic rate (resting),mean oxygen consumption of inactive individuals that produced fewer than 0.3 spikes/sec over several minutes of observation,OBA,OBA:0002575,galactose metabolic process rate,The rate of a galactose metabolic process.,0.258,FALSE
metabolic rate (resting),mean oxygen consumption of inactive individuals that produced fewer than 0.3 spikes/sec over several minutes of observation,OBA,OBA:0003195,fructose metabolic process rate,The rate of a fructose metabolic process.,0.2836,FALSE
metabolic rate (resting),mean oxygen consumption of inactive individuals that produced fewer than 0.3 spikes/sec over several minutes of observation,OBA,OBA:1000821,resting posture quality,The quality of a resting posture.,0.2431,FALSE
metabolic rate (resting),mean oxygen consumption of inactive individuals that produced fewer than 0.3 spikes/sec over several minutes of observation,OBA,OBA:1001087,heart rate,The rate of a heart contraction.,0.2471,FALSE
metabolic rate (resting),mean oxygen consumption of inactive individuals that produced fewer than 0.3 spikes/sec over several minutes of observation,PATO,PATO:0000161,rate,A quality of a single process inhering in a bearer by virtue of the bearer's occurrence per unit time.,0.232,FALSE
metabolic rate (resting),mean oxygen consumption of inactive individuals that produced fewer than 0.3 spikes/sec over several minutes of observation,PATO,PATO:0000911,decreased rate,A rate which is relatively low.,0.3066,FALSE
metabolic rate (resting),mean oxygen consumption of inactive individuals that produced fewer than 0.3 spikes/sec over several minutes of observation,PATO,PATO:0000912,increased rate,A rate which is relatively high.,0.1926,FALSE
metabolic rate (resting),mean oxygen consumption of inactive individuals that produced fewer than 0.3 spikes/sec over several minutes of observation,PATO,PATO:0001492,growth rate,The rate or speed of the change in size of an individual entity or change in number of a population.,0.1481,FALSE
metabolic rate (resting),mean oxygen consumption of inactive individuals that produced fewer than 0.3 spikes/sec over several minutes of observation,PATO,PATO:0001574,flow rate,A physical quality inhering in a bearer by virtue of the bearer's motion characteristic.,0.1284,FALSE
metabolic rate,mean oxygen uptake rate,OBA,OBA:0002575,galactose metabolic process rate,The rate of a galactose metabolic process.,0.3625,FALSE
metabolic rate,mean oxygen uptake rate,OBA,OBA:0003195,fructose metabolic process rate,The rate of a fructose metabolic process.,0.3578,FALSE
metabolic rate,mean oxygen uptake rate,OBA,OBA:0002011,micturition rate,The rate of a micturition.,0.2881,FALSE
metabolic rate,mean oxygen uptake rate,OBA,OBA:0002200,reflex rate,The rate of a reflex.,0.2423,FALSE
metabolic rate,mean oxygen uptake rate,OBA,OBA:0002672,gluconeogenesis rate,The rate of a gluconeogenesis.,0.3156,FALSE
metabolic rate,mean oxygen uptake rate,PATO,PATO:0000161,rate,A quality of a single process inhering in a bearer by virtue of the bearer's occurrence per unit time.,0.2472,FALSE
metabolic rate,mean oxygen uptake rate,PATO,PATO:0000911,decreased rate,A rate which is relatively low.,0.2879,FALSE
metabolic rate,mean oxygen uptake rate,PATO,PATO:0000912,increased rate,A rate which is relatively high.,0.2905,FALSE
metabolic rate,mean oxygen uptake rate,PATO,PATO:0001492,growth rate,The rate or speed of the change in size of an individual entity or change in number of a population.,0.235,FALSE
metabolic rate,mean oxygen uptake rate,PATO,PATO:0001574,flow rate,A physical quality inhering in a bearer by virtue of the bearer's motion characteristic.,0.1464,FALSE
metabolic rate (standard),mean CO2 production rate (VCO2),OBA,OBA:0002575,galactose metabolic process rate,The rate of a galactose metabolic process.,0.3463,FALSE
metabolic rate (standard),mean CO2 production rate (VCO2),OBA,OBA:0003195,fructose metabolic process rate,The rate of a fructose metabolic process.,0.3389,FALSE
metabolic rate (standard),mean CO2 production rate (VCO2),OBA,OBA:0002011,micturition rate,The rate of a micturition.,0.2861,FALSE
metabolic rate (standard),mean CO2 production rate (VCO2),OBA,OBA:0002200,reflex rate,The rate of a reflex.,0.2556,FALSE
metabolic rate (standard),mean CO2 production rate (VCO2),OBA,OBA:0002672,gluconeogenesis rate,The rate of a gluconeogenesis.,0.3632,FALSE
metabolic rate (standard),mean CO2 production rate (VCO2),PATO,PATO:0000161,rate,A quality of a single process inhering in a bearer by virtue of the bearer's occurrence per unit time.,0.2234,FALSE
metabolic rate (standard),mean CO2 production rate (VCO2),PATO,PATO:0070017,standard pyramidal morphology,A pyramidal family morphology that inheres in neurons which have a standard pyramidal shape with its apical dendrite aligned vertically.,0.0402,FALSE
metabolic rate (standard),mean CO2 production rate (VCO2),PATO,PATO:0000911,decreased rate,A rate which is relatively low.,0.2469,FALSE
metabolic rate (standard),mean CO2 production rate (VCO2),PATO,PATO:0000912,increased rate,A rate which is relatively high.,0.2575,FALSE
metabolic rate (standard),mean CO2 production rate (VCO2),PATO,PATO:0001492,growth rate,The rate or speed of the change in size of an individual entity or change in number of a population.,0.2218,FALSE
conversion efficiency index,percentage of adult female weight post feeding that was converted into egg mass,OBA,OBA:2045455,body mass to height ratio,A compound attribute that is the ratio of body mass to body height.,0.2781,FALSE
conversion efficiency index,percentage of adult female weight post feeding that was converted into egg mass,OBA,OBA:2045456,body mass to body extent ratio,A compound attribute that is the ratio of body mass to body extent.,0.323,FALSE
conversion efficiency index,percentage of adult female weight post feeding that was converted into egg mass,OBA,OBA:2045282,facial pigmentation,The degree of pigmentation of a face.,0.1555,FALSE
conversion efficiency index,percentage of adult female weight post feeding that was converted into egg mass,OBA,OBA:0003330,calcaneus size,The size of a calcaneus.,0.1453,FALSE
conversion efficiency index,percentage of adult female weight post feeding that was converted into egg mass,PATO,PATO:0001029,efficiency,A physical quality inhering in a bearer by virtue of ratio of the bearer's output to the bearer's input.,0.1654,FALSE
conversion efficiency index,percentage of adult female weight post feeding that was converted into egg mass,PATO,PATO:0001675,decreased efficiency,An efficiency which is relatively low.,0.2295,FALSE
conversion efficiency index,percentage of adult female weight post feeding that was converted into egg mass,PATO,PATO:0001676,increased efficiency,An efficiency which is relatively high.,0.2541,FALSE
conversion efficiency index,percentage of adult female weight post feeding that was converted into egg mass,PATO,PATO:0045015,normal efficiency,An efficiency which is relatively normal or average.,0.2089,FALSE
conversion efficiency index,percentage of adult female weight post feeding that was converted into egg mass,PATO,PATO:0001677,inefficient,An efficiency quality inhering in a bearer by virtue of the bearer's lacking efficiency.,0.1099,FALSE
conversion efficiency index,total mg eggs produced divided by mg engorged weight,OBA,OBA:2045455,body mass to height ratio,A compound attribute that is the ratio of body mass to body height.,0.2287,FALSE
conversion efficiency index,total mg eggs produced divided by mg engorged weight,OBA,OBA:2045456,body mass to body extent ratio,A compound attribute that is the ratio of body mass to body extent.,0.2799,FALSE
conversion efficiency index,total mg eggs produced divided by mg engorged weight,OBA,OBA:2045282,facial pigmentation,The degree of pigmentation of a face.,0.1631,FALSE
conversion efficiency index,total mg eggs produced divided by mg engorged weight,OBA,OBA:0003330,calcaneus size,The size of a calcaneus.,0.1545,FALSE
conversion efficiency index,total mg eggs produced divided by mg engorged weight,PATO,PATO:0001029,efficiency,A physical quality inhering in a bearer by virtue of ratio of the bearer's output to the bearer's input.,0.1961,FALSE
conversion efficiency index,total mg eggs produced divided by mg engorged weight,PATO,PATO:0001675,decreased efficiency,An efficiency which is relatively low.,0.1825,FALSE
conversion efficiency index,total mg eggs produced divided by mg engorged weight,PATO,PATO:0001676,increased efficiency,An efficiency which is relatively high.,0.1956,FALSE
conversion efficiency index,total mg eggs produced divided by mg engorged weight,PATO,PATO:0045015,normal efficiency,An efficiency which is relatively normal or average.,0.1796,FALSE
conversion efficiency index,total mg eggs produced divided by mg engorged weight,PATO,PATO:0001677,inefficient,An efficiency quality inhering in a bearer by virtue of the bearer's lacking efficiency.,0.1202,FALSE
feed conversion rate,ability to produce eggs relative to the weight at detachment of each engorged female,OBA,OBA:0002011,micturition rate,The rate of a micturition.,0.1999,FALSE
feed conversion rate,ability to produce eggs relative to the weight at detachment of each engorged female,OBA,OBA:0002200,reflex rate,The rate of a reflex.,0.1883,FALSE
feed conversion rate,ability to produce eggs relative to the weight at detachment of each engorged female,OBA,OBA:0002672,gluconeogenesis rate,The rate of a gluconeogenesis.,0.2163,FALSE
feed conversion rate,ability to produce eggs relative to the weight at detachment of each engorged female,OBA,OBA:0002850,spermatogenesis rate,The rate of a spermatogenesis.,0.2942,FALSE
feed conversion rate,ability to produce eggs relative to the weight at detachment of each engorged female,OBA,OBA:0003172,anagen rate,The rate of a anagen.,0.2835,FALSE
feed conversion rate,ability to produce eggs relative to the weight at detachment of each engorged female,PATO,PATO:0000161,rate,A quality of a single process inhering in a bearer by virtue of the bearer's occurrence per unit time.,0.2724,FALSE
feed conversion rate,ability to produce eggs relative to the weight at detachment of each engorged female,PATO,PATO:0000911,decreased rate,A rate which is relatively low.,0.2242,FALSE
feed conversion rate,ability to produce eggs relative to the weight at detachment of each engorged female,PATO,PATO:0000912,increased rate,A rate which is relatively high.,0.2356,FALSE
feed conversion rate,ability to produce eggs relative to the weight at detachment of each engorged female,PATO,PATO:0001492,growth rate,The rate or speed of the change in size of an individual entity or change in number of a population.,0.2524,FALSE
feed conversion rate,ability to produce eggs relative to the weight at detachment of each engorged female,PATO,PATO:0001574,flow rate,A physical quality inhering in a bearer by virtue of the bearer's motion characteristic.,0.1863,FALSE
conversion efficiency,total number of eggs produced divided by engorged weight,OBA,OBA:2040170,sleep quality,The quality of a sleep.,0.1804,FALSE
conversion efficiency,total number of eggs produced divided by engorged weight,OBA,OBA:VT0015058,brain physiology trait,The functionality of a brain.,0.1129,FALSE
conversion efficiency,total number of eggs produced divided by engorged weight,OBA,OBA:2045295,brain connectivity attribute,The structure of a brain.,0.1198,FALSE
conversion efficiency,total number of eggs produced divided by engorged weight,OBA,CHEBI:62803,fuel additive,Any additive that enhances the efficiency of fuel.,0.0612,FALSE
conversion efficiency,total number of eggs produced divided by engorged weight,PATO,PATO:0001029,efficiency,A physical quality inhering in a bearer by virtue of ratio of the bearer's output to the bearer's input.,0.2283,FALSE
conversion efficiency,total number of eggs produced divided by engorged weight,PATO,PATO:0001675,decreased efficiency,An efficiency which is relatively low.,0.192,FALSE
conversion efficiency,total number of eggs produced divided by engorged weight,PATO,PATO:0001676,increased efficiency,An efficiency which is relatively high.,0.2096,FALSE
conversion efficiency,total number of eggs produced divided by engorged weight,PATO,PATO:0045015,normal efficiency,An efficiency which is relatively normal or average.,0.2029,FALSE
conversion efficiency,total number of eggs produced divided by engorged weight,PATO,PATO:0001677,inefficient,An efficiency quality inhering in a bearer by virtue of the bearer's lacking efficiency.,0.1363,FALSE
reproductive efficiency index,mean number of eggs per mg weight of engorged female,OBA,OBA:0002007,reproductive system size,The size of a reproductive system.,0.2707,FALSE
reproductive efficiency index,mean number of eggs per mg weight of engorged female,OBA,OBA:0002409,reproductive system displaced,The displaced of a reproductive system.,0.2201,FALSE
reproductive efficiency index,mean number of eggs per mg weight of engorged female,OBA,OBA:2050117,reproductive behavior trait,The quality of a reproductive behavior.,0.2323,FALSE
reproductive efficiency index,mean number of eggs per mg weight of engorged female,OBA,OBA:VT0005389,reproductive system trait,The quality when measured in reproductive system.,0.2542,FALSE
reproductive efficiency index,mean number of eggs per mg weight of engorged female,OBA,OBA:0004643,male reproductive organ morphology,The morphology of a male reproductive organ.,0.2202,FALSE
reproductive efficiency index,mean number of eggs per mg weight of engorged female,PATO,PATO:0001029,efficiency,A physical quality inhering in a bearer by virtue of ratio of the bearer's output to the bearer's input.,0.1011,FALSE
reproductive efficiency index,mean number of eggs per mg weight of engorged female,PATO,PATO:0001675,decreased efficiency,An efficiency which is relatively low.,0.1517,FALSE
reproductive efficiency index,mean number of eggs per mg weight of engorged female,PATO,PATO:0001676,increased efficiency,An efficiency which is relatively high.,0.156,FALSE
reproductive efficiency index,mean number of eggs per mg weight of engorged female,PATO,PATO:0045015,normal efficiency,An efficiency which is relatively normal or average.,0.1964,FALSE
reproductive efficiency index,mean number of eggs per mg weight of engorged female,PATO,PATO:0001434,reproductive quality,An organismal quality inhering in a bearer by virtue of the bearer's ability to produce new life or offspring.,0.1543,FALSE
reproductive efficiency index,ratio of lifetime eggs to engorged female weight,OBA,OBA:0002007,reproductive system size,The size of a reproductive system.,0.3462,FALSE
reproductive efficiency index,ratio of lifetime eggs to engorged female weight,OBA,OBA:0002409,reproductive system displaced,The displaced of a reproductive system.,0.2661,FALSE
reproductive efficiency index,ratio of lifetime eggs to engorged female weight,OBA,OBA:2050117,reproductive behavior trait,The quality of a reproductive behavior.,0.3071,FALSE
reproductive efficiency index,ratio of lifetime eggs to engorged female weight,OBA,OBA:VT0005389,reproductive system trait,The quality when measured in reproductive system.,0.3178,FALSE
reproductive efficiency index,ratio of lifetime eggs to engorged female weight,OBA,OBA:0004643,male reproductive organ morphology,The morphology of a male reproductive organ.,0.2323,FALSE
reproductive efficiency index,ratio of lifetime eggs to engorged female weight,PATO,PATO:0001029,efficiency,A physical quality inhering in a bearer by virtue of ratio of the bearer's output to the bearer's input.,0.1995,FALSE
reproductive efficiency index,ratio of lifetime eggs to engorged female weight,PATO,PATO:0001675,decreased efficiency,An efficiency which is relatively low.,0.1919,FALSE
reproductive efficiency index,ratio of lifetime eggs to engorged female weight,PATO,PATO:0001676,increased efficiency,An efficiency which is relatively high.,0.1968,FALSE
reproductive efficiency index,ratio of lifetime eggs to engorged female weight,PATO,PATO:0045015,normal efficiency,An efficiency which is relatively normal or average.,0.181,FALSE
reproductive efficiency index,ratio of lifetime eggs to engorged female weight,PATO,PATO:0001434,reproductive quality,An organismal quality inhering in a bearer by virtue of the bearer's ability to produce new life or offspring.,0.2352,FALSE
conversion efficiency,the ratio of laid eggs to engorged female body mass calculated as the sum of all eggs laid divided by the sum of all females laying eggs,OBA,OBA:2040170,sleep quality,The quality of a sleep.,0.1975,FALSE
conversion efficiency,the ratio of laid eggs to engorged female body mass calculated as the sum of all eggs laid divided by the sum of all females laying eggs,OBA,OBA:VT0015058,brain physiology trait,The functionality of a brain.,0.1215,FALSE
conversion efficiency,the ratio of laid eggs to engorged female body mass calculated as the sum of all eggs laid divided by the sum of all females laying eggs,OBA,OBA:2045295,brain connectivity attribute,The structure of a brain.,0.1048,FALSE
conversion efficiency,the ratio of laid eggs to engorged female body mass calculated as the sum of all eggs laid divided by the sum of all females laying eggs,OBA,CHEBI:62803,fuel additive,Any additive that enhances the efficiency of fuel.,0.0769,FALSE
conversion efficiency,the ratio of laid eggs to engorged female body mass calculated as the sum of all eggs laid divided by the sum of all females laying eggs,PATO,PATO:0001029,efficiency,A physical quality inhering in a bearer by virtue of ratio of the bearer's output to the bearer's input.,0.2471,FALSE
conversion efficiency,the ratio of laid eggs to engorged female body mass calculated as the sum of all eggs laid divided by the sum of all females laying eggs,PATO,PATO:0001675,decreased efficiency,An efficiency which is relatively low.,0.2215,FALSE
conversion efficiency,the ratio of laid eggs to engorged female body mass calculated as the sum of all eggs laid divided by the sum of all females laying eggs,PATO,PATO:0001676,increased efficiency,An efficiency which is relatively high.,0.2391,FALSE
conversion efficiency,the ratio of laid eggs to engorged female body mass calculated as the sum of all eggs laid divided by the sum of all females laying eggs,PATO,PATO:0045015,normal efficiency,An efficiency which is relatively normal or average.,0.2259,FALSE
conversion efficiency,the ratio of laid eggs to engorged female body mass calculated as the sum of all eggs laid divided by the sum of all females laying eggs,PATO,PATO:0001677,inefficient,An efficiency quality inhering in a bearer by virtue of the bearer's lacking efficiency.,0.1614,FALSE
egg conversion ratio,mean weight of eggs / mean weight of engorged females,OBA,OBA:VT1000294,egg quantity,The amount of a egg cell.,0.4112,FALSE
egg conversion ratio,mean weight of eggs / mean weight of engorged females,OBA,OBA:1001091,egg shell trait,The quality of a eggshell.,0.3311,FALSE
egg conversion ratio,mean weight of eggs / mean weight of engorged females,OBA,OBA:1001092,egg shell color,The color of a eggshell.,0.2903,FALSE
egg conversion ratio,mean weight of eggs / mean weight of engorged females,OBA,OBA:2040151,shelled egg length,The length of a shelled egg.,0.3799,FALSE
egg conversion ratio,mean weight of eggs / mean weight of engorged females,OBA,OBA:2040152,shelled egg width,The width of a shelled egg.,0.4094,FALSE
egg conversion ratio,mean weight of eggs / mean weight of engorged females,PATO,PATO:0001470,ratio,A quality inhering in a bearer by virtue of the bearer's magnitude in proportion to the magnitude of another entity.,0.1657,FALSE
egg conversion ratio,mean weight of eggs / mean weight of engorged females,PATO,PATO:0040042,decreased ratio,Example: decreased proportion of CD4 T cells relative to total T cells.,0.1845,FALSE
egg conversion ratio,mean weight of eggs / mean weight of engorged females,PATO,PATO:0040043,increased ratio,Example: increased proportion of CD4 T cells relative to total T cells.,0.2034,FALSE
egg conversion ratio,mean weight of eggs / mean weight of engorged females,PATO,PATO:0040071,nuclear/cytoplasmic ratio,A quality inhering in a cell by virtue of the ratio between the volume of its nucleus and the volume of its cytoplasm.,0.1976,FALSE
egg conversion ratio,mean weight of eggs / mean weight of engorged females,PATO,PATO:0040072,high nuclear/cytoplasmic ratio,A high nuclear/cytolasmic ratio is 70% or higher.,0.2027,FALSE
conversion efficiency,Mean index of conversion efficiency- (cumulative egg weight (g)/ replete female tick wt (g) )*100,OBA,OBA:2040170,sleep quality,The quality of a sleep.,0.1655,FALSE
conversion efficiency,Mean index of conversion efficiency- (cumulative egg weight (g)/ replete female tick wt (g) )*100,OBA,OBA:VT0015058,brain physiology trait,The functionality of a brain.,0.141,FALSE
conversion efficiency,Mean index of conversion efficiency- (cumulative egg weight (g)/ replete female tick wt (g) )*100,OBA,OBA:2045295,brain connectivity attribute,The structure of a brain.,0.0632,FALSE
conversion efficiency,Mean index of conversion efficiency- (cumulative egg weight (g)/ replete female tick wt (g) )*100,OBA,CHEBI:62803,fuel additive,Any additive that enhances the efficiency of fuel.,0.1913,FALSE
conversion efficiency,Mean index of conversion efficiency- (cumulative egg weight (g)/ replete female tick wt (g) )*100,PATO,PATO:0001029,efficiency,A physical quality inhering in a bearer by virtue of ratio of the bearer's output to the bearer's input.,0.2442,FALSE
conversion efficiency,Mean index of conversion efficiency- (cumulative egg weight (g)/ replete female tick wt (g) )*100,PATO,PATO:0001675,decreased efficiency,An efficiency which is relatively low.,0.3609,FALSE
conversion efficiency,Mean index of conversion efficiency- (cumulative egg weight (g)/ replete female tick wt (g) )*100,PATO,PATO:0001676,increased efficiency,An efficiency which is relatively high.,0.3608,FALSE
conversion efficiency,Mean index of conversion efficiency- (cumulative egg weight (g)/ replete female tick wt (g) )*100,PATO,PATO:0045015,normal efficiency,An efficiency which is relatively normal or average.,0.3622,FALSE
conversion efficiency,Mean index of conversion efficiency- (cumulative egg weight (g)/ replete female tick wt (g) )*100,PATO,PATO:0001677,inefficient,An efficiency quality inhering in a bearer by virtue of the bearer's lacking efficiency.,0.2456,FALSE
gonotrophic cycle,mean number of gonotrophic cycles completed in individuals lifetime,OBA,OBA:0004567,ovulation cycle duration,The duration of a ovulation cycle.,0.3486,FALSE
gonotrophic cycle,mean number of gonotrophic cycles completed in individuals lifetime,OBA,OBA:0004569,ovulation cycle amount,The amount of a ovulation cycle.,0.3934,FALSE
gonotrophic cycle,mean number of gonotrophic cycles completed in individuals lifetime,OBA,OBA:1000268,cell cycle quality,The quality of a cell cycle.,0.2898,FALSE
gonotrophic cycle,mean number of gonotrophic cycles completed in individuals lifetime,OBA,OBA:2045215,menstrual cycle attribute,The quality of a menstrual cycle.,0.3664,FALSE
gonotrophic cycle,mean number of gonotrophic cycles completed in individuals lifetime,OBA,OBA:VT0000427,hair cycle trait,The quality of a hair cycle.,0.3197,FALSE
gonotrophic cycle,mean number of gonotrophic cycles completed in individuals lifetime,PATO,GO:0007049,cell cycle,"The progression of biochemical and morphological phases and events that occur in a cell during successive cell replication or nuclear replication events. Canonically, the cell cycle comprises the replication and segregation of genetic material followed by the division of the cell, but in endocycles or syncytial cells nuclear replication or nuclear division may not be followed by cell division.",0.1831,FALSE
gonotrophic cycle,mean number of gonotrophic cycles completed in individuals lifetime,PATO,UBERON:0000104,life cycle,"An entire span of an organism's life. In metazoans, commences with the zygote stage and ends with the death of the organism.",0.3669,FALSE
gonotrophic cycle,mean number of gonotrophic cycles completed in individuals lifetime,PATO,GO:0000278,mitotic cell cycle,"Note that this term should not be confused with 'GO:0140014 ; mitotic nuclear division'. 'GO:0000278 ; mitotic cell cycle represents the entire mitotic cell cycle, while 'GO:0140014 ; mitotic nuclear division' specifically represents the actual nuclear division step of the mitotic cell cycle.",0.2399,FALSE
gonotrophic cycle,mean number of gonotrophic cycles completed in individuals lifetime,PATO,GO:0007113,endomitotic cell cycle,"Note that this term should not be confused with 'abortive mitotic cell cycle ; GO:0033277'. Although abortive mitosis is sometimes called endomitosis, GO:0033277 refers to a process in which a mitotic spindle forms and chromosome separation begins.",0.2367,FALSE
gonotrophic cycle,mean number of gonotrophic cycles completed in individuals lifetime,PATO,GO:0022402,cell cycle process,The cellular process that ensures successive accurate and complete genome replication and chromosome segregation.,0.1412,FALSE
gonotrophic cycle,mean duration of gonotrophic cycle (7th),OBA,OBA:0004567,ovulation cycle duration,The duration of a ovulation cycle.,0.4777,FALSE
gonotrophic cycle,mean duration of gonotrophic cycle (7th),OBA,OBA:0004569,ovulation cycle amount,The amount of a ovulation cycle.,0.375,FALSE
gonotrophic cycle,mean duration of gonotrophic cycle (7th),OBA,OBA:1000268,cell cycle quality,The quality of a cell cycle.,0.2416,FALSE
gonotrophic cycle,mean duration of gonotrophic cycle (7th),OBA,OBA:2045215,menstrual cycle attribute,The quality of a menstrual cycle.,0.3461,FALSE
gonotrophic cycle,mean duration of gonotrophic cycle (7th),OBA,OBA:VT0000427,hair cycle trait,The quality of a hair cycle.,0.273,FALSE
gonotrophic cycle,mean duration of gonotrophic cycle (7th),PATO,GO:0007049,cell cycle,"The progression of biochemical and morphological phases and events that occur in a cell during successive cell replication or nuclear replication events. Canonically, the cell cycle comprises the replication and segregation of genetic material followed by the division of the cell, but in endocycles or syncytial cells nuclear replication or nuclear division may not be followed by cell division.",0.168,FALSE
gonotrophic cycle,mean duration of gonotrophic cycle (7th),PATO,UBERON:0000104,life cycle,"An entire span of an organism's life. In metazoans, commences with the zygote stage and ends with the death of the organism.",0.3207,FALSE
gonotrophic cycle,mean duration of gonotrophic cycle (7th),PATO,GO:0000278,mitotic cell cycle,"Note that this term should not be confused with 'GO:0140014 ; mitotic nuclear division'. 'GO:0000278 ; mitotic cell cycle represents the entire mitotic cell cycle, while 'GO:0140014 ; mitotic nuclear division' specifically represents the actual nuclear division step of the mitotic cell cycle.",0.2548,FALSE
gonotrophic cycle,mean duration of gonotrophic cycle (7th),PATO,GO:0007113,endomitotic cell cycle,"Note that this term should not be confused with 'abortive mitotic cell cycle ; GO:0033277'. Although abortive mitosis is sometimes called endomitosis, GO:0033277 refers to a process in which a mitotic spindle forms and chromosome separation begins.",0.2336,FALSE
gonotrophic cycle,mean duration of gonotrophic cycle (7th),PATO,GO:0022402,cell cycle process,The cellular process that ensures successive accurate and complete genome replication and chromosome segregation.,0.1288,FALSE
gonotrophic cycle 1,individual-level duration of first gonotrophic cycle,OBA,OBA:0004567,ovulation cycle duration,The duration of a ovulation cycle.,0.4541,FALSE
gonotrophic cycle 1,individual-level duration of first gonotrophic cycle,OBA,OBA:0004569,ovulation cycle amount,The amount of a ovulation cycle.,0.4027,FALSE
gonotrophic cycle 1,individual-level duration of first gonotrophic cycle,OBA,OBA:1000268,cell cycle quality,The quality of a cell cycle.,0.2806,FALSE
gonotrophic cycle 1,individual-level duration of first gonotrophic cycle,OBA,OBA:2045215,menstrual cycle attribute,The quality of a menstrual cycle.,0.3989,FALSE
gonotrophic cycle 1,individual-level duration of first gonotrophic cycle,OBA,OBA:VT0000427,hair cycle trait,The quality of a hair cycle.,0.3197,FALSE
gonotrophic cycle 1,individual-level duration of first gonotrophic cycle,PATO,GO:0007049,cell cycle,"The progression of biochemical and morphological phases and events that occur in a cell during successive cell replication or nuclear replication events. Canonically, the cell cycle comprises the replication and segregation of genetic material followed by the division of the cell, but in endocycles or syncytial cells nuclear replication or nuclear division may not be followed by cell division.",0.1977,FALSE
gonotrophic cycle 1,individual-level duration of first gonotrophic cycle,PATO,UBERON:0000104,life cycle,"An entire span of an organism's life. In metazoans, commences with the zygote stage and ends with the death of the organism.",0.3569,FALSE
gonotrophic cycle 1,individual-level duration of first gonotrophic cycle,PATO,GO:0000278,mitotic cell cycle,"Note that this term should not be confused with 'GO:0140014 ; mitotic nuclear division'. 'GO:0000278 ; mitotic cell cycle represents the entire mitotic cell cycle, while 'GO:0140014 ; mitotic nuclear division' specifically represents the actual nuclear division step of the mitotic cell cycle.",0.2284,FALSE
gonotrophic cycle 1,individual-level duration of first gonotrophic cycle,PATO,GO:0007113,endomitotic cell cycle,"Note that this term should not be confused with 'abortive mitotic cell cycle ; GO:0033277'. Although abortive mitosis is sometimes called endomitosis, GO:0033277 refers to a process in which a mitotic spindle forms and chromosome separation begins.",0.228,FALSE
gonotrophic cycle 1,individual-level duration of first gonotrophic cycle,PATO,GO:0022402,cell cycle process,The cellular process that ensures successive accurate and complete genome replication and chromosome segregation.,0.1058,FALSE
gonotrophic cycle 2,individual-level duration of second gonotrophic cycle,OBA,OBA:0004567,ovulation cycle duration,The duration of a ovulation cycle.,0.4516,FALSE
gonotrophic cycle 2,individual-level duration of second gonotrophic cycle,OBA,OBA:0004569,ovulation cycle amount,The amount of a ovulation cycle.,0.3842,FALSE
gonotrophic cycle 2,individual-level duration of second gonotrophic cycle,OBA,OBA:1000268,cell cycle quality,The quality of a cell cycle.,0.2803,FALSE
gonotrophic cycle 2,individual-level duration of second gonotrophic cycle,OBA,OBA:2045215,menstrual cycle attribute,The quality of a menstrual cycle.,0.3715,FALSE
gonotrophic cycle 2,individual-level duration of second gonotrophic cycle,OBA,OBA:VT0000427,hair cycle trait,The quality of a hair cycle.,0.2983,FALSE
gonotrophic cycle 2,individual-level duration of second gonotrophic cycle,PATO,GO:0007049,cell cycle,"The progression of biochemical and morphological phases and events that occur in a cell during successive cell replication or nuclear replication events. Canonically, the cell cycle comprises the replication and segregation of genetic material followed by the division of the cell, but in endocycles or syncytial cells nuclear replication or nuclear division may not be followed by cell division.",0.2017,FALSE
gonotrophic cycle 2,individual-level duration of second gonotrophic cycle,PATO,UBERON:0000104,life cycle,"An entire span of an organism's life. In metazoans, commences with the zygote stage and ends with the death of the organism.",0.3483,FALSE
gonotrophic cycle 2,individual-level duration of second gonotrophic cycle,PATO,GO:0000278,mitotic cell cycle,"Note that this term should not be confused with 'GO:0140014 ; mitotic nuclear division'. 'GO:0000278 ; mitotic cell cycle represents the entire mitotic cell cycle, while 'GO:0140014 ; mitotic nuclear division' specifically represents the actual nuclear division step of the mitotic cell cycle.",0.2331,FALSE
gonotrophic cycle 2,individual-level duration of second gonotrophic cycle,PATO,GO:0007113,endomitotic cell cycle,"Note that this term should not be confused with 'abortive mitotic cell cycle ; GO:0033277'. Although abortive mitosis is sometimes called endomitosis, GO:0033277 refers to a process in which a mitotic spindle forms and chromosome separation begins.",0.234,FALSE
gonotrophic cycle 2,individual-level duration of second gonotrophic cycle,PATO,GO:0022402,cell cycle process,The cellular process that ensures successive accurate and complete genome replication and chromosome segregation.,0.141,FALSE
gonotrophic cycle,individual-level lifetime number of cycles completed,OBA,OBA:0004567,ovulation cycle duration,The duration of a ovulation cycle.,0.2015,FALSE
gonotrophic cycle,individual-level lifetime number of cycles completed,OBA,OBA:0004569,ovulation cycle amount,The amount of a ovulation cycle.,0.2743,FALSE
gonotrophic cycle,individual-level lifetime number of cycles completed,OBA,OBA:1000268,cell cycle quality,The quality of a cell cycle.,0.367,FALSE
gonotrophic cycle,individual-level lifetime number of cycles completed,OBA,OBA:2045215,menstrual cycle attribute,The quality of a menstrual cycle.,0.2876,FALSE
gonotrophic cycle,individual-level lifetime number of cycles completed,OBA,OBA:VT0000427,hair cycle trait,The quality of a hair cycle.,0.3303,FALSE
gonotrophic cycle,individual-level lifetime number of cycles completed,PATO,GO:0007049,cell cycle,"The progression of biochemical and morphological phases and events that occur in a cell during successive cell replication or nuclear replication events. Canonically, the cell cycle comprises the replication and segregation of genetic material followed by the division of the cell, but in endocycles or syncytial cells nuclear replication or nuclear division may not be followed by cell division.",0.2507,FALSE
gonotrophic cycle,individual-level lifetime number of cycles completed,PATO,UBERON:0000104,life cycle,"An entire span of an organism's life. In metazoans, commences with the zygote stage and ends with the death of the organism.",0.325,FALSE
gonotrophic cycle,individual-level lifetime number of cycles completed,PATO,GO:0000278,mitotic cell cycle,"Note that this term should not be confused with 'GO:0140014 ; mitotic nuclear division'. 'GO:0000278 ; mitotic cell cycle represents the entire mitotic cell cycle, while 'GO:0140014 ; mitotic nuclear division' specifically represents the actual nuclear division step of the mitotic cell cycle.",0.2493,FALSE
gonotrophic cycle,individual-level lifetime number of cycles completed,PATO,GO:0007113,endomitotic cell cycle,"Note that this term should not be confused with 'abortive mitotic cell cycle ; GO:0033277'. Although abortive mitosis is sometimes called endomitosis, GO:0033277 refers to a process in which a mitotic spindle forms and chromosome separation begins.",0.2107,FALSE
gonotrophic cycle,individual-level lifetime number of cycles completed,PATO,GO:0022402,cell cycle process,The cellular process that ensures successive accurate and complete genome replication and chromosome segregation.,0.187,FALSE
weight loss,nymphal weight loss during molting stage,OBA,OBA:0003744,regulation of water loss via skin rate,regulation of water loss via skin (GO_0033561) was obsoleted,0.2748,FALSE
weight loss,nymphal weight loss during molting stage,OBA,OBA:VT0004257,placenta mass,The mass of a placenta.,0.2526,FALSE
weight loss,nymphal weight loss during molting stage,OBA,OBA:2051506,level of loss of heterozygosity 11 chromosomal region 2 gene A protein in blood,The amount of a loss of heterozygosity 11 chromosomal region 2 gene A protein when measured in blood.,0.2297,FALSE
weight loss,nymphal weight loss during molting stage,PATO,PATO:0000128,weight,"For any biological use of PATO, the concept that should be used is 'mass' and not 'weight'. For example, increased weight of an organism.",0.3383,FALSE
weight loss,nymphal weight loss during molting stage,PATO,PATO:0000582,increased weight,A weight which is relatively high.,0.3088,FALSE
weight loss,nymphal weight loss during molting stage,PATO,PATO:0000583,decreased weight,A weight which is relatively low.,0.3497,FALSE
weight loss,nymphal weight loss during molting stage,PATO,PATO:0001999,lacks parts or has fewer parts of type,"The bearer of this quality has_part < n of the indicated entity type, where n is the normal amount for a comparable organism. Note that the bearer of the quality is the whole, not the part. Formally: If a bearer entity e has fewer parts of type X at time t, then the number of instances x of X at t such that x part_of e is < n, where n is either the normal number for comparable entities, or n is stated explicitly. This case includes the limit case, where the bearer lacks all parts of the specified type.",0.1828,FALSE
weight loss,nymphal weight loss during molting stage,PATO,PATO:0002461,wilty,To bend or hang downwards due to loss of water,0.2878,FALSE
weight loss,Percentage loss in body weight during larval prefeeding period,OBA,OBA:0003744,regulation of water loss via skin rate,regulation of water loss via skin (GO_0033561) was obsoleted,0.1919,FALSE
weight loss,Percentage loss in body weight during larval prefeeding period,OBA,OBA:VT0004257,placenta mass,The mass of a placenta.,0.2768,FALSE
weight loss,Percentage loss in body weight during larval prefeeding period,OBA,OBA:2051506,level of loss of heterozygosity 11 chromosomal region 2 gene A protein in blood,The amount of a loss of heterozygosity 11 chromosomal region 2 gene A protein when measured in blood.,0.2276,FALSE
weight loss,Percentage loss in body weight during larval prefeeding period,PATO,PATO:0000128,weight,"For any biological use of PATO, the concept that should be used is 'mass' and not 'weight'. For example, increased weight of an organism.",0.2876,FALSE
weight loss,Percentage loss in body weight during larval prefeeding period,PATO,PATO:0000582,increased weight,A weight which is relatively high.,0.2626,FALSE
weight loss,Percentage loss in body weight during larval prefeeding period,PATO,PATO:0000583,decreased weight,A weight which is relatively low.,0.3152,FALSE
weight loss,Percentage loss in body weight during larval prefeeding period,PATO,PATO:0001999,lacks parts or has fewer parts of type,"The bearer of this quality has_part < n of the indicated entity type, where n is the normal amount for a comparable organism. Note that the bearer of the quality is the whole, not the part. Formally: If a bearer entity e has fewer parts of type X at time t, then the number of instances x of X at t such that x part_of e is < n, where n is either the normal number for comparable entities, or n is stated explicitly. This case includes the limit case, where the bearer lacks all parts of the specified type.",0.1856,FALSE
weight loss,Percentage loss in body weight during larval prefeeding period,PATO,PATO:0002461,wilty,To bend or hang downwards due to loss of water,0.2778,FALSE
weight loss,Percentage loss in body weight during larval molting period,OBA,OBA:0003744,regulation of water loss via skin rate,regulation of water loss via skin (GO_0033561) was obsoleted,0.2447,FALSE
weight loss,Percentage loss in body weight during larval molting period,OBA,OBA:VT0004257,placenta mass,The mass of a placenta.,0.2469,FALSE
weight loss,Percentage loss in body weight during larval molting period,OBA,OBA:2051506,level of loss of heterozygosity 11 chromosomal region 2 gene A protein in blood,The amount of a loss of heterozygosity 11 chromosomal region 2 gene A protein when measured in blood.,0.2346,FALSE
weight loss,Percentage loss in body weight during larval molting period,PATO,PATO:0000128,weight,"For any biological use of PATO, the concept that should be used is 'mass' and not 'weight'. For example, increased weight of an organism.",0.3221,FALSE
weight loss,Percentage loss in body weight during larval molting period,PATO,PATO:0000582,increased weight,A weight which is relatively high.,0.2627,FALSE
weight loss,Percentage loss in body weight during larval molting period,PATO,PATO:0000583,decreased weight,A weight which is relatively low.,0.3111,FALSE
weight loss,Percentage loss in body weight during larval molting period,PATO,PATO:0001999,lacks parts or has fewer parts of type,"The bearer of this quality has_part < n of the indicated entity type, where n is the normal amount for a comparable organism. Note that the bearer of the quality is the whole, not the part. Formally: If a bearer entity e has fewer parts of type X at time t, then the number of instances x of X at t such that x part_of e is < n, where n is either the normal number for comparable entities, or n is stated explicitly. This case includes the limit case, where the bearer lacks all parts of the specified type.",0.1908,FALSE
weight loss,Percentage loss in body weight during larval molting period,PATO,PATO:0002461,wilty,To bend or hang downwards due to loss of water,0.2894,FALSE
weight loss,Percentage loss in body weight during nymphal prefeeding period,OBA,OBA:0003744,regulation of water loss via skin rate,regulation of water loss via skin (GO_0033561) was obsoleted,0.1937,FALSE
weight loss,Percentage loss in body weight during nymphal prefeeding period,OBA,OBA:VT0004257,placenta mass,The mass of a placenta.,0.2529,FALSE
weight loss,Percentage loss in body weight during nymphal prefeeding period,OBA,OBA:2051506,level of loss of heterozygosity 11 chromosomal region 2 gene A protein in blood,The amount of a loss of heterozygosity 11 chromosomal region 2 gene A protein when measured in blood.,0.2363,FALSE
weight loss,Percentage loss in body weight during nymphal prefeeding period,PATO,PATO:0000128,weight,"For any biological use of PATO, the concept that should be used is 'mass' and not 'weight'. For example, increased weight of an organism.",0.2491,FALSE
weight loss,Percentage loss in body weight during nymphal prefeeding period,PATO,PATO:0000582,increased weight,A weight which is relatively high.,0.2677,FALSE
weight loss,Percentage loss in body weight during nymphal prefeeding period,PATO,PATO:0000583,decreased weight,A weight which is relatively low.,0.3177,FALSE
weight loss,Percentage loss in body weight during nymphal prefeeding period,PATO,PATO:0001999,lacks parts or has fewer parts of type,"The bearer of this quality has_part < n of the indicated entity type, where n is the normal amount for a comparable organism. Note that the bearer of the quality is the whole, not the part. Formally: If a bearer entity e has fewer parts of type X at time t, then the number of instances x of X at t such that x part_of e is < n, where n is either the normal number for comparable entities, or n is stated explicitly. This case includes the limit case, where the bearer lacks all parts of the specified type.",0.2075,FALSE
weight loss,Percentage loss in body weight during nymphal prefeeding period,PATO,PATO:0002461,wilty,To bend or hang downwards due to loss of water,0.2873,FALSE
weight loss,Percentage loss in body weight during nymphal molting period,OBA,OBA:0003744,regulation of water loss via skin rate,regulation of water loss via skin (GO_0033561) was obsoleted,0.2348,FALSE
weight loss,Percentage loss in body weight during nymphal molting period,OBA,OBA:VT0004257,placenta mass,The mass of a placenta.,0.2311,FALSE
weight loss,Percentage loss in body weight during nymphal molting period,OBA,OBA:2051506,level of loss of heterozygosity 11 chromosomal region 2 gene A protein in blood,The amount of a loss of heterozygosity 11 chromosomal region 2 gene A protein when measured in blood.,0.2431,FALSE
weight loss,Percentage loss in body weight during nymphal molting period,PATO,PATO:0000128,weight,"For any biological use of PATO, the concept that should be used is 'mass' and not 'weight'. For example, increased weight of an organism.",0.2817,FALSE
weight loss,Percentage loss in body weight during nymphal molting period,PATO,PATO:0000582,increased weight,A weight which is relatively high.,0.2727,FALSE
weight loss,Percentage loss in body weight during nymphal molting period,PATO,PATO:0000583,decreased weight,A weight which is relatively low.,0.3214,FALSE
weight loss,Percentage loss in body weight during nymphal molting period,PATO,PATO:0001999,lacks parts or has fewer parts of type,"The bearer of this quality has_part < n of the indicated entity type, where n is the normal amount for a comparable organism. Note that the bearer of the quality is the whole, not the part. Formally: If a bearer entity e has fewer parts of type X at time t, then the number of instances x of X at t such that x part_of e is < n, where n is either the normal number for comparable entities, or n is stated explicitly. This case includes the limit case, where the bearer lacks all parts of the specified type.",0.2167,FALSE
weight loss,Percentage loss in body weight during nymphal molting period,PATO,PATO:0002461,wilty,To bend or hang downwards due to loss of water,0.3032,FALSE
fecundity,mean lifetime offspring,OBA,OBA:0003697,multicellular organism fecundity,The fecundity of a multicellular organism.,0.4411,FALSE
fecundity,mean lifetime offspring,OBA,PATO:0045017,normal fecundity,A fecundity which is relatively normal or average.,0.3849,FALSE
fecundity,mean lifetime offspring,PATO,PATO:0000273,fecundity,A reproductive quality inhering in an organism or population by virtue of the bearer's potential reproductive capacity ad measured by the number of gametes.,0.3438,FALSE
fecundity,mean lifetime offspring,PATO,PATO:0001695,increased fecundity,A fecundity which is relatively high.,0.4112,FALSE
fecundity,mean lifetime offspring,PATO,PATO:0001696,decreased fecundity,A fecundity which is relatively low.,0.4184,FALSE
fecundity,mean lifetime offspring,PATO,PATO:0045017,normal fecundity,A fecundity which is relatively normal or average.,0.3849,FALSE
fecundity,mean lifetime offspring,PATO,PCO:0000003,quality of a population,A quality that inheres in a population of organisms.,0.2684,FALSE
fecundity rate,mean number of nymphs produced individual-1 during a period equivalent to the prereporoductive time,OBA,OBA:0003697,multicellular organism fecundity,The fecundity of a multicellular organism.,0.4217,FALSE
fecundity rate,mean number of nymphs produced individual-1 during a period equivalent to the prereporoductive time,OBA,OBA:0002011,micturition rate,The rate of a micturition.,0.2014,FALSE
fecundity rate,mean number of nymphs produced individual-1 during a period equivalent to the prereporoductive time,OBA,OBA:0002200,reflex rate,The rate of a reflex.,0.2609,FALSE
fecundity rate,mean number of nymphs produced individual-1 during a period equivalent to the prereporoductive time,OBA,OBA:0002672,gluconeogenesis rate,The rate of a gluconeogenesis.,0.2567,FALSE
fecundity rate,mean number of nymphs produced individual-1 during a period equivalent to the prereporoductive time,PATO,PATO:0000273,fecundity,A reproductive quality inhering in an organism or population by virtue of the bearer's potential reproductive capacity ad measured by the number of gametes.,0.3232,FALSE
fecundity rate,mean number of nymphs produced individual-1 during a period equivalent to the prereporoductive time,PATO,PATO:0001695,increased fecundity,A fecundity which is relatively high.,0.4103,FALSE
fecundity rate,mean number of nymphs produced individual-1 during a period equivalent to the prereporoductive time,PATO,PATO:0001696,decreased fecundity,A fecundity which is relatively low.,0.3899,FALSE
fecundity rate,mean number of nymphs produced individual-1 during a period equivalent to the prereporoductive time,PATO,PATO:0045017,normal fecundity,A fecundity which is relatively normal or average.,0.4142,FALSE
fecundity rate,mean number of nymphs produced individual-1 during a period equivalent to the prereporoductive time,PATO,PATO:0000161,rate,A quality of a single process inhering in a bearer by virtue of the bearer's occurrence per unit time.,0.2566,FALSE
fecundity,mean lifetime nymphs individual-1,OBA,OBA:0003697,multicellular organism fecundity,The fecundity of a multicellular organism.,0.3462,FALSE
fecundity,mean lifetime nymphs individual-1,OBA,PATO:0045017,normal fecundity,A fecundity which is relatively normal or average.,0.3056,FALSE
fecundity,mean lifetime nymphs individual-1,PATO,PATO:0000273,fecundity,A reproductive quality inhering in an organism or population by virtue of the bearer's potential reproductive capacity ad measured by the number of gametes.,0.2244,FALSE
fecundity,mean lifetime nymphs individual-1,PATO,PATO:0001695,increased fecundity,A fecundity which is relatively high.,0.3496,FALSE
fecundity,mean lifetime nymphs individual-1,PATO,PATO:0001696,decreased fecundity,A fecundity which is relatively low.,0.3423,FALSE
fecundity,mean lifetime nymphs individual-1,PATO,PATO:0045017,normal fecundity,A fecundity which is relatively normal or average.,0.3056,FALSE
fecundity,mean lifetime nymphs individual-1,PATO,PCO:0000003,quality of a population,A quality that inheres in a population of organisms.,0.2614,FALSE
fecundity rate,mean eggs individual-1 day-1,OBA,OBA:0003697,multicellular organism fecundity,The fecundity of a multicellular organism.,0.2981,FALSE
fecundity rate,mean eggs individual-1 day-1,OBA,OBA:0002011,micturition rate,The rate of a micturition.,0.1254,FALSE
fecundity rate,mean eggs individual-1 day-1,OBA,OBA:0002200,reflex rate,The rate of a reflex.,0.1103,FALSE
fecundity rate,mean eggs individual-1 day-1,OBA,OBA:0002672,gluconeogenesis rate,The rate of a gluconeogenesis.,0.1885,FALSE
fecundity rate,mean eggs individual-1 day-1,PATO,PATO:0000273,fecundity,A reproductive quality inhering in an organism or population by virtue of the bearer's potential reproductive capacity ad measured by the number of gametes.,0.2048,FALSE
fecundity rate,mean eggs individual-1 day-1,PATO,PATO:0001695,increased fecundity,A fecundity which is relatively high.,0.3066,FALSE
fecundity rate,mean eggs individual-1 day-1,PATO,PATO:0001696,decreased fecundity,A fecundity which is relatively low.,0.3022,FALSE
fecundity rate,mean eggs individual-1 day-1,PATO,PATO:0045017,normal fecundity,A fecundity which is relatively normal or average.,0.2787,FALSE
fecundity rate,mean eggs individual-1 day-1,PATO,PATO:0000161,rate,A quality of a single process inhering in a bearer by virtue of the bearer's occurrence per unit time.,0.1689,FALSE
fecundity rate,mean offspring per day,OBA,OBA:0003697,multicellular organism fecundity,The fecundity of a multicellular organism.,0.4531,FALSE
fecundity rate,mean offspring per day,OBA,OBA:0002011,micturition rate,The rate of a micturition.,0.171,FALSE
fecundity rate,mean offspring per day,OBA,OBA:0002200,reflex rate,The rate of a reflex.,0.1951,FALSE
fecundity rate,mean offspring per day,OBA,OBA:0002672,gluconeogenesis rate,The rate of a gluconeogenesis.,0.1846,FALSE
fecundity rate,mean offspring per day,PATO,PATO:0000273,fecundity,A reproductive quality inhering in an organism or population by virtue of the bearer's potential reproductive capacity ad measured by the number of gametes.,0.3032,FALSE
fecundity rate,mean offspring per day,PATO,PATO:0001695,increased fecundity,A fecundity which is relatively high.,0.4162,FALSE
fecundity rate,mean offspring per day,PATO,PATO:0001696,decreased fecundity,A fecundity which is relatively low.,0.3881,FALSE
fecundity rate,mean offspring per day,PATO,PATO:0045017,normal fecundity,A fecundity which is relatively normal or average.,0.3951,FALSE
fecundity rate,mean offspring per day,PATO,PATO:0000161,rate,A quality of a single process inhering in a bearer by virtue of the bearer's occurrence per unit time.,0.2223,FALSE
fecundity,mean number of progeny in a reproductive period equal to development time,OBA,OBA:0003697,multicellular organism fecundity,The fecundity of a multicellular organism.,0.509,FALSE
fecundity,mean number of progeny in a reproductive period equal to development time,OBA,PATO:0045017,normal fecundity,A fecundity which is relatively normal or average.,0.4798,FALSE
fecundity,mean number of progeny in a reproductive period equal to development time,PATO,PATO:0000273,fecundity,A reproductive quality inhering in an organism or population by virtue of the bearer's potential reproductive capacity ad measured by the number of gametes.,0.4233,FALSE
fecundity,mean number of progeny in a reproductive period equal to development time,PATO,PATO:0001695,increased fecundity,A fecundity which is relatively high.,0.4546,FALSE
fecundity,mean number of progeny in a reproductive period equal to development time,PATO,PATO:0001696,decreased fecundity,A fecundity which is relatively low.,0.4379,FALSE
fecundity,mean number of progeny in a reproductive period equal to development time,PATO,PATO:0045017,normal fecundity,A fecundity which is relatively normal or average.,0.4798,FALSE
fecundity,mean number of progeny in a reproductive period equal to development time,PATO,PCO:0000003,quality of a population,A quality that inheres in a population of organisms.,0.3311,FALSE
fecundity,mean lifetime eggs individual-1,OBA,OBA:0003697,multicellular organism fecundity,The fecundity of a multicellular organism.,0.3844,FALSE
fecundity,mean lifetime eggs individual-1,OBA,PATO:0045017,normal fecundity,A fecundity which is relatively normal or average.,0.34,FALSE
fecundity,mean lifetime eggs individual-1,PATO,PATO:0000273,fecundity,A reproductive quality inhering in an organism or population by virtue of the bearer's potential reproductive capacity ad measured by the number of gametes.,0.2767,FALSE
fecundity,mean lifetime eggs individual-1,PATO,PATO:0001695,increased fecundity,A fecundity which is relatively high.,0.3862,FALSE
fecundity,mean lifetime eggs individual-1,PATO,PATO:0001696,decreased fecundity,A fecundity which is relatively low.,0.3874,FALSE
fecundity,mean lifetime eggs individual-1,PATO,PATO:0045017,normal fecundity,A fecundity which is relatively normal or average.,0.34,FALSE
fecundity,mean lifetime eggs individual-1,PATO,PCO:0000003,quality of a population,A quality that inheres in a population of organisms.,0.2294,FALSE
fecundity,mean eggs produced per plant,OBA,OBA:0003697,multicellular organism fecundity,The fecundity of a multicellular organism.,0.3452,FALSE
fecundity,mean eggs produced per plant,OBA,PATO:0045017,normal fecundity,A fecundity which is relatively normal or average.,0.2967,FALSE
fecundity,mean eggs produced per plant,PATO,PATO:0000273,fecundity,A reproductive quality inhering in an organism or population by virtue of the bearer's potential reproductive capacity ad measured by the number of gametes.,0.23,FALSE
fecundity,mean eggs produced per plant,PATO,PATO:0001695,increased fecundity,A fecundity which is relatively high.,0.3584,FALSE
fecundity,mean eggs produced per plant,PATO,PATO:0001696,decreased fecundity,A fecundity which is relatively low.,0.3444,FALSE
fecundity,mean eggs produced per plant,PATO,PATO:0045017,normal fecundity,A fecundity which is relatively normal or average.,0.2967,FALSE
fecundity,mean eggs produced per plant,PATO,PCO:0000003,quality of a population,A quality that inheres in a population of organisms.,0.1419,FALSE
fecundity,mean number of eggs per cycle,OBA,OBA:0003697,multicellular organism fecundity,The fecundity of a multicellular organism.,0.3382,FALSE
fecundity,mean number of eggs per cycle,OBA,PATO:0045017,normal fecundity,A fecundity which is relatively normal or average.,0.3854,FALSE
fecundity,mean number of eggs per cycle,PATO,PATO:0000273,fecundity,A reproductive quality inhering in an organism or population by virtue of the bearer's potential reproductive capacity ad measured by the number of gametes.,0.2389,FALSE
fecundity,mean number of eggs per cycle,PATO,PATO:0001695,increased fecundity,A fecundity which is relatively high.,0.3401,FALSE
fecundity,mean number of eggs per cycle,PATO,PATO:0001696,decreased fecundity,A fecundity which is relatively low.,0.3388,FALSE
fecundity,mean number of eggs per cycle,PATO,PATO:0045017,normal fecundity,A fecundity which is relatively normal or average.,0.3854,FALSE
fecundity,mean number of eggs per cycle,PATO,PCO:0000003,quality of a population,A quality that inheres in a population of organisms.,0.0974,FALSE
fecundity,mean lifetime egg punctures,OBA,OBA:0003697,multicellular organism fecundity,The fecundity of a multicellular organism.,0.3127,FALSE
fecundity,mean lifetime egg punctures,OBA,PATO:0045017,normal fecundity,A fecundity which is relatively normal or average.,0.2805,FALSE
fecundity,mean lifetime egg punctures,PATO,PATO:0000273,fecundity,A reproductive quality inhering in an organism or population by virtue of the bearer's potential reproductive capacity ad measured by the number of gametes.,0.1881,FALSE
fecundity,mean lifetime egg punctures,PATO,PATO:0001695,increased fecundity,A fecundity which is relatively high.,0.3391,FALSE
fecundity,mean lifetime egg punctures,PATO,PATO:0001696,decreased fecundity,A fecundity which is relatively low.,0.3534,FALSE
fecundity,mean lifetime egg punctures,PATO,PATO:0045017,normal fecundity,A fecundity which is relatively normal or average.,0.2805,FALSE
fecundity,mean lifetime egg punctures,PATO,PCO:0000003,quality of a population,A quality that inheres in a population of organisms.,0.1344,FALSE
fecundity rate,mean eggs per unit time,OBA,OBA:0003697,multicellular organism fecundity,The fecundity of a multicellular organism.,0.3846,FALSE
fecundity rate,mean eggs per unit time,OBA,OBA:0002011,micturition rate,The rate of a micturition.,0.2396,FALSE
fecundity rate,mean eggs per unit time,OBA,OBA:0002200,reflex rate,The rate of a reflex.,0.2459,FALSE
fecundity rate,mean eggs per unit time,OBA,OBA:0002672,gluconeogenesis rate,The rate of a gluconeogenesis.,0.2787,FALSE
fecundity rate,mean eggs per unit time,PATO,PATO:0000273,fecundity,A reproductive quality inhering in an organism or population by virtue of the bearer's potential reproductive capacity ad measured by the number of gametes.,0.2842,FALSE
fecundity rate,mean eggs per unit time,PATO,PATO:0001695,increased fecundity,A fecundity which is relatively high.,0.3725,FALSE
fecundity rate,mean eggs per unit time,PATO,PATO:0001696,decreased fecundity,A fecundity which is relatively low.,0.3447,FALSE
fecundity rate,mean eggs per unit time,PATO,PATO:0045017,normal fecundity,A fecundity which is relatively normal or average.,0.3379,FALSE
fecundity rate,mean eggs per unit time,PATO,PATO:0000161,rate,A quality of a single process inhering in a bearer by virtue of the bearer's occurrence per unit time.,0.3441,FALSE
fecundity rate,mean offspring per unit time,OBA,OBA:0003697,multicellular organism fecundity,The fecundity of a multicellular organism.,0.5158,FALSE
fecundity rate,mean offspring per unit time,OBA,OBA:0002011,micturition rate,The rate of a micturition.,0.2494,FALSE
fecundity rate,mean offspring per unit time,OBA,OBA:0002200,reflex rate,The rate of a reflex.,0.2842,FALSE
fecundity rate,mean offspring per unit time,OBA,OBA:0002672,gluconeogenesis rate,The rate of a gluconeogenesis.,0.2383,FALSE
fecundity rate,mean offspring per unit time,PATO,PATO:0000273,fecundity,A reproductive quality inhering in an organism or population by virtue of the bearer's potential reproductive capacity ad measured by the number of gametes.,0.4088,FALSE
fecundity rate,mean offspring per unit time,PATO,PATO:0001695,increased fecundity,A fecundity which is relatively high.,0.4517,FALSE
fecundity rate,mean offspring per unit time,PATO,PATO:0001696,decreased fecundity,A fecundity which is relatively low.,0.4155,FALSE
fecundity rate,mean offspring per unit time,PATO,PATO:0045017,normal fecundity,A fecundity which is relatively normal or average.,0.4416,FALSE
fecundity rate,mean offspring per unit time,PATO,PATO:0000161,rate,A quality of a single process inhering in a bearer by virtue of the bearer's occurrence per unit time.,0.4092,FALSE
reproductive capacity,mean lifetime nymphs (30 days),OBA,OBA:VT0001942,lung capacity,The volume of a lung.,0.0823,FALSE
reproductive capacity,mean lifetime nymphs (30 days),OBA,OBA:VT0002846,aorta capacity,The volume of a aorta.,0.0932,FALSE
reproductive capacity,mean lifetime nymphs (30 days),OBA,OBA:VT0010133,gizzard capacity,The volume of a gizzard.,0.0965,FALSE
reproductive capacity,mean lifetime nymphs (30 days),OBA,OBA:VT0010199,stomach capacity,The volume of a stomach.,0.0725,FALSE
reproductive capacity,mean lifetime nymphs (30 days),OBA,OBA:VT0010204,proventriculus capacity,The volume of a proventriculus.,0.1354,FALSE
reproductive capacity,mean lifetime nymphs (30 days),PATO,PATO:0001434,reproductive quality,An organismal quality inhering in a bearer by virtue of the bearer's ability to produce new life or offspring.,0.234,FALSE
reproductive capacity,mean lifetime nymphs (30 days),PATO,GO:0019098,reproductive behavior,The specific behavior of an organism that is associated with reproduction.,0.1997,FALSE
reproductive capacity,mean lifetime nymphs (30 days),PATO,GO:0022414,reproductive process,A biological process that directly contributes to the process of producing new individuals by one or two organisms. The new individuals inherit some proportion of their genetic material from the parent or parents.,0.1587,FALSE
reproductive capacity,mean lifetime nymphs (30 days),PATO,UBERON:0000990,reproductive system,Anatomical system that has as its parts the organs concerned with reproduction.,0.0641,FALSE
reproductive capacity,mean lifetime nymphs (30 days),PATO,UBERON:0003133,reproductive organ,An organ involved in reproduction.,0.0675,FALSE
fecundity,mean lifetime eggs per 10 individuals,OBA,OBA:0003697,multicellular organism fecundity,The fecundity of a multicellular organism.,0.3968,FALSE
fecundity,mean lifetime eggs per 10 individuals,OBA,PATO:0045017,normal fecundity,A fecundity which is relatively normal or average.,0.388,FALSE
fecundity,mean lifetime eggs per 10 individuals,PATO,PATO:0000273,fecundity,A reproductive quality inhering in an organism or population by virtue of the bearer's potential reproductive capacity ad measured by the number of gametes.,0.2918,FALSE
fecundity,mean lifetime eggs per 10 individuals,PATO,PATO:0001695,increased fecundity,A fecundity which is relatively high.,0.4088,FALSE
fecundity,mean lifetime eggs per 10 individuals,PATO,PATO:0001696,decreased fecundity,A fecundity which is relatively low.,0.4154,FALSE
fecundity,mean lifetime eggs per 10 individuals,PATO,PATO:0045017,normal fecundity,A fecundity which is relatively normal or average.,0.388,FALSE
fecundity,mean lifetime eggs per 10 individuals,PATO,PCO:0000003,quality of a population,A quality that inheres in a population of organisms.,0.2543,FALSE
age specific fecundity,mean number of female offspring individual-1 at specific age,OBA,OBA:0003697,multicellular organism fecundity,The fecundity of a multicellular organism.,0.4802,FALSE
age specific fecundity,mean number of female offspring individual-1 at specific age,OBA,OBA:2045410,multicellular organism age,The age of a multicellular organism.,0.3593,FALSE
age specific fecundity,mean number of female offspring individual-1 at specific age,PATO,PATO:0000273,fecundity,A reproductive quality inhering in an organism or population by virtue of the bearer's potential reproductive capacity ad measured by the number of gametes.,0.3582,FALSE
age specific fecundity,mean number of female offspring individual-1 at specific age,PATO,PATO:0001695,increased fecundity,A fecundity which is relatively high.,0.4541,FALSE
age specific fecundity,mean number of female offspring individual-1 at specific age,PATO,PATO:0001696,decreased fecundity,A fecundity which is relatively low.,0.4456,FALSE
age specific fecundity,mean number of female offspring individual-1 at specific age,PATO,PATO:0045017,normal fecundity,A fecundity which is relatively normal or average.,0.442,FALSE
age specific fecundity,mean number of female offspring individual-1 at specific age,PATO,PATO:0000011,age,A time quality inhering in a bearer by virtue of how long the bearer has existed.,0.1794,FALSE
fecundity,mean number of female offspring individual-1,OBA,OBA:0003697,multicellular organism fecundity,The fecundity of a multicellular organism.,0.4995,FALSE
fecundity,mean number of female offspring individual-1,OBA,PATO:0045017,normal fecundity,A fecundity which is relatively normal or average.,0.4735,FALSE
fecundity,mean number of female offspring individual-1,PATO,PATO:0000273,fecundity,A reproductive quality inhering in an organism or population by virtue of the bearer's potential reproductive capacity ad measured by the number of gametes.,0.3821,FALSE
fecundity,mean number of female offspring individual-1,PATO,PATO:0001695,increased fecundity,A fecundity which is relatively high.,0.4921,FALSE
fecundity,mean number of female offspring individual-1,PATO,PATO:0001696,decreased fecundity,A fecundity which is relatively low.,0.4814,FALSE
fecundity,mean number of female offspring individual-1,PATO,PATO:0045017,normal fecundity,A fecundity which is relatively normal or average.,0.4735,FALSE
fecundity,mean number of female offspring individual-1,PATO,PCO:0000003,quality of a population,A quality that inheres in a population of organisms.,0.3085,FALSE
fecundity,mean lifetime eggs per individual (across all humdity levels),OBA,OBA:0003697,multicellular organism fecundity,The fecundity of a multicellular organism.,0.3869,FALSE
fecundity,mean lifetime eggs per individual (across all humdity levels),OBA,PATO:0045017,normal fecundity,A fecundity which is relatively normal or average.,0.3725,FALSE
fecundity,mean lifetime eggs per individual (across all humdity levels),PATO,PATO:0000273,fecundity,A reproductive quality inhering in an organism or population by virtue of the bearer's potential reproductive capacity ad measured by the number of gametes.,0.2612,FALSE
fecundity,mean lifetime eggs per individual (across all humdity levels),PATO,PATO:0001695,increased fecundity,A fecundity which is relatively high.,0.3888,FALSE
fecundity,mean lifetime eggs per individual (across all humdity levels),PATO,PATO:0001696,decreased fecundity,A fecundity which is relatively low.,0.3971,FALSE
fecundity,mean lifetime eggs per individual (across all humdity levels),PATO,PATO:0045017,normal fecundity,A fecundity which is relatively normal or average.,0.3725,FALSE
fecundity,mean lifetime eggs per individual (across all humdity levels),PATO,PCO:0000003,quality of a population,A quality that inheres in a population of organisms.,0.2362,FALSE
fecundity,mean lifetime eggs per individual,OBA,OBA:0003697,multicellular organism fecundity,The fecundity of a multicellular organism.,0.4185,FALSE
fecundity,mean lifetime eggs per individual,OBA,PATO:0045017,normal fecundity,A fecundity which is relatively normal or average.,0.3671,FALSE
fecundity,mean lifetime eggs per individual,PATO,PATO:0000273,fecundity,A reproductive quality inhering in an organism or population by virtue of the bearer's potential reproductive capacity ad measured by the number of gametes.,0.3031,FALSE
fecundity,mean lifetime eggs per individual,PATO,PATO:0001695,increased fecundity,A fecundity which is relatively high.,0.404,FALSE
fecundity,mean lifetime eggs per individual,PATO,PATO:0001696,decreased fecundity,A fecundity which is relatively low.,0.4153,FALSE
fecundity,mean lifetime eggs per individual,PATO,PATO:0045017,normal fecundity,A fecundity which is relatively normal or average.,0.3671,FALSE
fecundity,mean lifetime eggs per individual,PATO,PCO:0000003,quality of a population,A quality that inheres in a population of organisms.,0.2372,FALSE
fecundity rate,maximum progengy individual-1 day-1,OBA,OBA:0003697,multicellular organism fecundity,The fecundity of a multicellular organism.,0.4987,FALSE
fecundity rate,maximum progengy individual-1 day-1,OBA,OBA:0002011,micturition rate,The rate of a micturition.,0.185,FALSE
fecundity rate,maximum progengy individual-1 day-1,OBA,OBA:0002200,reflex rate,The rate of a reflex.,0.2262,FALSE
fecundity rate,maximum progengy individual-1 day-1,OBA,OBA:0002672,gluconeogenesis rate,The rate of a gluconeogenesis.,0.2679,FALSE
fecundity rate,maximum progengy individual-1 day-1,PATO,PATO:0000273,fecundity,A reproductive quality inhering in an organism or population by virtue of the bearer's potential reproductive capacity ad measured by the number of gametes.,0.3168,FALSE
fecundity rate,maximum progengy individual-1 day-1,PATO,PATO:0001695,increased fecundity,A fecundity which is relatively high.,0.4164,FALSE
fecundity rate,maximum progengy individual-1 day-1,PATO,PATO:0001696,decreased fecundity,A fecundity which is relatively low.,0.3789,FALSE
fecundity rate,maximum progengy individual-1 day-1,PATO,PATO:0045017,normal fecundity,A fecundity which is relatively normal or average.,0.3564,FALSE
fecundity rate,maximum progengy individual-1 day-1,PATO,PATO:0000161,rate,A quality of a single process inhering in a bearer by virtue of the bearer's occurrence per unit time.,0.3204,FALSE
fecundity,mean number of eggs per cycle (1st),OBA,OBA:0003697,multicellular organism fecundity,The fecundity of a multicellular organism.,0.3206,FALSE
fecundity,mean number of eggs per cycle (1st),OBA,PATO:0045017,normal fecundity,A fecundity which is relatively normal or average.,0.3655,FALSE
fecundity,mean number of eggs per cycle (1st),PATO,PATO:0000273,fecundity,A reproductive quality inhering in an organism or population by virtue of the bearer's potential reproductive capacity ad measured by the number of gametes.,0.2329,FALSE
fecundity,mean number of eggs per cycle (1st),PATO,PATO:0001695,increased fecundity,A fecundity which is relatively high.,0.3327,FALSE
fecundity,mean number of eggs per cycle (1st),PATO,PATO:0001696,decreased fecundity,A fecundity which is relatively low.,0.3276,FALSE
fecundity,mean number of eggs per cycle (1st),PATO,PATO:0045017,normal fecundity,A fecundity which is relatively normal or average.,0.3655,FALSE
fecundity,mean number of eggs per cycle (1st),PATO,PCO:0000003,quality of a population,A quality that inheres in a population of organisms.,0.106,FALSE
fecundity rate,mean lifetime offspring,OBA,OBA:0003697,multicellular organism fecundity,The fecundity of a multicellular organism.,0.4411,FALSE
fecundity rate,mean lifetime offspring,OBA,OBA:0002011,micturition rate,The rate of a micturition.,0.1199,FALSE
fecundity rate,mean lifetime offspring,OBA,OBA:0002200,reflex rate,The rate of a reflex.,0.1589,FALSE
fecundity rate,mean lifetime offspring,OBA,OBA:0002672,gluconeogenesis rate,The rate of a gluconeogenesis.,0.1293,FALSE
fecundity rate,mean lifetime offspring,PATO,PATO:0000273,fecundity,A reproductive quality inhering in an organism or population by virtue of the bearer's potential reproductive capacity ad measured by the number of gametes.,0.3438,FALSE
fecundity rate,mean lifetime offspring,PATO,PATO:0001695,increased fecundity,A fecundity which is relatively high.,0.4112,FALSE
fecundity rate,mean lifetime offspring,PATO,PATO:0001696,decreased fecundity,A fecundity which is relatively low.,0.4184,FALSE
fecundity rate,mean lifetime offspring,PATO,PATO:0045017,normal fecundity,A fecundity which is relatively normal or average.,0.3849,FALSE
fecundity rate,mean lifetime offspring,PATO,PATO:0000161,rate,A quality of a single process inhering in a bearer by virtue of the bearer's occurrence per unit time.,0.2335,FALSE
fecundity,mean offspring per reproduction day,OBA,OBA:0003697,multicellular organism fecundity,The fecundity of a multicellular organism.,0.4698,FALSE
fecundity,mean offspring per reproduction day,OBA,PATO:0045017,normal fecundity,A fecundity which is relatively normal or average.,0.4188,FALSE
fecundity,mean offspring per reproduction day,PATO,PATO:0000273,fecundity,A reproductive quality inhering in an organism or population by virtue of the bearer's potential reproductive capacity ad measured by the number of gametes.,0.4042,FALSE
fecundity,mean offspring per reproduction day,PATO,PATO:0001695,increased fecundity,A fecundity which is relatively high.,0.4364,FALSE
fecundity,mean offspring per reproduction day,PATO,PATO:0001696,decreased fecundity,A fecundity which is relatively low.,0.4038,FALSE
fecundity,mean offspring per reproduction day,PATO,PATO:0045017,normal fecundity,A fecundity which is relatively normal or average.,0.4188,FALSE
fecundity,mean offspring per reproduction day,PATO,PCO:0000003,quality of a population,A quality that inheres in a population of organisms.,0.2538,FALSE
fecundity,mean lifetime offspring as a function of size and adult and growth temperature,OBA,OBA:0003697,multicellular organism fecundity,The fecundity of a multicellular organism.,0.3885,FALSE
fecundity,mean lifetime offspring as a function of size and adult and growth temperature,OBA,PATO:0045017,normal fecundity,A fecundity which is relatively normal or average.,0.2933,FALSE
fecundity,mean lifetime offspring as a function of size and adult and growth temperature,PATO,PATO:0000273,fecundity,A reproductive quality inhering in an organism or population by virtue of the bearer's potential reproductive capacity ad measured by the number of gametes.,0.2851,FALSE
fecundity,mean lifetime offspring as a function of size and adult and growth temperature,PATO,PATO:0001695,increased fecundity,A fecundity which is relatively high.,0.3336,FALSE
fecundity,mean lifetime offspring as a function of size and adult and growth temperature,PATO,PATO:0001696,decreased fecundity,A fecundity which is relatively low.,0.3298,FALSE
fecundity,mean lifetime offspring as a function of size and adult and growth temperature,PATO,PATO:0045017,normal fecundity,A fecundity which is relatively normal or average.,0.2933,FALSE
fecundity,mean lifetime offspring as a function of size and adult and growth temperature,PATO,PCO:0000003,quality of a population,A quality that inheres in a population of organisms.,0.239,FALSE
fecundity rate,mean number of eggs individual-1 day-1,OBA,OBA:0003697,multicellular organism fecundity,The fecundity of a multicellular organism.,0.3682,FALSE
fecundity rate,mean number of eggs individual-1 day-1,OBA,OBA:0002011,micturition rate,The rate of a micturition.,0.1605,FALSE
fecundity rate,mean number of eggs individual-1 day-1,OBA,OBA:0002200,reflex rate,The rate of a reflex.,0.1716,FALSE
fecundity rate,mean number of eggs individual-1 day-1,OBA,OBA:0002672,gluconeogenesis rate,The rate of a gluconeogenesis.,0.2097,FALSE
fecundity rate,mean number of eggs individual-1 day-1,PATO,PATO:0000273,fecundity,A reproductive quality inhering in an organism or population by virtue of the bearer's potential reproductive capacity ad measured by the number of gametes.,0.2503,FALSE
fecundity rate,mean number of eggs individual-1 day-1,PATO,PATO:0001695,increased fecundity,A fecundity which is relatively high.,0.3971,FALSE
fecundity rate,mean number of eggs individual-1 day-1,PATO,PATO:0001696,decreased fecundity,A fecundity which is relatively low.,0.381,FALSE
fecundity rate,mean number of eggs individual-1 day-1,PATO,PATO:0045017,normal fecundity,A fecundity which is relatively normal or average.,0.3817,FALSE
fecundity rate,mean number of eggs individual-1 day-1,PATO,PATO:0000161,rate,A quality of a single process inhering in a bearer by virtue of the bearer's occurrence per unit time.,0.1771,FALSE
fecundity rate,mean number of offspring per reproductive cycle,OBA,OBA:0003697,multicellular organism fecundity,The fecundity of a multicellular organism.,0.5354,FALSE
fecundity rate,mean number of offspring per reproductive cycle,OBA,OBA:0002011,micturition rate,The rate of a micturition.,0.1763,FALSE
fecundity rate,mean number of offspring per reproductive cycle,OBA,OBA:0002200,reflex rate,The rate of a reflex.,0.2475,FALSE
fecundity rate,mean number of offspring per reproductive cycle,OBA,OBA:0002672,gluconeogenesis rate,The rate of a gluconeogenesis.,0.1808,FALSE
fecundity rate,mean number of offspring per reproductive cycle,PATO,PATO:0000273,fecundity,A reproductive quality inhering in an organism or population by virtue of the bearer's potential reproductive capacity ad measured by the number of gametes.,0.4314,FALSE
fecundity rate,mean number of offspring per reproductive cycle,PATO,PATO:0001695,increased fecundity,A fecundity which is relatively high.,0.4931,FALSE
fecundity rate,mean number of offspring per reproductive cycle,PATO,PATO:0001696,decreased fecundity,A fecundity which is relatively low.,0.4766,FALSE
fecundity rate,mean number of offspring per reproductive cycle,PATO,PATO:0045017,normal fecundity,A fecundity which is relatively normal or average.,0.5088,FALSE
fecundity rate,mean number of offspring per reproductive cycle,PATO,PATO:0000161,rate,A quality of a single process inhering in a bearer by virtue of the bearer's occurrence per unit time.,0.2477,FALSE
fecundity,mean lifetime eggs,OBA,OBA:0003697,multicellular organism fecundity,The fecundity of a multicellular organism.,0.3536,FALSE
fecundity,mean lifetime eggs,OBA,PATO:0045017,normal fecundity,A fecundity which is relatively normal or average.,0.3345,FALSE
fecundity,mean lifetime eggs,PATO,PATO:0000273,fecundity,A reproductive quality inhering in an organism or population by virtue of the bearer's potential reproductive capacity ad measured by the number of gametes.,0.2571,FALSE
fecundity,mean lifetime eggs,PATO,PATO:0001695,increased fecundity,A fecundity which is relatively high.,0.3711,FALSE
fecundity,mean lifetime eggs,PATO,PATO:0001696,decreased fecundity,A fecundity which is relatively low.,0.383,FALSE
fecundity,mean lifetime eggs,PATO,PATO:0045017,normal fecundity,A fecundity which is relatively normal or average.,0.3345,FALSE
fecundity,mean lifetime eggs,PATO,PCO:0000003,quality of a population,A quality that inheres in a population of organisms.,0.1654,FALSE
fecundity,individual-level mean eggs per gonotrophic cycle,OBA,OBA:0003697,multicellular organism fecundity,The fecundity of a multicellular organism.,0.3757,FALSE
fecundity,individual-level mean eggs per gonotrophic cycle,OBA,PATO:0045017,normal fecundity,A fecundity which is relatively normal or average.,0.3728,FALSE
fecundity,individual-level mean eggs per gonotrophic cycle,PATO,PATO:0000273,fecundity,A reproductive quality inhering in an organism or population by virtue of the bearer's potential reproductive capacity ad measured by the number of gametes.,0.2772,FALSE
fecundity,individual-level mean eggs per gonotrophic cycle,PATO,PATO:0001695,increased fecundity,A fecundity which is relatively high.,0.3827,FALSE
fecundity,individual-level mean eggs per gonotrophic cycle,PATO,PATO:0001696,decreased fecundity,A fecundity which is relatively low.,0.3822,FALSE
fecundity,individual-level mean eggs per gonotrophic cycle,PATO,PATO:0045017,normal fecundity,A fecundity which is relatively normal or average.,0.3728,FALSE
fecundity,individual-level mean eggs per gonotrophic cycle,PATO,PCO:0000003,quality of a population,A quality that inheres in a population of organisms.,0.2277,FALSE
fecundity,individual-level lifetime eggs,OBA,OBA:0003697,multicellular organism fecundity,The fecundity of a multicellular organism.,0.4274,FALSE
fecundity,individual-level lifetime eggs,OBA,PATO:0045017,normal fecundity,A fecundity which is relatively normal or average.,0.336,FALSE
fecundity,individual-level lifetime eggs,PATO,PATO:0000273,fecundity,A reproductive quality inhering in an organism or population by virtue of the bearer's potential reproductive capacity ad measured by the number of gametes.,0.3129,FALSE
fecundity,individual-level lifetime eggs,PATO,PATO:0001695,increased fecundity,A fecundity which is relatively high.,0.3879,FALSE
fecundity,individual-level lifetime eggs,PATO,PATO:0001696,decreased fecundity,A fecundity which is relatively low.,0.4062,FALSE
fecundity,individual-level lifetime eggs,PATO,PATO:0045017,normal fecundity,A fecundity which is relatively normal or average.,0.336,FALSE
fecundity,individual-level lifetime eggs,PATO,PCO:0000003,quality of a population,A quality that inheres in a population of organisms.,0.2168,FALSE
fecundity,mean lifetime eggs laid per female,OBA,OBA:0003697,multicellular organism fecundity,The fecundity of a multicellular organism.,0.3825,FALSE
fecundity,mean lifetime eggs laid per female,OBA,PATO:0045017,normal fecundity,A fecundity which is relatively normal or average.,0.3569,FALSE
fecundity,mean lifetime eggs laid per female,PATO,PATO:0000273,fecundity,A reproductive quality inhering in an organism or population by virtue of the bearer's potential reproductive capacity ad measured by the number of gametes.,0.2711,FALSE
fecundity,mean lifetime eggs laid per female,PATO,PATO:0001695,increased fecundity,A fecundity which is relatively high.,0.4203,FALSE
fecundity,mean lifetime eggs laid per female,PATO,PATO:0001696,decreased fecundity,A fecundity which is relatively low.,0.4182,FALSE
fecundity,mean lifetime eggs laid per female,PATO,PATO:0045017,normal fecundity,A fecundity which is relatively normal or average.,0.3569,FALSE
fecundity,mean lifetime eggs laid per female,PATO,PCO:0000003,quality of a population,A quality that inheres in a population of organisms.,0.1913,FALSE
fecundity,mean lifetime eggs produced by an individual female,OBA,OBA:0003697,multicellular organism fecundity,The fecundity of a multicellular organism.,0.419,FALSE
fecundity,mean lifetime eggs produced by an individual female,OBA,PATO:0045017,normal fecundity,A fecundity which is relatively normal or average.,0.371,FALSE
fecundity,mean lifetime eggs produced by an individual female,PATO,PATO:0000273,fecundity,A reproductive quality inhering in an organism or population by virtue of the bearer's potential reproductive capacity ad measured by the number of gametes.,0.315,FALSE
fecundity,mean lifetime eggs produced by an individual female,PATO,PATO:0001695,increased fecundity,A fecundity which is relatively high.,0.4147,FALSE
fecundity,mean lifetime eggs produced by an individual female,PATO,PATO:0001696,decreased fecundity,A fecundity which is relatively low.,0.4149,FALSE
fecundity,mean lifetime eggs produced by an individual female,PATO,PATO:0045017,normal fecundity,A fecundity which is relatively normal or average.,0.371,FALSE
fecundity,mean lifetime eggs produced by an individual female,PATO,PCO:0000003,quality of a population,A quality that inheres in a population of organisms.,0.2248,FALSE
fecundity rate,mean weight of egg mass per day,OBA,OBA:0003697,multicellular organism fecundity,The fecundity of a multicellular organism.,0.2708,FALSE
fecundity rate,mean weight of egg mass per day,OBA,OBA:0002011,micturition rate,The rate of a micturition.,0.1268,FALSE
fecundity rate,mean weight of egg mass per day,OBA,OBA:0002200,reflex rate,The rate of a reflex.,0.1008,FALSE
fecundity rate,mean weight of egg mass per day,OBA,OBA:0002672,gluconeogenesis rate,The rate of a gluconeogenesis.,0.1781,FALSE
fecundity rate,mean weight of egg mass per day,PATO,PATO:0000273,fecundity,A reproductive quality inhering in an organism or population by virtue of the bearer's potential reproductive capacity ad measured by the number of gametes.,0.1632,FALSE
fecundity rate,mean weight of egg mass per day,PATO,PATO:0001695,increased fecundity,A fecundity which is relatively high.,0.2835,FALSE
fecundity rate,mean weight of egg mass per day,PATO,PATO:0001696,decreased fecundity,A fecundity which is relatively low.,0.2742,FALSE
fecundity rate,mean weight of egg mass per day,PATO,PATO:0045017,normal fecundity,A fecundity which is relatively normal or average.,0.2744,FALSE
fecundity rate,mean weight of egg mass per day,PATO,PATO:0000161,rate,A quality of a single process inhering in a bearer by virtue of the bearer's occurrence per unit time.,0.1443,FALSE
fecundity,individual-level weight of lifetime eggs per individual,OBA,OBA:0003697,multicellular organism fecundity,The fecundity of a multicellular organism.,0.3872,FALSE
fecundity,individual-level weight of lifetime eggs per individual,OBA,PATO:0045017,normal fecundity,A fecundity which is relatively normal or average.,0.3253,FALSE
fecundity,individual-level weight of lifetime eggs per individual,PATO,PATO:0000273,fecundity,A reproductive quality inhering in an organism or population by virtue of the bearer's potential reproductive capacity ad measured by the number of gametes.,0.2782,FALSE
fecundity,individual-level weight of lifetime eggs per individual,PATO,PATO:0001695,increased fecundity,A fecundity which is relatively high.,0.3726,FALSE
fecundity,individual-level weight of lifetime eggs per individual,PATO,PATO:0001696,decreased fecundity,A fecundity which is relatively low.,0.3794,FALSE
fecundity,individual-level weight of lifetime eggs per individual,PATO,PATO:0045017,normal fecundity,A fecundity which is relatively normal or average.,0.3253,FALSE
fecundity,individual-level weight of lifetime eggs per individual,PATO,PCO:0000003,quality of a population,A quality that inheres in a population of organisms.,0.2383,FALSE
fecundity,total number of eggs produced,OBA,OBA:0003697,multicellular organism fecundity,The fecundity of a multicellular organism.,0.4492,FALSE
fecundity,total number of eggs produced,OBA,PATO:0045017,normal fecundity,A fecundity which is relatively normal or average.,0.3733,FALSE
fecundity,total number of eggs produced,PATO,PATO:0000273,fecundity,A reproductive quality inhering in an organism or population by virtue of the bearer's potential reproductive capacity ad measured by the number of gametes.,0.3424,FALSE
fecundity,total number of eggs produced,PATO,PATO:0001695,increased fecundity,A fecundity which is relatively high.,0.3957,FALSE
fecundity,total number of eggs produced,PATO,PATO:0001696,decreased fecundity,A fecundity which is relatively low.,0.36870000000000003,FALSE
fecundity,total number of eggs produced,PATO,PATO:0045017,normal fecundity,A fecundity which is relatively normal or average.,0.3733,FALSE
fecundity,total number of eggs produced,PATO,PCO:0000003,quality of a population,A quality that inheres in a population of organisms.,0.165,FALSE
fecundity,mean number of lifetime eggs by a tick,OBA,OBA:0003697,multicellular organism fecundity,The fecundity of a multicellular organism.,0.3735,FALSE
fecundity,mean number of lifetime eggs by a tick,OBA,PATO:0045017,normal fecundity,A fecundity which is relatively normal or average.,0.3627,FALSE
fecundity,mean number of lifetime eggs by a tick,PATO,PATO:0000273,fecundity,A reproductive quality inhering in an organism or population by virtue of the bearer's potential reproductive capacity ad measured by the number of gametes.,0.2524,FALSE
fecundity,mean number of lifetime eggs by a tick,PATO,PATO:0001695,increased fecundity,A fecundity which is relatively high.,0.3853,FALSE
fecundity,mean number of lifetime eggs by a tick,PATO,PATO:0001696,decreased fecundity,A fecundity which is relatively low.,0.3827,FALSE
fecundity,mean number of lifetime eggs by a tick,PATO,PATO:0045017,normal fecundity,A fecundity which is relatively normal or average.,0.3627,FALSE
fecundity,mean number of lifetime eggs by a tick,PATO,PCO:0000003,quality of a population,A quality that inheres in a population of organisms.,0.2143,FALSE
fecundity rate,mean eggs produced by an individual female per day,OBA,OBA:0003697,multicellular organism fecundity,The fecundity of a multicellular organism.,0.3769,FALSE
fecundity rate,mean eggs produced by an individual female per day,OBA,OBA:0002011,micturition rate,The rate of a micturition.,0.1613,FALSE
fecundity rate,mean eggs produced by an individual female per day,OBA,OBA:0002200,reflex rate,The rate of a reflex.,0.1577,FALSE
fecundity rate,mean eggs produced by an individual female per day,OBA,OBA:0002672,gluconeogenesis rate,The rate of a gluconeogenesis.,0.2215,FALSE
fecundity rate,mean eggs produced by an individual female per day,PATO,PATO:0000273,fecundity,A reproductive quality inhering in an organism or population by virtue of the bearer's potential reproductive capacity ad measured by the number of gametes.,0.2777,FALSE
fecundity rate,mean eggs produced by an individual female per day,PATO,PATO:0001695,increased fecundity,A fecundity which is relatively high.,0.383,FALSE
fecundity rate,mean eggs produced by an individual female per day,PATO,PATO:0001696,decreased fecundity,A fecundity which is relatively low.,0.3653,FALSE
fecundity rate,mean eggs produced by an individual female per day,PATO,PATO:0045017,normal fecundity,A fecundity which is relatively normal or average.,0.3463,FALSE
fecundity rate,mean eggs produced by an individual female per day,PATO,PATO:0000161,rate,A quality of a single process inhering in a bearer by virtue of the bearer's occurrence per unit time.,0.2179,FALSE
fecundity rate,peak number of eggs per day per individual,OBA,OBA:0003697,multicellular organism fecundity,The fecundity of a multicellular organism.,0.3941,FALSE
fecundity rate,peak number of eggs per day per individual,OBA,OBA:0002011,micturition rate,The rate of a micturition.,0.1733,FALSE
fecundity rate,peak number of eggs per day per individual,OBA,OBA:0002200,reflex rate,The rate of a reflex.,0.1489,FALSE
fecundity rate,peak number of eggs per day per individual,OBA,OBA:0002672,gluconeogenesis rate,The rate of a gluconeogenesis.,0.2101,FALSE
fecundity rate,peak number of eggs per day per individual,PATO,PATO:0000273,fecundity,A reproductive quality inhering in an organism or population by virtue of the bearer's potential reproductive capacity ad measured by the number of gametes.,0.2792,FALSE
fecundity rate,peak number of eggs per day per individual,PATO,PATO:0001695,increased fecundity,A fecundity which is relatively high.,0.4018,FALSE
fecundity rate,peak number of eggs per day per individual,PATO,PATO:0001696,decreased fecundity,A fecundity which is relatively low.,0.3649,FALSE
fecundity rate,peak number of eggs per day per individual,PATO,PATO:0045017,normal fecundity,A fecundity which is relatively normal or average.,0.374,FALSE
fecundity rate,peak number of eggs per day per individual,PATO,PATO:0000161,rate,A quality of a single process inhering in a bearer by virtue of the bearer's occurrence per unit time.,0.2001,FALSE
fertility,mean number of hatched eggs in an individuals lifetime,OBA,OBA:VT0010464,fertility trait,The fertility of a multicellular organism.,0.4,FALSE
fertility,mean number of hatched eggs in an individuals lifetime,OBA,OBA:VT0001922,male fertility trait,The fertility of a male organism.,0.2925,FALSE
fertility,mean number of hatched eggs in an individuals lifetime,OBA,OBA:VT0001923,female fertility trait,The female fertility of a female organism.,0.3732,FALSE
fertility,mean number of hatched eggs in an individuals lifetime,OBA,OBA:0003685,multicellular organism male fertility,The male fertility of a multicellular organism.,0.3355,FALSE
fertility,mean number of hatched eggs in an individuals lifetime,PATO,PATO:0000274,fertility,"A reproductive quality inhering in a bearer by virtue of the bearer's initiating, sustaining, or supporting reproduction.",0.2768,FALSE
fertility,mean number of hatched eggs in an individuals lifetime,PATO,PATO:0000277,female fertility,"A fertility quality inhering in a female by virtue of the bearer's disposition to initiate, sustain, or support reproduction.",0.2921,FALSE
fertility,mean number of hatched eggs in an individuals lifetime,PATO,PATO:0000279,male fertility,"A fertility quality of inhering in a male by virtue of the bearer's disposition to initiate, sustain, or support reproduction.",0.2533,FALSE
fertility,mean number of hatched eggs in an individuals lifetime,PATO,PATO:0001834,decreased fertility,A fertility which is relatively low.,0.3794,FALSE
fertility,mean number of hatched eggs in an individuals lifetime,PATO,PATO:0001835,increased fertility,A fertility which is relatively high.,0.3918,FALSE
fecundity,mean eggs individual-1,OBA,OBA:0003697,multicellular organism fecundity,The fecundity of a multicellular organism.,0.32,FALSE
fecundity,mean eggs individual-1,OBA,PATO:0045017,normal fecundity,A fecundity which is relatively normal or average.,0.2901,FALSE
fecundity,mean eggs individual-1,PATO,PATO:0000273,fecundity,A reproductive quality inhering in an organism or population by virtue of the bearer's potential reproductive capacity ad measured by the number of gametes.,0.2427,FALSE
fecundity,mean eggs individual-1,PATO,PATO:0001695,increased fecundity,A fecundity which is relatively high.,0.32,FALSE
fecundity,mean eggs individual-1,PATO,PATO:0001696,decreased fecundity,A fecundity which is relatively low.,0.3186,FALSE
fecundity,mean eggs individual-1,PATO,PATO:0045017,normal fecundity,A fecundity which is relatively normal or average.,0.2901,FALSE
fecundity,mean eggs individual-1,PATO,PCO:0000003,quality of a population,A quality that inheres in a population of organisms.,0.2325,FALSE
fecundity,mean lifetime total number of nymphs,OBA,OBA:0003697,multicellular organism fecundity,The fecundity of a multicellular organism.,0.3376,FALSE
fecundity,mean lifetime total number of nymphs,OBA,PATO:0045017,normal fecundity,A fecundity which is relatively normal or average.,0.3172,FALSE
fecundity,mean lifetime total number of nymphs,PATO,PATO:0000273,fecundity,A reproductive quality inhering in an organism or population by virtue of the bearer's potential reproductive capacity ad measured by the number of gametes.,0.2118,FALSE
fecundity,mean lifetime total number of nymphs,PATO,PATO:0001695,increased fecundity,A fecundity which is relatively high.,0.3475,FALSE
fecundity,mean lifetime total number of nymphs,PATO,PATO:0001696,decreased fecundity,A fecundity which is relatively low.,0.3406,FALSE
fecundity,mean lifetime total number of nymphs,PATO,PATO:0045017,normal fecundity,A fecundity which is relatively normal or average.,0.3172,FALSE
fecundity,mean lifetime total number of nymphs,PATO,PCO:0000003,quality of a population,A quality that inheres in a population of organisms.,0.2041,FALSE
fecundity,mean liftetime eggs,OBA,OBA:0003697,multicellular organism fecundity,The fecundity of a multicellular organism.,0.33,FALSE
fecundity,mean liftetime eggs,OBA,PATO:0045017,normal fecundity,A fecundity which is relatively normal or average.,0.2951,FALSE
fecundity,mean liftetime eggs,PATO,PATO:0000273,fecundity,A reproductive quality inhering in an organism or population by virtue of the bearer's potential reproductive capacity ad measured by the number of gametes.,0.2409,FALSE
fecundity,mean liftetime eggs,PATO,PATO:0001695,increased fecundity,A fecundity which is relatively high.,0.3558,FALSE
fecundity,mean liftetime eggs,PATO,PATO:0001696,decreased fecundity,A fecundity which is relatively low.,0.3585,FALSE
fecundity,mean liftetime eggs,PATO,PATO:0045017,normal fecundity,A fecundity which is relatively normal or average.,0.2951,FALSE
fecundity,mean liftetime eggs,PATO,PCO:0000003,quality of a population,A quality that inheres in a population of organisms.,0.1592,FALSE
fecundity,mean lifetime progeny,OBA,OBA:0003697,multicellular organism fecundity,The fecundity of a multicellular organism.,0.422,FALSE
fecundity,mean lifetime progeny,OBA,PATO:0045017,normal fecundity,A fecundity which is relatively normal or average.,0.3599,FALSE
fecundity,mean lifetime progeny,PATO,PATO:0000273,fecundity,A reproductive quality inhering in an organism or population by virtue of the bearer's potential reproductive capacity ad measured by the number of gametes.,0.3356,FALSE
fecundity,mean lifetime progeny,PATO,PATO:0001695,increased fecundity,A fecundity which is relatively high.,0.3801,FALSE
fecundity,mean lifetime progeny,PATO,PATO:0001696,decreased fecundity,A fecundity which is relatively low.,0.3824,FALSE
fecundity,mean lifetime progeny,PATO,PATO:0045017,normal fecundity,A fecundity which is relatively normal or average.,0.3599,FALSE
fecundity,mean lifetime progeny,PATO,PCO:0000003,quality of a population,A quality that inheres in a population of organisms.,0.2866,FALSE
fecundity rate,mean progeny per unit time,OBA,OBA:0003697,multicellular organism fecundity,The fecundity of a multicellular organism.,0.493,FALSE
fecundity rate,mean progeny per unit time,OBA,OBA:0002011,micturition rate,The rate of a micturition.,0.2306,FALSE
fecundity rate,mean progeny per unit time,OBA,OBA:0002200,reflex rate,The rate of a reflex.,0.2601,FALSE
fecundity rate,mean progeny per unit time,OBA,OBA:0002672,gluconeogenesis rate,The rate of a gluconeogenesis.,0.2578,FALSE
fecundity rate,mean progeny per unit time,PATO,PATO:0000273,fecundity,A reproductive quality inhering in an organism or population by virtue of the bearer's potential reproductive capacity ad measured by the number of gametes.,0.4057,FALSE
fecundity rate,mean progeny per unit time,PATO,PATO:0001695,increased fecundity,A fecundity which is relatively high.,0.4465,FALSE
fecundity rate,mean progeny per unit time,PATO,PATO:0001696,decreased fecundity,A fecundity which is relatively low.,0.4104,FALSE
fecundity rate,mean progeny per unit time,PATO,PATO:0045017,normal fecundity,A fecundity which is relatively normal or average.,0.4436,FALSE
fecundity rate,mean progeny per unit time,PATO,PATO:0000161,rate,A quality of a single process inhering in a bearer by virtue of the bearer's occurrence per unit time.,0.4145,FALSE
fecundity rate,mean maximum progeny per unit time,OBA,OBA:0003697,multicellular organism fecundity,The fecundity of a multicellular organism.,0.5036,FALSE
fecundity rate,mean maximum progeny per unit time,OBA,OBA:0002011,micturition rate,The rate of a micturition.,0.2371,FALSE
fecundity rate,mean maximum progeny per unit time,OBA,OBA:0002200,reflex rate,The rate of a reflex.,0.2636,FALSE
fecundity rate,mean maximum progeny per unit time,OBA,OBA:0002672,gluconeogenesis rate,The rate of a gluconeogenesis.,0.2419,FALSE
fecundity rate,mean maximum progeny per unit time,PATO,PATO:0000273,fecundity,A reproductive quality inhering in an organism or population by virtue of the bearer's potential reproductive capacity ad measured by the number of gametes.,0.4274,FALSE
fecundity rate,mean maximum progeny per unit time,PATO,PATO:0001695,increased fecundity,A fecundity which is relatively high.,0.4715,FALSE
fecundity rate,mean maximum progeny per unit time,PATO,PATO:0001696,decreased fecundity,A fecundity which is relatively low.,0.3967,FALSE
fecundity rate,mean maximum progeny per unit time,PATO,PATO:0045017,normal fecundity,A fecundity which is relatively normal or average.,0.4467,FALSE
fecundity rate,mean maximum progeny per unit time,PATO,PATO:0000161,rate,A quality of a single process inhering in a bearer by virtue of the bearer's occurrence per unit time.,0.4063,FALSE
fecundity rate,maximum number of offspring per female per day,OBA,OBA:0003697,multicellular organism fecundity,The fecundity of a multicellular organism.,0.4982,FALSE
fecundity rate,maximum number of offspring per female per day,OBA,OBA:0002011,micturition rate,The rate of a micturition.,0.1982,FALSE
fecundity rate,maximum number of offspring per female per day,OBA,OBA:0002200,reflex rate,The rate of a reflex.,0.2058,FALSE
fecundity rate,maximum number of offspring per female per day,OBA,OBA:0002672,gluconeogenesis rate,The rate of a gluconeogenesis.,0.1935,FALSE
fecundity rate,maximum number of offspring per female per day,PATO,PATO:0000273,fecundity,A reproductive quality inhering in an organism or population by virtue of the bearer's potential reproductive capacity ad measured by the number of gametes.,0.3459,FALSE
fecundity rate,maximum number of offspring per female per day,PATO,PATO:0001695,increased fecundity,A fecundity which is relatively high.,0.4788,FALSE
fecundity rate,maximum number of offspring per female per day,PATO,PATO:0001696,decreased fecundity,A fecundity which is relatively low.,0.4267,FALSE
fecundity rate,maximum number of offspring per female per day,PATO,PATO:0045017,normal fecundity,A fecundity which is relatively normal or average.,0.4164,FALSE
fecundity rate,maximum number of offspring per female per day,PATO,PATO:0000161,rate,A quality of a single process inhering in a bearer by virtue of the bearer's occurrence per unit time.,0.2227,FALSE
fecundity rate,mean number of nymphs per day per female,OBA,OBA:0003697,multicellular organism fecundity,The fecundity of a multicellular organism.,0.3339,FALSE
fecundity rate,mean number of nymphs per day per female,OBA,OBA:0002011,micturition rate,The rate of a micturition.,0.1727,FALSE
fecundity rate,mean number of nymphs per day per female,OBA,OBA:0002200,reflex rate,The rate of a reflex.,0.2151,FALSE
fecundity rate,mean number of nymphs per day per female,OBA,OBA:0002672,gluconeogenesis rate,The rate of a gluconeogenesis.,0.2314,FALSE
fecundity rate,mean number of nymphs per day per female,PATO,PATO:0000273,fecundity,A reproductive quality inhering in an organism or population by virtue of the bearer's potential reproductive capacity ad measured by the number of gametes.,0.222,FALSE
fecundity rate,mean number of nymphs per day per female,PATO,PATO:0001695,increased fecundity,A fecundity which is relatively high.,0.356,FALSE
fecundity rate,mean number of nymphs per day per female,PATO,PATO:0001696,decreased fecundity,A fecundity which is relatively low.,0.3416,FALSE
fecundity rate,mean number of nymphs per day per female,PATO,PATO:0045017,normal fecundity,A fecundity which is relatively normal or average.,0.363,FALSE
fecundity rate,mean number of nymphs per day per female,PATO,PATO:0000161,rate,A quality of a single process inhering in a bearer by virtue of the bearer's occurrence per unit time.,0.162,FALSE
fecundity,mean duration of life stage,OBA,OBA:0003697,multicellular organism fecundity,The fecundity of a multicellular organism.,0.2792,FALSE
fecundity,mean duration of life stage,OBA,PATO:0045017,normal fecundity,A fecundity which is relatively normal or average.,0.2665,FALSE
fecundity,mean duration of life stage,PATO,PATO:0000273,fecundity,A reproductive quality inhering in an organism or population by virtue of the bearer's potential reproductive capacity ad measured by the number of gametes.,0.1316,FALSE
fecundity,mean duration of life stage,PATO,PATO:0001695,increased fecundity,A fecundity which is relatively high.,0.2665,FALSE
fecundity,mean duration of life stage,PATO,PATO:0001696,decreased fecundity,A fecundity which is relatively low.,0.2651,FALSE
fecundity,mean duration of life stage,PATO,PATO:0045017,normal fecundity,A fecundity which is relatively normal or average.,0.2665,FALSE
fecundity,mean duration of life stage,PATO,PCO:0000003,quality of a population,A quality that inheres in a population of organisms.,0.1705,FALSE
fecundity rate,maximum progeny per unit time,OBA,OBA:0003697,multicellular organism fecundity,The fecundity of a multicellular organism.,0.5518,FALSE
fecundity rate,maximum progeny per unit time,OBA,OBA:0002011,micturition rate,The rate of a micturition.,0.2403,FALSE
fecundity rate,maximum progeny per unit time,OBA,OBA:0002200,reflex rate,The rate of a reflex.,0.2648,FALSE
fecundity rate,maximum progeny per unit time,OBA,OBA:0002672,gluconeogenesis rate,The rate of a gluconeogenesis.,0.2596,FALSE
fecundity rate,maximum progeny per unit time,PATO,PATO:0000273,fecundity,A reproductive quality inhering in an organism or population by virtue of the bearer's potential reproductive capacity ad measured by the number of gametes.,0.4311,FALSE
fecundity rate,maximum progeny per unit time,PATO,PATO:0001695,increased fecundity,A fecundity which is relatively high.,0.4857,FALSE
fecundity rate,maximum progeny per unit time,PATO,PATO:0001696,decreased fecundity,A fecundity which is relatively low.,0.4263,FALSE
fecundity rate,maximum progeny per unit time,PATO,PATO:0045017,normal fecundity,A fecundity which is relatively normal or average.,0.43,FALSE
fecundity rate,maximum progeny per unit time,PATO,PATO:0000161,rate,A quality of a single process inhering in a bearer by virtue of the bearer's occurrence per unit time.,0.4009,FALSE
effective fecundity,mean number of nymphs produced individual-1 during a period equivalent to the prereporoductive time,OBA,OBA:0003697,multicellular organism fecundity,The fecundity of a multicellular organism.,0.4217,FALSE
effective fecundity,mean number of nymphs produced individual-1 during a period equivalent to the prereporoductive time,OBA,PATO:0045017,normal fecundity,A fecundity which is relatively normal or average.,0.4142,FALSE
effective fecundity,mean number of nymphs produced individual-1 during a period equivalent to the prereporoductive time,PATO,PATO:0000273,fecundity,A reproductive quality inhering in an organism or population by virtue of the bearer's potential reproductive capacity ad measured by the number of gametes.,0.3232,FALSE
effective fecundity,mean number of nymphs produced individual-1 during a period equivalent to the prereporoductive time,PATO,PATO:0001695,increased fecundity,A fecundity which is relatively high.,0.4103,FALSE
effective fecundity,mean number of nymphs produced individual-1 during a period equivalent to the prereporoductive time,PATO,PATO:0001696,decreased fecundity,A fecundity which is relatively low.,0.3899,FALSE
effective fecundity,mean number of nymphs produced individual-1 during a period equivalent to the prereporoductive time,PATO,PATO:0045017,normal fecundity,A fecundity which is relatively normal or average.,0.4142,FALSE
effective fecundity,mean number of nymphs produced individual-1 during a period equivalent to the prereporoductive time,PATO,PATO:0000769,coordinated,A coordination quality of inhering in a bearer by virtue of the bearer's having skillful and effective interaction of movement.,0.109,FALSE
maximum fecundity,mean duration from onset of reproduction to maximum reproductive output,OBA,OBA:0003697,multicellular organism fecundity,The fecundity of a multicellular organism.,0.4041,FALSE
maximum fecundity,mean duration from onset of reproduction to maximum reproductive output,OBA,PATO:0045017,normal fecundity,A fecundity which is relatively normal or average.,0.3811,FALSE
maximum fecundity,mean duration from onset of reproduction to maximum reproductive output,PATO,PATO:0000273,fecundity,A reproductive quality inhering in an organism or population by virtue of the bearer's potential reproductive capacity ad measured by the number of gametes.,0.3655,FALSE
maximum fecundity,mean duration from onset of reproduction to maximum reproductive output,PATO,PATO:0001695,increased fecundity,A fecundity which is relatively high.,0.388,FALSE
maximum fecundity,mean duration from onset of reproduction to maximum reproductive output,PATO,PATO:0001696,decreased fecundity,A fecundity which is relatively low.,0.3534,FALSE
maximum fecundity,mean duration from onset of reproduction to maximum reproductive output,PATO,PATO:0045017,normal fecundity,A fecundity which is relatively normal or average.,0.3811,FALSE
maximum fecundity,mean duration from onset of reproduction to maximum reproductive output,PATO,PATO:0000050,life span,A time quality inhering in a bearer by virtue of the bearer's expected maximum age.,0.3374,FALSE
fecundity rate,mean duration of life stage,OBA,OBA:0003697,multicellular organism fecundity,The fecundity of a multicellular organism.,0.2792,FALSE
fecundity rate,mean duration of life stage,OBA,OBA:0002011,micturition rate,The rate of a micturition.,0.1403,FALSE
fecundity rate,mean duration of life stage,OBA,OBA:0002200,reflex rate,The rate of a reflex.,0.1571,FALSE
fecundity rate,mean duration of life stage,OBA,OBA:0002672,gluconeogenesis rate,The rate of a gluconeogenesis.,0.0968,FALSE
fecundity rate,mean duration of life stage,PATO,PATO:0000273,fecundity,A reproductive quality inhering in an organism or population by virtue of the bearer's potential reproductive capacity ad measured by the number of gametes.,0.1316,FALSE
fecundity rate,mean duration of life stage,PATO,PATO:0001695,increased fecundity,A fecundity which is relatively high.,0.2665,FALSE
fecundity rate,mean duration of life stage,PATO,PATO:0001696,decreased fecundity,A fecundity which is relatively low.,0.2651,FALSE
fecundity rate,mean duration of life stage,PATO,PATO:0045017,normal fecundity,A fecundity which is relatively normal or average.,0.2665,FALSE
fecundity rate,mean duration of life stage,PATO,PATO:0000161,rate,A quality of a single process inhering in a bearer by virtue of the bearer's occurrence per unit time.,0.192,FALSE
fecundity (alate),mean lifetime offspring,OBA,OBA:0003697,multicellular organism fecundity,The fecundity of a multicellular organism.,0.4411,FALSE
fecundity (alate),mean lifetime offspring,OBA,PATO:0045017,normal fecundity,A fecundity which is relatively normal or average.,0.3849,FALSE
fecundity (alate),mean lifetime offspring,PATO,PATO:0000273,fecundity,A reproductive quality inhering in an organism or population by virtue of the bearer's potential reproductive capacity ad measured by the number of gametes.,0.3438,FALSE
fecundity (alate),mean lifetime offspring,PATO,PATO:0001695,increased fecundity,A fecundity which is relatively high.,0.4112,FALSE
fecundity (alate),mean lifetime offspring,PATO,PATO:0001696,decreased fecundity,A fecundity which is relatively low.,0.4184,FALSE
fecundity (alate),mean lifetime offspring,PATO,PATO:0045017,normal fecundity,A fecundity which is relatively normal or average.,0.3849,FALSE
fecundity (alate),mean lifetime offspring,PATO,PCO:0000003,quality of a population,A quality that inheres in a population of organisms.,0.2684,FALSE
fecundity (apterous),mean lifetime offspring,OBA,OBA:0003697,multicellular organism fecundity,The fecundity of a multicellular organism.,0.4411,FALSE
fecundity (apterous),mean lifetime offspring,OBA,PATO:0045017,normal fecundity,A fecundity which is relatively normal or average.,0.3849,FALSE
fecundity (apterous),mean lifetime offspring,PATO,PATO:0000273,fecundity,A reproductive quality inhering in an organism or population by virtue of the bearer's potential reproductive capacity ad measured by the number of gametes.,0.3438,FALSE
fecundity (apterous),mean lifetime offspring,PATO,PATO:0001695,increased fecundity,A fecundity which is relatively high.,0.4112,FALSE
fecundity (apterous),mean lifetime offspring,PATO,PATO:0001696,decreased fecundity,A fecundity which is relatively low.,0.4184,FALSE
fecundity (apterous),mean lifetime offspring,PATO,PATO:0045017,normal fecundity,A fecundity which is relatively normal or average.,0.3849,FALSE
fecundity (apterous),mean lifetime offspring,PATO,PCO:0000003,quality of a population,A quality that inheres in a population of organisms.,0.2684,FALSE
fecundity,mean population-level offspring (100 individuals),OBA,OBA:0003697,multicellular organism fecundity,The fecundity of a multicellular organism.,0.4176,FALSE
fecundity,mean population-level offspring (100 individuals),OBA,PATO:0045017,normal fecundity,A fecundity which is relatively normal or average.,0.4526,FALSE
fecundity,mean population-level offspring (100 individuals),PATO,PATO:0000273,fecundity,A reproductive quality inhering in an organism or population by virtue of the bearer's potential reproductive capacity ad measured by the number of gametes.,0.3665,FALSE
fecundity,mean population-level offspring (100 individuals),PATO,PATO:0001695,increased fecundity,A fecundity which is relatively high.,0.4181,FALSE
fecundity,mean population-level offspring (100 individuals),PATO,PATO:0001696,decreased fecundity,A fecundity which is relatively low.,0.3896,FALSE
fecundity,mean population-level offspring (100 individuals),PATO,PATO:0045017,normal fecundity,A fecundity which is relatively normal or average.,0.4526,FALSE
fecundity,mean population-level offspring (100 individuals),PATO,PCO:0000003,quality of a population,A quality that inheres in a population of organisms.,0.4085,FALSE
fecundity,total population-level number of offspring produced,OBA,OBA:0003697,multicellular organism fecundity,The fecundity of a multicellular organism.,0.5346,FALSE
fecundity,total population-level number of offspring produced,OBA,PATO:0045017,normal fecundity,A fecundity which is relatively normal or average.,0.4642,FALSE
fecundity,total population-level number of offspring produced,PATO,PATO:0000273,fecundity,A reproductive quality inhering in an organism or population by virtue of the bearer's potential reproductive capacity ad measured by the number of gametes.,0.4568,FALSE
fecundity,total population-level number of offspring produced,PATO,PATO:0001695,increased fecundity,A fecundity which is relatively high.,0.4468,FALSE
fecundity,total population-level number of offspring produced,PATO,PATO:0001696,decreased fecundity,A fecundity which is relatively low.,0.4165,FALSE
fecundity,total population-level number of offspring produced,PATO,PATO:0045017,normal fecundity,A fecundity which is relatively normal or average.,0.4642,FALSE
fecundity,total population-level number of offspring produced,PATO,PCO:0000003,quality of a population,A quality that inheres in a population of organisms.,0.3944,FALSE
fecundity rate,mean offspring per reproduction day,OBA,OBA:0003697,multicellular organism fecundity,The fecundity of a multicellular organism.,0.4698,FALSE
fecundity rate,mean offspring per reproduction day,OBA,OBA:0002011,micturition rate,The rate of a micturition.,0.166,FALSE
fecundity rate,mean offspring per reproduction day,OBA,OBA:0002200,reflex rate,The rate of a reflex.,0.2211,FALSE
fecundity rate,mean offspring per reproduction day,OBA,OBA:0002672,gluconeogenesis rate,The rate of a gluconeogenesis.,0.1858,FALSE
fecundity rate,mean offspring per reproduction day,PATO,PATO:0000273,fecundity,A reproductive quality inhering in an organism or population by virtue of the bearer's potential reproductive capacity ad measured by the number of gametes.,0.4042,FALSE
fecundity rate,mean offspring per reproduction day,PATO,PATO:0001695,increased fecundity,A fecundity which is relatively high.,0.4364,FALSE
fecundity rate,mean offspring per reproduction day,PATO,PATO:0001696,decreased fecundity,A fecundity which is relatively low.,0.4038,FALSE
fecundity rate,mean offspring per reproduction day,PATO,PATO:0045017,normal fecundity,A fecundity which is relatively normal or average.,0.4188,FALSE
fecundity rate,mean offspring per reproduction day,PATO,PATO:0000161,rate,A quality of a single process inhering in a bearer by virtue of the bearer's occurrence per unit time.,0.2366,FALSE
fecundity,mean lifetime progeny per female,OBA,OBA:0003697,multicellular organism fecundity,The fecundity of a multicellular organism.,0.4677,FALSE
fecundity,mean lifetime progeny per female,OBA,PATO:0045017,normal fecundity,A fecundity which is relatively normal or average.,0.415,FALSE
fecundity,mean lifetime progeny per female,PATO,PATO:0000273,fecundity,A reproductive quality inhering in an organism or population by virtue of the bearer's potential reproductive capacity ad measured by the number of gametes.,0.3593,FALSE
fecundity,mean lifetime progeny per female,PATO,PATO:0001695,increased fecundity,A fecundity which is relatively high.,0.4601,FALSE
fecundity,mean lifetime progeny per female,PATO,PATO:0001696,decreased fecundity,A fecundity which is relatively low.,0.4554,FALSE
fecundity,mean lifetime progeny per female,PATO,PATO:0045017,normal fecundity,A fecundity which is relatively normal or average.,0.415,FALSE
fecundity,mean lifetime progeny per female,PATO,PCO:0000003,quality of a population,A quality that inheres in a population of organisms.,0.3002,FALSE
fecundity rate (apterous),mean offspring per unit time,OBA,OBA:0003697,multicellular organism fecundity,The fecundity of a multicellular organism.,0.5158,FALSE
fecundity rate (apterous),mean offspring per unit time,OBA,OBA:0002011,micturition rate,The rate of a micturition.,0.2494,FALSE
fecundity rate (apterous),mean offspring per unit time,OBA,OBA:0002200,reflex rate,The rate of a reflex.,0.2842,FALSE
fecundity rate (apterous),mean offspring per unit time,OBA,OBA:0002672,gluconeogenesis rate,The rate of a gluconeogenesis.,0.2383,FALSE
fecundity rate (apterous),mean offspring per unit time,PATO,PATO:0000273,fecundity,A reproductive quality inhering in an organism or population by virtue of the bearer's potential reproductive capacity ad measured by the number of gametes.,0.4088,FALSE
fecundity rate (apterous),mean offspring per unit time,PATO,PATO:0001695,increased fecundity,A fecundity which is relatively high.,0.4517,FALSE
fecundity rate (apterous),mean offspring per unit time,PATO,PATO:0001696,decreased fecundity,A fecundity which is relatively low.,0.4155,FALSE
fecundity rate (apterous),mean offspring per unit time,PATO,PATO:0045017,normal fecundity,A fecundity which is relatively normal or average.,0.4416,FALSE
fecundity rate (apterous),mean offspring per unit time,PATO,PATO:0000161,rate,A quality of a single process inhering in a bearer by virtue of the bearer's occurrence per unit time.,0.4092,FALSE
fecundity rate (alate),mean offspring per unit time,OBA,OBA:0003697,multicellular organism fecundity,The fecundity of a multicellular organism.,0.5158,FALSE
fecundity rate (alate),mean offspring per unit time,OBA,OBA:0002011,micturition rate,The rate of a micturition.,0.2494,FALSE
fecundity rate (alate),mean offspring per unit time,OBA,OBA:0002200,reflex rate,The rate of a reflex.,0.2842,FALSE
fecundity rate (alate),mean offspring per unit time,OBA,OBA:0002672,gluconeogenesis rate,The rate of a gluconeogenesis.,0.2383,FALSE
fecundity rate (alate),mean offspring per unit time,PATO,PATO:0000273,fecundity,A reproductive quality inhering in an organism or population by virtue of the bearer's potential reproductive capacity ad measured by the number of gametes.,0.4088,FALSE
fecundity rate (alate),mean offspring per unit time,PATO,PATO:0001695,increased fecundity,A fecundity which is relatively high.,0.4517,FALSE
fecundity rate (alate),mean offspring per unit time,PATO,PATO:0001696,decreased fecundity,A fecundity which is relatively low.,0.4155,FALSE
fecundity rate (alate),mean offspring per unit time,PATO,PATO:0045017,normal fecundity,A fecundity which is relatively normal or average.,0.4416,FALSE
fecundity rate (alate),mean offspring per unit time,PATO,PATO:0000161,rate,A quality of a single process inhering in a bearer by virtue of the bearer's occurrence per unit time.,0.4092,FALSE
fertility,number of offspring produced,OBA,OBA:VT0010464,fertility trait,The fertility of a multicellular organism.,0.5056,FALSE
fertility,number of offspring produced,OBA,OBA:VT0001922,male fertility trait,The fertility of a male organism.,0.391,FALSE
fertility,number of offspring produced,OBA,OBA:VT0001923,female fertility trait,The female fertility of a female organism.,0.4128,FALSE
fertility,number of offspring produced,OBA,OBA:0003685,multicellular organism male fertility,The male fertility of a multicellular organism.,0.3976,FALSE
fertility,number of offspring produced,PATO,PATO:0000274,fertility,"A reproductive quality inhering in a bearer by virtue of the bearer's initiating, sustaining, or supporting reproduction.",0.4087,FALSE
fertility,number of offspring produced,PATO,PATO:0000277,female fertility,"A fertility quality inhering in a female by virtue of the bearer's disposition to initiate, sustain, or support reproduction.",0.358,FALSE
fertility,number of offspring produced,PATO,PATO:0000279,male fertility,"A fertility quality of inhering in a male by virtue of the bearer's disposition to initiate, sustain, or support reproduction.",0.3489,FALSE
fertility,number of offspring produced,PATO,PATO:0001834,decreased fertility,A fertility which is relatively low.,0.3776,FALSE
fertility,number of offspring produced,PATO,PATO:0001835,increased fertility,A fertility which is relatively high.,0.4049,FALSE
fecundity,mean of daily newborn nymph counts,OBA,OBA:0003697,multicellular organism fecundity,The fecundity of a multicellular organism.,0.2863,FALSE
fecundity,mean of daily newborn nymph counts,OBA,PATO:0045017,normal fecundity,A fecundity which is relatively normal or average.,0.3415,FALSE
fecundity,mean of daily newborn nymph counts,PATO,PATO:0000273,fecundity,A reproductive quality inhering in an organism or population by virtue of the bearer's potential reproductive capacity ad measured by the number of gametes.,0.1554,FALSE
fecundity,mean of daily newborn nymph counts,PATO,PATO:0001695,increased fecundity,A fecundity which is relatively high.,0.2793,FALSE
fecundity,mean of daily newborn nymph counts,PATO,PATO:0001696,decreased fecundity,A fecundity which is relatively low.,0.2774,FALSE
fecundity,mean of daily newborn nymph counts,PATO,PATO:0045017,normal fecundity,A fecundity which is relatively normal or average.,0.3415,FALSE
fecundity,mean of daily newborn nymph counts,PATO,PCO:0000003,quality of a population,A quality that inheres in a population of organisms.,0.1851,FALSE
average daily fecundity,daily fecundity of female aphids,OBA,OBA:0003697,multicellular organism fecundity,The fecundity of a multicellular organism.,0.5415,FALSE
average daily fecundity,daily fecundity of female aphids,OBA,PATO:0045017,normal fecundity,A fecundity which is relatively normal or average.,0.4336,FALSE
average daily fecundity,daily fecundity of female aphids,PATO,PATO:0000273,fecundity,A reproductive quality inhering in an organism or population by virtue of the bearer's potential reproductive capacity ad measured by the number of gametes.,0.3233,FALSE
average daily fecundity,daily fecundity of female aphids,PATO,PATO:0001695,increased fecundity,A fecundity which is relatively high.,0.5209,FALSE
average daily fecundity,daily fecundity of female aphids,PATO,PATO:0001696,decreased fecundity,A fecundity which is relatively low.,0.459,FALSE
average daily fecundity,daily fecundity of female aphids,PATO,PATO:0045017,normal fecundity,A fecundity which is relatively normal or average.,0.4336,FALSE
average daily fecundity,daily fecundity of female aphids,PATO,PATO:0000461,normal,A quality inhering in a bearer by virtue of the bearer's exhibiting no deviation from normal or average.,0.0806,FALSE
mean fecundity,number of nymphs deposited,OBA,OBA:0003697,multicellular organism fecundity,The fecundity of a multicellular organism.,0.3882,FALSE
mean fecundity,number of nymphs deposited,OBA,PATO:0045017,normal fecundity,A fecundity which is relatively normal or average.,0.3327,FALSE
mean fecundity,number of nymphs deposited,PATO,PATO:0000273,fecundity,A reproductive quality inhering in an organism or population by virtue of the bearer's potential reproductive capacity ad measured by the number of gametes.,0.2638,FALSE
mean fecundity,number of nymphs deposited,PATO,PATO:0001695,increased fecundity,A fecundity which is relatively high.,0.3909,FALSE
mean fecundity,number of nymphs deposited,PATO,PATO:0001696,decreased fecundity,A fecundity which is relatively low.,0.3806,FALSE
mean fecundity,number of nymphs deposited,PATO,PATO:0045017,normal fecundity,A fecundity which is relatively normal or average.,0.3327,FALSE
mean fecundity,number of nymphs deposited,PATO,PATO:0040060,absence of anatomical entity,"Absence of anatomical entity should only be used when all of the entity is absent. For example, absent teeth would mean all teeth are absent not some teeth are absent.",0.0847,FALSE
age-specific daily fecundity,new nymphs produced each day,OBA,OBA:0003697,multicellular organism fecundity,The fecundity of a multicellular organism.,0.358,FALSE
age-specific daily fecundity,new nymphs produced each day,OBA,PATO:0045017,normal fecundity,A fecundity which is relatively normal or average.,0.2998,FALSE
age-specific daily fecundity,new nymphs produced each day,PATO,PATO:0000273,fecundity,A reproductive quality inhering in an organism or population by virtue of the bearer's potential reproductive capacity ad measured by the number of gametes.,0.233,FALSE
age-specific daily fecundity,new nymphs produced each day,PATO,PATO:0001695,increased fecundity,A fecundity which is relatively high.,0.3459,FALSE
age-specific daily fecundity,new nymphs produced each day,PATO,PATO:0001696,decreased fecundity,A fecundity which is relatively low.,0.3168,FALSE
age-specific daily fecundity,new nymphs produced each day,PATO,PATO:0045017,normal fecundity,A fecundity which is relatively normal or average.,0.2998,FALSE
age-specific daily fecundity,new nymphs produced each day,PATO,PCO:0000003,quality of a population,A quality that inheres in a population of organisms.,0.1919,FALSE
mean fecundity,mean number of offspring produced by females,OBA,OBA:0003697,multicellular organism fecundity,The fecundity of a multicellular organism.,0.5104,FALSE
mean fecundity,mean number of offspring produced by females,OBA,PATO:0045017,normal fecundity,A fecundity which is relatively normal or average.,0.5016,FALSE
mean fecundity,mean number of offspring produced by females,PATO,PATO:0000273,fecundity,A reproductive quality inhering in an organism or population by virtue of the bearer's potential reproductive capacity ad measured by the number of gametes.,0.3932,FALSE
mean fecundity,mean number of offspring produced by females,PATO,PATO:0001695,increased fecundity,A fecundity which is relatively high.,0.5148,FALSE
mean fecundity,mean number of offspring produced by females,PATO,PATO:0001696,decreased fecundity,A fecundity which is relatively low.,0.4956,FALSE
mean fecundity,mean number of offspring produced by females,PATO,PATO:0045017,normal fecundity,A fecundity which is relatively normal or average.,0.5016,FALSE
mean fecundity,mean number of offspring produced by females,PATO,PATO:0040060,absence of anatomical entity,"Absence of anatomical entity should only be used when all of the entity is absent. For example, absent teeth would mean all teeth are absent not some teeth are absent.",0.0653,FALSE
Reproductive average daily fecundity,the number of newborn nymphs (N1) per female per day,OBA,OBA:0003697,multicellular organism fecundity,The fecundity of a multicellular organism.,0.3827,FALSE
Reproductive average daily fecundity,the number of newborn nymphs (N1) per female per day,OBA,OBA:0002007,reproductive system size,The size of a reproductive system.,0.2279,FALSE
Reproductive average daily fecundity,the number of newborn nymphs (N1) per female per day,OBA,OBA:0002409,reproductive system displaced,The displaced of a reproductive system.,0.2191,FALSE
Reproductive average daily fecundity,the number of newborn nymphs (N1) per female per day,OBA,OBA:2050117,reproductive behavior trait,The quality of a reproductive behavior.,0.3054,FALSE
Reproductive average daily fecundity,the number of newborn nymphs (N1) per female per day,PATO,PATO:0000273,fecundity,A reproductive quality inhering in an organism or population by virtue of the bearer's potential reproductive capacity ad measured by the number of gametes.,0.2455,FALSE
Reproductive average daily fecundity,the number of newborn nymphs (N1) per female per day,PATO,PATO:0001695,increased fecundity,A fecundity which is relatively high.,0.3806,FALSE
Reproductive average daily fecundity,the number of newborn nymphs (N1) per female per day,PATO,PATO:0001696,decreased fecundity,A fecundity which is relatively low.,0.3583,FALSE
Reproductive average daily fecundity,the number of newborn nymphs (N1) per female per day,PATO,PATO:0045017,normal fecundity,A fecundity which is relatively normal or average.,0.3407,FALSE
Reproductive average daily fecundity,the number of newborn nymphs (N1) per female per day,PATO,PATO:0001434,reproductive quality,An organismal quality inhering in a bearer by virtue of the bearer's ability to produce new life or offspring.,0.2677,FALSE
Reproductive average total fecundity,the number of newborn nymphs (N1) per female,OBA,OBA:0003697,multicellular organism fecundity,The fecundity of a multicellular organism.,0.4025,FALSE
Reproductive average total fecundity,the number of newborn nymphs (N1) per female,OBA,OBA:0002007,reproductive system size,The size of a reproductive system.,0.269,FALSE
Reproductive average total fecundity,the number of newborn nymphs (N1) per female,OBA,OBA:0002409,reproductive system displaced,The displaced of a reproductive system.,0.2474,FALSE
Reproductive average total fecundity,the number of newborn nymphs (N1) per female,OBA,OBA:2050117,reproductive behavior trait,The quality of a reproductive behavior.,0.3277,FALSE
Reproductive average total fecundity,the number of newborn nymphs (N1) per female,PATO,PATO:0000273,fecundity,A reproductive quality inhering in an organism or population by virtue of the bearer's potential reproductive capacity ad measured by the number of gametes.,0.2769,FALSE
Reproductive average total fecundity,the number of newborn nymphs (N1) per female,PATO,PATO:0001695,increased fecundity,A fecundity which is relatively high.,0.4037,FALSE
Reproductive average total fecundity,the number of newborn nymphs (N1) per female,PATO,PATO:0001696,decreased fecundity,A fecundity which is relatively low.,0.3854,FALSE
Reproductive average total fecundity,the number of newborn nymphs (N1) per female,PATO,PATO:0045017,normal fecundity,A fecundity which is relatively normal or average.,0.3497,FALSE
Reproductive average total fecundity,the number of newborn nymphs (N1) per female,PATO,PATO:0001434,reproductive quality,An organismal quality inhering in a bearer by virtue of the bearer's ability to produce new life or offspring.,0.2927,FALSE
fecundity,number of aphids produced,OBA,OBA:0003697,multicellular organism fecundity,The fecundity of a multicellular organism.,0.4058,FALSE
fecundity,number of aphids produced,OBA,PATO:0045017,normal fecundity,A fecundity which is relatively normal or average.,0.2905,FALSE
fecundity,number of aphids produced,PATO,PATO:0000273,fecundity,A reproductive quality inhering in an organism or population by virtue of the bearer's potential reproductive capacity ad measured by the number of gametes.,0.2709,FALSE
fecundity,number of aphids produced,PATO,PATO:0001695,increased fecundity,A fecundity which is relatively high.,0.3603,FALSE
fecundity,number of aphids produced,PATO,PATO:0001696,decreased fecundity,A fecundity which is relatively low.,0.3224,FALSE
fecundity,number of aphids produced,PATO,PATO:0045017,normal fecundity,A fecundity which is relatively normal or average.,0.2905,FALSE
fecundity,number of aphids produced,PATO,PCO:0000003,quality of a population,A quality that inheres in a population of organisms.,0.2033,FALSE
fecundity rate,maximum number of eggs produced in a single day by an individual female,OBA,OBA:0003697,multicellular organism fecundity,The fecundity of a multicellular organism.,0.3981,FALSE
fecundity rate,maximum number of eggs produced in a single day by an individual female,OBA,OBA:0002011,micturition rate,The rate of a micturition.,0.1457,FALSE
fecundity rate,maximum number of eggs produced in a single day by an individual female,OBA,OBA:0002200,reflex rate,The rate of a reflex.,0.1082,FALSE
fecundity rate,maximum number of eggs produced in a single day by an individual female,OBA,OBA:0002672,gluconeogenesis rate,The rate of a gluconeogenesis.,0.1648,FALSE
fecundity rate,maximum number of eggs produced in a single day by an individual female,PATO,PATO:0000273,fecundity,A reproductive quality inhering in an organism or population by virtue of the bearer's potential reproductive capacity ad measured by the number of gametes.,0.2925,FALSE
fecundity rate,maximum number of eggs produced in a single day by an individual female,PATO,PATO:0001695,increased fecundity,A fecundity which is relatively high.,0.3655,FALSE
fecundity rate,maximum number of eggs produced in a single day by an individual female,PATO,PATO:0001696,decreased fecundity,A fecundity which is relatively low.,0.3249,FALSE
fecundity rate,maximum number of eggs produced in a single day by an individual female,PATO,PATO:0045017,normal fecundity,A fecundity which is relatively normal or average.,0.3417,FALSE
fecundity rate,maximum number of eggs produced in a single day by an individual female,PATO,PATO:0000161,rate,A quality of a single process inhering in a bearer by virtue of the bearer's occurrence per unit time.,0.171,FALSE
weight,"Weight of developing Hyalomma impeltatum nymphs held at four different temperatures and 75% relative humidity""",OBA,OBA:VT0004257,placenta mass,The mass of a placenta.,0.2903,FALSE
weight,"Weight of developing Hyalomma impeltatum nymphs held at four different temperatures and 75% relative humidity""",OBA,OBA:2057477,level of low molecular weight phosphotyrosine protein phosphatase (human) in cerebrospinal fluid,The amount of a low molecular weight phosphotyrosine protein phosphatase (human) when measured in cerebrospinal fluid.,0.1945,FALSE
weight,"Weight of developing Hyalomma impeltatum nymphs held at four different temperatures and 75% relative humidity""",OBA,HP:0004324,Increased body weight,Abnormally increased body weight.,0.2787,FALSE
weight,"Weight of developing Hyalomma impeltatum nymphs held at four different temperatures and 75% relative humidity""",OBA,HP:0004325,Decreased body weight,Abnormally low body weight.,0.2723,FALSE
weight,"Weight of developing Hyalomma impeltatum nymphs held at four different temperatures and 75% relative humidity""",PATO,PATO:0000128,weight,"For any biological use of PATO, the concept that should be used is 'mass' and not 'weight'. For example, increased weight of an organism.",0.2972,FALSE
weight,"Weight of developing Hyalomma impeltatum nymphs held at four different temperatures and 75% relative humidity""",PATO,PATO:0000582,increased weight,A weight which is relatively high.,0.3661,FALSE
weight,"Weight of developing Hyalomma impeltatum nymphs held at four different temperatures and 75% relative humidity""",PATO,PATO:0000583,decreased weight,A weight which is relatively low.,0.3524,FALSE
weight,"Weight of developing Hyalomma impeltatum nymphs held at four different temperatures and 75% relative humidity""",PATO,PATO:0000125,mass,"For any biological use of PATO, the concept that should be used is 'mass' and not 'weight'. For example, increased weight of an organism.",0.2972,FALSE
weight,"Weight of developing Hyalomma impeltatum nymphs held at four different temperatures and 75% relative humidity""",PATO,PATO:0001470,ratio,A quality inhering in a bearer by virtue of the bearer's magnitude in proportion to the magnitude of another entity.,0.21,FALSE
weight,Weight of undisturbed female Hyalomma impeltatum after molting,OBA,OBA:VT0004257,placenta mass,The mass of a placenta.,0.4124,FALSE
weight,Weight of undisturbed female Hyalomma impeltatum after molting,OBA,OBA:2057477,level of low molecular weight phosphotyrosine protein phosphatase (human) in cerebrospinal fluid,The amount of a low molecular weight phosphotyrosine protein phosphatase (human) when measured in cerebrospinal fluid.,0.2048,FALSE
weight,Weight of undisturbed female Hyalomma impeltatum after molting,OBA,HP:0004324,Increased body weight,Abnormally increased body weight.,0.3241,FALSE
weight,Weight of undisturbed female Hyalomma impeltatum after molting,OBA,HP:0004325,Decreased body weight,Abnormally low body weight.,0.2874,FALSE
weight,Weight of undisturbed female Hyalomma impeltatum after molting,PATO,PATO:0000128,weight,"For any biological use of PATO, the concept that should be used is 'mass' and not 'weight'. For example, increased weight of an organism.",0.3029,FALSE
weight,Weight of undisturbed female Hyalomma impeltatum after molting,PATO,PATO:0000582,increased weight,A weight which is relatively high.,0.3898,FALSE
weight,Weight of undisturbed female Hyalomma impeltatum after molting,PATO,PATO:0000583,decreased weight,A weight which is relatively low.,0.3598,FALSE
weight,Weight of undisturbed female Hyalomma impeltatum after molting,PATO,PATO:0000125,mass,"For any biological use of PATO, the concept that should be used is 'mass' and not 'weight'. For example, increased weight of an organism.",0.3029,FALSE
weight,Weight of undisturbed female Hyalomma impeltatum after molting,PATO,PATO:0001470,ratio,A quality inhering in a bearer by virtue of the bearer's magnitude in proportion to the magnitude of another entity.,0.1623,FALSE
weight,Weight of undisturbed female Hyalomma impeltatum after feeding (14 days post-molt),OBA,OBA:VT0004257,placenta mass,The mass of a placenta.,0.4191,FALSE
weight,Weight of undisturbed female Hyalomma impeltatum after feeding (14 days post-molt),OBA,OBA:2057477,level of low molecular weight phosphotyrosine protein phosphatase (human) in cerebrospinal fluid,The amount of a low molecular weight phosphotyrosine protein phosphatase (human) when measured in cerebrospinal fluid.,0.1737,FALSE
weight,Weight of undisturbed female Hyalomma impeltatum after feeding (14 days post-molt),OBA,HP:0004324,Increased body weight,Abnormally increased body weight.,0.3263,FALSE
weight,Weight of undisturbed female Hyalomma impeltatum after feeding (14 days post-molt),OBA,HP:0004325,Decreased body weight,Abnormally low body weight.,0.2666,FALSE
weight,Weight of undisturbed female Hyalomma impeltatum after feeding (14 days post-molt),PATO,PATO:0000128,weight,"For any biological use of PATO, the concept that should be used is 'mass' and not 'weight'. For example, increased weight of an organism.",0.2594,FALSE
weight,Weight of undisturbed female Hyalomma impeltatum after feeding (14 days post-molt),PATO,PATO:0000582,increased weight,A weight which is relatively high.,0.3642,FALSE
weight,Weight of undisturbed female Hyalomma impeltatum after feeding (14 days post-molt),PATO,PATO:0000583,decreased weight,A weight which is relatively low.,0.3198,FALSE
weight,Weight of undisturbed female Hyalomma impeltatum after feeding (14 days post-molt),PATO,PATO:0000125,mass,"For any biological use of PATO, the concept that should be used is 'mass' and not 'weight'. For example, increased weight of an organism.",0.2594,FALSE
weight,Weight of undisturbed female Hyalomma impeltatum after feeding (14 days post-molt),PATO,PATO:0001470,ratio,A quality inhering in a bearer by virtue of the bearer's magnitude in proportion to the magnitude of another entity.,0.1364,FALSE
weight,Weight of undisturbed female Hyalomma impeltatum after engorgement,OBA,OBA:VT0004257,placenta mass,The mass of a placenta.,0.4514,FALSE
weight,Weight of undisturbed female Hyalomma impeltatum after engorgement,OBA,OBA:2057477,level of low molecular weight phosphotyrosine protein phosphatase (human) in cerebrospinal fluid,The amount of a low molecular weight phosphotyrosine protein phosphatase (human) when measured in cerebrospinal fluid.,0.1859,FALSE
weight,Weight of undisturbed female Hyalomma impeltatum after engorgement,OBA,HP:0004324,Increased body weight,Abnormally increased body weight.,0.3661,FALSE
weight,Weight of undisturbed female Hyalomma impeltatum after engorgement,OBA,HP:0004325,Decreased body weight,Abnormally low body weight.,0.2921,FALSE
weight,Weight of undisturbed female Hyalomma impeltatum after engorgement,PATO,PATO:0000128,weight,"For any biological use of PATO, the concept that should be used is 'mass' and not 'weight'. For example, increased weight of an organism.",0.2782,FALSE
weight,Weight of undisturbed female Hyalomma impeltatum after engorgement,PATO,PATO:0000582,increased weight,A weight which is relatively high.,0.3944,FALSE
weight,Weight of undisturbed female Hyalomma impeltatum after engorgement,PATO,PATO:0000583,decreased weight,A weight which is relatively low.,0.3397,FALSE
weight,Weight of undisturbed female Hyalomma impeltatum after engorgement,PATO,PATO:0000125,mass,"For any biological use of PATO, the concept that should be used is 'mass' and not 'weight'. For example, increased weight of an organism.",0.2782,FALSE
weight,Weight of undisturbed female Hyalomma impeltatum after engorgement,PATO,PATO:0001470,ratio,A quality inhering in a bearer by virtue of the bearer's magnitude in proportion to the magnitude of another entity.,0.1571,FALSE
Weight,Weight of undisturbed female Hyalomma impeltatum after molting,OBA,OBA:VT0004257,placenta mass,The mass of a placenta.,0.4124,FALSE
Weight,Weight of undisturbed female Hyalomma impeltatum after molting,OBA,OBA:2057477,level of low molecular weight phosphotyrosine protein phosphatase (human) in cerebrospinal fluid,The amount of a low molecular weight phosphotyrosine protein phosphatase (human) when measured in cerebrospinal fluid.,0.2048,FALSE
Weight,Weight of undisturbed female Hyalomma impeltatum after molting,OBA,HP:0004324,Increased body weight,Abnormally increased body weight.,0.3241,FALSE
Weight,Weight of undisturbed female Hyalomma impeltatum after molting,OBA,HP:0004325,Decreased body weight,Abnormally low body weight.,0.2874,FALSE
Weight,Weight of undisturbed female Hyalomma impeltatum after molting,PATO,PATO:0000128,weight,"For any biological use of PATO, the concept that should be used is 'mass' and not 'weight'. For example, increased weight of an organism.",0.3029,FALSE
Weight,Weight of undisturbed female Hyalomma impeltatum after molting,PATO,PATO:0000582,increased weight,A weight which is relatively high.,0.3898,FALSE
Weight,Weight of undisturbed female Hyalomma impeltatum after molting,PATO,PATO:0000583,decreased weight,A weight which is relatively low.,0.3598,FALSE
Weight,Weight of undisturbed female Hyalomma impeltatum after molting,PATO,PATO:0000125,mass,"For any biological use of PATO, the concept that should be used is 'mass' and not 'weight'. For example, increased weight of an organism.",0.3029,FALSE
Weight,Weight of undisturbed female Hyalomma impeltatum after molting,PATO,PATO:0001470,ratio,A quality inhering in a bearer by virtue of the bearer's magnitude in proportion to the magnitude of another entity.,0.1623,FALSE
Weight,Weight of undisturbed female Hyalomma impeltatum after feeding (14 days post-molt),OBA,OBA:VT0004257,placenta mass,The mass of a placenta.,0.4191,FALSE
Weight,Weight of undisturbed female Hyalomma impeltatum after feeding (14 days post-molt),OBA,OBA:2057477,level of low molecular weight phosphotyrosine protein phosphatase (human) in cerebrospinal fluid,The amount of a low molecular weight phosphotyrosine protein phosphatase (human) when measured in cerebrospinal fluid.,0.1737,FALSE
Weight,Weight of undisturbed female Hyalomma impeltatum after feeding (14 days post-molt),OBA,HP:0004324,Increased body weight,Abnormally increased body weight.,0.3263,FALSE
Weight,Weight of undisturbed female Hyalomma impeltatum after feeding (14 days post-molt),OBA,HP:0004325,Decreased body weight,Abnormally low body weight.,0.2666,FALSE
Weight,Weight of undisturbed female Hyalomma impeltatum after feeding (14 days post-molt),PATO,PATO:0000128,weight,"For any biological use of PATO, the concept that should be used is 'mass' and not 'weight'. For example, increased weight of an organism.",0.2594,FALSE
Weight,Weight of undisturbed female Hyalomma impeltatum after feeding (14 days post-molt),PATO,PATO:0000582,increased weight,A weight which is relatively high.,0.3642,FALSE
Weight,Weight of undisturbed female Hyalomma impeltatum after feeding (14 days post-molt),PATO,PATO:0000583,decreased weight,A weight which is relatively low.,0.3198,FALSE
Weight,Weight of undisturbed female Hyalomma impeltatum after feeding (14 days post-molt),PATO,PATO:0000125,mass,"For any biological use of PATO, the concept that should be used is 'mass' and not 'weight'. For example, increased weight of an organism.",0.2594,FALSE
Weight,Weight of undisturbed female Hyalomma impeltatum after feeding (14 days post-molt),PATO,PATO:0001470,ratio,A quality inhering in a bearer by virtue of the bearer's magnitude in proportion to the magnitude of another entity.,0.1364,FALSE
Weight,Weight of undisturbed female Hyalomma impeltatum after engorgement,OBA,OBA:VT0004257,placenta mass,The mass of a placenta.,0.4514,FALSE
Weight,Weight of undisturbed female Hyalomma impeltatum after engorgement,OBA,OBA:2057477,level of low molecular weight phosphotyrosine protein phosphatase (human) in cerebrospinal fluid,The amount of a low molecular weight phosphotyrosine protein phosphatase (human) when measured in cerebrospinal fluid.,0.1859,FALSE
Weight,Weight of undisturbed female Hyalomma impeltatum after engorgement,OBA,HP:0004324,Increased body weight,Abnormally increased body weight.,0.3661,FALSE
Weight,Weight of undisturbed female Hyalomma impeltatum after engorgement,OBA,HP:0004325,Decreased body weight,Abnormally low body weight.,0.2921,FALSE
Weight,Weight of undisturbed female Hyalomma impeltatum after engorgement,PATO,PATO:0000128,weight,"For any biological use of PATO, the concept that should be used is 'mass' and not 'weight'. For example, increased weight of an organism.",0.2782,FALSE
Weight,Weight of undisturbed female Hyalomma impeltatum after engorgement,PATO,PATO:0000582,increased weight,A weight which is relatively high.,0.3944,FALSE
Weight,Weight of undisturbed female Hyalomma impeltatum after engorgement,PATO,PATO:0000583,decreased weight,A weight which is relatively low.,0.3397,FALSE
Weight,Weight of undisturbed female Hyalomma impeltatum after engorgement,PATO,PATO:0000125,mass,"For any biological use of PATO, the concept that should be used is 'mass' and not 'weight'. For example, increased weight of an organism.",0.2782,FALSE
Weight,Weight of undisturbed female Hyalomma impeltatum after engorgement,PATO,PATO:0001470,ratio,A quality inhering in a bearer by virtue of the bearer's magnitude in proportion to the magnitude of another entity.,0.1571,FALSE
body size,mean wing length (mm),OBA,OBA:0000107,multivesicular body size,The size of a multivesicular body.,0.2803,FALSE
body size,mean wing length (mm),OBA,OBA:0002793,ciliary body size,The size of a ciliary body.,0.2779,FALSE
body size,mean wing length (mm),OBA,OBA:0003321,pineal body size,The size of a pineal body.,0.2847,FALSE
body size,mean wing length (mm),OBA,OBA:VT0100005,body size trait,The size of a multicellular organism.,0.2437,FALSE
body size,mean wing length (mm),OBA,OBA:0002168,skin of body size,The size of a skin of body.,0.2296,FALSE
body size,mean wing length (mm),PATO,PATO:0000117,size,A morphology quality inhering in a bearer by virtue of the bearer's physical magnitude.,0.216,FALSE
body size,mean wing length (mm),PATO,PATO:0000276,brood size,A reproductive quality inhering in the young of an animal by virtue of their number.,0.1553,FALSE
body size,mean wing length (mm),PATO,PATO:0000586,increased size,A size quality which is relatively high.,0.1731,FALSE
body size,mean wing length (mm),PATO,PATO:0000587,decreased size,A size quality which is relatively low.,0.1961,FALSE
body size,mean wing length (mm),PATO,PATO:0005015,tapered size,A size quality inhering in an entity or set of entities in which size increases or decreases along the extent of the entity or set.,0.1778,FALSE
body size,mean length,OBA,OBA:0000107,multivesicular body size,The size of a multivesicular body.,0.2787,FALSE
body size,mean length,OBA,OBA:0002793,ciliary body size,The size of a ciliary body.,0.268,FALSE
body size,mean length,OBA,OBA:0003321,pineal body size,The size of a pineal body.,0.2493,FALSE
body size,mean length,OBA,OBA:VT0100005,body size trait,The size of a multicellular organism.,0.2529,FALSE
body size,mean length,OBA,OBA:0002168,skin of body size,The size of a skin of body.,0.2493,FALSE
body size,mean length,PATO,PATO:0000117,size,A morphology quality inhering in a bearer by virtue of the bearer's physical magnitude.,0.285,FALSE
body size,mean length,PATO,PATO:0000276,brood size,A reproductive quality inhering in the young of an animal by virtue of their number.,0.1344,FALSE
body size,mean length,PATO,PATO:0000586,increased size,A size quality which is relatively high.,0.2084,FALSE
body size,mean length,PATO,PATO:0000587,decreased size,A size quality which is relatively low.,0.2194,FALSE
body size,mean length,PATO,PATO:0005015,tapered size,A size quality inhering in an entity or set of entities in which size increases or decreases along the extent of the entity or set.,0.2708,FALSE
body size,mean width,OBA,OBA:0000107,multivesicular body size,The size of a multivesicular body.,0.2666,FALSE
body size,mean width,OBA,OBA:0002793,ciliary body size,The size of a ciliary body.,0.3076,FALSE
body size,mean width,OBA,OBA:0003321,pineal body size,The size of a pineal body.,0.2864,FALSE
body size,mean width,OBA,OBA:VT0100005,body size trait,The size of a multicellular organism.,0.2412,FALSE
body size,mean width,OBA,OBA:0002168,skin of body size,The size of a skin of body.,0.2843,FALSE
body size,mean width,PATO,PATO:0000117,size,A morphology quality inhering in a bearer by virtue of the bearer's physical magnitude.,0.2294,FALSE
body size,mean width,PATO,PATO:0000276,brood size,A reproductive quality inhering in the young of an animal by virtue of their number.,0.0945,FALSE
body size,mean width,PATO,PATO:0000586,increased size,A size quality which is relatively high.,0.2035,FALSE
body size,mean width,PATO,PATO:0000587,decreased size,A size quality which is relatively low.,0.2121,FALSE
body size,mean width,PATO,PATO:0005015,tapered size,A size quality inhering in an entity or set of entities in which size increases or decreases along the extent of the entity or set.,0.2171,FALSE
body size,mean head width,OBA,OBA:0000107,multivesicular body size,The size of a multivesicular body.,0.2613,FALSE
body size,mean head width,OBA,OBA:0002793,ciliary body size,The size of a ciliary body.,0.3224,FALSE
body size,mean head width,OBA,OBA:0003321,pineal body size,The size of a pineal body.,0.3478,FALSE
body size,mean head width,OBA,OBA:VT0100005,body size trait,The size of a multicellular organism.,0.2226,FALSE
body size,mean head width,OBA,OBA:0002168,skin of body size,The size of a skin of body.,0.2864,FALSE
body size,mean head width,PATO,PATO:0000117,size,A morphology quality inhering in a bearer by virtue of the bearer's physical magnitude.,0.2253,FALSE
body size,mean head width,PATO,PATO:0000276,brood size,A reproductive quality inhering in the young of an animal by virtue of their number.,0.0852,FALSE
body size,mean head width,PATO,PATO:0000586,increased size,A size quality which is relatively high.,0.1886,FALSE
body size,mean head width,PATO,PATO:0000587,decreased size,A size quality which is relatively low.,0.1964,FALSE
body size,mean head width,PATO,PATO:0005015,tapered size,A size quality inhering in an entity or set of entities in which size increases or decreases along the extent of the entity or set.,0.1631,FALSE
body size,mean thorax length,OBA,OBA:0000107,multivesicular body size,The size of a multivesicular body.,0.2986,FALSE
body size,mean thorax length,OBA,OBA:0002793,ciliary body size,The size of a ciliary body.,0.3308,FALSE
body size,mean thorax length,OBA,OBA:0003321,pineal body size,The size of a pineal body.,0.3337,FALSE
body size,mean thorax length,OBA,OBA:VT0100005,body size trait,The size of a multicellular organism.,0.2712,FALSE
body size,mean thorax length,OBA,OBA:0002168,skin of body size,The size of a skin of body.,0.3249,FALSE
body size,mean thorax length,PATO,PATO:0000117,size,A morphology quality inhering in a bearer by virtue of the bearer's physical magnitude.,0.2576,FALSE
body size,mean thorax length,PATO,PATO:0000276,brood size,A reproductive quality inhering in the young of an animal by virtue of their number.,0.1346,FALSE
body size,mean thorax length,PATO,PATO:0000586,increased size,A size quality which is relatively high.,0.1477,FALSE
body size,mean thorax length,PATO,PATO:0000587,decreased size,A size quality which is relatively low.,0.1524,FALSE
body size,mean thorax length,PATO,PATO:0005015,tapered size,A size quality inhering in an entity or set of entities in which size increases or decreases along the extent of the entity or set.,0.1691,FALSE
body size,mean wing length,OBA,OBA:0000107,multivesicular body size,The size of a multivesicular body.,0.2554,FALSE
body size,mean wing length,OBA,OBA:0002793,ciliary body size,The size of a ciliary body.,0.257,FALSE
body size,mean wing length,OBA,OBA:0003321,pineal body size,The size of a pineal body.,0.2542,FALSE
body size,mean wing length,OBA,OBA:VT0100005,body size trait,The size of a multicellular organism.,0.2435,FALSE
body size,mean wing length,OBA,OBA:0002168,skin of body size,The size of a skin of body.,0.2329,FALSE
body size,mean wing length,PATO,PATO:0000117,size,A morphology quality inhering in a bearer by virtue of the bearer's physical magnitude.,0.2436,FALSE
body size,mean wing length,PATO,PATO:0000276,brood size,A reproductive quality inhering in the young of an animal by virtue of their number.,0.1578,FALSE
body size,mean wing length,PATO,PATO:0000586,increased size,A size quality which is relatively high.,0.1753,FALSE
body size,mean wing length,PATO,PATO:0000587,decreased size,A size quality which is relatively low.,0.193,FALSE
body size,mean wing length,PATO,PATO:0005015,tapered size,A size quality inhering in an entity or set of entities in which size increases or decreases along the extent of the entity or set.,0.2048,FALSE
body size (length),mean body length,OBA,OBA:VT0001256,body length,The length of a multicellular organism.,0.505,FALSE
body size (length),mean body length,OBA,OBA:0000107,multivesicular body size,The size of a multivesicular body.,0.3588,FALSE
body size (length),mean body length,OBA,OBA:0002793,ciliary body size,The size of a ciliary body.,0.3624,FALSE
body size (length),mean body length,OBA,OBA:0003321,pineal body size,The size of a pineal body.,0.3717,FALSE
body size (length),mean body length,OBA,OBA:VT0100005,body size trait,The size of a multicellular organism.,0.3275,FALSE
body size (length),mean body length,PATO,PATO:0000122,length,"Length often refers to the longer or longest dimension of an object, however, this is not always true. See https://github.com/pato-ontology/pato/issues/337 for full discussion.",0.4021,FALSE
body size (length),mean body length,PATO,PATO:0000573,increased length,A length quality which is relatively large.,0.4205,FALSE
body size (length),mean body length,PATO,PATO:0000574,decreased length,A length quality which is relatively small.,0.4139,FALSE
body size (length),mean body length,PATO,PATO:0045054,normal length,A length quality which is relatively normal or average,0.5098,FALSE
body size (length),mean body length,PATO,PATO:0000117,size,A morphology quality inhering in a bearer by virtue of the bearer's physical magnitude.,0.3179,FALSE
body size (length),mean body length (adult),OBA,OBA:VT0001256,body length,The length of a multicellular organism.,0.4592,FALSE
body size (length),mean body length (adult),OBA,OBA:0000107,multivesicular body size,The size of a multivesicular body.,0.3442,FALSE
body size (length),mean body length (adult),OBA,OBA:0002793,ciliary body size,The size of a ciliary body.,0.3411,FALSE
body size (length),mean body length (adult),OBA,OBA:0003321,pineal body size,The size of a pineal body.,0.345,FALSE
body size (length),mean body length (adult),OBA,OBA:VT0100005,body size trait,The size of a multicellular organism.,0.2991,FALSE
body size (length),mean body length (adult),PATO,PATO:0000122,length,"Length often refers to the longer or longest dimension of an object, however, this is not always true. See https://github.com/pato-ontology/pato/issues/337 for full discussion.",0.3475,FALSE
body size (length),mean body length (adult),PATO,PATO:0000573,increased length,A length quality which is relatively large.,0.3575,FALSE
body size (length),mean body length (adult),PATO,PATO:0000574,decreased length,A length quality which is relatively small.,0.3354,FALSE
body size (length),mean body length (adult),PATO,PATO:0045054,normal length,A length quality which is relatively normal or average,0.4303,FALSE
body size (length),mean body length (adult),PATO,PATO:0000117,size,A morphology quality inhering in a bearer by virtue of the bearer's physical magnitude.,0.2584,FALSE
body length,mean length (unfed ),OBA,OBA:VT0001256,body length,The length of a multicellular organism.,0.4798,FALSE
body length,mean length (unfed ),OBA,OBA:2045456,body mass to body extent ratio,A compound attribute that is the ratio of body mass to body extent.,0.3163,FALSE
body length,mean length (unfed ),OBA,OBA:0000102,microvillus length,The length of a microvillus.,0.4649,FALSE
body length,mean length (unfed ),OBA,OBA:0002056,face length,The length of a face.,0.3844,FALSE
body length,mean length (unfed ),OBA,OBA:0002069,chin length,The length of a chin.,0.395,FALSE
body length,mean length (unfed ),PATO,PATO:0000122,length,"Length often refers to the longer or longest dimension of an object, however, this is not always true. See https://github.com/pato-ontology/pato/issues/337 for full discussion.",0.3511,FALSE
body length,mean length (unfed ),PATO,PATO:0000573,increased length,A length quality which is relatively large.,0.4006,FALSE
body length,mean length (unfed ),PATO,PATO:0000574,decreased length,A length quality which is relatively small.,0.4123,FALSE
body length,mean length (unfed ),PATO,PATO:0045054,normal length,A length quality which is relatively normal or average,0.4536,FALSE
body length,mean length (unfed ),PATO,PATO:0040030,decreased width and length,"A width and length quality which is relatively small, where both width and length are decreased.",0.3096,FALSE
body length,mean length (engorged ),OBA,OBA:VT0001256,body length,The length of a multicellular organism.,0.4802,FALSE
body length,mean length (engorged ),OBA,OBA:2045456,body mass to body extent ratio,A compound attribute that is the ratio of body mass to body extent.,0.2764,FALSE
body length,mean length (engorged ),OBA,OBA:0000102,microvillus length,The length of a microvillus.,0.4553,FALSE
body length,mean length (engorged ),OBA,OBA:0002056,face length,The length of a face.,0.3787,FALSE
body length,mean length (engorged ),OBA,OBA:0002069,chin length,The length of a chin.,0.4068,FALSE
body length,mean length (engorged ),PATO,PATO:0000122,length,"Length often refers to the longer or longest dimension of an object, however, this is not always true. See https://github.com/pato-ontology/pato/issues/337 for full discussion.",0.3785,FALSE
body length,mean length (engorged ),PATO,PATO:0000573,increased length,A length quality which is relatively large.,0.464,FALSE
body length,mean length (engorged ),PATO,PATO:0000574,decreased length,A length quality which is relatively small.,0.4211,FALSE
body length,mean length (engorged ),PATO,PATO:0045054,normal length,A length quality which is relatively normal or average,0.4706,FALSE
body length,mean length (engorged ),PATO,PATO:0040030,decreased width and length,"A width and length quality which is relatively small, where both width and length are decreased.",0.3238,FALSE
body width,mean width (unfed),OBA,OBA:VT0015039,body width,The width of a multicellular organism.,0.4681,FALSE
body width,mean width (unfed),OBA,OBA:1000085,nucleus width,The width of a nucleus.,0.4534,FALSE
body width,mean width (unfed),OBA,OBA:2040146,cell width,The width of a cell.,0.4093,FALSE
body width,mean width (unfed),OBA,OBA:VT0000027,head width,The width of a head.,0.4496,FALSE
body width,mean width (unfed),OBA,OBA:VT0000132,epiphysis width,The width of a epiphysis.,0.3768,FALSE
body width,mean width (unfed),PATO,PATO:0000921,width,"Width often refers to the dimension that is greater than the extent in only one of the other two orthogonal dimensions, however, this is not always true. See https://github.com/pato-ontology/pato/issues/337 for full discussion.",0.381,FALSE
body width,mean width (unfed),PATO,PATO:0000599,decreased width,A width which is relatively small.,0.4454,FALSE
body width,mean width (unfed),PATO,PATO:0000600,increased width,A width which is relatively large.,0.4426,FALSE
body width,mean width (unfed),PATO,PATO:0045061,normal width,A width which is relatively normal or average,0.499,FALSE
body width,mean width (unfed),PATO,PATO:0040030,decreased width and length,"A width and length quality which is relatively small, where both width and length are decreased.",0.3297,FALSE
body size,mean wet mass,OBA,OBA:0000107,multivesicular body size,The size of a multivesicular body.,0.2578,FALSE
body size,mean wet mass,OBA,OBA:0002793,ciliary body size,The size of a ciliary body.,0.1763,FALSE
body size,mean wet mass,OBA,OBA:0003321,pineal body size,The size of a pineal body.,0.2184,FALSE
body size,mean wet mass,OBA,OBA:VT0100005,body size trait,The size of a multicellular organism.,0.2571,FALSE
body size,mean wet mass,OBA,OBA:0002168,skin of body size,The size of a skin of body.,0.2491,FALSE
body size,mean wet mass,PATO,PATO:0000117,size,A morphology quality inhering in a bearer by virtue of the bearer's physical magnitude.,0.2728,FALSE
body size,mean wet mass,PATO,PATO:0000276,brood size,A reproductive quality inhering in the young of an animal by virtue of their number.,0.1747,FALSE
body size,mean wet mass,PATO,PATO:0000586,increased size,A size quality which is relatively high.,0.2042,FALSE
body size,mean wet mass,PATO,PATO:0000587,decreased size,A size quality which is relatively low.,0.1969,FALSE
body size,mean wet mass,PATO,PATO:0005015,tapered size,A size quality inhering in an entity or set of entities in which size increases or decreases along the extent of the entity or set.,0.1657,FALSE
body size,mean wet mass (waxless and gravid),OBA,OBA:0000107,multivesicular body size,The size of a multivesicular body.,0.1961,FALSE
body size,mean wet mass (waxless and gravid),OBA,OBA:0002793,ciliary body size,The size of a ciliary body.,0.1635,FALSE
body size,mean wet mass (waxless and gravid),OBA,OBA:0003321,pineal body size,The size of a pineal body.,0.2047,FALSE
body size,mean wet mass (waxless and gravid),OBA,OBA:VT0100005,body size trait,The size of a multicellular organism.,0.2208,FALSE
body size,mean wet mass (waxless and gravid),OBA,OBA:0002168,skin of body size,The size of a skin of body.,0.2725,FALSE
body size,mean wet mass (waxless and gravid),PATO,PATO:0000117,size,A morphology quality inhering in a bearer by virtue of the bearer's physical magnitude.,0.2373,FALSE
body size,mean wet mass (waxless and gravid),PATO,PATO:0000276,brood size,A reproductive quality inhering in the young of an animal by virtue of their number.,0.2367,FALSE
body size,mean wet mass (waxless and gravid),PATO,PATO:0000586,increased size,A size quality which is relatively high.,0.1304,FALSE
body size,mean wet mass (waxless and gravid),PATO,PATO:0000587,decreased size,A size quality which is relatively low.,0.1344,FALSE
body size,mean wet mass (waxless and gravid),PATO,PATO:0005015,tapered size,A size quality inhering in an entity or set of entities in which size increases or decreases along the extent of the entity or set.,0.1122,FALSE
body size,mean dry mass,OBA,OBA:0000107,multivesicular body size,The size of a multivesicular body.,0.2616,FALSE
body size,mean dry mass,OBA,OBA:0002793,ciliary body size,The size of a ciliary body.,0.1664,FALSE
body size,mean dry mass,OBA,OBA:0003321,pineal body size,The size of a pineal body.,0.2083,FALSE
body size,mean dry mass,OBA,OBA:VT0100005,body size trait,The size of a multicellular organism.,0.2338,FALSE
body size,mean dry mass,OBA,OBA:0002168,skin of body size,The size of a skin of body.,0.2144,FALSE
body size,mean dry mass,PATO,PATO:0000117,size,A morphology quality inhering in a bearer by virtue of the bearer's physical magnitude.,0.2579,FALSE
body size,mean dry mass,PATO,PATO:0000276,brood size,A reproductive quality inhering in the young of an animal by virtue of their number.,0.1464,FALSE
body size,mean dry mass,PATO,PATO:0000586,increased size,A size quality which is relatively high.,0.1984,FALSE
body size,mean dry mass,PATO,PATO:0000587,decreased size,A size quality which is relatively low.,0.2024,FALSE
body size,mean dry mass,PATO,PATO:0005015,tapered size,A size quality inhering in an entity or set of entities in which size increases or decreases along the extent of the entity or set.,0.1475,FALSE
body size,mean body weight,OBA,OBA:0000107,multivesicular body size,The size of a multivesicular body.,0.3008,FALSE
body size,mean body weight,OBA,OBA:0002793,ciliary body size,The size of a ciliary body.,0.2641,FALSE
body size,mean body weight,OBA,OBA:0003321,pineal body size,The size of a pineal body.,0.2909,FALSE
body size,mean body weight,OBA,OBA:VT0100005,body size trait,The size of a multicellular organism.,0.2426,FALSE
body size,mean body weight,OBA,OBA:0002168,skin of body size,The size of a skin of body.,0.3588,FALSE
body size,mean body weight,PATO,PATO:0000117,size,A morphology quality inhering in a bearer by virtue of the bearer's physical magnitude.,0.2559,FALSE
body size,mean body weight,PATO,PATO:0000276,brood size,A reproductive quality inhering in the young of an animal by virtue of their number.,0.118,FALSE
body size,mean body weight,PATO,PATO:0000586,increased size,A size quality which is relatively high.,0.1567,FALSE
body size,mean body weight,PATO,PATO:0000587,decreased size,A size quality which is relatively low.,0.1732,FALSE
body size,mean body weight,PATO,PATO:0005015,tapered size,A size quality inhering in an entity or set of entities in which size increases or decreases along the extent of the entity or set.,0.1232,FALSE
body size,individual-level mass,OBA,OBA:0000107,multivesicular body size,The size of a multivesicular body.,0.2161,FALSE
body size,individual-level mass,OBA,OBA:0002793,ciliary body size,The size of a ciliary body.,0.1363,FALSE
body size,individual-level mass,OBA,OBA:0003321,pineal body size,The size of a pineal body.,0.1252,FALSE
body size,individual-level mass,OBA,OBA:VT0100005,body size trait,The size of a multicellular organism.,0.2867,FALSE
body size,individual-level mass,OBA,OBA:0002168,skin of body size,The size of a skin of body.,0.201,FALSE
body size,individual-level mass,PATO,PATO:0000117,size,A morphology quality inhering in a bearer by virtue of the bearer's physical magnitude.,0.2825,FALSE
body size,individual-level mass,PATO,PATO:0000276,brood size,A reproductive quality inhering in the young of an animal by virtue of their number.,0.1621,FALSE
body size,individual-level mass,PATO,PATO:0000586,increased size,A size quality which is relatively high.,0.2068,FALSE
body size,individual-level mass,PATO,PATO:0000587,decreased size,A size quality which is relatively low.,0.2347,FALSE
body size,individual-level mass,PATO,PATO:0005015,tapered size,A size quality inhering in an entity or set of entities in which size increases or decreases along the extent of the entity or set.,0.2462,FALSE
body size,individual-level wet mass,OBA,OBA:0000107,multivesicular body size,The size of a multivesicular body.,0.223,FALSE
body size,individual-level wet mass,OBA,OBA:0002793,ciliary body size,The size of a ciliary body.,0.1861,FALSE
body size,individual-level wet mass,OBA,OBA:0003321,pineal body size,The size of a pineal body.,0.2096,FALSE
body size,individual-level wet mass,OBA,OBA:VT0100005,body size trait,The size of a multicellular organism.,0.2873,FALSE
body size,individual-level wet mass,OBA,OBA:0002168,skin of body size,The size of a skin of body.,0.2825,FALSE
body size,individual-level wet mass,PATO,PATO:0000117,size,A morphology quality inhering in a bearer by virtue of the bearer's physical magnitude.,0.2666,FALSE
body size,individual-level wet mass,PATO,PATO:0000276,brood size,A reproductive quality inhering in the young of an animal by virtue of their number.,0.2038,FALSE
body size,individual-level wet mass,PATO,PATO:0000586,increased size,A size quality which is relatively high.,0.1939,FALSE
body size,individual-level wet mass,PATO,PATO:0000587,decreased size,A size quality which is relatively low.,0.2199,FALSE
body size,individual-level wet mass,PATO,PATO:0005015,tapered size,A size quality inhering in an entity or set of entities in which size increases or decreases along the extent of the entity or set.,0.1793,FALSE
body size,mean wet mass on the day feeding was completed,OBA,OBA:0000107,multivesicular body size,The size of a multivesicular body.,0.1687,FALSE
body size,mean wet mass on the day feeding was completed,OBA,OBA:0002793,ciliary body size,The size of a ciliary body.,0.1213,FALSE
body size,mean wet mass on the day feeding was completed,OBA,OBA:0003321,pineal body size,The size of a pineal body.,0.1475,FALSE
body size,mean wet mass on the day feeding was completed,OBA,OBA:VT0100005,body size trait,The size of a multicellular organism.,0.1767,FALSE
body size,mean wet mass on the day feeding was completed,OBA,OBA:0002168,skin of body size,The size of a skin of body.,0.1802,FALSE
body size,mean wet mass on the day feeding was completed,PATO,PATO:0000117,size,A morphology quality inhering in a bearer by virtue of the bearer's physical magnitude.,0.1705,FALSE
body size,mean wet mass on the day feeding was completed,PATO,PATO:0000276,brood size,A reproductive quality inhering in the young of an animal by virtue of their number.,0.1781,FALSE
body size,mean wet mass on the day feeding was completed,PATO,PATO:0000586,increased size,A size quality which is relatively high.,0.1027,FALSE
body size,mean wet mass on the day feeding was completed,PATO,PATO:0000587,decreased size,A size quality which is relatively low.,0.0979,FALSE
body size,mean wet mass on the day feeding was completed,PATO,PATO:0005015,tapered size,A size quality inhering in an entity or set of entities in which size increases or decreases along the extent of the entity or set.,0.0817,FALSE
body size,mean weight of nymphs post-feeding,OBA,OBA:0000107,multivesicular body size,The size of a multivesicular body.,0.2341,FALSE
body size,mean weight of nymphs post-feeding,OBA,OBA:0002793,ciliary body size,The size of a ciliary body.,0.2384,FALSE
body size,mean weight of nymphs post-feeding,OBA,OBA:0003321,pineal body size,The size of a pineal body.,0.2939,FALSE
body size,mean weight of nymphs post-feeding,OBA,OBA:VT0100005,body size trait,The size of a multicellular organism.,0.2389,FALSE
body size,mean weight of nymphs post-feeding,OBA,OBA:0002168,skin of body size,The size of a skin of body.,0.2476,FALSE
body size,mean weight of nymphs post-feeding,PATO,PATO:0000117,size,A morphology quality inhering in a bearer by virtue of the bearer's physical magnitude.,0.2,FALSE
body size,mean weight of nymphs post-feeding,PATO,PATO:0000276,brood size,A reproductive quality inhering in the young of an animal by virtue of their number.,0.2468,FALSE
body size,mean weight of nymphs post-feeding,PATO,PATO:0000586,increased size,A size quality which is relatively high.,0.1213,FALSE
body size,mean weight of nymphs post-feeding,PATO,PATO:0000587,decreased size,A size quality which is relatively low.,0.1283,FALSE
body size,mean weight of nymphs post-feeding,PATO,PATO:0005015,tapered size,A size quality inhering in an entity or set of entities in which size increases or decreases along the extent of the entity or set.,0.1135,FALSE
body size,mean body weight of engorged adult females,OBA,OBA:0000107,multivesicular body size,The size of a multivesicular body.,0.2647,FALSE
body size,mean body weight of engorged adult females,OBA,OBA:0002793,ciliary body size,The size of a ciliary body.,0.2721,FALSE
body size,mean body weight of engorged adult females,OBA,OBA:0003321,pineal body size,The size of a pineal body.,0.3151,FALSE
body size,mean body weight of engorged adult females,OBA,OBA:VT0100005,body size trait,The size of a multicellular organism.,0.2256,FALSE
body size,mean body weight of engorged adult females,OBA,OBA:0002168,skin of body size,The size of a skin of body.,0.2865,FALSE
body size,mean body weight of engorged adult females,PATO,PATO:0000117,size,A morphology quality inhering in a bearer by virtue of the bearer's physical magnitude.,0.1952,FALSE
body size,mean body weight of engorged adult females,PATO,PATO:0000276,brood size,A reproductive quality inhering in the young of an animal by virtue of their number.,0.1938,FALSE
body size,mean body weight of engorged adult females,PATO,PATO:0000586,increased size,A size quality which is relatively high.,0.134,FALSE
body size,mean body weight of engorged adult females,PATO,PATO:0000587,decreased size,A size quality which is relatively low.,0.1288,FALSE
body size,mean body weight of engorged adult females,PATO,PATO:0005015,tapered size,A size quality inhering in an entity or set of entities in which size increases or decreases along the extent of the entity or set.,0.1037,FALSE
body size,mean wet mass on the day feeding was completed (engorged),OBA,OBA:0000107,multivesicular body size,The size of a multivesicular body.,0.2077,FALSE
body size,mean wet mass on the day feeding was completed (engorged),OBA,OBA:0002793,ciliary body size,The size of a ciliary body.,0.1543,FALSE
body size,mean wet mass on the day feeding was completed (engorged),OBA,OBA:0003321,pineal body size,The size of a pineal body.,0.1821,FALSE
body size,mean wet mass on the day feeding was completed (engorged),OBA,OBA:VT0100005,body size trait,The size of a multicellular organism.,0.1955,FALSE
body size,mean wet mass on the day feeding was completed (engorged),OBA,OBA:0002168,skin of body size,The size of a skin of body.,0.2086,FALSE
body size,mean wet mass on the day feeding was completed (engorged),PATO,PATO:0000117,size,A morphology quality inhering in a bearer by virtue of the bearer's physical magnitude.,0.2009,FALSE
body size,mean wet mass on the day feeding was completed (engorged),PATO,PATO:0000276,brood size,A reproductive quality inhering in the young of an animal by virtue of their number.,0.2055,FALSE
body size,mean wet mass on the day feeding was completed (engorged),PATO,PATO:0000586,increased size,A size quality which is relatively high.,0.1226,FALSE
body size,mean wet mass on the day feeding was completed (engorged),PATO,PATO:0000587,decreased size,A size quality which is relatively low.,0.1072,FALSE
body size,mean wet mass on the day feeding was completed (engorged),PATO,PATO:0005015,tapered size,A size quality inhering in an entity or set of entities in which size increases or decreases along the extent of the entity or set.,0.1148,FALSE
body mass,mean weight of female,OBA,OBA:VT0001259,body mass,The mass of a multicellular organism.,0.3502,FALSE
body mass,mean weight of female,OBA,OBA:VT0010482,body fat mass,The mass of a adipose tissue.,0.4032,FALSE
body mass,mean weight of female,OBA,OBA:2045456,body mass to body extent ratio,A compound attribute that is the ratio of body mass to body extent.,0.2865,FALSE
body mass,mean weight of female,OBA,OBA:2045455,body mass to height ratio,A compound attribute that is the ratio of body mass to body height.,0.2869,FALSE
body mass,mean weight of female,OBA,OBA:2030004,total skin mass,The mass of a skin of body.,0.3632,FALSE
body mass,mean weight of female,PATO,PATO:0000125,mass,"For any biological use of PATO, the concept that should be used is 'mass' and not 'weight'. For example, increased weight of an organism.",0.289,FALSE
body mass,mean weight of female,PATO,PATO:0001019,mass density,A physical quality which inheres in a bearer by virtue of some influence is exerted by the bearer's mass per unit size.,0.1982,FALSE
body mass,mean weight of female,PATO,PATO:0001562,decreased mass,A mass which is lower than normal or average.,0.3786,FALSE
body mass,mean weight of female,PATO,PATO:0001563,increased mass,A mass which is higher than normal or average.,0.3301,FALSE
body mass,mean weight of female,PATO,PATO:0001681,molar mass,A physical quality that inheres in a homogeneous substance containing 6.02 x 1023 atoms or molecules.,0.1212,FALSE
body size,mean dry mass. relationship between dry mass and wing length,OBA,OBA:0000107,multivesicular body size,The size of a multivesicular body.,0.2387,FALSE
body size,mean dry mass. relationship between dry mass and wing length,OBA,OBA:0002793,ciliary body size,The size of a ciliary body.,0.2181,FALSE
body size,mean dry mass. relationship between dry mass and wing length,OBA,OBA:0003321,pineal body size,The size of a pineal body.,0.23,FALSE
body size,mean dry mass. relationship between dry mass and wing length,OBA,OBA:VT0100005,body size trait,The size of a multicellular organism.,0.2651,FALSE
body size,mean dry mass. relationship between dry mass and wing length,OBA,OBA:0002168,skin of body size,The size of a skin of body.,0.2726,FALSE
body size,mean dry mass. relationship between dry mass and wing length,PATO,PATO:0000117,size,A morphology quality inhering in a bearer by virtue of the bearer's physical magnitude.,0.2846,FALSE
body size,mean dry mass. relationship between dry mass and wing length,PATO,PATO:0000276,brood size,A reproductive quality inhering in the young of an animal by virtue of their number.,0.1539,FALSE
body size,mean dry mass. relationship between dry mass and wing length,PATO,PATO:0000586,increased size,A size quality which is relatively high.,0.1785,FALSE
body size,mean dry mass. relationship between dry mass and wing length,PATO,PATO:0000587,decreased size,A size quality which is relatively low.,0.1939,FALSE
body size,mean dry mass. relationship between dry mass and wing length,PATO,PATO:0005015,tapered size,A size quality inhering in an entity or set of entities in which size increases or decreases along the extent of the entity or set.,0.2133,FALSE
body size,dry mass,OBA,OBA:0000107,multivesicular body size,The size of a multivesicular body.,0.24,FALSE
body size,dry mass,OBA,OBA:0002793,ciliary body size,The size of a ciliary body.,0.1493,FALSE
body size,dry mass,OBA,OBA:0003321,pineal body size,The size of a pineal body.,0.1666,FALSE
body size,dry mass,OBA,OBA:VT0100005,body size trait,The size of a multicellular organism.,0.2301,FALSE
body size,dry mass,OBA,OBA:0002168,skin of body size,The size of a skin of body.,0.2294,FALSE
body size,dry mass,PATO,PATO:0000117,size,A morphology quality inhering in a bearer by virtue of the bearer's physical magnitude.,0.2501,FALSE
body size,dry mass,PATO,PATO:0000276,brood size,A reproductive quality inhering in the young of an animal by virtue of their number.,0.1451,FALSE
body size,dry mass,PATO,PATO:0000586,increased size,A size quality which is relatively high.,0.1977,FALSE
body size,dry mass,PATO,PATO:0000587,decreased size,A size quality which is relatively low.,0.1928,FALSE
body size,dry mass,PATO,PATO:0005015,tapered size,A size quality inhering in an entity or set of entities in which size increases or decreases along the extent of the entity or set.,0.1426,FALSE
body size (alate),mean wet mass,OBA,OBA:0000107,multivesicular body size,The size of a multivesicular body.,0.2578,FALSE
body size (alate),mean wet mass,OBA,OBA:0002793,ciliary body size,The size of a ciliary body.,0.1763,FALSE
body size (alate),mean wet mass,OBA,OBA:0003321,pineal body size,The size of a pineal body.,0.2184,FALSE
body size (alate),mean wet mass,OBA,OBA:VT0100005,body size trait,The size of a multicellular organism.,0.2571,FALSE
body size (alate),mean wet mass,OBA,OBA:0002168,skin of body size,The size of a skin of body.,0.2491,FALSE
body size (alate),mean wet mass,PATO,PATO:0000117,size,A morphology quality inhering in a bearer by virtue of the bearer's physical magnitude.,0.2728,FALSE
body size (alate),mean wet mass,PATO,PATO:0000276,brood size,A reproductive quality inhering in the young of an animal by virtue of their number.,0.1747,FALSE
body size (alate),mean wet mass,PATO,PATO:0000586,increased size,A size quality which is relatively high.,0.2042,FALSE
body size (alate),mean wet mass,PATO,PATO:0000587,decreased size,A size quality which is relatively low.,0.1969,FALSE
body size (alate),mean wet mass,PATO,PATO:0005015,tapered size,A size quality inhering in an entity or set of entities in which size increases or decreases along the extent of the entity or set.,0.1657,FALSE
body size (apterous),mean wet mass,OBA,OBA:0000107,multivesicular body size,The size of a multivesicular body.,0.2578,FALSE
body size (apterous),mean wet mass,OBA,OBA:0002793,ciliary body size,The size of a ciliary body.,0.1763,FALSE
body size (apterous),mean wet mass,OBA,OBA:0003321,pineal body size,The size of a pineal body.,0.2184,FALSE
body size (apterous),mean wet mass,OBA,OBA:VT0100005,body size trait,The size of a multicellular organism.,0.2571,FALSE
body size (apterous),mean wet mass,OBA,OBA:0002168,skin of body size,The size of a skin of body.,0.2491,FALSE
body size (apterous),mean wet mass,PATO,PATO:0000117,size,A morphology quality inhering in a bearer by virtue of the bearer's physical magnitude.,0.2728,FALSE
body size (apterous),mean wet mass,PATO,PATO:0000276,brood size,A reproductive quality inhering in the young of an animal by virtue of their number.,0.1747,FALSE
body size (apterous),mean wet mass,PATO,PATO:0000586,increased size,A size quality which is relatively high.,0.2042,FALSE
body size (apterous),mean wet mass,PATO,PATO:0000587,decreased size,A size quality which is relatively low.,0.1969,FALSE
body size (apterous),mean wet mass,PATO,PATO:0005015,tapered size,A size quality inhering in an entity or set of entities in which size increases or decreases along the extent of the entity or set.,0.1657,FALSE
body size (apterous nymph),mean wet mass,OBA,OBA:0000107,multivesicular body size,The size of a multivesicular body.,0.2578,FALSE
body size (apterous nymph),mean wet mass,OBA,OBA:0002793,ciliary body size,The size of a ciliary body.,0.1763,FALSE
body size (apterous nymph),mean wet mass,OBA,OBA:0003321,pineal body size,The size of a pineal body.,0.2184,FALSE
body size (apterous nymph),mean wet mass,OBA,OBA:VT0100005,body size trait,The size of a multicellular organism.,0.2571,FALSE
body size (apterous nymph),mean wet mass,OBA,OBA:0002168,skin of body size,The size of a skin of body.,0.2491,FALSE
body size (apterous nymph),mean wet mass,PATO,PATO:0000117,size,A morphology quality inhering in a bearer by virtue of the bearer's physical magnitude.,0.2728,FALSE
body size (apterous nymph),mean wet mass,PATO,PATO:0000276,brood size,A reproductive quality inhering in the young of an animal by virtue of their number.,0.1747,FALSE
body size (apterous nymph),mean wet mass,PATO,PATO:0000586,increased size,A size quality which is relatively high.,0.2042,FALSE
body size (apterous nymph),mean wet mass,PATO,PATO:0000587,decreased size,A size quality which is relatively low.,0.1969,FALSE
body size (apterous nymph),mean wet mass,PATO,PATO:0005015,tapered size,A size quality inhering in an entity or set of entities in which size increases or decreases along the extent of the entity or set.,0.1657,FALSE
body size (mass),mean wet mass,OBA,OBA:VT0001259,body mass,The mass of a multicellular organism.,0.5192,FALSE
body size (mass),mean wet mass,OBA,OBA:VT0010482,body fat mass,The mass of a adipose tissue.,0.4705,FALSE
body size (mass),mean wet mass,OBA,OBA:2045456,body mass to body extent ratio,A compound attribute that is the ratio of body mass to body extent.,0.3409,FALSE
body size (mass),mean wet mass,OBA,OBA:0000107,multivesicular body size,The size of a multivesicular body.,0.2578,FALSE
body size (mass),mean wet mass,OBA,OBA:0002793,ciliary body size,The size of a ciliary body.,0.1763,FALSE
body size (mass),mean wet mass,PATO,PATO:0001019,mass density,A physical quality which inheres in a bearer by virtue of some influence is exerted by the bearer's mass per unit size.,0.3789,FALSE
body size (mass),mean wet mass,PATO,PATO:0103001,total mass,"A quantitative quality that represents the sum of all 'mass' qualities of the component parts that constitute a whole entity. The total mass quality inheres in the whole entity and reflects the aggregate measure of mass across all its components, such that changes in the mass of individual components may not necessarily correspond to equivalent changes in the total mass of the whole.

Example of usage: ""total body mass"" represents the sum of the masses of all tissues and organs in the body, while ""liver mass"" represents only the mass of the liver. An increase in liver mass does not necessarily mean an increase in total body mass, as the mass of other organs or tissues may decrease simultaneously.",0.4458,FALSE
body size (mass),mean wet mass,PATO,PATO:0000125,mass,"For any biological use of PATO, the concept that should be used is 'mass' and not 'weight'. For example, increased weight of an organism.",0.4789,FALSE
body size (mass),mean wet mass,PATO,PATO:0001562,decreased mass,A mass which is lower than normal or average.,0.4235,FALSE
body size (mass),mean wet mass,PATO,PATO:0001563,increased mass,A mass which is higher than normal or average.,0.4504,FALSE
body size,mean of weight (unfed),OBA,OBA:0000107,multivesicular body size,The size of a multivesicular body.,0.2085,FALSE
body size,mean of weight (unfed),OBA,OBA:0002793,ciliary body size,The size of a ciliary body.,0.2077,FALSE
body size,mean of weight (unfed),OBA,OBA:0003321,pineal body size,The size of a pineal body.,0.2351,FALSE
body size,mean of weight (unfed),OBA,OBA:VT0100005,body size trait,The size of a multicellular organism.,0.1957,FALSE
body size,mean of weight (unfed),OBA,OBA:0002168,skin of body size,The size of a skin of body.,0.2338,FALSE
body size,mean of weight (unfed),PATO,PATO:0000117,size,A morphology quality inhering in a bearer by virtue of the bearer's physical magnitude.,0.1701,FALSE
body size,mean of weight (unfed),PATO,PATO:0000276,brood size,A reproductive quality inhering in the young of an animal by virtue of their number.,0.2178,FALSE
body size,mean of weight (unfed),PATO,PATO:0000586,increased size,A size quality which is relatively high.,0.1187,FALSE
body size,mean of weight (unfed),PATO,PATO:0000587,decreased size,A size quality which is relatively low.,0.1418,FALSE
body size,mean of weight (unfed),PATO,PATO:0005015,tapered size,A size quality inhering in an entity or set of entities in which size increases or decreases along the extent of the entity or set.,0.0911,FALSE
body size,mean of weight (engorged),OBA,OBA:0000107,multivesicular body size,The size of a multivesicular body.,0.2458,FALSE
body size,mean of weight (engorged),OBA,OBA:0002793,ciliary body size,The size of a ciliary body.,0.2449,FALSE
body size,mean of weight (engorged),OBA,OBA:0003321,pineal body size,The size of a pineal body.,0.2773,FALSE
body size,mean of weight (engorged),OBA,OBA:VT0100005,body size trait,The size of a multicellular organism.,0.2157,FALSE
body size,mean of weight (engorged),OBA,OBA:0002168,skin of body size,The size of a skin of body.,0.2578,FALSE
body size,mean of weight (engorged),PATO,PATO:0000117,size,A morphology quality inhering in a bearer by virtue of the bearer's physical magnitude.,0.2474,FALSE
body size,mean of weight (engorged),PATO,PATO:0000276,brood size,A reproductive quality inhering in the young of an animal by virtue of their number.,0.1872,FALSE
body size,mean of weight (engorged),PATO,PATO:0000586,increased size,A size quality which is relatively high.,0.1488,FALSE
body size,mean of weight (engorged),PATO,PATO:0000587,decreased size,A size quality which is relatively low.,0.149,FALSE
body size,mean of weight (engorged),PATO,PATO:0005015,tapered size,A size quality inhering in an entity or set of entities in which size increases or decreases along the extent of the entity or set.,0.1825,FALSE
body size,mean wet mass of an individual tick post engorgement,OBA,OBA:0000107,multivesicular body size,The size of a multivesicular body.,0.2345,FALSE
body size,mean wet mass of an individual tick post engorgement,OBA,OBA:0002793,ciliary body size,The size of a ciliary body.,0.2237,FALSE
body size,mean wet mass of an individual tick post engorgement,OBA,OBA:0003321,pineal body size,The size of a pineal body.,0.2715,FALSE
body size,mean wet mass of an individual tick post engorgement,OBA,OBA:VT0100005,body size trait,The size of a multicellular organism.,0.2745,FALSE
body size,mean wet mass of an individual tick post engorgement,OBA,OBA:0002168,skin of body size,The size of a skin of body.,0.2594,FALSE
body size,mean wet mass of an individual tick post engorgement,PATO,PATO:0000117,size,A morphology quality inhering in a bearer by virtue of the bearer's physical magnitude.,0.2314,FALSE
body size,mean wet mass of an individual tick post engorgement,PATO,PATO:0000276,brood size,A reproductive quality inhering in the young of an animal by virtue of their number.,0.2131,FALSE
body size,mean wet mass of an individual tick post engorgement,PATO,PATO:0000586,increased size,A size quality which is relatively high.,0.1512,FALSE
body size,mean wet mass of an individual tick post engorgement,PATO,PATO:0000587,decreased size,A size quality which is relatively low.,0.1399,FALSE
body size,mean wet mass of an individual tick post engorgement,PATO,PATO:0005015,tapered size,A size quality inhering in an entity or set of entities in which size increases or decreases along the extent of the entity or set.,0.1498,FALSE
Weight,mean weight of larvae during their feeding period,OBA,OBA:VT0004257,placenta mass,The mass of a placenta.,0.3718,FALSE
Weight,mean weight of larvae during their feeding period,OBA,OBA:2057477,level of low molecular weight phosphotyrosine protein phosphatase (human) in cerebrospinal fluid,The amount of a low molecular weight phosphotyrosine protein phosphatase (human) when measured in cerebrospinal fluid.,0.1666,FALSE
Weight,mean weight of larvae during their feeding period,OBA,HP:0004324,Increased body weight,Abnormally increased body weight.,0.2716,FALSE
Weight,mean weight of larvae during their feeding period,OBA,HP:0004325,Decreased body weight,Abnormally low body weight.,0.3055,FALSE
Weight,mean weight of larvae during their feeding period,PATO,PATO:0000128,weight,"For any biological use of PATO, the concept that should be used is 'mass' and not 'weight'. For example, increased weight of an organism.",0.3548,FALSE
Weight,mean weight of larvae during their feeding period,PATO,PATO:0000582,increased weight,A weight which is relatively high.,0.3597,FALSE
Weight,mean weight of larvae during their feeding period,PATO,PATO:0000583,decreased weight,A weight which is relatively low.,0.3668,FALSE
Weight,mean weight of larvae during their feeding period,PATO,PATO:0000125,mass,"For any biological use of PATO, the concept that should be used is 'mass' and not 'weight'. For example, increased weight of an organism.",0.3548,FALSE
Weight,mean weight of larvae during their feeding period,PATO,PATO:0001470,ratio,A quality inhering in a bearer by virtue of the bearer's magnitude in proportion to the magnitude of another entity.,0.1537,FALSE
Weight,mean weight of nymphs during their feeding period,OBA,OBA:VT0004257,placenta mass,The mass of a placenta.,0.3502,FALSE
Weight,mean weight of nymphs during their feeding period,OBA,OBA:2057477,level of low molecular weight phosphotyrosine protein phosphatase (human) in cerebrospinal fluid,The amount of a low molecular weight phosphotyrosine protein phosphatase (human) when measured in cerebrospinal fluid.,0.167,FALSE
Weight,mean weight of nymphs during their feeding period,OBA,HP:0004324,Increased body weight,Abnormally increased body weight.,0.2834,FALSE
Weight,mean weight of nymphs during their feeding period,OBA,HP:0004325,Decreased body weight,Abnormally low body weight.,0.3388,FALSE
Weight,mean weight of nymphs during their feeding period,PATO,PATO:0000128,weight,"For any biological use of PATO, the concept that should be used is 'mass' and not 'weight'. For example, increased weight of an organism.",0.3303,FALSE
Weight,mean weight of nymphs during their feeding period,PATO,PATO:0000582,increased weight,A weight which is relatively high.,0.3565,FALSE
Weight,mean weight of nymphs during their feeding period,PATO,PATO:0000583,decreased weight,A weight which is relatively low.,0.3676,FALSE
Weight,mean weight of nymphs during their feeding period,PATO,PATO:0000125,mass,"For any biological use of PATO, the concept that should be used is 'mass' and not 'weight'. For example, increased weight of an organism.",0.3303,FALSE
Weight,mean weight of nymphs during their feeding period,PATO,PATO:0001470,ratio,A quality inhering in a bearer by virtue of the bearer's magnitude in proportion to the magnitude of another entity.,0.144,FALSE
Weight,mean weight of engorged nymphs moulting to males,OBA,OBA:VT0004257,placenta mass,The mass of a placenta.,0.3365,FALSE
Weight,mean weight of engorged nymphs moulting to males,OBA,OBA:2057477,level of low molecular weight phosphotyrosine protein phosphatase (human) in cerebrospinal fluid,The amount of a low molecular weight phosphotyrosine protein phosphatase (human) when measured in cerebrospinal fluid.,0.1781,FALSE
Weight,mean weight of engorged nymphs moulting to males,OBA,HP:0004324,Increased body weight,Abnormally increased body weight.,0.2969,FALSE
Weight,mean weight of engorged nymphs moulting to males,OBA,HP:0004325,Decreased body weight,Abnormally low body weight.,0.3144,FALSE
Weight,mean weight of engorged nymphs moulting to males,PATO,PATO:0000128,weight,"For any biological use of PATO, the concept that should be used is 'mass' and not 'weight'. For example, increased weight of an organism.",0.3066,FALSE
Weight,mean weight of engorged nymphs moulting to males,PATO,PATO:0000582,increased weight,A weight which is relatively high.,0.3557,FALSE
Weight,mean weight of engorged nymphs moulting to males,PATO,PATO:0000583,decreased weight,A weight which is relatively low.,0.3519,FALSE
Weight,mean weight of engorged nymphs moulting to males,PATO,PATO:0000125,mass,"For any biological use of PATO, the concept that should be used is 'mass' and not 'weight'. For example, increased weight of an organism.",0.3066,FALSE
Weight,mean weight of engorged nymphs moulting to males,PATO,PATO:0001470,ratio,A quality inhering in a bearer by virtue of the bearer's magnitude in proportion to the magnitude of another entity.,0.1605,FALSE
weight,Mean weight 14 days after hatching,OBA,OBA:VT0004257,placenta mass,The mass of a placenta.,0.4027,FALSE
weight,Mean weight 14 days after hatching,OBA,OBA:2057477,level of low molecular weight phosphotyrosine protein phosphatase (human) in cerebrospinal fluid,The amount of a low molecular weight phosphotyrosine protein phosphatase (human) when measured in cerebrospinal fluid.,0.1545,FALSE
weight,Mean weight 14 days after hatching,OBA,HP:0004324,Increased body weight,Abnormally increased body weight.,0.2599,FALSE
weight,Mean weight 14 days after hatching,OBA,HP:0004325,Decreased body weight,Abnormally low body weight.,0.303,FALSE
weight,Mean weight 14 days after hatching,PATO,PATO:0000128,weight,"For any biological use of PATO, the concept that should be used is 'mass' and not 'weight'. For example, increased weight of an organism.",0.2979,FALSE
weight,Mean weight 14 days after hatching,PATO,PATO:0000582,increased weight,A weight which is relatively high.,0.3909,FALSE
weight,Mean weight 14 days after hatching,PATO,PATO:0000583,decreased weight,A weight which is relatively low.,0.389,FALSE
weight,Mean weight 14 days after hatching,PATO,PATO:0000125,mass,"For any biological use of PATO, the concept that should be used is 'mass' and not 'weight'. For example, increased weight of an organism.",0.2979,FALSE
weight,Mean weight 14 days after hatching,PATO,PATO:0001470,ratio,A quality inhering in a bearer by virtue of the bearer's magnitude in proportion to the magnitude of another entity.,0.1248,FALSE
weight,Mean weight on day of engorgement,OBA,OBA:VT0004257,placenta mass,The mass of a placenta.,0.432,FALSE
weight,Mean weight on day of engorgement,OBA,OBA:2057477,level of low molecular weight phosphotyrosine protein phosphatase (human) in cerebrospinal fluid,The amount of a low molecular weight phosphotyrosine protein phosphatase (human) when measured in cerebrospinal fluid.,0.1462,FALSE
weight,Mean weight on day of engorgement,OBA,HP:0004324,Increased body weight,Abnormally increased body weight.,0.3778,FALSE
weight,Mean weight on day of engorgement,OBA,HP:0004325,Decreased body weight,Abnormally low body weight.,0.3192,FALSE
weight,Mean weight on day of engorgement,PATO,PATO:0000128,weight,"For any biological use of PATO, the concept that should be used is 'mass' and not 'weight'. For example, increased weight of an organism.",0.3116,FALSE
weight,Mean weight on day of engorgement,PATO,PATO:0000582,increased weight,A weight which is relatively high.,0.3992,FALSE
weight,Mean weight on day of engorgement,PATO,PATO:0000583,decreased weight,A weight which is relatively low.,0.3781,FALSE
weight,Mean weight on day of engorgement,PATO,PATO:0000125,mass,"For any biological use of PATO, the concept that should be used is 'mass' and not 'weight'. For example, increased weight of an organism.",0.3116,FALSE
weight,Mean weight on day of engorgement,PATO,PATO:0001470,ratio,A quality inhering in a bearer by virtue of the bearer's magnitude in proportion to the magnitude of another entity.,0.1724,FALSE
body size,mean weight of engorged tick,OBA,OBA:0000107,multivesicular body size,The size of a multivesicular body.,0.225,FALSE
body size,mean weight of engorged tick,OBA,OBA:0002793,ciliary body size,The size of a ciliary body.,0.2622,FALSE
body size,mean weight of engorged tick,OBA,OBA:0003321,pineal body size,The size of a pineal body.,0.3074,FALSE
body size,mean weight of engorged tick,OBA,OBA:VT0100005,body size trait,The size of a multicellular organism.,0.2256,FALSE
body size,mean weight of engorged tick,OBA,OBA:0002168,skin of body size,The size of a skin of body.,0.2635,FALSE
body size,mean weight of engorged tick,PATO,PATO:0000117,size,A morphology quality inhering in a bearer by virtue of the bearer's physical magnitude.,0.1891,FALSE
body size,mean weight of engorged tick,PATO,PATO:0000276,brood size,A reproductive quality inhering in the young of an animal by virtue of their number.,0.1589,FALSE
body size,mean weight of engorged tick,PATO,PATO:0000586,increased size,A size quality which is relatively high.,0.1357,FALSE
body size,mean weight of engorged tick,PATO,PATO:0000587,decreased size,A size quality which is relatively low.,0.1424,FALSE
body size,mean weight of engorged tick,PATO,PATO:0005015,tapered size,A size quality inhering in an entity or set of entities in which size increases or decreases along the extent of the entity or set.,0.126,FALSE
body size,mean weight of engored nymphs,OBA,OBA:0000107,multivesicular body size,The size of a multivesicular body.,0.2069,FALSE
body size,mean weight of engored nymphs,OBA,OBA:0002793,ciliary body size,The size of a ciliary body.,0.2307,FALSE
body size,mean weight of engored nymphs,OBA,OBA:0003321,pineal body size,The size of a pineal body.,0.2966,FALSE
body size,mean weight of engored nymphs,OBA,OBA:VT0100005,body size trait,The size of a multicellular organism.,0.2263,FALSE
body size,mean weight of engored nymphs,OBA,OBA:0002168,skin of body size,The size of a skin of body.,0.2417,FALSE
body size,mean weight of engored nymphs,PATO,PATO:0000117,size,A morphology quality inhering in a bearer by virtue of the bearer's physical magnitude.,0.2066,FALSE
body size,mean weight of engored nymphs,PATO,PATO:0000276,brood size,A reproductive quality inhering in the young of an animal by virtue of their number.,0.2382,FALSE
body size,mean weight of engored nymphs,PATO,PATO:0000586,increased size,A size quality which is relatively high.,0.137,FALSE
body size,mean weight of engored nymphs,PATO,PATO:0000587,decreased size,A size quality which is relatively low.,0.1487,FALSE
body size,mean weight of engored nymphs,PATO,PATO:0005015,tapered size,A size quality inhering in an entity or set of entities in which size increases or decreases along the extent of the entity or set.,0.1389,FALSE
Body Mass,Weight of an individual engorged female,OBA,OBA:VT0001259,body mass,The mass of a multicellular organism.,0.3914,FALSE
Body Mass,Weight of an individual engorged female,OBA,OBA:VT0010482,body fat mass,The mass of a adipose tissue.,0.4238,FALSE
Body Mass,Weight of an individual engorged female,OBA,OBA:2045456,body mass to body extent ratio,A compound attribute that is the ratio of body mass to body extent.,0.2696,FALSE
Body Mass,Weight of an individual engorged female,OBA,OBA:2045455,body mass to height ratio,A compound attribute that is the ratio of body mass to body height.,0.2046,FALSE
Body Mass,Weight of an individual engorged female,OBA,OBA:2030004,total skin mass,The mass of a skin of body.,0.3785,FALSE
Body Mass,Weight of an individual engorged female,PATO,PATO:0000125,mass,"For any biological use of PATO, the concept that should be used is 'mass' and not 'weight'. For example, increased weight of an organism.",0.3079,FALSE
Body Mass,Weight of an individual engorged female,PATO,PATO:0001019,mass density,A physical quality which inheres in a bearer by virtue of some influence is exerted by the bearer's mass per unit size.,0.2033,FALSE
Body Mass,Weight of an individual engorged female,PATO,PATO:0001562,decreased mass,A mass which is lower than normal or average.,0.3095,FALSE
Body Mass,Weight of an individual engorged female,PATO,PATO:0001563,increased mass,A mass which is higher than normal or average.,0.3539,FALSE
Body Mass,Weight of an individual engorged female,PATO,PATO:0001681,molar mass,A physical quality that inheres in a homogeneous substance containing 6.02 x 1023 atoms or molecules.,0.1166,FALSE
Body Mass,mean daily weight of larvae during their feeding periods,OBA,OBA:VT0001259,body mass,The mass of a multicellular organism.,0.3471,FALSE
Body Mass,mean daily weight of larvae during their feeding periods,OBA,OBA:VT0010482,body fat mass,The mass of a adipose tissue.,0.3418,FALSE
Body Mass,mean daily weight of larvae during their feeding periods,OBA,OBA:2045456,body mass to body extent ratio,A compound attribute that is the ratio of body mass to body extent.,0.2723,FALSE
Body Mass,mean daily weight of larvae during their feeding periods,OBA,OBA:2045455,body mass to height ratio,A compound attribute that is the ratio of body mass to body height.,0.1954,FALSE
Body Mass,mean daily weight of larvae during their feeding periods,OBA,OBA:2030004,total skin mass,The mass of a skin of body.,0.3151,FALSE
Body Mass,mean daily weight of larvae during their feeding periods,PATO,PATO:0000125,mass,"For any biological use of PATO, the concept that should be used is 'mass' and not 'weight'. For example, increased weight of an organism.",0.3608,FALSE
Body Mass,mean daily weight of larvae during their feeding periods,PATO,PATO:0001019,mass density,A physical quality which inheres in a bearer by virtue of some influence is exerted by the bearer's mass per unit size.,0.1866,FALSE
Body Mass,mean daily weight of larvae during their feeding periods,PATO,PATO:0001562,decreased mass,A mass which is lower than normal or average.,0.2744,FALSE
Body Mass,mean daily weight of larvae during their feeding periods,PATO,PATO:0001563,increased mass,A mass which is higher than normal or average.,0.2671,FALSE
Body Mass,mean daily weight of larvae during their feeding periods,PATO,PATO:0001681,molar mass,A physical quality that inheres in a homogeneous substance containing 6.02 x 1023 atoms or molecules.,0.0976,FALSE
Body Mass,mean daily weight of nymphs during their pharate periods,OBA,OBA:VT0001259,body mass,The mass of a multicellular organism.,0.3371,FALSE
Body Mass,mean daily weight of nymphs during their pharate periods,OBA,OBA:VT0010482,body fat mass,The mass of a adipose tissue.,0.2988,FALSE
Body Mass,mean daily weight of nymphs during their pharate periods,OBA,OBA:2045456,body mass to body extent ratio,A compound attribute that is the ratio of body mass to body extent.,0.2719,FALSE
Body Mass,mean daily weight of nymphs during their pharate periods,OBA,OBA:2045455,body mass to height ratio,A compound attribute that is the ratio of body mass to body height.,0.2357,FALSE
Body Mass,mean daily weight of nymphs during their pharate periods,OBA,OBA:2030004,total skin mass,The mass of a skin of body.,0.3234,FALSE
Body Mass,mean daily weight of nymphs during their pharate periods,PATO,PATO:0000125,mass,"For any biological use of PATO, the concept that should be used is 'mass' and not 'weight'. For example, increased weight of an organism.",0.3371,FALSE
Body Mass,mean daily weight of nymphs during their pharate periods,PATO,PATO:0001019,mass density,A physical quality which inheres in a bearer by virtue of some influence is exerted by the bearer's mass per unit size.,0.1913,FALSE
Body Mass,mean daily weight of nymphs during their pharate periods,PATO,PATO:0001562,decreased mass,A mass which is lower than normal or average.,0.2693,FALSE
Body Mass,mean daily weight of nymphs during their pharate periods,PATO,PATO:0001563,increased mass,A mass which is higher than normal or average.,0.2606,FALSE
Body Mass,mean daily weight of nymphs during their pharate periods,PATO,PATO:0001681,molar mass,A physical quality that inheres in a homogeneous substance containing 6.02 x 1023 atoms or molecules.,0.1118,FALSE
Body Mass,mean daily weight of nymphs during their feeding periods,OBA,OBA:VT0001259,body mass,The mass of a multicellular organism.,0.3335,FALSE
Body Mass,mean daily weight of nymphs during their feeding periods,OBA,OBA:VT0010482,body fat mass,The mass of a adipose tissue.,0.3056,FALSE
Body Mass,mean daily weight of nymphs during their feeding periods,OBA,OBA:2045456,body mass to body extent ratio,A compound attribute that is the ratio of body mass to body extent.,0.2614,FALSE
Body Mass,mean daily weight of nymphs during their feeding periods,OBA,OBA:2045455,body mass to height ratio,A compound attribute that is the ratio of body mass to body height.,0.217,FALSE
Body Mass,mean daily weight of nymphs during their feeding periods,OBA,OBA:2030004,total skin mass,The mass of a skin of body.,0.3146,FALSE
Body Mass,mean daily weight of nymphs during their feeding periods,PATO,PATO:0000125,mass,"For any biological use of PATO, the concept that should be used is 'mass' and not 'weight'. For example, increased weight of an organism.",0.326,FALSE
Body Mass,mean daily weight of nymphs during their feeding periods,PATO,PATO:0001019,mass density,A physical quality which inheres in a bearer by virtue of some influence is exerted by the bearer's mass per unit size.,0.175,FALSE
Body Mass,mean daily weight of nymphs during their feeding periods,PATO,PATO:0001562,decreased mass,A mass which is lower than normal or average.,0.2741,FALSE
Body Mass,mean daily weight of nymphs during their feeding periods,PATO,PATO:0001563,increased mass,A mass which is higher than normal or average.,0.2733,FALSE
Body Mass,mean daily weight of nymphs during their feeding periods,PATO,PATO:0001681,molar mass,A physical quality that inheres in a homogeneous substance containing 6.02 x 1023 atoms or molecules.,0.0865,FALSE
egg mass,mean egg mass weight,OBA,OBA:VT1000294,egg quantity,The amount of a egg cell.,0.4611,FALSE
egg mass,mean egg mass weight,OBA,OBA:1001091,egg shell trait,The quality of a eggshell.,0.4392,FALSE
egg mass,mean egg mass weight,OBA,OBA:1001092,egg shell color,The color of a eggshell.,0.4017,FALSE
egg mass,mean egg mass weight,OBA,OBA:2040151,shelled egg length,The length of a shelled egg.,0.46,FALSE
egg mass,mean egg mass weight,OBA,OBA:2040152,shelled egg width,The width of a shelled egg.,0.497,FALSE
egg mass,mean egg mass weight,PATO,PATO:0000125,mass,"For any biological use of PATO, the concept that should be used is 'mass' and not 'weight'. For example, increased weight of an organism.",0.3622,FALSE
egg mass,mean egg mass weight,PATO,PATO:0001019,mass density,A physical quality which inheres in a bearer by virtue of some influence is exerted by the bearer's mass per unit size.,0.2593,FALSE
egg mass,mean egg mass weight,PATO,PATO:0001562,decreased mass,A mass which is lower than normal or average.,0.3767,FALSE
egg mass,mean egg mass weight,PATO,PATO:0001563,increased mass,A mass which is higher than normal or average.,0.3803,FALSE
egg mass,mean egg mass weight,PATO,PATO:0001681,molar mass,A physical quality that inheres in a homogeneous substance containing 6.02 x 1023 atoms or molecules.,0.1603,FALSE
weight,Mean weight on day of hatching,OBA,OBA:VT0004257,placenta mass,The mass of a placenta.,0.4155,FALSE
weight,Mean weight on day of hatching,OBA,OBA:2057477,level of low molecular weight phosphotyrosine protein phosphatase (human) in cerebrospinal fluid,The amount of a low molecular weight phosphotyrosine protein phosphatase (human) when measured in cerebrospinal fluid.,0.1669,FALSE
weight,Mean weight on day of hatching,OBA,HP:0004324,Increased body weight,Abnormally increased body weight.,0.2798,FALSE
weight,Mean weight on day of hatching,OBA,HP:0004325,Decreased body weight,Abnormally low body weight.,0.3026,FALSE
weight,Mean weight on day of hatching,PATO,PATO:0000128,weight,"For any biological use of PATO, the concept that should be used is 'mass' and not 'weight'. For example, increased weight of an organism.",0.3061,FALSE
weight,Mean weight on day of hatching,PATO,PATO:0000582,increased weight,A weight which is relatively high.,0.405,FALSE
weight,Mean weight on day of hatching,PATO,PATO:0000583,decreased weight,A weight which is relatively low.,0.4019,FALSE
weight,Mean weight on day of hatching,PATO,PATO:0000125,mass,"For any biological use of PATO, the concept that should be used is 'mass' and not 'weight'. For example, increased weight of an organism.",0.3061,FALSE
weight,Mean weight on day of hatching,PATO,PATO:0001470,ratio,A quality inhering in a bearer by virtue of the bearer's magnitude in proportion to the magnitude of another entity.,0.1496,FALSE
weight,Mean egg mass,OBA,OBA:VT0004257,placenta mass,The mass of a placenta.,0.4338,FALSE
weight,Mean egg mass,OBA,OBA:2057477,level of low molecular weight phosphotyrosine protein phosphatase (human) in cerebrospinal fluid,The amount of a low molecular weight phosphotyrosine protein phosphatase (human) when measured in cerebrospinal fluid.,0.1784,FALSE
weight,Mean egg mass,OBA,HP:0004324,Increased body weight,Abnormally increased body weight.,0.1938,FALSE
weight,Mean egg mass,OBA,HP:0004325,Decreased body weight,Abnormally low body weight.,0.2446,FALSE
weight,Mean egg mass,PATO,PATO:0000128,weight,"For any biological use of PATO, the concept that should be used is 'mass' and not 'weight'. For example, increased weight of an organism.",0.287,FALSE
weight,Mean egg mass,PATO,PATO:0000582,increased weight,A weight which is relatively high.,0.3264,FALSE
weight,Mean egg mass,PATO,PATO:0000583,decreased weight,A weight which is relatively low.,0.3406,FALSE
weight,Mean egg mass,PATO,PATO:0000125,mass,"For any biological use of PATO, the concept that should be used is 'mass' and not 'weight'. For example, increased weight of an organism.",0.287,FALSE
weight,Mean egg mass,PATO,PATO:0001470,ratio,A quality inhering in a bearer by virtue of the bearer's magnitude in proportion to the magnitude of another entity.,0.1613,FALSE
egg mass,Mean egg mass by oviposition day of females raised at constant temps,OBA,OBA:VT1000294,egg quantity,The amount of a egg cell.,0.4097,FALSE
egg mass,Mean egg mass by oviposition day of females raised at constant temps,OBA,OBA:1001091,egg shell trait,The quality of a eggshell.,0.3856,FALSE
egg mass,Mean egg mass by oviposition day of females raised at constant temps,OBA,OBA:1001092,egg shell color,The color of a eggshell.,0.353,FALSE
egg mass,Mean egg mass by oviposition day of females raised at constant temps,OBA,OBA:2040151,shelled egg length,The length of a shelled egg.,0.386,FALSE
egg mass,Mean egg mass by oviposition day of females raised at constant temps,OBA,OBA:2040152,shelled egg width,The width of a shelled egg.,0.3833,FALSE
egg mass,Mean egg mass by oviposition day of females raised at constant temps,PATO,PATO:0000125,mass,"For any biological use of PATO, the concept that should be used is 'mass' and not 'weight'. For example, increased weight of an organism.",0.2651,FALSE
egg mass,Mean egg mass by oviposition day of females raised at constant temps,PATO,PATO:0001019,mass density,A physical quality which inheres in a bearer by virtue of some influence is exerted by the bearer's mass per unit size.,0.1819,FALSE
egg mass,Mean egg mass by oviposition day of females raised at constant temps,PATO,PATO:0001562,decreased mass,A mass which is lower than normal or average.,0.2655,FALSE
egg mass,Mean egg mass by oviposition day of females raised at constant temps,PATO,PATO:0001563,increased mass,A mass which is higher than normal or average.,0.2764,FALSE
egg mass,Mean egg mass by oviposition day of females raised at constant temps,PATO,PATO:0001681,molar mass,A physical quality that inheres in a homogeneous substance containing 6.02 x 1023 atoms or molecules.,0.1685,FALSE
egg mass,mean weight of eggs,OBA,OBA:VT1000294,egg quantity,The amount of a egg cell.,0.4606,FALSE
egg mass,mean weight of eggs,OBA,OBA:1001091,egg shell trait,The quality of a eggshell.,0.4499,FALSE
egg mass,mean weight of eggs,OBA,OBA:1001092,egg shell color,The color of a eggshell.,0.4346,FALSE
egg mass,mean weight of eggs,OBA,OBA:2040151,shelled egg length,The length of a shelled egg.,0.5312,FALSE
egg mass,mean weight of eggs,OBA,OBA:2040152,shelled egg width,The width of a shelled egg.,0.5609,FALSE
egg mass,mean weight of eggs,PATO,PATO:0000125,mass,"For any biological use of PATO, the concept that should be used is 'mass' and not 'weight'. For example, increased weight of an organism.",0.2551,FALSE
egg mass,mean weight of eggs,PATO,PATO:0001019,mass density,A physical quality which inheres in a bearer by virtue of some influence is exerted by the bearer's mass per unit size.,0.157,FALSE
egg mass,mean weight of eggs,PATO,PATO:0001562,decreased mass,A mass which is lower than normal or average.,0.2784,FALSE
egg mass,mean weight of eggs,PATO,PATO:0001563,increased mass,A mass which is higher than normal or average.,0.2679,FALSE
egg mass,mean weight of eggs,PATO,PATO:0001681,molar mass,A physical quality that inheres in a homogeneous substance containing 6.02 x 1023 atoms or molecules.,0.1396,FALSE
Egg Mass,Weight of eggs laid by an individual female,OBA,OBA:VT1000294,egg quantity,The amount of a egg cell.,0.4885,FALSE
Egg Mass,Weight of eggs laid by an individual female,OBA,OBA:1001091,egg shell trait,The quality of a eggshell.,0.4475,FALSE
Egg Mass,Weight of eggs laid by an individual female,OBA,OBA:1001092,egg shell color,The color of a eggshell.,0.3876,FALSE
Egg Mass,Weight of eggs laid by an individual female,OBA,OBA:2040151,shelled egg length,The length of a shelled egg.,0.4496,FALSE
Egg Mass,Weight of eggs laid by an individual female,OBA,OBA:2040152,shelled egg width,The width of a shelled egg.,0.4419,FALSE
Egg Mass,Weight of eggs laid by an individual female,PATO,PATO:0000125,mass,"For any biological use of PATO, the concept that should be used is 'mass' and not 'weight'. For example, increased weight of an organism.",0.2576,FALSE
Egg Mass,Weight of eggs laid by an individual female,PATO,PATO:0001019,mass density,A physical quality which inheres in a bearer by virtue of some influence is exerted by the bearer's mass per unit size.,0.1852,FALSE
Egg Mass,Weight of eggs laid by an individual female,PATO,PATO:0001562,decreased mass,A mass which is lower than normal or average.,0.2528,FALSE
Egg Mass,Weight of eggs laid by an individual female,PATO,PATO:0001563,increased mass,A mass which is higher than normal or average.,0.2512,FALSE
Egg Mass,Weight of eggs laid by an individual female,PATO,PATO:0001681,molar mass,A physical quality that inheres in a homogeneous substance containing 6.02 x 1023 atoms or molecules.,0.1448,FALSE
survival time,mean survival time of fasting larvae,OBA,OBA:2044232,level of survival motor neuron protein in blood serum,The amount of a survival motor neuron protein when measured in blood serum.,0.2405,FALSE
survival time,mean survival time of fasting larvae,OBA,OBA:2059004,level of survival motor neuron protein (human) in cerebrospinal fluid,The amount of a survival motor neuron protein (human) when measured in cerebrospinal fluid.,0.2337,FALSE
survival time,mean survival time of fasting larvae,OBA,OBA:2050909,level of survival of motor neuron-related-splicing factor 30 in blood,The amount of a survival of motor neuron-related-splicing factor 30 when measured in blood.,0.234,FALSE
survival time,mean survival time of fasting larvae,OBA,OBA:2043556,level of survival of motor neuron-related-splicing factor 30 in blood serum,The amount of a survival of motor neuron-related-splicing factor 30 when measured in blood serum.,0.2327,FALSE
survival time,mean survival time of fasting larvae,OBA,OBA:2056414,level of survival of motor neuron-related-splicing factor 30 (human) in cerebrospinal fluid,The amount of a survival of motor neuron-related-splicing factor 30 (human) when measured in cerebrospinal fluid.,0.2183,FALSE
survival time,mean survival time of fasting larvae,PATO,PATO:0000165,time,A quality in which events occur in sequence.,0.0716,FALSE
survival time,mean survival time of fasting larvae,PATO,PATO:0000498,increased duration,A duration quality of a process which is relatively high.,0.2498,FALSE
survival time,mean survival time of fasting larvae,PATO,PATO:0000499,decreased duration,A duration quality of a process which is relatively low.,0.2478,FALSE
survival time,mean survival time of fasting larvae,PATO,PATO:0001309,duration,A process quality inhering in a bearer by virtue of the bearer's magnitude of the temporal extent between the starting and ending point.,0.1847,FALSE
survival time,mean survival time of fasting larvae,PATO,PATO:0000718,lethal (sensu genetics),A viability quality inhering in a population by virtue of the bearer's long term survival inability.,0.2994,FALSE
survival time,mean survival time of larvae post hatch,OBA,OBA:2044232,level of survival motor neuron protein in blood serum,The amount of a survival motor neuron protein when measured in blood serum.,0.2194,FALSE
survival time,mean survival time of larvae post hatch,OBA,OBA:2059004,level of survival motor neuron protein (human) in cerebrospinal fluid,The amount of a survival motor neuron protein (human) when measured in cerebrospinal fluid.,0.2189,FALSE
survival time,mean survival time of larvae post hatch,OBA,OBA:2050909,level of survival of motor neuron-related-splicing factor 30 in blood,The amount of a survival of motor neuron-related-splicing factor 30 when measured in blood.,0.2046,FALSE
survival time,mean survival time of larvae post hatch,OBA,OBA:2043556,level of survival of motor neuron-related-splicing factor 30 in blood serum,The amount of a survival of motor neuron-related-splicing factor 30 when measured in blood serum.,0.202,FALSE
survival time,mean survival time of larvae post hatch,OBA,OBA:2056414,level of survival of motor neuron-related-splicing factor 30 (human) in cerebrospinal fluid,The amount of a survival of motor neuron-related-splicing factor 30 (human) when measured in cerebrospinal fluid.,0.1958,FALSE
survival time,mean survival time of larvae post hatch,PATO,PATO:0000165,time,A quality in which events occur in sequence.,0.0803,FALSE
survival time,mean survival time of larvae post hatch,PATO,PATO:0000498,increased duration,A duration quality of a process which is relatively high.,0.2546,FALSE
survival time,mean survival time of larvae post hatch,PATO,PATO:0000499,decreased duration,A duration quality of a process which is relatively low.,0.2455,FALSE
survival time,mean survival time of larvae post hatch,PATO,PATO:0001309,duration,A process quality inhering in a bearer by virtue of the bearer's magnitude of the temporal extent between the starting and ending point.,0.1736,FALSE
survival time,mean survival time of larvae post hatch,PATO,PATO:0000718,lethal (sensu genetics),A viability quality inhering in a population by virtue of the bearer's long term survival inability.,0.3216,FALSE
survival time,mean survival time of fasting nymphs,OBA,OBA:2044232,level of survival motor neuron protein in blood serum,The amount of a survival motor neuron protein when measured in blood serum.,0.2299,FALSE
survival time,mean survival time of fasting nymphs,OBA,OBA:2059004,level of survival motor neuron protein (human) in cerebrospinal fluid,The amount of a survival motor neuron protein (human) when measured in cerebrospinal fluid.,0.2201,FALSE
survival time,mean survival time of fasting nymphs,OBA,OBA:2050909,level of survival of motor neuron-related-splicing factor 30 in blood,The amount of a survival of motor neuron-related-splicing factor 30 when measured in blood.,0.241,FALSE
survival time,mean survival time of fasting nymphs,OBA,OBA:2043556,level of survival of motor neuron-related-splicing factor 30 in blood serum,The amount of a survival of motor neuron-related-splicing factor 30 when measured in blood serum.,0.234,FALSE
survival time,mean survival time of fasting nymphs,OBA,OBA:2056414,level of survival of motor neuron-related-splicing factor 30 (human) in cerebrospinal fluid,The amount of a survival of motor neuron-related-splicing factor 30 (human) when measured in cerebrospinal fluid.,0.2144,FALSE
survival time,mean survival time of fasting nymphs,PATO,PATO:0000165,time,A quality in which events occur in sequence.,0.0682,FALSE
survival time,mean survival time of fasting nymphs,PATO,PATO:0000498,increased duration,A duration quality of a process which is relatively high.,0.2308,FALSE
survival time,mean survival time of fasting nymphs,PATO,PATO:0000499,decreased duration,A duration quality of a process which is relatively low.,0.2241,FALSE
survival time,mean survival time of fasting nymphs,PATO,PATO:0001309,duration,A process quality inhering in a bearer by virtue of the bearer's magnitude of the temporal extent between the starting and ending point.,0.16,FALSE
survival time,mean survival time of fasting nymphs,PATO,PATO:0000718,lethal (sensu genetics),A viability quality inhering in a population by virtue of the bearer's long term survival inability.,0.2773,FALSE
survival time,mean time for egg survival,OBA,OBA:2044232,level of survival motor neuron protein in blood serum,The amount of a survival motor neuron protein when measured in blood serum.,0.171,FALSE
survival time,mean time for egg survival,OBA,OBA:2059004,level of survival motor neuron protein (human) in cerebrospinal fluid,The amount of a survival motor neuron protein (human) when measured in cerebrospinal fluid.,0.1638,FALSE
survival time,mean time for egg survival,OBA,OBA:2050909,level of survival of motor neuron-related-splicing factor 30 in blood,The amount of a survival of motor neuron-related-splicing factor 30 when measured in blood.,0.1908,FALSE
survival time,mean time for egg survival,OBA,OBA:2043556,level of survival of motor neuron-related-splicing factor 30 in blood serum,The amount of a survival of motor neuron-related-splicing factor 30 when measured in blood serum.,0.1894,FALSE
survival time,mean time for egg survival,OBA,OBA:2056414,level of survival of motor neuron-related-splicing factor 30 (human) in cerebrospinal fluid,The amount of a survival of motor neuron-related-splicing factor 30 (human) when measured in cerebrospinal fluid.,0.1694,FALSE
survival time,mean time for egg survival,PATO,PATO:0000165,time,A quality in which events occur in sequence.,0.0932,FALSE
survival time,mean time for egg survival,PATO,PATO:0000498,increased duration,A duration quality of a process which is relatively high.,0.2564,FALSE
survival time,mean time for egg survival,PATO,PATO:0000499,decreased duration,A duration quality of a process which is relatively low.,0.2572,FALSE
survival time,mean time for egg survival,PATO,PATO:0001309,duration,A process quality inhering in a bearer by virtue of the bearer's magnitude of the temporal extent between the starting and ending point.,0.1668,FALSE
survival time,mean time for egg survival,PATO,PATO:0000718,lethal (sensu genetics),A viability quality inhering in a population by virtue of the bearer's long term survival inability.,0.2911,FALSE
survival time,mean time for unfed larva survival,OBA,OBA:2044232,level of survival motor neuron protein in blood serum,The amount of a survival motor neuron protein when measured in blood serum.,0.1884,FALSE
survival time,mean time for unfed larva survival,OBA,OBA:2059004,level of survival motor neuron protein (human) in cerebrospinal fluid,The amount of a survival motor neuron protein (human) when measured in cerebrospinal fluid.,0.1993,FALSE
survival time,mean time for unfed larva survival,OBA,OBA:2050909,level of survival of motor neuron-related-splicing factor 30 in blood,The amount of a survival of motor neuron-related-splicing factor 30 when measured in blood.,0.1897,FALSE
survival time,mean time for unfed larva survival,OBA,OBA:2043556,level of survival of motor neuron-related-splicing factor 30 in blood serum,The amount of a survival of motor neuron-related-splicing factor 30 when measured in blood serum.,0.1847,FALSE
survival time,mean time for unfed larva survival,OBA,OBA:2056414,level of survival of motor neuron-related-splicing factor 30 (human) in cerebrospinal fluid,The amount of a survival of motor neuron-related-splicing factor 30 (human) when measured in cerebrospinal fluid.,0.1817,FALSE
survival time,mean time for unfed larva survival,PATO,PATO:0000165,time,A quality in which events occur in sequence.,0.053900000000000003,FALSE
survival time,mean time for unfed larva survival,PATO,PATO:0000498,increased duration,A duration quality of a process which is relatively high.,0.2406,FALSE
survival time,mean time for unfed larva survival,PATO,PATO:0000499,decreased duration,A duration quality of a process which is relatively low.,0.2484,FALSE
survival time,mean time for unfed larva survival,PATO,PATO:0001309,duration,A process quality inhering in a bearer by virtue of the bearer's magnitude of the temporal extent between the starting and ending point.,0.1557,FALSE
survival time,mean time for unfed larva survival,PATO,PATO:0000718,lethal (sensu genetics),A viability quality inhering in a population by virtue of the bearer's long term survival inability.,0.2667,FALSE
survival time,mean time for engorged nymph survival,OBA,OBA:2044232,level of survival motor neuron protein in blood serum,The amount of a survival motor neuron protein when measured in blood serum.,0.2163,FALSE
survival time,mean time for engorged nymph survival,OBA,OBA:2059004,level of survival motor neuron protein (human) in cerebrospinal fluid,The amount of a survival motor neuron protein (human) when measured in cerebrospinal fluid.,0.1956,FALSE
survival time,mean time for engorged nymph survival,OBA,OBA:2050909,level of survival of motor neuron-related-splicing factor 30 in blood,The amount of a survival of motor neuron-related-splicing factor 30 when measured in blood.,0.2263,FALSE
survival time,mean time for engorged nymph survival,OBA,OBA:2043556,level of survival of motor neuron-related-splicing factor 30 in blood serum,The amount of a survival of motor neuron-related-splicing factor 30 when measured in blood serum.,0.2219,FALSE
survival time,mean time for engorged nymph survival,OBA,OBA:2056414,level of survival of motor neuron-related-splicing factor 30 (human) in cerebrospinal fluid,The amount of a survival of motor neuron-related-splicing factor 30 (human) when measured in cerebrospinal fluid.,0.1965,FALSE
survival time,mean time for engorged nymph survival,PATO,PATO:0000165,time,A quality in which events occur in sequence.,0.0811,FALSE
survival time,mean time for engorged nymph survival,PATO,PATO:0000498,increased duration,A duration quality of a process which is relatively high.,0.2539,FALSE
survival time,mean time for engorged nymph survival,PATO,PATO:0000499,decreased duration,A duration quality of a process which is relatively low.,0.2533,FALSE
survival time,mean time for engorged nymph survival,PATO,PATO:0001309,duration,A process quality inhering in a bearer by virtue of the bearer's magnitude of the temporal extent between the starting and ending point.,0.1824,FALSE
survival time,mean time for engorged nymph survival,PATO,PATO:0000718,lethal (sensu genetics),A viability quality inhering in a population by virtue of the bearer's long term survival inability.,0.2623,FALSE
survival time,mean time for unfed adult survival,OBA,OBA:2044232,level of survival motor neuron protein in blood serum,The amount of a survival motor neuron protein when measured in blood serum.,0.1953,FALSE
survival time,mean time for unfed adult survival,OBA,OBA:2059004,level of survival motor neuron protein (human) in cerebrospinal fluid,The amount of a survival motor neuron protein (human) when measured in cerebrospinal fluid.,0.1959,FALSE
survival time,mean time for unfed adult survival,OBA,OBA:2050909,level of survival of motor neuron-related-splicing factor 30 in blood,The amount of a survival of motor neuron-related-splicing factor 30 when measured in blood.,0.2106,FALSE
survival time,mean time for unfed adult survival,OBA,OBA:2043556,level of survival of motor neuron-related-splicing factor 30 in blood serum,The amount of a survival of motor neuron-related-splicing factor 30 when measured in blood serum.,0.2035,FALSE
survival time,mean time for unfed adult survival,OBA,OBA:2056414,level of survival of motor neuron-related-splicing factor 30 (human) in cerebrospinal fluid,The amount of a survival of motor neuron-related-splicing factor 30 (human) when measured in cerebrospinal fluid.,0.194,FALSE
survival time,mean time for unfed adult survival,PATO,PATO:0000165,time,A quality in which events occur in sequence.,0.0328,FALSE
survival time,mean time for unfed adult survival,PATO,PATO:0000498,increased duration,A duration quality of a process which is relatively high.,0.248,FALSE
survival time,mean time for unfed adult survival,PATO,PATO:0000499,decreased duration,A duration quality of a process which is relatively low.,0.2397,FALSE
survival time,mean time for unfed adult survival,PATO,PATO:0001309,duration,A process quality inhering in a bearer by virtue of the bearer's magnitude of the temporal extent between the starting and ending point.,0.1761,FALSE
survival time,mean time for unfed adult survival,PATO,PATO:0000718,lethal (sensu genetics),A viability quality inhering in a population by virtue of the bearer's long term survival inability.,0.2988,FALSE
survival time,mean time for engorged adult survival,OBA,OBA:2044232,level of survival motor neuron protein in blood serum,The amount of a survival motor neuron protein when measured in blood serum.,0.1922,FALSE
survival time,mean time for engorged adult survival,OBA,OBA:2059004,level of survival motor neuron protein (human) in cerebrospinal fluid,The amount of a survival motor neuron protein (human) when measured in cerebrospinal fluid.,0.1734,FALSE
survival time,mean time for engorged adult survival,OBA,OBA:2050909,level of survival of motor neuron-related-splicing factor 30 in blood,The amount of a survival of motor neuron-related-splicing factor 30 when measured in blood.,0.2009,FALSE
survival time,mean time for engorged adult survival,OBA,OBA:2043556,level of survival of motor neuron-related-splicing factor 30 in blood serum,The amount of a survival of motor neuron-related-splicing factor 30 when measured in blood serum.,0.1985,FALSE
survival time,mean time for engorged adult survival,OBA,OBA:2056414,level of survival of motor neuron-related-splicing factor 30 (human) in cerebrospinal fluid,The amount of a survival of motor neuron-related-splicing factor 30 (human) when measured in cerebrospinal fluid.,0.173,FALSE
survival time,mean time for engorged adult survival,PATO,PATO:0000165,time,A quality in which events occur in sequence.,0.0547,FALSE
survival time,mean time for engorged adult survival,PATO,PATO:0000498,increased duration,A duration quality of a process which is relatively high.,0.2684,FALSE
survival time,mean time for engorged adult survival,PATO,PATO:0000499,decreased duration,A duration quality of a process which is relatively low.,0.2445,FALSE
survival time,mean time for engorged adult survival,PATO,PATO:0001309,duration,A process quality inhering in a bearer by virtue of the bearer's magnitude of the temporal extent between the starting and ending point.,0.2089,FALSE
survival time,mean time for engorged adult survival,PATO,PATO:0000718,lethal (sensu genetics),A viability quality inhering in a population by virtue of the bearer's long term survival inability.,0.2833,FALSE
survival time,average number of days unfed nymphs survived,OBA,OBA:2044232,level of survival motor neuron protein in blood serum,The amount of a survival motor neuron protein when measured in blood serum.,0.1887,FALSE
survival time,average number of days unfed nymphs survived,OBA,OBA:2059004,level of survival motor neuron protein (human) in cerebrospinal fluid,The amount of a survival motor neuron protein (human) when measured in cerebrospinal fluid.,0.1957,FALSE
survival time,average number of days unfed nymphs survived,OBA,OBA:2050909,level of survival of motor neuron-related-splicing factor 30 in blood,The amount of a survival of motor neuron-related-splicing factor 30 when measured in blood.,0.2147,FALSE
survival time,average number of days unfed nymphs survived,OBA,OBA:2043556,level of survival of motor neuron-related-splicing factor 30 in blood serum,The amount of a survival of motor neuron-related-splicing factor 30 when measured in blood serum.,0.2005,FALSE
survival time,average number of days unfed nymphs survived,OBA,OBA:2056414,level of survival of motor neuron-related-splicing factor 30 (human) in cerebrospinal fluid,The amount of a survival of motor neuron-related-splicing factor 30 (human) when measured in cerebrospinal fluid.,0.1949,FALSE
survival time,average number of days unfed nymphs survived,PATO,PATO:0000165,time,A quality in which events occur in sequence.,0.0425,FALSE
survival time,average number of days unfed nymphs survived,PATO,PATO:0000498,increased duration,A duration quality of a process which is relatively high.,0.1952,FALSE
survival time,average number of days unfed nymphs survived,PATO,PATO:0000499,decreased duration,A duration quality of a process which is relatively low.,0.1837,FALSE
survival time,average number of days unfed nymphs survived,PATO,PATO:0001309,duration,A process quality inhering in a bearer by virtue of the bearer's magnitude of the temporal extent between the starting and ending point.,0.1017,FALSE
survival time,average number of days unfed nymphs survived,PATO,PATO:0000718,lethal (sensu genetics),A viability quality inhering in a population by virtue of the bearer's long term survival inability.,0.2196,FALSE
molt success rate (larval),percentage that molted,OBA,OBA:0002011,micturition rate,The rate of a micturition.,0.1728,FALSE
molt success rate (larval),percentage that molted,OBA,OBA:0002200,reflex rate,The rate of a reflex.,0.1831,FALSE
molt success rate (larval),percentage that molted,OBA,OBA:0002672,gluconeogenesis rate,The rate of a gluconeogenesis.,0.1628,FALSE
molt success rate (larval),percentage that molted,OBA,OBA:0002850,spermatogenesis rate,The rate of a spermatogenesis.,0.2676,FALSE
molt success rate (larval),percentage that molted,OBA,OBA:0003172,anagen rate,The rate of a anagen.,0.3673,FALSE
molt success rate (larval),percentage that molted,PATO,PATO:0001185,larval,"A maturity quality inhering in a bearer by virtue of the bearer's indirect development, undergoing metamorphosis.",0.2854,FALSE
molt success rate (larval),percentage that molted,PATO,PATO:0000161,rate,A quality of a single process inhering in a bearer by virtue of the bearer's occurrence per unit time.,0.13,FALSE
molt success rate (larval),percentage that molted,PATO,PATO:0000911,decreased rate,A rate which is relatively low.,0.2495,FALSE
molt success rate (larval),percentage that molted,PATO,PATO:0000912,increased rate,A rate which is relatively high.,0.2758,FALSE
molt success rate (larval),percentage that molted,PATO,PATO:0001492,growth rate,The rate or speed of the change in size of an individual entity or change in number of a population.,0.2144,FALSE
molt success rate (nymphal),percentage that molted,OBA,OBA:0002011,micturition rate,The rate of a micturition.,0.1728,FALSE
molt success rate (nymphal),percentage that molted,OBA,OBA:0002200,reflex rate,The rate of a reflex.,0.1831,FALSE
molt success rate (nymphal),percentage that molted,OBA,OBA:0002672,gluconeogenesis rate,The rate of a gluconeogenesis.,0.1628,FALSE
molt success rate (nymphal),percentage that molted,OBA,OBA:0002850,spermatogenesis rate,The rate of a spermatogenesis.,0.2676,FALSE
molt success rate (nymphal),percentage that molted,OBA,OBA:0003172,anagen rate,The rate of a anagen.,0.3673,FALSE
molt success rate (nymphal),percentage that molted,PATO,PATO:0000161,rate,A quality of a single process inhering in a bearer by virtue of the bearer's occurrence per unit time.,0.13,FALSE
molt success rate (nymphal),percentage that molted,PATO,PATO:0000911,decreased rate,A rate which is relatively low.,0.2495,FALSE
molt success rate (nymphal),percentage that molted,PATO,PATO:0000912,increased rate,A rate which is relatively high.,0.2758,FALSE
molt success rate (nymphal),percentage that molted,PATO,PATO:0001492,growth rate,The rate or speed of the change in size of an individual entity or change in number of a population.,0.2144,FALSE
molt success rate (nymphal),percentage that molted,PATO,PATO:0001574,flow rate,A physical quality inhering in a bearer by virtue of the bearer's motion characteristic.,0.0747,FALSE
molting ratio (larval),percentage that molted during life stage,OBA,OBA:2045389,leukocyte ratio,The ratio of a leukocyte.,0.2284,FALSE
molting ratio (larval),percentage that molted during life stage,OBA,OBA:2045390,basophil ratio,The ratio of a basophil.,0.2715,FALSE
molting ratio (larval),percentage that molted during life stage,OBA,OBA:2045391,eosinophil ratio,The ratio of a eosinophil.,0.291,FALSE
molting ratio (larval),percentage that molted during life stage,PATO,PATO:0001185,larval,"A maturity quality inhering in a bearer by virtue of the bearer's indirect development, undergoing metamorphosis.",0.3108,FALSE
molting ratio (larval),percentage that molted during life stage,PATO,PATO:0001470,ratio,A quality inhering in a bearer by virtue of the bearer's magnitude in proportion to the magnitude of another entity.,0.0891,FALSE
molting ratio (larval),percentage that molted during life stage,PATO,PATO:0040042,decreased ratio,Example: decreased proportion of CD4 T cells relative to total T cells.,0.1817,FALSE
molting ratio (larval),percentage that molted during life stage,PATO,PATO:0040043,increased ratio,Example: increased proportion of CD4 T cells relative to total T cells.,0.1888,FALSE
molting ratio (larval),percentage that molted during life stage,PATO,PATO:0040071,nuclear/cytoplasmic ratio,A quality inhering in a cell by virtue of the ratio between the volume of its nucleus and the volume of its cytoplasm.,0.1258,FALSE
molting ratio (nymphal),percentage that molted during life stage,OBA,OBA:2045389,leukocyte ratio,The ratio of a leukocyte.,0.2284,FALSE
molting ratio (nymphal),percentage that molted during life stage,OBA,OBA:2045390,basophil ratio,The ratio of a basophil.,0.2715,FALSE
molting ratio (nymphal),percentage that molted during life stage,OBA,OBA:2045391,eosinophil ratio,The ratio of a eosinophil.,0.291,FALSE
molting ratio (nymphal),percentage that molted during life stage,PATO,PATO:0001470,ratio,A quality inhering in a bearer by virtue of the bearer's magnitude in proportion to the magnitude of another entity.,0.0891,FALSE
molting ratio (nymphal),percentage that molted during life stage,PATO,PATO:0040042,decreased ratio,Example: decreased proportion of CD4 T cells relative to total T cells.,0.1817,FALSE
molting ratio (nymphal),percentage that molted during life stage,PATO,PATO:0040043,increased ratio,Example: increased proportion of CD4 T cells relative to total T cells.,0.1888,FALSE
molting ratio (nymphal),percentage that molted during life stage,PATO,PATO:0040071,nuclear/cytoplasmic ratio,A quality inhering in a cell by virtue of the ratio between the volume of its nucleus and the volume of its cytoplasm.,0.1258,FALSE
molting ratio (nymphal),percentage that molted during life stage,PATO,PATO:0040072,high nuclear/cytoplasmic ratio,A high nuclear/cytolasmic ratio is 70% or higher.,0.2465,FALSE
molt success rate (larval),percentage that molted during life stage,OBA,OBA:0002011,micturition rate,The rate of a micturition.,0.165,FALSE
molt success rate (larval),percentage that molted during life stage,OBA,OBA:0002200,reflex rate,The rate of a reflex.,0.1633,FALSE
molt success rate (larval),percentage that molted during life stage,OBA,OBA:0002672,gluconeogenesis rate,The rate of a gluconeogenesis.,0.1489,FALSE
molt success rate (larval),percentage that molted during life stage,OBA,OBA:0002850,spermatogenesis rate,The rate of a spermatogenesis.,0.2472,FALSE
molt success rate (larval),percentage that molted during life stage,OBA,OBA:0003172,anagen rate,The rate of a anagen.,0.3428,FALSE
molt success rate (larval),percentage that molted during life stage,PATO,PATO:0001185,larval,"A maturity quality inhering in a bearer by virtue of the bearer's indirect development, undergoing metamorphosis.",0.3108,FALSE
molt success rate (larval),percentage that molted during life stage,PATO,PATO:0000161,rate,A quality of a single process inhering in a bearer by virtue of the bearer's occurrence per unit time.,0.1472,FALSE
molt success rate (larval),percentage that molted during life stage,PATO,PATO:0000911,decreased rate,A rate which is relatively low.,0.2368,FALSE
molt success rate (larval),percentage that molted during life stage,PATO,PATO:0000912,increased rate,A rate which is relatively high.,0.2516,FALSE
molt success rate (larval),percentage that molted during life stage,PATO,PATO:0001492,growth rate,The rate or speed of the change in size of an individual entity or change in number of a population.,0.2263,FALSE
molt success rate (nymphal),percentage that molted during life stage,OBA,OBA:0002011,micturition rate,The rate of a micturition.,0.165,FALSE
molt success rate (nymphal),percentage that molted during life stage,OBA,OBA:0002200,reflex rate,The rate of a reflex.,0.1633,FALSE
molt success rate (nymphal),percentage that molted during life stage,OBA,OBA:0002672,gluconeogenesis rate,The rate of a gluconeogenesis.,0.1489,FALSE
molt success rate (nymphal),percentage that molted during life stage,OBA,OBA:0002850,spermatogenesis rate,The rate of a spermatogenesis.,0.2472,FALSE
molt success rate (nymphal),percentage that molted during life stage,OBA,OBA:0003172,anagen rate,The rate of a anagen.,0.3428,FALSE
molt success rate (nymphal),percentage that molted during life stage,PATO,PATO:0000161,rate,A quality of a single process inhering in a bearer by virtue of the bearer's occurrence per unit time.,0.1472,FALSE
molt success rate (nymphal),percentage that molted during life stage,PATO,PATO:0000911,decreased rate,A rate which is relatively low.,0.2368,FALSE
molt success rate (nymphal),percentage that molted during life stage,PATO,PATO:0000912,increased rate,A rate which is relatively high.,0.2516,FALSE
molt success rate (nymphal),percentage that molted during life stage,PATO,PATO:0001492,growth rate,The rate or speed of the change in size of an individual entity or change in number of a population.,0.2263,FALSE
molt success rate (nymphal),percentage that molted during life stage,PATO,PATO:0001574,flow rate,A physical quality inhering in a bearer by virtue of the bearer's motion characteristic.,0.0688,FALSE
incubation period,mean duration of egg incubation period (lay to hatching),OBA,OBA:VT0002292,gestation period duration,The duration of a female pregnancy.,0.4083,FALSE
incubation period,mean duration of egg incubation period (lay to hatching),OBA,OBA:2051617,level of period circadian protein homolog 3 in blood,The amount of a period circadian protein homolog 3 when measured in blood.,0.1619,FALSE
incubation period,mean duration of egg incubation period (lay to hatching),OBA,PR:000050150,period circadian protein homolog,Category=family.,0.062,FALSE
incubation period,mean duration of egg incubation period (lay to hatching),OBA,PR:000012549,period circadian protein homolog 3,Category=gene.,0.0793,FALSE
incubation period,mean duration of egg incubation period (lay to hatching),OBA,PR:O70361,period circadian protein homolog 3 (mouse),Category=organism-gene.,0.0894,FALSE
incubation period,mean duration of egg incubation period (lay to hatching),PATO,PATO:0000499,decreased duration,A duration quality of a process which is relatively low.,0.2354,FALSE
incubation period,mean duration of egg incubation period (lay to hatching),PATO,PATO:0001309,duration,A process quality inhering in a bearer by virtue of the bearer's magnitude of the temporal extent between the starting and ending point.,0.1446,FALSE
incubation period,mean duration of egg incubation period (lay to hatching),PATO,PATO:0000498,increased duration,A duration quality of a process which is relatively high.,0.2374,FALSE
incubation period,mean duration of egg incubation period (lay to hatching),PATO,PATO:0000695,synchronous,A quality of a single process inhering in a bearer by virtue of the bearer's occurring or existing at the same time or having the same period or phase.,0.1371,FALSE
incubation period,mean duration of egg incubation period (lay to hatching),PATO,PATO:0000688,asynchronous,A quality of a single process inhering in a bearer by virtue of the bearer's not occurring or existing at the same time or having the same period or phase.,0.1215,FALSE
incubation period,median time from oviposition to hatching,OBA,OBA:VT0002292,gestation period duration,The duration of a female pregnancy.,0.3652,FALSE
incubation period,median time from oviposition to hatching,OBA,OBA:2051617,level of period circadian protein homolog 3 in blood,The amount of a period circadian protein homolog 3 when measured in blood.,0.2277,FALSE
incubation period,median time from oviposition to hatching,OBA,PR:000050150,period circadian protein homolog,Category=family.,0.0805,FALSE
incubation period,median time from oviposition to hatching,OBA,PR:000012549,period circadian protein homolog 3,Category=gene.,0.1053,FALSE
incubation period,median time from oviposition to hatching,OBA,PR:O70361,period circadian protein homolog 3 (mouse),Category=organism-gene.,0.1626,FALSE
incubation period,median time from oviposition to hatching,PATO,PATO:0000499,decreased duration,A duration quality of a process which is relatively low.,0.2357,FALSE
incubation period,median time from oviposition to hatching,PATO,PATO:0001309,duration,A process quality inhering in a bearer by virtue of the bearer's magnitude of the temporal extent between the starting and ending point.,0.1634,FALSE
incubation period,median time from oviposition to hatching,PATO,PATO:0000498,increased duration,A duration quality of a process which is relatively high.,0.2297,FALSE
incubation period,median time from oviposition to hatching,PATO,PATO:0000695,synchronous,A quality of a single process inhering in a bearer by virtue of the bearer's occurring or existing at the same time or having the same period or phase.,0.1551,FALSE
incubation period,median time from oviposition to hatching,PATO,PATO:0000688,asynchronous,A quality of a single process inhering in a bearer by virtue of the bearer's not occurring or existing at the same time or having the same period or phase.,0.1559,FALSE
incubation period,time from start of oviposition until first eggs hatched,OBA,OBA:VT0002292,gestation period duration,The duration of a female pregnancy.,0.3308,FALSE
incubation period,time from start of oviposition until first eggs hatched,OBA,OBA:2051617,level of period circadian protein homolog 3 in blood,The amount of a period circadian protein homolog 3 when measured in blood.,0.1958,FALSE
incubation period,time from start of oviposition until first eggs hatched,OBA,PR:000050150,period circadian protein homolog,Category=family.,0.0739,FALSE
incubation period,time from start of oviposition until first eggs hatched,OBA,PR:000012549,period circadian protein homolog 3,Category=gene.,0.0964,FALSE
incubation period,time from start of oviposition until first eggs hatched,OBA,PR:O70361,period circadian protein homolog 3 (mouse),Category=organism-gene.,0.1627,FALSE
incubation period,time from start of oviposition until first eggs hatched,PATO,PATO:0000499,decreased duration,A duration quality of a process which is relatively low.,0.2334,FALSE
incubation period,time from start of oviposition until first eggs hatched,PATO,PATO:0001309,duration,A process quality inhering in a bearer by virtue of the bearer's magnitude of the temporal extent between the starting and ending point.,0.1572,FALSE
incubation period,time from start of oviposition until first eggs hatched,PATO,PATO:0000498,increased duration,A duration quality of a process which is relatively high.,0.2147,FALSE
incubation period,time from start of oviposition until first eggs hatched,PATO,PATO:0000695,synchronous,A quality of a single process inhering in a bearer by virtue of the bearer's occurring or existing at the same time or having the same period or phase.,0.1485,FALSE
incubation period,time from start of oviposition until first eggs hatched,PATO,PATO:0000688,asynchronous,A quality of a single process inhering in a bearer by virtue of the bearer's not occurring or existing at the same time or having the same period or phase.,0.1701,FALSE
incubation period,mean duration from oviposition to hatching,OBA,OBA:VT0002292,gestation period duration,The duration of a female pregnancy.,0.4486,FALSE
incubation period,mean duration from oviposition to hatching,OBA,OBA:2051617,level of period circadian protein homolog 3 in blood,The amount of a period circadian protein homolog 3 when measured in blood.,0.197,FALSE
incubation period,mean duration from oviposition to hatching,OBA,PR:000050150,period circadian protein homolog,Category=family.,0.0851,FALSE
incubation period,mean duration from oviposition to hatching,OBA,PR:000012549,period circadian protein homolog 3,Category=gene.,0.0996,FALSE
incubation period,mean duration from oviposition to hatching,OBA,PR:O70361,period circadian protein homolog 3 (mouse),Category=organism-gene.,0.1536,FALSE
incubation period,mean duration from oviposition to hatching,PATO,PATO:0000499,decreased duration,A duration quality of a process which is relatively low.,0.2954,FALSE
incubation period,mean duration from oviposition to hatching,PATO,PATO:0001309,duration,A process quality inhering in a bearer by virtue of the bearer's magnitude of the temporal extent between the starting and ending point.,0.1819,FALSE
incubation period,mean duration from oviposition to hatching,PATO,PATO:0000498,increased duration,A duration quality of a process which is relatively high.,0.296,FALSE
incubation period,mean duration from oviposition to hatching,PATO,PATO:0000695,synchronous,A quality of a single process inhering in a bearer by virtue of the bearer's occurring or existing at the same time or having the same period or phase.,0.1494,FALSE
incubation period,mean duration from oviposition to hatching,PATO,PATO:0000688,asynchronous,A quality of a single process inhering in a bearer by virtue of the bearer's not occurring or existing at the same time or having the same period or phase.,0.1491,FALSE
incubation period,mean Incubation Period in days from egg to larvae at constant temps,OBA,OBA:VT0002292,gestation period duration,The duration of a female pregnancy.,0.2825,FALSE
incubation period,mean Incubation Period in days from egg to larvae at constant temps,OBA,OBA:2051617,level of period circadian protein homolog 3 in blood,The amount of a period circadian protein homolog 3 when measured in blood.,0.2106,FALSE
incubation period,mean Incubation Period in days from egg to larvae at constant temps,OBA,PR:000050150,period circadian protein homolog,Category=family.,0.0839,FALSE
incubation period,mean Incubation Period in days from egg to larvae at constant temps,OBA,PR:000012549,period circadian protein homolog 3,Category=gene.,0.1499,FALSE
incubation period,mean Incubation Period in days from egg to larvae at constant temps,OBA,PR:O70361,period circadian protein homolog 3 (mouse),Category=organism-gene.,0.1926,FALSE
incubation period,mean Incubation Period in days from egg to larvae at constant temps,PATO,PATO:0000499,decreased duration,A duration quality of a process which is relatively low.,0.2164,FALSE
incubation period,mean Incubation Period in days from egg to larvae at constant temps,PATO,PATO:0001309,duration,A process quality inhering in a bearer by virtue of the bearer's magnitude of the temporal extent between the starting and ending point.,0.1401,FALSE
incubation period,mean Incubation Period in days from egg to larvae at constant temps,PATO,PATO:0000498,increased duration,A duration quality of a process which is relatively high.,0.2091,FALSE
incubation period,mean Incubation Period in days from egg to larvae at constant temps,PATO,PATO:0000695,synchronous,A quality of a single process inhering in a bearer by virtue of the bearer's occurring or existing at the same time or having the same period or phase.,0.1463,FALSE
incubation period,mean Incubation Period in days from egg to larvae at constant temps,PATO,PATO:0000688,asynchronous,A quality of a single process inhering in a bearer by virtue of the bearer's not occurring or existing at the same time or having the same period or phase.,0.1152,FALSE
incubation period,mean time required for an egg to hatch (from time of completion of egg deposition to eclosion of first larva),OBA,OBA:VT0002292,gestation period duration,The duration of a female pregnancy.,0.3513,FALSE
incubation period,mean time required for an egg to hatch (from time of completion of egg deposition to eclosion of first larva),OBA,OBA:2051617,level of period circadian protein homolog 3 in blood,The amount of a period circadian protein homolog 3 when measured in blood.,0.2108,FALSE
incubation period,mean time required for an egg to hatch (from time of completion of egg deposition to eclosion of first larva),OBA,PR:000050150,period circadian protein homolog,Category=family.,0.0628,FALSE
incubation period,mean time required for an egg to hatch (from time of completion of egg deposition to eclosion of first larva),OBA,PR:000012549,period circadian protein homolog 3,Category=gene.,0.0941,FALSE
incubation period,mean time required for an egg to hatch (from time of completion of egg deposition to eclosion of first larva),OBA,PR:O70361,period circadian protein homolog 3 (mouse),Category=organism-gene.,0.1302,FALSE
incubation period,mean time required for an egg to hatch (from time of completion of egg deposition to eclosion of first larva),PATO,PATO:0000499,decreased duration,A duration quality of a process which is relatively low.,0.2718,FALSE
incubation period,mean time required for an egg to hatch (from time of completion of egg deposition to eclosion of first larva),PATO,PATO:0001309,duration,A process quality inhering in a bearer by virtue of the bearer's magnitude of the temporal extent between the starting and ending point.,0.1905,FALSE
incubation period,mean time required for an egg to hatch (from time of completion of egg deposition to eclosion of first larva),PATO,PATO:0000498,increased duration,A duration quality of a process which is relatively high.,0.2546,FALSE
incubation period,mean time required for an egg to hatch (from time of completion of egg deposition to eclosion of first larva),PATO,PATO:0000695,synchronous,A quality of a single process inhering in a bearer by virtue of the bearer's occurring or existing at the same time or having the same period or phase.,0.1735,FALSE
incubation period,mean time required for an egg to hatch (from time of completion of egg deposition to eclosion of first larva),PATO,PATO:0000688,asynchronous,A quality of a single process inhering in a bearer by virtue of the bearer's not occurring or existing at the same time or having the same period or phase.,0.1684,FALSE
incubation period,mean egg incubation period,OBA,OBA:VT0002292,gestation period duration,The duration of a female pregnancy.,0.3497,FALSE
incubation period,mean egg incubation period,OBA,OBA:2051617,level of period circadian protein homolog 3 in blood,The amount of a period circadian protein homolog 3 when measured in blood.,0.1912,FALSE
incubation period,mean egg incubation period,OBA,PR:000050150,period circadian protein homolog,Category=family.,0.084,FALSE
incubation period,mean egg incubation period,OBA,PR:000012549,period circadian protein homolog 3,Category=gene.,0.1247,FALSE
incubation period,mean egg incubation period,OBA,PR:O70361,period circadian protein homolog 3 (mouse),Category=organism-gene.,0.145,FALSE
incubation period,mean egg incubation period,PATO,PATO:0000499,decreased duration,A duration quality of a process which is relatively low.,0.1572,FALSE
incubation period,mean egg incubation period,PATO,PATO:0001309,duration,A process quality inhering in a bearer by virtue of the bearer's magnitude of the temporal extent between the starting and ending point.,0.0717,FALSE
incubation period,mean egg incubation period,PATO,PATO:0000498,increased duration,A duration quality of a process which is relatively high.,0.1602,FALSE
incubation period,mean egg incubation period,PATO,PATO:0000695,synchronous,A quality of a single process inhering in a bearer by virtue of the bearer's occurring or existing at the same time or having the same period or phase.,0.1124,FALSE
incubation period,mean egg incubation period,PATO,PATO:0000688,asynchronous,A quality of a single process inhering in a bearer by virtue of the bearer's not occurring or existing at the same time or having the same period or phase.,0.0884,FALSE
incubation period,Mean Incubation Period,OBA,OBA:VT0002292,gestation period duration,The duration of a female pregnancy.,0.3354,FALSE
incubation period,Mean Incubation Period,OBA,OBA:2051617,level of period circadian protein homolog 3 in blood,The amount of a period circadian protein homolog 3 when measured in blood.,0.2481,FALSE
incubation period,Mean Incubation Period,OBA,PR:000050150,period circadian protein homolog,Category=family.,0.0861,FALSE
incubation period,Mean Incubation Period,OBA,PR:000012549,period circadian protein homolog 3,Category=gene.,0.1575,FALSE
incubation period,Mean Incubation Period,OBA,PR:O70361,period circadian protein homolog 3 (mouse),Category=organism-gene.,0.1644,FALSE
incubation period,Mean Incubation Period,PATO,PATO:0000499,decreased duration,A duration quality of a process which is relatively low.,0.2788,FALSE
incubation period,Mean Incubation Period,PATO,PATO:0001309,duration,A process quality inhering in a bearer by virtue of the bearer's magnitude of the temporal extent between the starting and ending point.,0.2065,FALSE
incubation period,Mean Incubation Period,PATO,PATO:0000498,increased duration,A duration quality of a process which is relatively high.,0.2753,FALSE
incubation period,Mean Incubation Period,PATO,PATO:0000695,synchronous,A quality of a single process inhering in a bearer by virtue of the bearer's occurring or existing at the same time or having the same period or phase.,0.2225,FALSE
incubation period,Mean Incubation Period,PATO,PATO:0000688,asynchronous,A quality of a single process inhering in a bearer by virtue of the bearer's not occurring or existing at the same time or having the same period or phase.,0.2126,FALSE
hatching rate,percent surviving life stage,OBA,OBA:0003853,blastocyst hatching amount,The amount of a blastocyst hatching.,0.2585,FALSE
hatching rate,percent surviving life stage,OBA,OBA:0003854,blastocyst hatching onset quality,The onset quality of a blastocyst hatching.,0.2216,FALSE
hatching rate,percent surviving life stage,OBA,OBA:0002011,micturition rate,The rate of a micturition.,0.1067,FALSE
hatching rate,percent surviving life stage,OBA,OBA:0002200,reflex rate,The rate of a reflex.,0.1392,FALSE
hatching rate,percent surviving life stage,OBA,OBA:0002672,gluconeogenesis rate,The rate of a gluconeogenesis.,0.119,FALSE
hatching rate,percent surviving life stage,PATO,PATO:0000161,rate,A quality of a single process inhering in a bearer by virtue of the bearer's occurrence per unit time.,0.1536,FALSE
hatching rate,percent surviving life stage,PATO,PATO:0000911,decreased rate,A rate which is relatively low.,0.2371,FALSE
hatching rate,percent surviving life stage,PATO,PATO:0000912,increased rate,A rate which is relatively high.,0.2358,FALSE
hatching rate,percent surviving life stage,PATO,PATO:0001492,growth rate,The rate or speed of the change in size of an individual entity or change in number of a population.,0.1887,FALSE
hatching rate,percent surviving life stage,PATO,PATO:0001574,flow rate,A physical quality inhering in a bearer by virtue of the bearer's motion characteristic.,0.0379,FALSE
hatching rate,mean duration of life stage,OBA,OBA:0003853,blastocyst hatching amount,The amount of a blastocyst hatching.,0.2008,FALSE
hatching rate,mean duration of life stage,OBA,OBA:0003854,blastocyst hatching onset quality,The onset quality of a blastocyst hatching.,0.2058,FALSE
hatching rate,mean duration of life stage,OBA,OBA:0002011,micturition rate,The rate of a micturition.,0.1403,FALSE
hatching rate,mean duration of life stage,OBA,OBA:0002200,reflex rate,The rate of a reflex.,0.1571,FALSE
hatching rate,mean duration of life stage,OBA,OBA:0002672,gluconeogenesis rate,The rate of a gluconeogenesis.,0.0968,FALSE
hatching rate,mean duration of life stage,PATO,PATO:0000161,rate,A quality of a single process inhering in a bearer by virtue of the bearer's occurrence per unit time.,0.192,FALSE
hatching rate,mean duration of life stage,PATO,PATO:0000911,decreased rate,A rate which is relatively low.,0.1806,FALSE
hatching rate,mean duration of life stage,PATO,PATO:0000912,increased rate,A rate which is relatively high.,0.1676,FALSE
hatching rate,mean duration of life stage,PATO,PATO:0001492,growth rate,The rate or speed of the change in size of an individual entity or change in number of a population.,0.2076,FALSE
hatching rate,mean duration of life stage,PATO,PATO:0001574,flow rate,A physical quality inhering in a bearer by virtue of the bearer's motion characteristic.,0.0594,FALSE
hatch rate,mean hatching rate of egg batches,OBA,OBA:0002011,micturition rate,The rate of a micturition.,0.2019,FALSE
hatch rate,mean hatching rate of egg batches,OBA,OBA:0002200,reflex rate,The rate of a reflex.,0.2146,FALSE
hatch rate,mean hatching rate of egg batches,OBA,OBA:0002672,gluconeogenesis rate,The rate of a gluconeogenesis.,0.2012,FALSE
hatch rate,mean hatching rate of egg batches,OBA,OBA:0002850,spermatogenesis rate,The rate of a spermatogenesis.,0.3696,FALSE
hatch rate,mean hatching rate of egg batches,OBA,OBA:0003172,anagen rate,The rate of a anagen.,0.3202,FALSE
hatch rate,mean hatching rate of egg batches,PATO,PATO:0000161,rate,A quality of a single process inhering in a bearer by virtue of the bearer's occurrence per unit time.,0.2112,FALSE
hatch rate,mean hatching rate of egg batches,PATO,PATO:0000911,decreased rate,A rate which is relatively low.,0.2796,FALSE
hatch rate,mean hatching rate of egg batches,PATO,PATO:0000912,increased rate,A rate which is relatively high.,0.2884,FALSE
hatch rate,mean hatching rate of egg batches,PATO,PATO:0001492,growth rate,The rate or speed of the change in size of an individual entity or change in number of a population.,0.2149,FALSE
hatch rate,mean hatching rate of egg batches,PATO,PATO:0001574,flow rate,A physical quality inhering in a bearer by virtue of the bearer's motion characteristic.,0.0407,FALSE
larval hatch rate,percentage of unfertilized eggs that were subsequently fertilized,OBA,OBA:0002011,micturition rate,The rate of a micturition.,0.1512,FALSE
larval hatch rate,percentage of unfertilized eggs that were subsequently fertilized,OBA,OBA:0002200,reflex rate,The rate of a reflex.,0.211,FALSE
larval hatch rate,percentage of unfertilized eggs that were subsequently fertilized,OBA,OBA:0002672,gluconeogenesis rate,The rate of a gluconeogenesis.,0.1884,FALSE
larval hatch rate,percentage of unfertilized eggs that were subsequently fertilized,OBA,OBA:0002850,spermatogenesis rate,The rate of a spermatogenesis.,0.3293,FALSE
larval hatch rate,percentage of unfertilized eggs that were subsequently fertilized,OBA,OBA:0003172,anagen rate,The rate of a anagen.,0.2456,FALSE
larval hatch rate,percentage of unfertilized eggs that were subsequently fertilized,PATO,PATO:0001185,larval,"A maturity quality inhering in a bearer by virtue of the bearer's indirect development, undergoing metamorphosis.",0.2019,FALSE
larval hatch rate,percentage of unfertilized eggs that were subsequently fertilized,PATO,PATO:0000161,rate,A quality of a single process inhering in a bearer by virtue of the bearer's occurrence per unit time.,0.1272,FALSE
larval hatch rate,percentage of unfertilized eggs that were subsequently fertilized,PATO,PATO:0000911,decreased rate,A rate which is relatively low.,0.238,FALSE
larval hatch rate,percentage of unfertilized eggs that were subsequently fertilized,PATO,PATO:0000912,increased rate,A rate which is relatively high.,0.2607,FALSE
larval hatch rate,percentage of unfertilized eggs that were subsequently fertilized,PATO,PATO:0001492,growth rate,The rate or speed of the change in size of an individual entity or change in number of a population.,0.1745,FALSE
hatch rate,percentage of unfertilized eggs that were subsequently fertilized,OBA,OBA:0002011,micturition rate,The rate of a micturition.,0.1512,FALSE
hatch rate,percentage of unfertilized eggs that were subsequently fertilized,OBA,OBA:0002200,reflex rate,The rate of a reflex.,0.211,FALSE
hatch rate,percentage of unfertilized eggs that were subsequently fertilized,OBA,OBA:0002672,gluconeogenesis rate,The rate of a gluconeogenesis.,0.1884,FALSE
hatch rate,percentage of unfertilized eggs that were subsequently fertilized,OBA,OBA:0002850,spermatogenesis rate,The rate of a spermatogenesis.,0.3293,FALSE
hatch rate,percentage of unfertilized eggs that were subsequently fertilized,OBA,OBA:0003172,anagen rate,The rate of a anagen.,0.2456,FALSE
hatch rate,percentage of unfertilized eggs that were subsequently fertilized,PATO,PATO:0000161,rate,A quality of a single process inhering in a bearer by virtue of the bearer's occurrence per unit time.,0.1272,FALSE
hatch rate,percentage of unfertilized eggs that were subsequently fertilized,PATO,PATO:0000911,decreased rate,A rate which is relatively low.,0.238,FALSE
hatch rate,percentage of unfertilized eggs that were subsequently fertilized,PATO,PATO:0000912,increased rate,A rate which is relatively high.,0.2607,FALSE
hatch rate,percentage of unfertilized eggs that were subsequently fertilized,PATO,PATO:0001492,growth rate,The rate or speed of the change in size of an individual entity or change in number of a population.,0.1745,FALSE
hatch rate,percentage of unfertilized eggs that were subsequently fertilized,PATO,PATO:0001574,flow rate,A physical quality inhering in a bearer by virtue of the bearer's motion characteristic.,0.0111,FALSE
hatch rate,percentage of egg masses producing larvae,OBA,OBA:0002011,micturition rate,The rate of a micturition.,0.0852,FALSE
hatch rate,percentage of egg masses producing larvae,OBA,OBA:0002200,reflex rate,The rate of a reflex.,0.1581,FALSE
hatch rate,percentage of egg masses producing larvae,OBA,OBA:0002672,gluconeogenesis rate,The rate of a gluconeogenesis.,0.1674,FALSE
hatch rate,percentage of egg masses producing larvae,OBA,OBA:0002850,spermatogenesis rate,The rate of a spermatogenesis.,0.2555,FALSE
hatch rate,percentage of egg masses producing larvae,OBA,OBA:0003172,anagen rate,The rate of a anagen.,0.2415,FALSE
hatch rate,percentage of egg masses producing larvae,PATO,PATO:0000161,rate,A quality of a single process inhering in a bearer by virtue of the bearer's occurrence per unit time.,0.1381,FALSE
hatch rate,percentage of egg masses producing larvae,PATO,PATO:0000911,decreased rate,A rate which is relatively low.,0.2304,FALSE
hatch rate,percentage of egg masses producing larvae,PATO,PATO:0000912,increased rate,A rate which is relatively high.,0.2474,FALSE
hatch rate,percentage of egg masses producing larvae,PATO,PATO:0001492,growth rate,The rate or speed of the change in size of an individual entity or change in number of a population.,0.1929,FALSE
hatch rate,percentage of egg masses producing larvae,PATO,PATO:0001574,flow rate,A physical quality inhering in a bearer by virtue of the bearer's motion characteristic.,0.0325,FALSE
hatch ratio,hatching ratio of eggs,OBA,OBA:2045389,leukocyte ratio,The ratio of a leukocyte.,0.3159,FALSE
hatch ratio,hatching ratio of eggs,OBA,OBA:2045390,basophil ratio,The ratio of a basophil.,0.3683,FALSE
hatch ratio,hatching ratio of eggs,OBA,OBA:2045391,eosinophil ratio,The ratio of a eosinophil.,0.4197,FALSE
hatch ratio,hatching ratio of eggs,OBA,OBA:2045459,digit length ratio,A compound attribute that is the ratio of digit length to digit length.,0.2612,FALSE
hatch ratio,hatching ratio of eggs,OBA,OBA:1000024,subcutaneous adipose tissue ratio,The ratio of a subcutaneous adipose tissue.,0.2844,FALSE
hatch ratio,hatching ratio of eggs,PATO,PATO:0001470,ratio,A quality inhering in a bearer by virtue of the bearer's magnitude in proportion to the magnitude of another entity.,0.0974,FALSE
hatch ratio,hatching ratio of eggs,PATO,PATO:0040042,decreased ratio,Example: decreased proportion of CD4 T cells relative to total T cells.,0.1656,FALSE
hatch ratio,hatching ratio of eggs,PATO,PATO:0040043,increased ratio,Example: increased proportion of CD4 T cells relative to total T cells.,0.1732,FALSE
hatch ratio,hatching ratio of eggs,PATO,PATO:0040071,nuclear/cytoplasmic ratio,A quality inhering in a cell by virtue of the ratio between the volume of its nucleus and the volume of its cytoplasm.,0.2243,FALSE
hatch ratio,hatching ratio of eggs,PATO,PATO:0040072,high nuclear/cytoplasmic ratio,A high nuclear/cytolasmic ratio is 70% or higher.,0.3091,FALSE
hatching period,mean time from initiation to completion of hatching,OBA,OBA:0003853,blastocyst hatching amount,The amount of a blastocyst hatching.,0.5435,FALSE
hatching period,mean time from initiation to completion of hatching,OBA,OBA:VT0002292,gestation period duration,The duration of a female pregnancy.,0.327,FALSE
hatching period,mean time from initiation to completion of hatching,OBA,OBA:0003854,blastocyst hatching onset quality,The onset quality of a blastocyst hatching.,0.535,FALSE
hatching period,mean time from initiation to completion of hatching,OBA,OBA:2051617,level of period circadian protein homolog 3 in blood,The amount of a period circadian protein homolog 3 when measured in blood.,0.2119,FALSE
hatching period,mean time from initiation to completion of hatching,PATO,PATO:0000499,decreased duration,A duration quality of a process which is relatively low.,0.3218,FALSE
hatching period,mean time from initiation to completion of hatching,PATO,PATO:0001309,duration,A process quality inhering in a bearer by virtue of the bearer's magnitude of the temporal extent between the starting and ending point.,0.2529,FALSE
hatching period,mean time from initiation to completion of hatching,PATO,PATO:0000498,increased duration,A duration quality of a process which is relatively high.,0.3224,FALSE
hatching period,mean time from initiation to completion of hatching,PATO,GO:0009792,embryo development ending in birth or egg hatching,"The process whose specific outcome is the progression of an embryo over time, from zygote formation until the end of the embryonic life stage. The end of the embryonic life stage is organism-specific and may be somewhat arbitrary; for mammals it is usually considered to be birth, for insects the hatching of the first instar larva from the eggshell.",0.4685,FALSE
hatching period,mean time from initiation to completion of hatching,PATO,UBERON:0000092,post-embryonic stage,"Stage succeeding embryo, including mature structure.",0.3345,FALSE
egg hatch,Mean percentage of eggs hatched,OBA,OBA:VT1000294,egg quantity,The amount of a egg cell.,0.3323,FALSE
egg hatch,Mean percentage of eggs hatched,OBA,OBA:1001091,egg shell trait,The quality of a eggshell.,0.4027,FALSE
egg hatch,Mean percentage of eggs hatched,OBA,OBA:1001092,egg shell color,The color of a eggshell.,0.3249,FALSE
egg hatch,Mean percentage of eggs hatched,OBA,OBA:2040151,shelled egg length,The length of a shelled egg.,0.3428,FALSE
egg hatch,Mean percentage of eggs hatched,OBA,OBA:2040152,shelled egg width,The width of a shelled egg.,0.3561,FALSE
egg hatch,Mean percentage of eggs hatched,PATO,PATO:0001891,ovate,A spheroid quality inhering in a bearer by virtue of the bearer's exhibiting a continuous convex surface with an axis of symmetry and one axis longer than the other; egg-shaped.,0.1755,FALSE
egg hatch,Mean percentage of eggs hatched,PATO,CL:0000025,egg cell,A female gamete where meiosis has progressed to metaphase II and is able to participate in fertilization.,0.221,FALSE
egg hatch,Mean percentage of eggs hatched,PATO,GO:0007343,egg activation,"The process in which the egg becomes metabolically active, initiates protein and DNA synthesis and undergoes structural changes to its cortex and/or cytoplasm.",0.3007,FALSE
egg hatch,Mean percentage of eggs hatched,PATO,GO:0007293,germarium-derived egg chamber formation,"Construction of a stage-1 egg chamber in the anterior part of the germarium, from the progeny of germ-line and somatic stem cells. An example of this is found in Drosophila melanogaster.",0.2924,FALSE
egg hatch,Mean percentage of eggs hatched,PATO,GO:0009792,embryo development ending in birth or egg hatching,"The process whose specific outcome is the progression of an embryo over time, from zygote formation until the end of the embryonic life stage. The end of the embryonic life stage is organism-specific and may be somewhat arbitrary; for mammals it is usually considered to be birth, for insects the hatching of the first instar larva from the eggshell.",0.3289,FALSE
longevity,aphid lifespan,OBA,OBA:VT0005372,life span determination trait,The process quality of a determination of adult lifespan.,0.2877,FALSE
longevity,lifespan of aphids,OBA,OBA:VT0005372,life span determination trait,The process quality of a determination of adult lifespan.,0.3008,FALSE
longevity,adult aphid survival,OBA,OBA:VT0005372,life span determination trait,The process quality of a determination of adult lifespan.,0.341,FALSE
adult longevity,lifespan of adult aphids,OBA,OBA:1000037,adult organism mass,The mass of a adult organism.,0.2473,FALSE
adult longevity,lifespan of adult aphids,OBA,OBA:2041551,level of fetal and adult testis-expressed transcript protein in blood serum,The amount of a fetal and adult testis-expressed transcript protein when measured in blood serum.,0.1379,FALSE
adult longevity,lifespan of adult aphids,OBA,OBA:2080239,level of fetal and adult testis-expressed transcript protein (human) in cerebrospinal fluid,The amount of a fetal and adult testis-expressed transcript protein (human) when measured in cerebrospinal fluid.,0.1313,FALSE
adult longevity,lifespan of adult aphids,OBA,OBA:VT0005372,life span determination trait,The process quality of a determination of adult lifespan.,0.3469,FALSE
adult longevity,lifespan of adult aphids,PATO,CL:0008017,adult skeletal muscle myoblast,"The vast majority of these cells develop from skeletal muscle satellite cells, although there are some reports of other origins.",0.088,FALSE
adult longevity,lifespan of adult aphids,PATO,UBERON:0000066,fully formed stage,"The stage of development at which the animal is fully formed, including immaturity and maturity. Includes both sexually immature stage, and adult stage.",0.2387,FALSE
adult longevity,lifespan of adult aphids,PATO,UBERON:0002200,vasculature of head,Vasculature that is part of a head [Automatically generated definition].,0.013,FALSE
adult longevity,lifespan of adult aphids,PATO,UBERON:0003457,head bone,Different sources vary regarding which bones are craniofacial; e.g. hyoid bone,0.0716,FALSE
adult longevity,lifespan of adult aphids,PATO,UBERON:0003566,head connective tissue,A portion of connective tissue that is part of a head [Automatically generated definition].,0.0281,FALSE
aphid longevity,lifespan of aphids,OBA,OBA:VT0005372,life span determination trait,The process quality of a determination of adult lifespan.,0.3008,FALSE
reproductive period,mean duration of life stage,OBA,OBA:VT0002292,gestation period duration,The duration of a female pregnancy.,0.3879,FALSE
reproductive period,mean duration of life stage,OBA,OBA:0002007,reproductive system size,The size of a reproductive system.,0.2296,FALSE
reproductive period,mean duration of life stage,OBA,OBA:0002409,reproductive system displaced,The displaced of a reproductive system.,0.1971,FALSE
reproductive period,mean duration of life stage,OBA,OBA:2050117,reproductive behavior trait,The quality of a reproductive behavior.,0.2536,FALSE
reproductive period,mean duration of life stage,OBA,OBA:VT0005389,reproductive system trait,The quality when measured in reproductive system.,0.23,FALSE
reproductive period,mean duration of life stage,PATO,PATO:0001434,reproductive quality,An organismal quality inhering in a bearer by virtue of the bearer's ability to produce new life or offspring.,0.218,FALSE
reproductive period,mean duration of life stage,PATO,PATO:0000499,decreased duration,A duration quality of a process which is relatively low.,0.3653,FALSE
reproductive period,mean duration of life stage,PATO,PATO:0001309,duration,A process quality inhering in a bearer by virtue of the bearer's magnitude of the temporal extent between the starting and ending point.,0.276,FALSE
reproductive period,mean duration of life stage,PATO,PATO:0000498,increased duration,A duration quality of a process which is relatively high.,0.3789,FALSE
reproductive period,mean duration of life stage,PATO,GO:0019098,reproductive behavior,The specific behavior of an organism that is associated with reproduction.,0.2198,FALSE
ovipositional period,mean duration of life stage,OBA,OBA:VT0002292,gestation period duration,The duration of a female pregnancy.,0.3879,FALSE
ovipositional period,mean duration of life stage,OBA,OBA:2051617,level of period circadian protein homolog 3 in blood,The amount of a period circadian protein homolog 3 when measured in blood.,0.188,FALSE
ovipositional period,mean duration of life stage,OBA,PR:000050150,period circadian protein homolog,Category=family.,0.1858,FALSE
ovipositional period,mean duration of life stage,OBA,PR:000012549,period circadian protein homolog 3,Category=gene.,0.1334,FALSE
ovipositional period,mean duration of life stage,OBA,PR:O70361,period circadian protein homolog 3 (mouse),Category=organism-gene.,0.1497,FALSE
ovipositional period,mean duration of life stage,PATO,PATO:0000499,decreased duration,A duration quality of a process which is relatively low.,0.3653,FALSE
ovipositional period,mean duration of life stage,PATO,PATO:0001309,duration,A process quality inhering in a bearer by virtue of the bearer's magnitude of the temporal extent between the starting and ending point.,0.276,FALSE
ovipositional period,mean duration of life stage,PATO,PATO:0000498,increased duration,A duration quality of a process which is relatively high.,0.3789,FALSE
ovipositional period,mean duration of life stage,PATO,PATO:0000695,synchronous,A quality of a single process inhering in a bearer by virtue of the bearer's occurring or existing at the same time or having the same period or phase.,0.2054,FALSE
ovipositional period,mean duration of life stage,PATO,PATO:0000688,asynchronous,A quality of a single process inhering in a bearer by virtue of the bearer's not occurring or existing at the same time or having the same period or phase.,0.1977,FALSE
pre-oviposition period,mean duration from adult emergence to onset of reproduction,OBA,OBA:VT0002292,gestation period duration,The duration of a female pregnancy.,0.3963,FALSE
pre-oviposition period,mean duration from adult emergence to onset of reproduction,OBA,OBA:2051617,level of period circadian protein homolog 3 in blood,The amount of a period circadian protein homolog 3 when measured in blood.,0.1905,FALSE
pre-oviposition period,mean duration from adult emergence to onset of reproduction,OBA,PR:000050150,period circadian protein homolog,Category=family.,0.0904,FALSE
pre-oviposition period,mean duration from adult emergence to onset of reproduction,OBA,PR:000012549,period circadian protein homolog 3,Category=gene.,0.0957,FALSE
pre-oviposition period,mean duration from adult emergence to onset of reproduction,OBA,PR:O70361,period circadian protein homolog 3 (mouse),Category=organism-gene.,0.1276,FALSE
pre-oviposition period,mean duration from adult emergence to onset of reproduction,PATO,PATO:0000499,decreased duration,A duration quality of a process which is relatively low.,0.261,FALSE
pre-oviposition period,mean duration from adult emergence to onset of reproduction,PATO,PATO:0001309,duration,A process quality inhering in a bearer by virtue of the bearer's magnitude of the temporal extent between the starting and ending point.,0.2133,FALSE
pre-oviposition period,mean duration from adult emergence to onset of reproduction,PATO,PATO:0000498,increased duration,A duration quality of a process which is relatively high.,0.275,FALSE
pre-oviposition period,mean duration from adult emergence to onset of reproduction,PATO,PATO:0000695,synchronous,A quality of a single process inhering in a bearer by virtue of the bearer's occurring or existing at the same time or having the same period or phase.,0.1662,FALSE
pre-oviposition period,mean duration from adult emergence to onset of reproduction,PATO,PATO:0000688,asynchronous,A quality of a single process inhering in a bearer by virtue of the bearer's not occurring or existing at the same time or having the same period or phase.,0.1667,FALSE
post-oviposition period,mean duration of life stage,OBA,OBA:VT0002292,gestation period duration,The duration of a female pregnancy.,0.3879,FALSE
post-oviposition period,mean duration of life stage,OBA,OBA:2051617,level of period circadian protein homolog 3 in blood,The amount of a period circadian protein homolog 3 when measured in blood.,0.188,FALSE
post-oviposition period,mean duration of life stage,OBA,PR:000050150,period circadian protein homolog,Category=family.,0.1858,FALSE
post-oviposition period,mean duration of life stage,OBA,PR:000012549,period circadian protein homolog 3,Category=gene.,0.1334,FALSE
post-oviposition period,mean duration of life stage,OBA,PR:O70361,period circadian protein homolog 3 (mouse),Category=organism-gene.,0.1497,FALSE
post-oviposition period,mean duration of life stage,PATO,PATO:0000499,decreased duration,A duration quality of a process which is relatively low.,0.3653,FALSE
post-oviposition period,mean duration of life stage,PATO,PATO:0001309,duration,A process quality inhering in a bearer by virtue of the bearer's magnitude of the temporal extent between the starting and ending point.,0.276,FALSE
post-oviposition period,mean duration of life stage,PATO,PATO:0000498,increased duration,A duration quality of a process which is relatively high.,0.3789,FALSE
post-oviposition period,mean duration of life stage,PATO,PATO:0000695,synchronous,A quality of a single process inhering in a bearer by virtue of the bearer's occurring or existing at the same time or having the same period or phase.,0.2054,FALSE
post-oviposition period,mean duration of life stage,PATO,PATO:0000688,asynchronous,A quality of a single process inhering in a bearer by virtue of the bearer's not occurring or existing at the same time or having the same period or phase.,0.1977,FALSE
pre-reproductive period,mean duration of life stage,OBA,OBA:VT0002292,gestation period duration,The duration of a female pregnancy.,0.3879,FALSE
pre-reproductive period,mean duration of life stage,OBA,OBA:2051617,level of period circadian protein homolog 3 in blood,The amount of a period circadian protein homolog 3 when measured in blood.,0.188,FALSE
pre-reproductive period,mean duration of life stage,OBA,PR:000050150,period circadian protein homolog,Category=family.,0.1858,FALSE
pre-reproductive period,mean duration of life stage,OBA,PR:000012549,period circadian protein homolog 3,Category=gene.,0.1334,FALSE
pre-reproductive period,mean duration of life stage,OBA,PR:O70361,period circadian protein homolog 3 (mouse),Category=organism-gene.,0.1497,FALSE
pre-reproductive period,mean duration of life stage,PATO,PATO:0000499,decreased duration,A duration quality of a process which is relatively low.,0.3653,FALSE
pre-reproductive period,mean duration of life stage,PATO,PATO:0001309,duration,A process quality inhering in a bearer by virtue of the bearer's magnitude of the temporal extent between the starting and ending point.,0.276,FALSE
pre-reproductive period,mean duration of life stage,PATO,PATO:0000498,increased duration,A duration quality of a process which is relatively high.,0.3789,FALSE
pre-reproductive period,mean duration of life stage,PATO,PATO:0000695,synchronous,A quality of a single process inhering in a bearer by virtue of the bearer's occurring or existing at the same time or having the same period or phase.,0.2054,FALSE
pre-reproductive period,mean duration of life stage,PATO,PATO:0000688,asynchronous,A quality of a single process inhering in a bearer by virtue of the bearer's not occurring or existing at the same time or having the same period or phase.,0.1977,FALSE
pre-reproductive period,mean duration from adult emergence to onset of reproduction,OBA,OBA:VT0002292,gestation period duration,The duration of a female pregnancy.,0.3963,FALSE
pre-reproductive period,mean duration from adult emergence to onset of reproduction,OBA,OBA:2051617,level of period circadian protein homolog 3 in blood,The amount of a period circadian protein homolog 3 when measured in blood.,0.1905,FALSE
pre-reproductive period,mean duration from adult emergence to onset of reproduction,OBA,PR:000050150,period circadian protein homolog,Category=family.,0.0904,FALSE
pre-reproductive period,mean duration from adult emergence to onset of reproduction,OBA,PR:000012549,period circadian protein homolog 3,Category=gene.,0.0957,FALSE
pre-reproductive period,mean duration from adult emergence to onset of reproduction,OBA,PR:O70361,period circadian protein homolog 3 (mouse),Category=organism-gene.,0.1276,FALSE
pre-reproductive period,mean duration from adult emergence to onset of reproduction,PATO,PATO:0000499,decreased duration,A duration quality of a process which is relatively low.,0.261,FALSE
pre-reproductive period,mean duration from adult emergence to onset of reproduction,PATO,PATO:0001309,duration,A process quality inhering in a bearer by virtue of the bearer's magnitude of the temporal extent between the starting and ending point.,0.2133,FALSE
pre-reproductive period,mean duration from adult emergence to onset of reproduction,PATO,PATO:0000498,increased duration,A duration quality of a process which is relatively high.,0.275,FALSE
pre-reproductive period,mean duration from adult emergence to onset of reproduction,PATO,PATO:0000695,synchronous,A quality of a single process inhering in a bearer by virtue of the bearer's occurring or existing at the same time or having the same period or phase.,0.1662,FALSE
pre-reproductive period,mean duration from adult emergence to onset of reproduction,PATO,PATO:0000688,asynchronous,A quality of a single process inhering in a bearer by virtue of the bearer's not occurring or existing at the same time or having the same period or phase.,0.1667,FALSE
age at first reproduction,mean age at first reproduction,OBA,OBA:2042685,level of out at first protein in blood serum,The amount of a out at first protein when measured in blood serum.,0.1914,FALSE
age at first reproduction,mean age at first reproduction,OBA,OBA:2045410,multicellular organism age,The age of a multicellular organism.,0.3495,FALSE
age at first reproduction,mean age at first reproduction,OBA,OBA:2059570,level of out at first protein homolog (human) in cerebrospinal fluid,The amount of a out at first protein homolog (human) when measured in cerebrospinal fluid.,0.209,FALSE
age at first reproduction,mean age at first reproduction,OBA,OBA:2001001,age of onset of asthma,The age at which asthma manifestations first appear.,0.354,FALSE
age at first reproduction,mean age at first reproduction,OBA,OBA:2001004,age of onset of cataract,The age at which cataract manifestations first appear.,0.3294,FALSE
age at first reproduction,mean age at first reproduction,PATO,PATO:0000011,age,A time quality inhering in a bearer by virtue of how long the bearer has existed.,0.1231,FALSE
age at first reproduction,mean age at first reproduction,PATO,PATO:0001486,chronological age,An age quality that exists by virtue of the time (years and months) that the bearer has existed.,0.2519,FALSE
age at first reproduction,mean age at first reproduction,PATO,PATO:0001764,increased age,An age which is high relative to the normal or average.,0.2784,FALSE
age at first reproduction,mean age at first reproduction,PATO,PATO:0001765,decreased age,An age which is low relative to the normal or average.,0.3289,FALSE
age at first reproduction,mean age at first reproduction,PATO,PATO:0045005,normal age,An age which is relatively normal or average.,0.3473,FALSE
pre-reproductive period,mean duration to production of first larva,OBA,OBA:VT0002292,gestation period duration,The duration of a female pregnancy.,0.3643,FALSE
pre-reproductive period,mean duration to production of first larva,OBA,OBA:2051617,level of period circadian protein homolog 3 in blood,The amount of a period circadian protein homolog 3 when measured in blood.,0.1889,FALSE
pre-reproductive period,mean duration to production of first larva,OBA,PR:000050150,period circadian protein homolog,Category=family.,0.115,FALSE
pre-reproductive period,mean duration to production of first larva,OBA,PR:000012549,period circadian protein homolog 3,Category=gene.,0.1198,FALSE
pre-reproductive period,mean duration to production of first larva,OBA,PR:O70361,period circadian protein homolog 3 (mouse),Category=organism-gene.,0.173,FALSE
pre-reproductive period,mean duration to production of first larva,PATO,PATO:0000499,decreased duration,A duration quality of a process which is relatively low.,0.3475,FALSE
pre-reproductive period,mean duration to production of first larva,PATO,PATO:0001309,duration,A process quality inhering in a bearer by virtue of the bearer's magnitude of the temporal extent between the starting and ending point.,0.2212,FALSE
pre-reproductive period,mean duration to production of first larva,PATO,PATO:0000498,increased duration,A duration quality of a process which is relatively high.,0.3306,FALSE
pre-reproductive period,mean duration to production of first larva,PATO,PATO:0000695,synchronous,A quality of a single process inhering in a bearer by virtue of the bearer's occurring or existing at the same time or having the same period or phase.,0.1677,FALSE
pre-reproductive period,mean duration to production of first larva,PATO,PATO:0000688,asynchronous,A quality of a single process inhering in a bearer by virtue of the bearer's not occurring or existing at the same time or having the same period or phase.,0.1635,FALSE
preoviposition period,mean duration of prereproductive period (end of feeding until oviposition),OBA,OBA:VT0002292,gestation period duration,The duration of a female pregnancy.,0.4578,FALSE
preoviposition period,mean duration of prereproductive period (end of feeding until oviposition),OBA,OBA:2051617,level of period circadian protein homolog 3 in blood,The amount of a period circadian protein homolog 3 when measured in blood.,0.1945,FALSE
preoviposition period,mean duration of prereproductive period (end of feeding until oviposition),OBA,PR:000050150,period circadian protein homolog,Category=family.,0.0742,FALSE
preoviposition period,mean duration of prereproductive period (end of feeding until oviposition),OBA,PR:000012549,period circadian protein homolog 3,Category=gene.,0.0813,FALSE
preoviposition period,mean duration of prereproductive period (end of feeding until oviposition),OBA,PR:O70361,period circadian protein homolog 3 (mouse),Category=organism-gene.,0.1424,FALSE
preoviposition period,mean duration of prereproductive period (end of feeding until oviposition),PATO,PATO:0000499,decreased duration,A duration quality of a process which is relatively low.,0.2864,FALSE
preoviposition period,mean duration of prereproductive period (end of feeding until oviposition),PATO,PATO:0001309,duration,A process quality inhering in a bearer by virtue of the bearer's magnitude of the temporal extent between the starting and ending point.,0.2035,FALSE
preoviposition period,mean duration of prereproductive period (end of feeding until oviposition),PATO,PATO:0000498,increased duration,A duration quality of a process which is relatively high.,0.2839,FALSE
preoviposition period,mean duration of prereproductive period (end of feeding until oviposition),PATO,PATO:0000695,synchronous,A quality of a single process inhering in a bearer by virtue of the bearer's occurring or existing at the same time or having the same period or phase.,0.1281,FALSE
preoviposition period,mean duration of prereproductive period (end of feeding until oviposition),PATO,PATO:0000688,asynchronous,A quality of a single process inhering in a bearer by virtue of the bearer's not occurring or existing at the same time or having the same period or phase.,0.1427,FALSE
ovipositional period,mean duration of reproductive period,OBA,OBA:VT0002292,gestation period duration,The duration of a female pregnancy.,0.5022,FALSE
ovipositional period,mean duration of reproductive period,OBA,OBA:2051617,level of period circadian protein homolog 3 in blood,The amount of a period circadian protein homolog 3 when measured in blood.,0.1882,FALSE
ovipositional period,mean duration of reproductive period,OBA,PR:000050150,period circadian protein homolog,Category=family.,0.0788,FALSE
ovipositional period,mean duration of reproductive period,OBA,PR:000012549,period circadian protein homolog 3,Category=gene.,0.0924,FALSE
ovipositional period,mean duration of reproductive period,OBA,PR:O70361,period circadian protein homolog 3 (mouse),Category=organism-gene.,0.0923,FALSE
ovipositional period,mean duration of reproductive period,PATO,PATO:0000499,decreased duration,A duration quality of a process which is relatively low.,0.2976,FALSE
ovipositional period,mean duration of reproductive period,PATO,PATO:0001309,duration,A process quality inhering in a bearer by virtue of the bearer's magnitude of the temporal extent between the starting and ending point.,0.2206,FALSE
ovipositional period,mean duration of reproductive period,PATO,PATO:0000498,increased duration,A duration quality of a process which is relatively high.,0.3059,FALSE
ovipositional period,mean duration of reproductive period,PATO,PATO:0000695,synchronous,A quality of a single process inhering in a bearer by virtue of the bearer's occurring or existing at the same time or having the same period or phase.,0.1479,FALSE
ovipositional period,mean duration of reproductive period,PATO,PATO:0000688,asynchronous,A quality of a single process inhering in a bearer by virtue of the bearer's not occurring or existing at the same time or having the same period or phase.,0.1467,FALSE
preoviposition period,mean duration of period before oviposition,OBA,OBA:VT0002292,gestation period duration,The duration of a female pregnancy.,0.4687,FALSE
preoviposition period,mean duration of period before oviposition,OBA,OBA:2051617,level of period circadian protein homolog 3 in blood,The amount of a period circadian protein homolog 3 when measured in blood.,0.2255,FALSE
preoviposition period,mean duration of period before oviposition,OBA,PR:000050150,period circadian protein homolog,Category=family.,0.0723,FALSE
preoviposition period,mean duration of period before oviposition,OBA,PR:000012549,period circadian protein homolog 3,Category=gene.,0.0919,FALSE
preoviposition period,mean duration of period before oviposition,OBA,PR:O70361,period circadian protein homolog 3 (mouse),Category=organism-gene.,0.1481,FALSE
preoviposition period,mean duration of period before oviposition,PATO,PATO:0000499,decreased duration,A duration quality of a process which is relatively low.,0.2899,FALSE
preoviposition period,mean duration of period before oviposition,PATO,PATO:0001309,duration,A process quality inhering in a bearer by virtue of the bearer's magnitude of the temporal extent between the starting and ending point.,0.203,FALSE
preoviposition period,mean duration of period before oviposition,PATO,PATO:0000498,increased duration,A duration quality of a process which is relatively high.,0.3061,FALSE
preoviposition period,mean duration of period before oviposition,PATO,PATO:0000695,synchronous,A quality of a single process inhering in a bearer by virtue of the bearer's occurring or existing at the same time or having the same period or phase.,0.163,FALSE
preoviposition period,mean duration of period before oviposition,PATO,PATO:0000688,asynchronous,A quality of a single process inhering in a bearer by virtue of the bearer's not occurring or existing at the same time or having the same period or phase.,0.1785,FALSE
ovipositional period,mean duration of ovipositional period,OBA,OBA:VT0002292,gestation period duration,The duration of a female pregnancy.,0.4855,FALSE
ovipositional period,mean duration of ovipositional period,OBA,OBA:2051617,level of period circadian protein homolog 3 in blood,The amount of a period circadian protein homolog 3 when measured in blood.,0.2104,FALSE
ovipositional period,mean duration of ovipositional period,OBA,PR:000050150,period circadian protein homolog,Category=family.,0.0802,FALSE
ovipositional period,mean duration of ovipositional period,OBA,PR:000012549,period circadian protein homolog 3,Category=gene.,0.0887,FALSE
ovipositional period,mean duration of ovipositional period,OBA,PR:O70361,period circadian protein homolog 3 (mouse),Category=organism-gene.,0.1529,FALSE
ovipositional period,mean duration of ovipositional period,PATO,PATO:0000499,decreased duration,A duration quality of a process which is relatively low.,0.3071,FALSE
ovipositional period,mean duration of ovipositional period,PATO,PATO:0001309,duration,A process quality inhering in a bearer by virtue of the bearer's magnitude of the temporal extent between the starting and ending point.,0.1897,FALSE
ovipositional period,mean duration of ovipositional period,PATO,PATO:0000498,increased duration,A duration quality of a process which is relatively high.,0.304,FALSE
ovipositional period,mean duration of ovipositional period,PATO,PATO:0000695,synchronous,A quality of a single process inhering in a bearer by virtue of the bearer's occurring or existing at the same time or having the same period or phase.,0.1664,FALSE
ovipositional period,mean duration of ovipositional period,PATO,PATO:0000688,asynchronous,A quality of a single process inhering in a bearer by virtue of the bearer's not occurring or existing at the same time or having the same period or phase.,0.1741,FALSE
preoviposition period,mean duration of life stage,OBA,OBA:VT0002292,gestation period duration,The duration of a female pregnancy.,0.3879,FALSE
preoviposition period,mean duration of life stage,OBA,OBA:2051617,level of period circadian protein homolog 3 in blood,The amount of a period circadian protein homolog 3 when measured in blood.,0.188,FALSE
preoviposition period,mean duration of life stage,OBA,PR:000050150,period circadian protein homolog,Category=family.,0.1858,FALSE
preoviposition period,mean duration of life stage,OBA,PR:000012549,period circadian protein homolog 3,Category=gene.,0.1334,FALSE
preoviposition period,mean duration of life stage,OBA,PR:O70361,period circadian protein homolog 3 (mouse),Category=organism-gene.,0.1497,FALSE
preoviposition period,mean duration of life stage,PATO,PATO:0000499,decreased duration,A duration quality of a process which is relatively low.,0.3653,FALSE
preoviposition period,mean duration of life stage,PATO,PATO:0001309,duration,A process quality inhering in a bearer by virtue of the bearer's magnitude of the temporal extent between the starting and ending point.,0.276,FALSE
preoviposition period,mean duration of life stage,PATO,PATO:0000498,increased duration,A duration quality of a process which is relatively high.,0.3789,FALSE
preoviposition period,mean duration of life stage,PATO,PATO:0000695,synchronous,A quality of a single process inhering in a bearer by virtue of the bearer's occurring or existing at the same time or having the same period or phase.,0.2054,FALSE
preoviposition period,mean duration of life stage,PATO,PATO:0000688,asynchronous,A quality of a single process inhering in a bearer by virtue of the bearer's not occurring or existing at the same time or having the same period or phase.,0.1977,FALSE
preoviposition period,mean duration from adult emergence to onset of reproduction,OBA,OBA:VT0002292,gestation period duration,The duration of a female pregnancy.,0.3963,FALSE
preoviposition period,mean duration from adult emergence to onset of reproduction,OBA,OBA:2051617,level of period circadian protein homolog 3 in blood,The amount of a period circadian protein homolog 3 when measured in blood.,0.1905,FALSE
preoviposition period,mean duration from adult emergence to onset of reproduction,OBA,PR:000050150,period circadian protein homolog,Category=family.,0.0904,FALSE
preoviposition period,mean duration from adult emergence to onset of reproduction,OBA,PR:000012549,period circadian protein homolog 3,Category=gene.,0.0957,FALSE
preoviposition period,mean duration from adult emergence to onset of reproduction,OBA,PR:O70361,period circadian protein homolog 3 (mouse),Category=organism-gene.,0.1276,FALSE
preoviposition period,mean duration from adult emergence to onset of reproduction,PATO,PATO:0000499,decreased duration,A duration quality of a process which is relatively low.,0.261,FALSE
preoviposition period,mean duration from adult emergence to onset of reproduction,PATO,PATO:0001309,duration,A process quality inhering in a bearer by virtue of the bearer's magnitude of the temporal extent between the starting and ending point.,0.2133,FALSE
preoviposition period,mean duration from adult emergence to onset of reproduction,PATO,PATO:0000498,increased duration,A duration quality of a process which is relatively high.,0.275,FALSE
preoviposition period,mean duration from adult emergence to onset of reproduction,PATO,PATO:0000695,synchronous,A quality of a single process inhering in a bearer by virtue of the bearer's occurring or existing at the same time or having the same period or phase.,0.1662,FALSE
preoviposition period,mean duration from adult emergence to onset of reproduction,PATO,PATO:0000688,asynchronous,A quality of a single process inhering in a bearer by virtue of the bearer's not occurring or existing at the same time or having the same period or phase.,0.1667,FALSE
total preoviposition period,mean duration from egg to onset of reproduction,OBA,OBA:VT0002292,gestation period duration,The duration of a female pregnancy.,0.4344,FALSE
total preoviposition period,mean duration from egg to onset of reproduction,OBA,OBA:2030004,total skin mass,The mass of a skin of body.,0.0855,FALSE
total preoviposition period,mean duration from egg to onset of reproduction,OBA,OBA:VT0005567,total blood protein,The total amount of a protein when measured in blood.,0.0709,FALSE
total preoviposition period,mean duration from egg to onset of reproduction,OBA,OBA:2045563,total serum cholesterol amount,The total amount of a cholesterol when measured in blood serum.,0.0632,FALSE
total preoviposition period,mean duration from egg to onset of reproduction,OBA,OBA:VT0010028,milk total protein amount,The total amount of a protein when measured in milk.,0.1068,FALSE
total preoviposition period,mean duration from egg to onset of reproduction,PATO,PATO:0103001,total mass,"A quantitative quality that represents the sum of all 'mass' qualities of the component parts that constitute a whole entity. The total mass quality inheres in the whole entity and reflects the aggregate measure of mass across all its components, such that changes in the mass of individual components may not necessarily correspond to equivalent changes in the total mass of the whole.

Example of usage: ""total body mass"" represents the sum of the masses of all tissues and organs in the body, while ""liver mass"" represents only the mass of the liver. An increase in liver mass does not necessarily mean an increase in total body mass, as the mass of other organs or tissues may decrease simultaneously.",0.0431,FALSE
total preoviposition period,mean duration from egg to onset of reproduction,PATO,PATO:0103004,total amount,"A quantitative quality that represents the sum of all 'amount' qualities of the component parts that constitute a whole entity. The total amount quality inheres in the whole entity and reflects the aggregate measure across all its components, such that changes in the amount of individual components may not necessarily correspond to equivalent changes in the total amount of the whole.

Example of usage: ""blood total protein amount"" represents the sum of the amounts of all protein types in blood, while ""blood leptin amount"" represents only the amount of leptin proteins. An increase in blood leptin amount does not necessarily mean an increase in blood total protein amount, as other protein levels may decrease simultaneously.",0.0463,FALSE
total preoviposition period,mean duration from egg to onset of reproduction,PATO,PATO:0103002,increased total mass,A total mass which is higher than normal or average.,0.0991,FALSE
total preoviposition period,mean duration from egg to onset of reproduction,PATO,PATO:0103003,decreased total mass,A total mass which is lower than normal or average.,0.1232,FALSE
total preoviposition period,mean duration from egg to onset of reproduction,PATO,PATO:0103005,decreased total amount,A total amount which is relatively low.,0.0768,FALSE
oviposition period,mean duration of life stage,OBA,OBA:VT0002292,gestation period duration,The duration of a female pregnancy.,0.3879,FALSE
oviposition period,mean duration of life stage,OBA,OBA:2051617,level of period circadian protein homolog 3 in blood,The amount of a period circadian protein homolog 3 when measured in blood.,0.188,FALSE
oviposition period,mean duration of life stage,OBA,PR:000050150,period circadian protein homolog,Category=family.,0.1858,FALSE
oviposition period,mean duration of life stage,OBA,PR:000012549,period circadian protein homolog 3,Category=gene.,0.1334,FALSE
oviposition period,mean duration of life stage,OBA,PR:O70361,period circadian protein homolog 3 (mouse),Category=organism-gene.,0.1497,FALSE
oviposition period,mean duration of life stage,PATO,PATO:0000499,decreased duration,A duration quality of a process which is relatively low.,0.3653,FALSE
oviposition period,mean duration of life stage,PATO,PATO:0001309,duration,A process quality inhering in a bearer by virtue of the bearer's magnitude of the temporal extent between the starting and ending point.,0.276,FALSE
oviposition period,mean duration of life stage,PATO,PATO:0000498,increased duration,A duration quality of a process which is relatively high.,0.3789,FALSE
oviposition period,mean duration of life stage,PATO,PATO:0000695,synchronous,A quality of a single process inhering in a bearer by virtue of the bearer's occurring or existing at the same time or having the same period or phase.,0.2054,FALSE
oviposition period,mean duration of life stage,PATO,PATO:0000688,asynchronous,A quality of a single process inhering in a bearer by virtue of the bearer's not occurring or existing at the same time or having the same period or phase.,0.1977,FALSE
reproductive and post-reproductive periods,mean duration of life stage,OBA,OBA:0002007,reproductive system size,The size of a reproductive system.,0.2296,FALSE
reproductive and post-reproductive periods,mean duration of life stage,OBA,OBA:0002409,reproductive system displaced,The displaced of a reproductive system.,0.1971,FALSE
reproductive and post-reproductive periods,mean duration of life stage,OBA,OBA:2050117,reproductive behavior trait,The quality of a reproductive behavior.,0.2536,FALSE
reproductive and post-reproductive periods,mean duration of life stage,OBA,OBA:VT0005389,reproductive system trait,The quality when measured in reproductive system.,0.23,FALSE
reproductive and post-reproductive periods,mean duration of life stage,OBA,OBA:0004643,male reproductive organ morphology,The morphology of a male reproductive organ.,0.1601,FALSE
reproductive and post-reproductive periods,mean duration of life stage,PATO,PATO:0001434,reproductive quality,An organismal quality inhering in a bearer by virtue of the bearer's ability to produce new life or offspring.,0.218,FALSE
reproductive and post-reproductive periods,mean duration of life stage,PATO,PATO:0002049,lateral and rotional curvature,A curvature quality inhering in a bearer by virtue of the bearer's being curved around an axis and towards the side.,0.0194,FALSE
reproductive and post-reproductive periods,mean duration of life stage,PATO,PATO:0040030,decreased width and length,"A width and length quality which is relatively small, where both width and length are decreased.",0.1422,FALSE
reproductive and post-reproductive periods,mean duration of life stage,PATO,PATO:0040031,increased width and length,"A width and length quality that is relatively large, where both width and length are increased.",0.1428,FALSE
reproductive and post-reproductive periods,mean duration of life stage,PATO,GO:0019098,reproductive behavior,The specific behavior of an organism that is associated with reproduction.,0.2198,FALSE
age at first reproduction,mean duration of life stage,OBA,OBA:2042685,level of out at first protein in blood serum,The amount of a out at first protein when measured in blood serum.,0.0978,FALSE
age at first reproduction,mean duration of life stage,OBA,OBA:2045410,multicellular organism age,The age of a multicellular organism.,0.4123,FALSE
age at first reproduction,mean duration of life stage,OBA,OBA:2059570,level of out at first protein homolog (human) in cerebrospinal fluid,The amount of a out at first protein homolog (human) when measured in cerebrospinal fluid.,0.1455,FALSE
age at first reproduction,mean duration of life stage,OBA,OBA:2001001,age of onset of asthma,The age at which asthma manifestations first appear.,0.2606,FALSE
age at first reproduction,mean duration of life stage,OBA,OBA:2001004,age of onset of cataract,The age at which cataract manifestations first appear.,0.2577,FALSE
age at first reproduction,mean duration of life stage,PATO,PATO:0000011,age,A time quality inhering in a bearer by virtue of how long the bearer has existed.,0.3203,FALSE
age at first reproduction,mean duration of life stage,PATO,PATO:0001486,chronological age,An age quality that exists by virtue of the time (years and months) that the bearer has existed.,0.4108,FALSE
age at first reproduction,mean duration of life stage,PATO,PATO:0001764,increased age,An age which is high relative to the normal or average.,0.3283,FALSE
age at first reproduction,mean duration of life stage,PATO,PATO:0001765,decreased age,An age which is low relative to the normal or average.,0.3494,FALSE
age at first reproduction,mean duration of life stage,PATO,PATO:0045005,normal age,An age which is relatively normal or average.,0.4051,FALSE
age at first reproduction,mean duration from birth to onset of reproduction,OBA,OBA:2042685,level of out at first protein in blood serum,The amount of a out at first protein when measured in blood serum.,0.144,FALSE
age at first reproduction,mean duration from birth to onset of reproduction,OBA,OBA:2045410,multicellular organism age,The age of a multicellular organism.,0.3871,FALSE
age at first reproduction,mean duration from birth to onset of reproduction,OBA,OBA:2059570,level of out at first protein homolog (human) in cerebrospinal fluid,The amount of a out at first protein homolog (human) when measured in cerebrospinal fluid.,0.183,FALSE
age at first reproduction,mean duration from birth to onset of reproduction,OBA,OBA:2001001,age of onset of asthma,The age at which asthma manifestations first appear.,0.3035,FALSE
age at first reproduction,mean duration from birth to onset of reproduction,OBA,OBA:2001004,age of onset of cataract,The age at which cataract manifestations first appear.,0.2903,FALSE
age at first reproduction,mean duration from birth to onset of reproduction,PATO,PATO:0000011,age,A time quality inhering in a bearer by virtue of how long the bearer has existed.,0.2495,FALSE
age at first reproduction,mean duration from birth to onset of reproduction,PATO,PATO:0001486,chronological age,An age quality that exists by virtue of the time (years and months) that the bearer has existed.,0.3403,FALSE
age at first reproduction,mean duration from birth to onset of reproduction,PATO,PATO:0001764,increased age,An age which is high relative to the normal or average.,0.2713,FALSE
age at first reproduction,mean duration from birth to onset of reproduction,PATO,PATO:0001765,decreased age,An age which is low relative to the normal or average.,0.3095,FALSE
age at first reproduction,mean duration from birth to onset of reproduction,PATO,PATO:0045005,normal age,An age which is relatively normal or average.,0.3313,FALSE
age at first reproduction,mean age at the onset of reproduction,OBA,OBA:2042685,level of out at first protein in blood serum,The amount of a out at first protein when measured in blood serum.,0.1567,FALSE
age at first reproduction,mean age at the onset of reproduction,OBA,OBA:2045410,multicellular organism age,The age of a multicellular organism.,0.3908,FALSE
age at first reproduction,mean age at the onset of reproduction,OBA,OBA:2059570,level of out at first protein homolog (human) in cerebrospinal fluid,The amount of a out at first protein homolog (human) when measured in cerebrospinal fluid.,0.1989,FALSE
age at first reproduction,mean age at the onset of reproduction,OBA,OBA:2001001,age of onset of asthma,The age at which asthma manifestations first appear.,0.3623,FALSE
age at first reproduction,mean age at the onset of reproduction,OBA,OBA:2001004,age of onset of cataract,The age at which cataract manifestations first appear.,0.337,FALSE
age at first reproduction,mean age at the onset of reproduction,PATO,PATO:0000011,age,A time quality inhering in a bearer by virtue of how long the bearer has existed.,0.1435,FALSE
age at first reproduction,mean age at the onset of reproduction,PATO,PATO:0001486,chronological age,An age quality that exists by virtue of the time (years and months) that the bearer has existed.,0.2742,FALSE
age at first reproduction,mean age at the onset of reproduction,PATO,PATO:0001764,increased age,An age which is high relative to the normal or average.,0.3226,FALSE
age at first reproduction,mean age at the onset of reproduction,PATO,PATO:0001765,decreased age,An age which is low relative to the normal or average.,0.3657,FALSE
age at first reproduction,mean age at the onset of reproduction,PATO,PATO:0045005,normal age,An age which is relatively normal or average.,0.3884,FALSE
post-reproductive period,mean duration of life stage,OBA,OBA:VT0002292,gestation period duration,The duration of a female pregnancy.,0.3879,FALSE
post-reproductive period,mean duration of life stage,OBA,OBA:2051617,level of period circadian protein homolog 3 in blood,The amount of a period circadian protein homolog 3 when measured in blood.,0.188,FALSE
post-reproductive period,mean duration of life stage,OBA,PR:000050150,period circadian protein homolog,Category=family.,0.1858,FALSE
post-reproductive period,mean duration of life stage,OBA,PR:000012549,period circadian protein homolog 3,Category=gene.,0.1334,FALSE
post-reproductive period,mean duration of life stage,OBA,PR:O70361,period circadian protein homolog 3 (mouse),Category=organism-gene.,0.1497,FALSE
post-reproductive period,mean duration of life stage,PATO,PATO:0000499,decreased duration,A duration quality of a process which is relatively low.,0.3653,FALSE
post-reproductive period,mean duration of life stage,PATO,PATO:0001309,duration,A process quality inhering in a bearer by virtue of the bearer's magnitude of the temporal extent between the starting and ending point.,0.276,FALSE
post-reproductive period,mean duration of life stage,PATO,PATO:0000498,increased duration,A duration quality of a process which is relatively high.,0.3789,FALSE
post-reproductive period,mean duration of life stage,PATO,PATO:0000695,synchronous,A quality of a single process inhering in a bearer by virtue of the bearer's occurring or existing at the same time or having the same period or phase.,0.2054,FALSE
post-reproductive period,mean duration of life stage,PATO,PATO:0000688,asynchronous,A quality of a single process inhering in a bearer by virtue of the bearer's not occurring or existing at the same time or having the same period or phase.,0.1977,FALSE
pre-reproductive period,mean rate of life stage completion,OBA,OBA:VT0002292,gestation period duration,The duration of a female pregnancy.,0.2101,FALSE
pre-reproductive period,mean rate of life stage completion,OBA,OBA:2051617,level of period circadian protein homolog 3 in blood,The amount of a period circadian protein homolog 3 when measured in blood.,0.1397,FALSE
pre-reproductive period,mean rate of life stage completion,OBA,PR:000050150,period circadian protein homolog,Category=family.,0.1563,FALSE
pre-reproductive period,mean rate of life stage completion,OBA,PR:000012549,period circadian protein homolog 3,Category=gene.,0.1171,FALSE
pre-reproductive period,mean rate of life stage completion,OBA,PR:O70361,period circadian protein homolog 3 (mouse),Category=organism-gene.,0.1615,FALSE
pre-reproductive period,mean rate of life stage completion,PATO,PATO:0000499,decreased duration,A duration quality of a process which is relatively low.,0.2662,FALSE
pre-reproductive period,mean rate of life stage completion,PATO,PATO:0001309,duration,A process quality inhering in a bearer by virtue of the bearer's magnitude of the temporal extent between the starting and ending point.,0.2283,FALSE
pre-reproductive period,mean rate of life stage completion,PATO,PATO:0000498,increased duration,A duration quality of a process which is relatively high.,0.2586,FALSE
pre-reproductive period,mean rate of life stage completion,PATO,PATO:0000695,synchronous,A quality of a single process inhering in a bearer by virtue of the bearer's occurring or existing at the same time or having the same period or phase.,0.1955,FALSE
pre-reproductive period,mean rate of life stage completion,PATO,PATO:0000688,asynchronous,A quality of a single process inhering in a bearer by virtue of the bearer's not occurring or existing at the same time or having the same period or phase.,0.1932,FALSE
reproductive period,mean rate of life stage completion,OBA,OBA:VT0002292,gestation period duration,The duration of a female pregnancy.,0.2101,FALSE
reproductive period,mean rate of life stage completion,OBA,OBA:0002007,reproductive system size,The size of a reproductive system.,0.1919,FALSE
reproductive period,mean rate of life stage completion,OBA,OBA:0002409,reproductive system displaced,The displaced of a reproductive system.,0.1948,FALSE
reproductive period,mean rate of life stage completion,OBA,OBA:2050117,reproductive behavior trait,The quality of a reproductive behavior.,0.281,FALSE
reproductive period,mean rate of life stage completion,OBA,OBA:VT0005389,reproductive system trait,The quality when measured in reproductive system.,0.259,FALSE
reproductive period,mean rate of life stage completion,PATO,PATO:0001434,reproductive quality,An organismal quality inhering in a bearer by virtue of the bearer's ability to produce new life or offspring.,0.2287,FALSE
reproductive period,mean rate of life stage completion,PATO,PATO:0000499,decreased duration,A duration quality of a process which is relatively low.,0.2662,FALSE
reproductive period,mean rate of life stage completion,PATO,PATO:0001309,duration,A process quality inhering in a bearer by virtue of the bearer's magnitude of the temporal extent between the starting and ending point.,0.2283,FALSE
reproductive period,mean rate of life stage completion,PATO,PATO:0000498,increased duration,A duration quality of a process which is relatively high.,0.2586,FALSE
reproductive period,mean rate of life stage completion,PATO,GO:0019098,reproductive behavior,The specific behavior of an organism that is associated with reproduction.,0.2286,FALSE
post-reproductive period,mean rate of life stage completion,OBA,OBA:VT0002292,gestation period duration,The duration of a female pregnancy.,0.2101,FALSE
post-reproductive period,mean rate of life stage completion,OBA,OBA:2051617,level of period circadian protein homolog 3 in blood,The amount of a period circadian protein homolog 3 when measured in blood.,0.1397,FALSE
post-reproductive period,mean rate of life stage completion,OBA,PR:000050150,period circadian protein homolog,Category=family.,0.1563,FALSE
post-reproductive period,mean rate of life stage completion,OBA,PR:000012549,period circadian protein homolog 3,Category=gene.,0.1171,FALSE
post-reproductive period,mean rate of life stage completion,OBA,PR:O70361,period circadian protein homolog 3 (mouse),Category=organism-gene.,0.1615,FALSE
post-reproductive period,mean rate of life stage completion,PATO,PATO:0000499,decreased duration,A duration quality of a process which is relatively low.,0.2662,FALSE
post-reproductive period,mean rate of life stage completion,PATO,PATO:0001309,duration,A process quality inhering in a bearer by virtue of the bearer's magnitude of the temporal extent between the starting and ending point.,0.2283,FALSE
post-reproductive period,mean rate of life stage completion,PATO,PATO:0000498,increased duration,A duration quality of a process which is relatively high.,0.2586,FALSE
post-reproductive period,mean rate of life stage completion,PATO,PATO:0000695,synchronous,A quality of a single process inhering in a bearer by virtue of the bearer's occurring or existing at the same time or having the same period or phase.,0.1955,FALSE
post-reproductive period,mean rate of life stage completion,PATO,PATO:0000688,asynchronous,A quality of a single process inhering in a bearer by virtue of the bearer's not occurring or existing at the same time or having the same period or phase.,0.1932,FALSE
pre-reproduction period,duration of developmental phases in days,OBA,OBA:VT0002292,gestation period duration,The duration of a female pregnancy.,0.3438,FALSE
pre-reproduction period,duration of developmental phases in days,OBA,OBA:2051617,level of period circadian protein homolog 3 in blood,The amount of a period circadian protein homolog 3 when measured in blood.,0.2231,FALSE
pre-reproduction period,duration of developmental phases in days,OBA,PR:000050150,period circadian protein homolog,Category=family.,0.167,FALSE
pre-reproduction period,duration of developmental phases in days,OBA,PR:000012549,period circadian protein homolog 3,Category=gene.,0.1768,FALSE
pre-reproduction period,duration of developmental phases in days,OBA,PR:O70361,period circadian protein homolog 3 (mouse),Category=organism-gene.,0.1809,FALSE
pre-reproduction period,duration of developmental phases in days,PATO,PATO:0000499,decreased duration,A duration quality of a process which is relatively low.,0.2766,FALSE
pre-reproduction period,duration of developmental phases in days,PATO,PATO:0001309,duration,A process quality inhering in a bearer by virtue of the bearer's magnitude of the temporal extent between the starting and ending point.,0.1801,FALSE
pre-reproduction period,duration of developmental phases in days,PATO,PATO:0000498,increased duration,A duration quality of a process which is relatively high.,0.262,FALSE
pre-reproduction period,duration of developmental phases in days,PATO,PATO:0000695,synchronous,A quality of a single process inhering in a bearer by virtue of the bearer's occurring or existing at the same time or having the same period or phase.,0.1591,FALSE
pre-reproduction period,duration of developmental phases in days,PATO,PATO:0000688,asynchronous,A quality of a single process inhering in a bearer by virtue of the bearer's not occurring or existing at the same time or having the same period or phase.,0.1437,FALSE
reproduction period,duration of developmental phases in days,OBA,OBA:VT0002292,gestation period duration,The duration of a female pregnancy.,0.3438,FALSE
reproduction period,duration of developmental phases in days,OBA,OBA:2051617,level of period circadian protein homolog 3 in blood,The amount of a period circadian protein homolog 3 when measured in blood.,0.2231,FALSE
reproduction period,duration of developmental phases in days,OBA,GO:0019953,sexual reproduction,"Note that gametes may come from two organisms or from a single organism in the case of self-fertilizing hermaphrodites, e.g. C. elegans, or self-fertilization in plants. Note also that sexual reproduction may be seen as the regular alternation, in the life cycle of haplontic, diplontic and diplohaplontic organisms, of meiosis and fertilization which provides for the production offspring. In diplontic organisms there is a life cycle in which the products of meiosis behave directly as gametes, fusing to form a zygote from which the diploid, or sexually reproductive polyploid, adult organism will develop. In diplohaplontic organisms a haploid phase (gametophyte) exists in the life cycle between meiosis and fertilization (e.g. higher plants, many algae and Fungi); the products of meiosis are spores that develop as haploid individuals from which haploid gametes develop to form a diploid zygote; diplohaplontic organisms show an alternation of haploid and diploid generations. In haplontic organisms meiosis occurs in the zygote, giving rise to four haploid cells (e.g. many algae and protozoa), only the zygote is diploid and this may form a resistant spore, tiding organisms over hard times.",0.2176,FALSE
reproduction period,duration of developmental phases in days,OBA,PR:000050150,period circadian protein homolog,Category=family.,0.167,FALSE
reproduction period,duration of developmental phases in days,PATO,PATO:0000499,decreased duration,A duration quality of a process which is relatively low.,0.2766,FALSE
reproduction period,duration of developmental phases in days,PATO,GO:0019953,sexual reproduction,"Note that gametes may come from two organisms or from a single organism in the case of self-fertilizing hermaphrodites, e.g. C. elegans, or self-fertilization in plants. Note also that sexual reproduction may be seen as the regular alternation, in the life cycle of haplontic, diplontic and diplohaplontic organisms, of meiosis and fertilization which provides for the production offspring. In diplontic organisms there is a life cycle in which the products of meiosis behave directly as gametes, fusing to form a zygote from which the diploid, or sexually reproductive polyploid, adult organism will develop. In diplohaplontic organisms a haploid phase (gametophyte) exists in the life cycle between meiosis and fertilization (e.g. higher plants, many algae and Fungi); the products of meiosis are spores that develop as haploid individuals from which haploid gametes develop to form a diploid zygote; diplohaplontic organisms show an alternation of haploid and diploid generations. In haplontic organisms meiosis occurs in the zygote, giving rise to four haploid cells (e.g. many algae and protozoa), only the zygote is diploid and this may form a resistant spore, tiding organisms over hard times.",0.2176,FALSE
reproduction period,duration of developmental phases in days,PATO,PATO:0001309,duration,A process quality inhering in a bearer by virtue of the bearer's magnitude of the temporal extent between the starting and ending point.,0.1801,FALSE
reproduction period,duration of developmental phases in days,PATO,PATO:0000498,increased duration,A duration quality of a process which is relatively high.,0.262,FALSE
reproduction period,duration of developmental phases in days,PATO,GO:0003006,developmental process involved in reproduction,"A developmental process in which a progressive change in the state of some part of an organism, germline or somatic, specifically contributes to its ability to form offspring.",0.3098,FALSE
post-reproduction period,duration of developmental phases in days,OBA,OBA:VT0002292,gestation period duration,The duration of a female pregnancy.,0.3438,FALSE
post-reproduction period,duration of developmental phases in days,OBA,OBA:2051617,level of period circadian protein homolog 3 in blood,The amount of a period circadian protein homolog 3 when measured in blood.,0.2231,FALSE
post-reproduction period,duration of developmental phases in days,OBA,PR:000050150,period circadian protein homolog,Category=family.,0.167,FALSE
post-reproduction period,duration of developmental phases in days,OBA,PR:000012549,period circadian protein homolog 3,Category=gene.,0.1768,FALSE
post-reproduction period,duration of developmental phases in days,OBA,PR:O70361,period circadian protein homolog 3 (mouse),Category=organism-gene.,0.1809,FALSE
post-reproduction period,duration of developmental phases in days,PATO,PATO:0000499,decreased duration,A duration quality of a process which is relatively low.,0.2766,FALSE
post-reproduction period,duration of developmental phases in days,PATO,PATO:0001309,duration,A process quality inhering in a bearer by virtue of the bearer's magnitude of the temporal extent between the starting and ending point.,0.1801,FALSE
post-reproduction period,duration of developmental phases in days,PATO,PATO:0000498,increased duration,A duration quality of a process which is relatively high.,0.262,FALSE
post-reproduction period,duration of developmental phases in days,PATO,PATO:0000695,synchronous,A quality of a single process inhering in a bearer by virtue of the bearer's occurring or existing at the same time or having the same period or phase.,0.1591,FALSE
post-reproduction period,duration of developmental phases in days,PATO,PATO:0000688,asynchronous,A quality of a single process inhering in a bearer by virtue of the bearer's not occurring or existing at the same time or having the same period or phase.,0.1437,FALSE
preoviposition period,mean days in preoviposition,OBA,OBA:VT0002292,gestation period duration,The duration of a female pregnancy.,0.3744,FALSE
preoviposition period,mean days in preoviposition,OBA,OBA:2051617,level of period circadian protein homolog 3 in blood,The amount of a period circadian protein homolog 3 when measured in blood.,0.2429,FALSE
preoviposition period,mean days in preoviposition,OBA,PR:000050150,period circadian protein homolog,Category=family.,0.108,FALSE
preoviposition period,mean days in preoviposition,OBA,PR:000012549,period circadian protein homolog 3,Category=gene.,0.1414,FALSE
preoviposition period,mean days in preoviposition,OBA,PR:O70361,period circadian protein homolog 3 (mouse),Category=organism-gene.,0.1786,FALSE
preoviposition period,mean days in preoviposition,PATO,PATO:0000499,decreased duration,A duration quality of a process which is relatively low.,0.2302,FALSE
preoviposition period,mean days in preoviposition,PATO,PATO:0001309,duration,A process quality inhering in a bearer by virtue of the bearer's magnitude of the temporal extent between the starting and ending point.,0.1545,FALSE
preoviposition period,mean days in preoviposition,PATO,PATO:0000498,increased duration,A duration quality of a process which is relatively high.,0.2238,FALSE
preoviposition period,mean days in preoviposition,PATO,PATO:0000695,synchronous,A quality of a single process inhering in a bearer by virtue of the bearer's occurring or existing at the same time or having the same period or phase.,0.149,FALSE
preoviposition period,mean days in preoviposition,PATO,PATO:0000688,asynchronous,A quality of a single process inhering in a bearer by virtue of the bearer's not occurring or existing at the same time or having the same period or phase.,0.173,FALSE
preoviposition period,individual-level duration of prereproductive period (end of feeding until oviposition),OBA,OBA:VT0002292,gestation period duration,The duration of a female pregnancy.,0.4339,FALSE
preoviposition period,individual-level duration of prereproductive period (end of feeding until oviposition),OBA,OBA:2051617,level of period circadian protein homolog 3 in blood,The amount of a period circadian protein homolog 3 when measured in blood.,0.2174,FALSE
preoviposition period,individual-level duration of prereproductive period (end of feeding until oviposition),OBA,PR:000050150,period circadian protein homolog,Category=family.,0.1068,FALSE
preoviposition period,individual-level duration of prereproductive period (end of feeding until oviposition),OBA,PR:000012549,period circadian protein homolog 3,Category=gene.,0.1086,FALSE
preoviposition period,individual-level duration of prereproductive period (end of feeding until oviposition),OBA,PR:O70361,period circadian protein homolog 3 (mouse),Category=organism-gene.,0.1759,FALSE
preoviposition period,individual-level duration of prereproductive period (end of feeding until oviposition),PATO,PATO:0000499,decreased duration,A duration quality of a process which is relatively low.,0.3218,FALSE
preoviposition period,individual-level duration of prereproductive period (end of feeding until oviposition),PATO,PATO:0001309,duration,A process quality inhering in a bearer by virtue of the bearer's magnitude of the temporal extent between the starting and ending point.,0.2615,FALSE
preoviposition period,individual-level duration of prereproductive period (end of feeding until oviposition),PATO,PATO:0000498,increased duration,A duration quality of a process which is relatively high.,0.319,FALSE
preoviposition period,individual-level duration of prereproductive period (end of feeding until oviposition),PATO,PATO:0000695,synchronous,A quality of a single process inhering in a bearer by virtue of the bearer's occurring or existing at the same time or having the same period or phase.,0.1858,FALSE
preoviposition period,individual-level duration of prereproductive period (end of feeding until oviposition),PATO,PATO:0000688,asynchronous,A quality of a single process inhering in a bearer by virtue of the bearer's not occurring or existing at the same time or having the same period or phase.,0.2059,FALSE
ovipositional period,individual-level duration of reproductive period,OBA,OBA:VT0002292,gestation period duration,The duration of a female pregnancy.,0.4602,FALSE
ovipositional period,individual-level duration of reproductive period,OBA,OBA:2051617,level of period circadian protein homolog 3 in blood,The amount of a period circadian protein homolog 3 when measured in blood.,0.217,FALSE
ovipositional period,individual-level duration of reproductive period,OBA,PR:000050150,period circadian protein homolog,Category=family.,0.1271,FALSE
ovipositional period,individual-level duration of reproductive period,OBA,PR:000012549,period circadian protein homolog 3,Category=gene.,0.133,FALSE
ovipositional period,individual-level duration of reproductive period,OBA,PR:O70361,period circadian protein homolog 3 (mouse),Category=organism-gene.,0.1362,FALSE
ovipositional period,individual-level duration of reproductive period,PATO,PATO:0000499,decreased duration,A duration quality of a process which is relatively low.,0.3068,FALSE
ovipositional period,individual-level duration of reproductive period,PATO,PATO:0001309,duration,A process quality inhering in a bearer by virtue of the bearer's magnitude of the temporal extent between the starting and ending point.,0.2644,FALSE
ovipositional period,individual-level duration of reproductive period,PATO,PATO:0000498,increased duration,A duration quality of a process which is relatively high.,0.3131,FALSE
ovipositional period,individual-level duration of reproductive period,PATO,PATO:0000695,synchronous,A quality of a single process inhering in a bearer by virtue of the bearer's occurring or existing at the same time or having the same period or phase.,0.1975,FALSE
ovipositional period,individual-level duration of reproductive period,PATO,PATO:0000688,asynchronous,A quality of a single process inhering in a bearer by virtue of the bearer's not occurring or existing at the same time or having the same period or phase.,0.2128,FALSE
preoviposition period,mean Preoviposition Period in days at adult female state at const temps,OBA,OBA:VT0002292,gestation period duration,The duration of a female pregnancy.,0.3915,FALSE
preoviposition period,mean Preoviposition Period in days at adult female state at const temps,OBA,OBA:2051617,level of period circadian protein homolog 3 in blood,The amount of a period circadian protein homolog 3 when measured in blood.,0.2275,FALSE
preoviposition period,mean Preoviposition Period in days at adult female state at const temps,OBA,PR:000050150,period circadian protein homolog,Category=family.,0.1396,FALSE
preoviposition period,mean Preoviposition Period in days at adult female state at const temps,OBA,PR:000012549,period circadian protein homolog 3,Category=gene.,0.154,FALSE
preoviposition period,mean Preoviposition Period in days at adult female state at const temps,OBA,PR:O70361,period circadian protein homolog 3 (mouse),Category=organism-gene.,0.1829,FALSE
preoviposition period,mean Preoviposition Period in days at adult female state at const temps,PATO,PATO:0000499,decreased duration,A duration quality of a process which is relatively low.,0.2212,FALSE
preoviposition period,mean Preoviposition Period in days at adult female state at const temps,PATO,PATO:0001309,duration,A process quality inhering in a bearer by virtue of the bearer's magnitude of the temporal extent between the starting and ending point.,0.174,FALSE
preoviposition period,mean Preoviposition Period in days at adult female state at const temps,PATO,PATO:0000498,increased duration,A duration quality of a process which is relatively high.,0.2349,FALSE
preoviposition period,mean Preoviposition Period in days at adult female state at const temps,PATO,PATO:0000695,synchronous,A quality of a single process inhering in a bearer by virtue of the bearer's occurring or existing at the same time or having the same period or phase.,0.1708,FALSE
preoviposition period,mean Preoviposition Period in days at adult female state at const temps,PATO,PATO:0000688,asynchronous,A quality of a single process inhering in a bearer by virtue of the bearer's not occurring or existing at the same time or having the same period or phase.,0.1652,FALSE
oviposition period,mean Oviposition Period in days at adult female state at const temps,OBA,OBA:VT0002292,gestation period duration,The duration of a female pregnancy.,0.3915,FALSE
oviposition period,mean Oviposition Period in days at adult female state at const temps,OBA,OBA:2051617,level of period circadian protein homolog 3 in blood,The amount of a period circadian protein homolog 3 when measured in blood.,0.1992,FALSE
oviposition period,mean Oviposition Period in days at adult female state at const temps,OBA,PR:000050150,period circadian protein homolog,Category=family.,0.1323,FALSE
oviposition period,mean Oviposition Period in days at adult female state at const temps,OBA,PR:000012549,period circadian protein homolog 3,Category=gene.,0.1468,FALSE
oviposition period,mean Oviposition Period in days at adult female state at const temps,OBA,PR:O70361,period circadian protein homolog 3 (mouse),Category=organism-gene.,0.1867,FALSE
oviposition period,mean Oviposition Period in days at adult female state at const temps,PATO,PATO:0000499,decreased duration,A duration quality of a process which is relatively low.,0.2114,FALSE
oviposition period,mean Oviposition Period in days at adult female state at const temps,PATO,PATO:0001309,duration,A process quality inhering in a bearer by virtue of the bearer's magnitude of the temporal extent between the starting and ending point.,0.1427,FALSE
oviposition period,mean Oviposition Period in days at adult female state at const temps,PATO,PATO:0000498,increased duration,A duration quality of a process which is relatively high.,0.2149,FALSE
oviposition period,mean Oviposition Period in days at adult female state at const temps,PATO,PATO:0000695,synchronous,A quality of a single process inhering in a bearer by virtue of the bearer's occurring or existing at the same time or having the same period or phase.,0.1469,FALSE
oviposition period,mean Oviposition Period in days at adult female state at const temps,PATO,PATO:0000688,asynchronous,A quality of a single process inhering in a bearer by virtue of the bearer's not occurring or existing at the same time or having the same period or phase.,0.1328,FALSE
preoviposition period,mean time required for an engorged female tick to begin laying eggs,OBA,OBA:VT0002292,gestation period duration,The duration of a female pregnancy.,0.3994,FALSE
preoviposition period,mean time required for an engorged female tick to begin laying eggs,OBA,OBA:2051617,level of period circadian protein homolog 3 in blood,The amount of a period circadian protein homolog 3 when measured in blood.,0.1825,FALSE
preoviposition period,mean time required for an engorged female tick to begin laying eggs,OBA,PR:000050150,period circadian protein homolog,Category=family.,0.0685,FALSE
preoviposition period,mean time required for an engorged female tick to begin laying eggs,OBA,PR:000012549,period circadian protein homolog 3,Category=gene.,0.0904,FALSE
preoviposition period,mean time required for an engorged female tick to begin laying eggs,OBA,PR:O70361,period circadian protein homolog 3 (mouse),Category=organism-gene.,0.1211,FALSE
preoviposition period,mean time required for an engorged female tick to begin laying eggs,PATO,PATO:0000499,decreased duration,A duration quality of a process which is relatively low.,0.2115,FALSE
preoviposition period,mean time required for an engorged female tick to begin laying eggs,PATO,PATO:0001309,duration,A process quality inhering in a bearer by virtue of the bearer's magnitude of the temporal extent between the starting and ending point.,0.179,FALSE
preoviposition period,mean time required for an engorged female tick to begin laying eggs,PATO,PATO:0000498,increased duration,A duration quality of a process which is relatively high.,0.2147,FALSE
preoviposition period,mean time required for an engorged female tick to begin laying eggs,PATO,PATO:0000695,synchronous,A quality of a single process inhering in a bearer by virtue of the bearer's occurring or existing at the same time or having the same period or phase.,0.1004,FALSE
preoviposition period,mean time required for an engorged female tick to begin laying eggs,PATO,PATO:0000688,asynchronous,A quality of a single process inhering in a bearer by virtue of the bearer's not occurring or existing at the same time or having the same period or phase.,0.1087,FALSE
preoviposition period,mean time until onset of oviposition,OBA,OBA:VT0002292,gestation period duration,The duration of a female pregnancy.,0.3715,FALSE
preoviposition period,mean time until onset of oviposition,OBA,OBA:2051617,level of period circadian protein homolog 3 in blood,The amount of a period circadian protein homolog 3 when measured in blood.,0.2274,FALSE
preoviposition period,mean time until onset of oviposition,OBA,PR:000050150,period circadian protein homolog,Category=family.,0.0687,FALSE
preoviposition period,mean time until onset of oviposition,OBA,PR:000012549,period circadian protein homolog 3,Category=gene.,0.1163,FALSE
preoviposition period,mean time until onset of oviposition,OBA,PR:O70361,period circadian protein homolog 3 (mouse),Category=organism-gene.,0.1807,FALSE
preoviposition period,mean time until onset of oviposition,PATO,PATO:0000499,decreased duration,A duration quality of a process which is relatively low.,0.2353,FALSE
preoviposition period,mean time until onset of oviposition,PATO,PATO:0001309,duration,A process quality inhering in a bearer by virtue of the bearer's magnitude of the temporal extent between the starting and ending point.,0.1984,FALSE
preoviposition period,mean time until onset of oviposition,PATO,PATO:0000498,increased duration,A duration quality of a process which is relatively high.,0.2444,FALSE
preoviposition period,mean time until onset of oviposition,PATO,PATO:0000695,synchronous,A quality of a single process inhering in a bearer by virtue of the bearer's occurring or existing at the same time or having the same period or phase.,0.1674,FALSE
preoviposition period,mean time until onset of oviposition,PATO,PATO:0000688,asynchronous,A quality of a single process inhering in a bearer by virtue of the bearer's not occurring or existing at the same time or having the same period or phase.,0.1986,FALSE
Oviposition Period,Oviposition Period 1/period(day) in engorged females,OBA,OBA:VT0002292,gestation period duration,The duration of a female pregnancy.,0.3958,FALSE
Oviposition Period,Oviposition Period 1/period(day) in engorged females,OBA,OBA:2051617,level of period circadian protein homolog 3 in blood,The amount of a period circadian protein homolog 3 when measured in blood.,0.2709,FALSE
Oviposition Period,Oviposition Period 1/period(day) in engorged females,OBA,PR:000050150,period circadian protein homolog,Category=family.,0.1301,FALSE
Oviposition Period,Oviposition Period 1/period(day) in engorged females,OBA,PR:000012549,period circadian protein homolog 3,Category=gene.,0.154,FALSE
Oviposition Period,Oviposition Period 1/period(day) in engorged females,OBA,PR:O70361,period circadian protein homolog 3 (mouse),Category=organism-gene.,0.2083,FALSE
Oviposition Period,Oviposition Period 1/period(day) in engorged females,PATO,PATO:0000499,decreased duration,A duration quality of a process which is relatively low.,0.2597,FALSE
Oviposition Period,Oviposition Period 1/period(day) in engorged females,PATO,PATO:0001309,duration,A process quality inhering in a bearer by virtue of the bearer's magnitude of the temporal extent between the starting and ending point.,0.1955,FALSE
Oviposition Period,Oviposition Period 1/period(day) in engorged females,PATO,PATO:0000498,increased duration,A duration quality of a process which is relatively high.,0.2526,FALSE
Oviposition Period,Oviposition Period 1/period(day) in engorged females,PATO,PATO:0000695,synchronous,A quality of a single process inhering in a bearer by virtue of the bearer's occurring or existing at the same time or having the same period or phase.,0.1968,FALSE
Oviposition Period,Oviposition Period 1/period(day) in engorged females,PATO,PATO:0000688,asynchronous,A quality of a single process inhering in a bearer by virtue of the bearer's not occurring or existing at the same time or having the same period or phase.,0.207,FALSE
preoviposition period,Mean Pre-Oviposition Period,OBA,OBA:VT0002292,gestation period duration,The duration of a female pregnancy.,0.3904,FALSE
preoviposition period,Mean Pre-Oviposition Period,OBA,OBA:2051617,level of period circadian protein homolog 3 in blood,The amount of a period circadian protein homolog 3 when measured in blood.,0.2551,FALSE
preoviposition period,Mean Pre-Oviposition Period,OBA,PR:000050150,period circadian protein homolog,Category=family.,0.1046,FALSE
preoviposition period,Mean Pre-Oviposition Period,OBA,PR:000012549,period circadian protein homolog 3,Category=gene.,0.1382,FALSE
preoviposition period,Mean Pre-Oviposition Period,OBA,PR:O70361,period circadian protein homolog 3 (mouse),Category=organism-gene.,0.1866,FALSE
preoviposition period,Mean Pre-Oviposition Period,PATO,PATO:0000499,decreased duration,A duration quality of a process which is relatively low.,0.2538,FALSE
preoviposition period,Mean Pre-Oviposition Period,PATO,PATO:0001309,duration,A process quality inhering in a bearer by virtue of the bearer's magnitude of the temporal extent between the starting and ending point.,0.2054,FALSE
preoviposition period,Mean Pre-Oviposition Period,PATO,PATO:0000498,increased duration,A duration quality of a process which is relatively high.,0.2576,FALSE
preoviposition period,Mean Pre-Oviposition Period,PATO,PATO:0000695,synchronous,A quality of a single process inhering in a bearer by virtue of the bearer's occurring or existing at the same time or having the same period or phase.,0.1756,FALSE
preoviposition period,Mean Pre-Oviposition Period,PATO,PATO:0000688,asynchronous,A quality of a single process inhering in a bearer by virtue of the bearer's not occurring or existing at the same time or having the same period or phase.,0.2001,FALSE
development time,mean duration of life stage,OBA,OBA:0002217,embryo development rate,The rate of a embryo development.,0.3145,FALSE
development time,mean duration of life stage,OBA,OBA:0003600,artery development rate,The rate of a artery development.,0.2015,FALSE
development time,mean duration of life stage,OBA,OBA:0004100,blastocyst development morphology,The morphology of a blastocyst development.,0.1544,FALSE
development time,mean duration of life stage,OBA,OBA:0004352,spermatid development occurrence,The occurrence of a spermatid development.,0.1838,FALSE
development time,mean duration of life stage,OBA,OBA:1000796,cloaca development quality,The quality of a cloaca development.,0.2039,FALSE
development time,mean duration of life stage,PATO,PATO:0000165,time,A quality in which events occur in sequence.,0.1569,FALSE
development time,mean duration of life stage,PATO,PATO:0000498,increased duration,A duration quality of a process which is relatively high.,0.3789,FALSE
development time,mean duration of life stage,PATO,PATO:0000499,decreased duration,A duration quality of a process which is relatively low.,0.3653,FALSE
development time,mean duration of life stage,PATO,PATO:0001309,duration,A process quality inhering in a bearer by virtue of the bearer's magnitude of the temporal extent between the starting and ending point.,0.276,FALSE
development time,mean duration of life stage,PATO,PATO:0040049,male with DSD,A biological sex quality inhering in an individual or a population who are otherwise male of a non-hermaphroditic species who has ambiguous or atypical congenital development of the reproductive system.,0.1518,FALSE
development time,median duration of life stage,OBA,OBA:0002217,embryo development rate,The rate of a embryo development.,0.3364,FALSE
development time,median duration of life stage,OBA,OBA:0003600,artery development rate,The rate of a artery development.,0.2128,FALSE
development time,median duration of life stage,OBA,OBA:0004100,blastocyst development morphology,The morphology of a blastocyst development.,0.198,FALSE
development time,median duration of life stage,OBA,OBA:0004352,spermatid development occurrence,The occurrence of a spermatid development.,0.2132,FALSE
development time,median duration of life stage,OBA,OBA:1000796,cloaca development quality,The quality of a cloaca development.,0.2659,FALSE
development time,median duration of life stage,PATO,PATO:0000165,time,A quality in which events occur in sequence.,0.1398,FALSE
development time,median duration of life stage,PATO,PATO:0000498,increased duration,A duration quality of a process which is relatively high.,0.3904,FALSE
development time,median duration of life stage,PATO,PATO:0000499,decreased duration,A duration quality of a process which is relatively low.,0.3708,FALSE
development time,median duration of life stage,PATO,PATO:0001309,duration,A process quality inhering in a bearer by virtue of the bearer's magnitude of the temporal extent between the starting and ending point.,0.2727,FALSE
development time,median duration of life stage,PATO,PATO:0040049,male with DSD,A biological sex quality inhering in an individual or a population who are otherwise male of a non-hermaphroditic species who has ambiguous or atypical congenital development of the reproductive system.,0.1834,FALSE
development time,mean duration period from aphid birth to its first reproduction,OBA,OBA:0002217,embryo development rate,The rate of a embryo development.,0.3382,FALSE
development time,mean duration period from aphid birth to its first reproduction,OBA,OBA:0003600,artery development rate,The rate of a artery development.,0.2279,FALSE
development time,mean duration period from aphid birth to its first reproduction,OBA,OBA:0004100,blastocyst development morphology,The morphology of a blastocyst development.,0.1784,FALSE
development time,mean duration period from aphid birth to its first reproduction,OBA,OBA:0004352,spermatid development occurrence,The occurrence of a spermatid development.,0.2422,FALSE
development time,mean duration period from aphid birth to its first reproduction,OBA,OBA:1000796,cloaca development quality,The quality of a cloaca development.,0.1786,FALSE
development time,mean duration period from aphid birth to its first reproduction,PATO,PATO:0000165,time,A quality in which events occur in sequence.,0.0981,FALSE
development time,mean duration period from aphid birth to its first reproduction,PATO,PATO:0000498,increased duration,A duration quality of a process which is relatively high.,0.2764,FALSE
development time,mean duration period from aphid birth to its first reproduction,PATO,PATO:0000499,decreased duration,A duration quality of a process which is relatively low.,0.2906,FALSE
development time,mean duration period from aphid birth to its first reproduction,PATO,PATO:0001309,duration,A process quality inhering in a bearer by virtue of the bearer's magnitude of the temporal extent between the starting and ending point.,0.1863,FALSE
development time,mean duration period from aphid birth to its first reproduction,PATO,PATO:0040049,male with DSD,A biological sex quality inhering in an individual or a population who are otherwise male of a non-hermaphroditic species who has ambiguous or atypical congenital development of the reproductive system.,0.1706,FALSE
development rate,mean rate of life stage completion,OBA,OBA:0002217,embryo development rate,The rate of a embryo development.,0.4447,FALSE
development rate,mean rate of life stage completion,OBA,OBA:0003600,artery development rate,The rate of a artery development.,0.3603,FALSE
development rate,mean rate of life stage completion,OBA,OBA:0003599,ovarian follicle development rate,The rate of a ovarian follicle development.,0.3825,FALSE
development rate,mean rate of life stage completion,OBA,OBA:0004171,lung alveolus development rate,The rate of a lung alveolus development.,0.354,FALSE
development rate,mean rate of life stage completion,OBA,OBA:0005316,mesenchymal cell proliferation involved in lung development rate,The rate of a mesenchymal cell proliferation involved in lung development.,0.2608,FALSE
development rate,mean rate of life stage completion,PATO,PATO:0000161,rate,A quality of a single process inhering in a bearer by virtue of the bearer's occurrence per unit time.,0.2676,FALSE
development rate,mean rate of life stage completion,PATO,PATO:0000911,decreased rate,A rate which is relatively low.,0.3576,FALSE
development rate,mean rate of life stage completion,PATO,PATO:0000912,increased rate,A rate which is relatively high.,0.353,FALSE
development rate,mean rate of life stage completion,PATO,PATO:0001492,growth rate,The rate or speed of the change in size of an individual entity or change in number of a population.,0.35,FALSE
development rate,mean rate of life stage completion,PATO,PATO:0001574,flow rate,A physical quality inhering in a bearer by virtue of the bearer's motion characteristic.,0.0791,FALSE
development rate,rate of life stage completion,OBA,OBA:0002217,embryo development rate,The rate of a embryo development.,0.4707,FALSE
development rate,rate of life stage completion,OBA,OBA:0003600,artery development rate,The rate of a artery development.,0.3779,FALSE
development rate,rate of life stage completion,OBA,OBA:0003599,ovarian follicle development rate,The rate of a ovarian follicle development.,0.3838,FALSE
development rate,rate of life stage completion,OBA,OBA:0004171,lung alveolus development rate,The rate of a lung alveolus development.,0.3699,FALSE
development rate,rate of life stage completion,OBA,OBA:0005316,mesenchymal cell proliferation involved in lung development rate,The rate of a mesenchymal cell proliferation involved in lung development.,0.2709,FALSE
development rate,rate of life stage completion,PATO,PATO:0000161,rate,A quality of a single process inhering in a bearer by virtue of the bearer's occurrence per unit time.,0.2726,FALSE
development rate,rate of life stage completion,PATO,PATO:0000911,decreased rate,A rate which is relatively low.,0.3591,FALSE
development rate,rate of life stage completion,PATO,PATO:0000912,increased rate,A rate which is relatively high.,0.3616,FALSE
development rate,rate of life stage completion,PATO,PATO:0001492,growth rate,The rate or speed of the change in size of an individual entity or change in number of a population.,0.3533,FALSE
development rate,rate of life stage completion,PATO,PATO:0001574,flow rate,A physical quality inhering in a bearer by virtue of the bearer's motion characteristic.,0.0906,FALSE
development time,mean duration of life cycle (egg-to-egg),OBA,OBA:0002217,embryo development rate,The rate of a embryo development.,0.4023,FALSE
development time,mean duration of life cycle (egg-to-egg),OBA,OBA:0003600,artery development rate,The rate of a artery development.,0.1942,FALSE
development time,mean duration of life cycle (egg-to-egg),OBA,OBA:0004100,blastocyst development morphology,The morphology of a blastocyst development.,0.2679,FALSE
development time,mean duration of life cycle (egg-to-egg),OBA,OBA:0004352,spermatid development occurrence,The occurrence of a spermatid development.,0.2432,FALSE
development time,mean duration of life cycle (egg-to-egg),OBA,OBA:1000796,cloaca development quality,The quality of a cloaca development.,0.2919,FALSE
development time,mean duration of life cycle (egg-to-egg),PATO,PATO:0000165,time,A quality in which events occur in sequence.,0.1102,FALSE
development time,mean duration of life cycle (egg-to-egg),PATO,PATO:0000498,increased duration,A duration quality of a process which is relatively high.,0.3188,FALSE
development time,mean duration of life cycle (egg-to-egg),PATO,PATO:0000499,decreased duration,A duration quality of a process which is relatively low.,0.3204,FALSE
development time,mean duration of life cycle (egg-to-egg),PATO,PATO:0001309,duration,A process quality inhering in a bearer by virtue of the bearer's magnitude of the temporal extent between the starting and ending point.,0.2301,FALSE
development time,mean duration of life cycle (egg-to-egg),PATO,PATO:0040049,male with DSD,A biological sex quality inhering in an individual or a population who are otherwise male of a non-hermaphroditic species who has ambiguous or atypical congenital development of the reproductive system.,0.1839,FALSE
development time,mean duration of life stage (across all humidity levels),OBA,OBA:0002217,embryo development rate,The rate of a embryo development.,0.329,FALSE
development time,mean duration of life stage (across all humidity levels),OBA,OBA:0003600,artery development rate,The rate of a artery development.,0.1617,FALSE
development time,mean duration of life stage (across all humidity levels),OBA,OBA:0004100,blastocyst development morphology,The morphology of a blastocyst development.,0.1631,FALSE
development time,mean duration of life stage (across all humidity levels),OBA,OBA:0004352,spermatid development occurrence,The occurrence of a spermatid development.,0.1769,FALSE
development time,mean duration of life stage (across all humidity levels),OBA,OBA:1000796,cloaca development quality,The quality of a cloaca development.,0.2476,FALSE
development time,mean duration of life stage (across all humidity levels),PATO,PATO:0000165,time,A quality in which events occur in sequence.,0.1098,FALSE
development time,mean duration of life stage (across all humidity levels),PATO,PATO:0000498,increased duration,A duration quality of a process which is relatively high.,0.346,FALSE
development time,mean duration of life stage (across all humidity levels),PATO,PATO:0000499,decreased duration,A duration quality of a process which is relatively low.,0.3462,FALSE
development time,mean duration of life stage (across all humidity levels),PATO,PATO:0001309,duration,A process quality inhering in a bearer by virtue of the bearer's magnitude of the temporal extent between the starting and ending point.,0.252,FALSE
development time,mean duration of life stage (across all humidity levels),PATO,PATO:0040049,male with DSD,A biological sex quality inhering in an individual or a population who are otherwise male of a non-hermaphroditic species who has ambiguous or atypical congenital development of the reproductive system.,0.1548,FALSE
development time,mean duration for 50 percent of eggs to hatch,OBA,OBA:0002217,embryo development rate,The rate of a embryo development.,0.4065,FALSE
development time,mean duration for 50 percent of eggs to hatch,OBA,OBA:0003600,artery development rate,The rate of a artery development.,0.1557,FALSE
development time,mean duration for 50 percent of eggs to hatch,OBA,OBA:0004100,blastocyst development morphology,The morphology of a blastocyst development.,0.2352,FALSE
development time,mean duration for 50 percent of eggs to hatch,OBA,OBA:0004352,spermatid development occurrence,The occurrence of a spermatid development.,0.2104,FALSE
development time,mean duration for 50 percent of eggs to hatch,OBA,OBA:1000796,cloaca development quality,The quality of a cloaca development.,0.2665,FALSE
development time,mean duration for 50 percent of eggs to hatch,PATO,PATO:0000165,time,A quality in which events occur in sequence.,0.0727,FALSE
development time,mean duration for 50 percent of eggs to hatch,PATO,PATO:0000498,increased duration,A duration quality of a process which is relatively high.,0.2649,FALSE
development time,mean duration for 50 percent of eggs to hatch,PATO,PATO:0000499,decreased duration,A duration quality of a process which is relatively low.,0.2689,FALSE
development time,mean duration for 50 percent of eggs to hatch,PATO,PATO:0001309,duration,A process quality inhering in a bearer by virtue of the bearer's magnitude of the temporal extent between the starting and ending point.,0.1482,FALSE
development time,mean duration for 50 percent of eggs to hatch,PATO,PATO:0040049,male with DSD,A biological sex quality inhering in an individual or a population who are otherwise male of a non-hermaphroditic species who has ambiguous or atypical congenital development of the reproductive system.,0.1447,FALSE
development time,median duration for egg development,OBA,OBA:0002217,embryo development rate,The rate of a embryo development.,0.5053,FALSE
development time,median duration for egg development,OBA,OBA:0003600,artery development rate,The rate of a artery development.,0.2708,FALSE
development time,median duration for egg development,OBA,OBA:0004100,blastocyst development morphology,The morphology of a blastocyst development.,0.36870000000000003,FALSE
development time,median duration for egg development,OBA,OBA:0004352,spermatid development occurrence,The occurrence of a spermatid development.,0.3514,FALSE
development time,median duration for egg development,OBA,OBA:1000796,cloaca development quality,The quality of a cloaca development.,0.3592,FALSE
development time,median duration for egg development,PATO,PATO:0000165,time,A quality in which events occur in sequence.,0.078,FALSE
development time,median duration for egg development,PATO,PATO:0000498,increased duration,A duration quality of a process which is relatively high.,0.3099,FALSE
development time,median duration for egg development,PATO,PATO:0000499,decreased duration,A duration quality of a process which is relatively low.,0.2938,FALSE
development time,median duration for egg development,PATO,PATO:0001309,duration,A process quality inhering in a bearer by virtue of the bearer's magnitude of the temporal extent between the starting and ending point.,0.1564,FALSE
development time,median duration for egg development,PATO,PATO:0040049,male with DSD,A biological sex quality inhering in an individual or a population who are otherwise male of a non-hermaphroditic species who has ambiguous or atypical congenital development of the reproductive system.,0.1806,FALSE
development time,mean duration for egg development,OBA,OBA:0002217,embryo development rate,The rate of a embryo development.,0.509,FALSE
development time,mean duration for egg development,OBA,OBA:0003600,artery development rate,The rate of a artery development.,0.2668,FALSE
development time,mean duration for egg development,OBA,OBA:0004100,blastocyst development morphology,The morphology of a blastocyst development.,0.3568,FALSE
development time,mean duration for egg development,OBA,OBA:0004352,spermatid development occurrence,The occurrence of a spermatid development.,0.3496,FALSE
development time,mean duration for egg development,OBA,OBA:1000796,cloaca development quality,The quality of a cloaca development.,0.3428,FALSE
development time,mean duration for egg development,PATO,PATO:0000165,time,A quality in which events occur in sequence.,0.0894,FALSE
development time,mean duration for egg development,PATO,PATO:0000498,increased duration,A duration quality of a process which is relatively high.,0.3113,FALSE
development time,mean duration for egg development,PATO,PATO:0000499,decreased duration,A duration quality of a process which is relatively low.,0.3035,FALSE
development time,mean duration for egg development,PATO,PATO:0001309,duration,A process quality inhering in a bearer by virtue of the bearer's magnitude of the temporal extent between the starting and ending point.,0.1576,FALSE
development time,mean duration for egg development,PATO,PATO:0040049,male with DSD,A biological sex quality inhering in an individual or a population who are otherwise male of a non-hermaphroditic species who has ambiguous or atypical congenital development of the reproductive system.,0.1622,FALSE
development time,duration of life stage,OBA,OBA:0002217,embryo development rate,The rate of a embryo development.,0.3345,FALSE
development time,duration of life stage,OBA,OBA:0003600,artery development rate,The rate of a artery development.,0.2283,FALSE
development time,duration of life stage,OBA,OBA:0004100,blastocyst development morphology,The morphology of a blastocyst development.,0.1953,FALSE
development time,duration of life stage,OBA,OBA:0004352,spermatid development occurrence,The occurrence of a spermatid development.,0.1964,FALSE
development time,duration of life stage,OBA,OBA:1000796,cloaca development quality,The quality of a cloaca development.,0.2258,FALSE
development time,duration of life stage,PATO,PATO:0000165,time,A quality in which events occur in sequence.,0.1688,FALSE
development time,duration of life stage,PATO,PATO:0000498,increased duration,A duration quality of a process which is relatively high.,0.4028,FALSE
development time,duration of life stage,PATO,PATO:0000499,decreased duration,A duration quality of a process which is relatively low.,0.3936,FALSE
development time,duration of life stage,PATO,PATO:0001309,duration,A process quality inhering in a bearer by virtue of the bearer's magnitude of the temporal extent between the starting and ending point.,0.3122,FALSE
development time,duration of life stage,PATO,PATO:0040049,male with DSD,A biological sex quality inhering in an individual or a population who are otherwise male of a non-hermaphroditic species who has ambiguous or atypical congenital development of the reproductive system.,0.1436,FALSE
development rate,mean duration of life stage,OBA,OBA:0002217,embryo development rate,The rate of a embryo development.,0.3145,FALSE
development rate,mean duration of life stage,OBA,OBA:0003600,artery development rate,The rate of a artery development.,0.2015,FALSE
development rate,mean duration of life stage,OBA,OBA:0003599,ovarian follicle development rate,The rate of a ovarian follicle development.,0.2509,FALSE
development rate,mean duration of life stage,OBA,OBA:0004171,lung alveolus development rate,The rate of a lung alveolus development.,0.2417,FALSE
development rate,mean duration of life stage,OBA,OBA:0005316,mesenchymal cell proliferation involved in lung development rate,The rate of a mesenchymal cell proliferation involved in lung development.,0.194,FALSE
development rate,mean duration of life stage,PATO,PATO:0000161,rate,A quality of a single process inhering in a bearer by virtue of the bearer's occurrence per unit time.,0.192,FALSE
development rate,mean duration of life stage,PATO,PATO:0000911,decreased rate,A rate which is relatively low.,0.1806,FALSE
development rate,mean duration of life stage,PATO,PATO:0000912,increased rate,A rate which is relatively high.,0.1676,FALSE
development rate,mean duration of life stage,PATO,PATO:0001492,growth rate,The rate or speed of the change in size of an individual entity or change in number of a population.,0.2076,FALSE
development rate,mean duration of life stage,PATO,PATO:0001574,flow rate,A physical quality inhering in a bearer by virtue of the bearer's motion characteristic.,0.0594,FALSE
development time,mean duration of life cycle,OBA,OBA:0002217,embryo development rate,The rate of a embryo development.,0.3357,FALSE
development time,mean duration of life cycle,OBA,OBA:0003600,artery development rate,The rate of a artery development.,0.2008,FALSE
development time,mean duration of life cycle,OBA,OBA:0004100,blastocyst development morphology,The morphology of a blastocyst development.,0.226,FALSE
development time,mean duration of life cycle,OBA,OBA:0004352,spermatid development occurrence,The occurrence of a spermatid development.,0.2008,FALSE
development time,mean duration of life cycle,OBA,OBA:1000796,cloaca development quality,The quality of a cloaca development.,0.2068,FALSE
development time,mean duration of life cycle,PATO,PATO:0000165,time,A quality in which events occur in sequence.,0.1288,FALSE
development time,mean duration of life cycle,PATO,PATO:0000498,increased duration,A duration quality of a process which is relatively high.,0.4086,FALSE
development time,mean duration of life cycle,PATO,PATO:0000499,decreased duration,A duration quality of a process which is relatively low.,0.3952,FALSE
development time,mean duration of life cycle,PATO,PATO:0001309,duration,A process quality inhering in a bearer by virtue of the bearer's magnitude of the temporal extent between the starting and ending point.,0.2808,FALSE
development time,mean duration of life cycle,PATO,PATO:0040049,male with DSD,A biological sex quality inhering in an individual or a population who are otherwise male of a non-hermaphroditic species who has ambiguous or atypical congenital development of the reproductive system.,0.1499,FALSE
development time,individual-level duration of life stage,OBA,OBA:0002217,embryo development rate,The rate of a embryo development.,0.2816,FALSE
development time,individual-level duration of life stage,OBA,OBA:0003600,artery development rate,The rate of a artery development.,0.2091,FALSE
development time,individual-level duration of life stage,OBA,OBA:0004100,blastocyst development morphology,The morphology of a blastocyst development.,0.1454,FALSE
development time,individual-level duration of life stage,OBA,OBA:0004352,spermatid development occurrence,The occurrence of a spermatid development.,0.1831,FALSE
development time,individual-level duration of life stage,OBA,OBA:1000796,cloaca development quality,The quality of a cloaca development.,0.2063,FALSE
development time,individual-level duration of life stage,PATO,PATO:0000165,time,A quality in which events occur in sequence.,0.2118,FALSE
development time,individual-level duration of life stage,PATO,PATO:0000498,increased duration,A duration quality of a process which is relatively high.,0.3791,FALSE
development time,individual-level duration of life stage,PATO,PATO:0000499,decreased duration,A duration quality of a process which is relatively low.,0.3734,FALSE
development time,individual-level duration of life stage,PATO,PATO:0001309,duration,A process quality inhering in a bearer by virtue of the bearer's magnitude of the temporal extent between the starting and ending point.,0.3192,FALSE
development time,individual-level duration of life stage,PATO,PATO:0040049,male with DSD,A biological sex quality inhering in an individual or a population who are otherwise male of a non-hermaphroditic species who has ambiguous or atypical congenital development of the reproductive system.,0.1849,FALSE
development rate,individual-level rate of life stage completion,OBA,OBA:0002217,embryo development rate,The rate of a embryo development.,0.4135,FALSE
development rate,individual-level rate of life stage completion,OBA,OBA:0003600,artery development rate,The rate of a artery development.,0.3483,FALSE
development rate,individual-level rate of life stage completion,OBA,OBA:0003599,ovarian follicle development rate,The rate of a ovarian follicle development.,0.3673,FALSE
development rate,individual-level rate of life stage completion,OBA,OBA:0004171,lung alveolus development rate,The rate of a lung alveolus development.,0.3545,FALSE
development rate,individual-level rate of life stage completion,OBA,OBA:0005316,mesenchymal cell proliferation involved in lung development rate,The rate of a mesenchymal cell proliferation involved in lung development.,0.27,FALSE
development rate,individual-level rate of life stage completion,PATO,PATO:0000161,rate,A quality of a single process inhering in a bearer by virtue of the bearer's occurrence per unit time.,0.2976,FALSE
development rate,individual-level rate of life stage completion,PATO,PATO:0000911,decreased rate,A rate which is relatively low.,0.355,FALSE
development rate,individual-level rate of life stage completion,PATO,PATO:0000912,increased rate,A rate which is relatively high.,0.3477,FALSE
development rate,individual-level rate of life stage completion,PATO,PATO:0001492,growth rate,The rate or speed of the change in size of an individual entity or change in number of a population.,0.3643,FALSE
development rate,individual-level rate of life stage completion,PATO,PATO:0001574,flow rate,A physical quality inhering in a bearer by virtue of the bearer's motion characteristic.,0.1086,FALSE
development time,mean duration of larval attachment developmental phase,OBA,OBA:0002217,embryo development rate,The rate of a embryo development.,0.3688,FALSE
development time,mean duration of larval attachment developmental phase,OBA,OBA:0003600,artery development rate,The rate of a artery development.,0.2712,FALSE
development time,mean duration of larval attachment developmental phase,OBA,OBA:0004100,blastocyst development morphology,The morphology of a blastocyst development.,0.2907,FALSE
development time,mean duration of larval attachment developmental phase,OBA,OBA:0004352,spermatid development occurrence,The occurrence of a spermatid development.,0.2594,FALSE
development time,mean duration of larval attachment developmental phase,OBA,OBA:1000796,cloaca development quality,The quality of a cloaca development.,0.2924,FALSE
development time,mean duration of larval attachment developmental phase,PATO,PATO:0000165,time,A quality in which events occur in sequence.,0.0977,FALSE
development time,mean duration of larval attachment developmental phase,PATO,PATO:0000498,increased duration,A duration quality of a process which is relatively high.,0.312,FALSE
development time,mean duration of larval attachment developmental phase,PATO,PATO:0000499,decreased duration,A duration quality of a process which is relatively low.,0.3144,FALSE
development time,mean duration of larval attachment developmental phase,PATO,PATO:0001309,duration,A process quality inhering in a bearer by virtue of the bearer's magnitude of the temporal extent between the starting and ending point.,0.2224,FALSE
development time,mean duration of larval attachment developmental phase,PATO,PATO:0040049,male with DSD,A biological sex quality inhering in an individual or a population who are otherwise male of a non-hermaphroditic species who has ambiguous or atypical congenital development of the reproductive system.,0.1231,FALSE
development rate,mean development rate per day,OBA,OBA:0002217,embryo development rate,The rate of a embryo development.,0.5172,FALSE
development rate,mean development rate per day,OBA,OBA:0003600,artery development rate,The rate of a artery development.,0.441,FALSE
development rate,mean development rate per day,OBA,OBA:0003599,ovarian follicle development rate,The rate of a ovarian follicle development.,0.4451,FALSE
development rate,mean development rate per day,OBA,OBA:0004171,lung alveolus development rate,The rate of a lung alveolus development.,0.4462,FALSE
development rate,mean development rate per day,OBA,OBA:0005316,mesenchymal cell proliferation involved in lung development rate,The rate of a mesenchymal cell proliferation involved in lung development.,0.3664,FALSE
development rate,mean development rate per day,PATO,PATO:0000161,rate,A quality of a single process inhering in a bearer by virtue of the bearer's occurrence per unit time.,0.258,FALSE
development rate,mean development rate per day,PATO,PATO:0000911,decreased rate,A rate which is relatively low.,0.334,FALSE
development rate,mean development rate per day,PATO,PATO:0000912,increased rate,A rate which is relatively high.,0.3461,FALSE
development rate,mean development rate per day,PATO,PATO:0001492,growth rate,The rate or speed of the change in size of an individual entity or change in number of a population.,0.377,FALSE
development rate,mean development rate per day,PATO,PATO:0001574,flow rate,A physical quality inhering in a bearer by virtue of the bearer's motion characteristic.,0.119,FALSE
development time,mean duration from when eggs were deposited to hatch,OBA,OBA:0002217,embryo development rate,The rate of a embryo development.,0.432,FALSE
development time,mean duration from when eggs were deposited to hatch,OBA,OBA:0003600,artery development rate,The rate of a artery development.,0.1899,FALSE
development time,mean duration from when eggs were deposited to hatch,OBA,OBA:0004100,blastocyst development morphology,The morphology of a blastocyst development.,0.2757,FALSE
development time,mean duration from when eggs were deposited to hatch,OBA,OBA:0004352,spermatid development occurrence,The occurrence of a spermatid development.,0.2668,FALSE
development time,mean duration from when eggs were deposited to hatch,OBA,OBA:1000796,cloaca development quality,The quality of a cloaca development.,0.2921,FALSE
development time,mean duration from when eggs were deposited to hatch,PATO,PATO:0000165,time,A quality in which events occur in sequence.,0.1123,FALSE
development time,mean duration from when eggs were deposited to hatch,PATO,PATO:0000498,increased duration,A duration quality of a process which is relatively high.,0.2705,FALSE
development time,mean duration from when eggs were deposited to hatch,PATO,PATO:0000499,decreased duration,A duration quality of a process which is relatively low.,0.2734,FALSE
development time,mean duration from when eggs were deposited to hatch,PATO,PATO:0001309,duration,A process quality inhering in a bearer by virtue of the bearer's magnitude of the temporal extent between the starting and ending point.,0.1816,FALSE
development time,mean duration from when eggs were deposited to hatch,PATO,PATO:0040049,male with DSD,A biological sex quality inhering in an individual or a population who are otherwise male of a non-hermaphroditic species who has ambiguous or atypical congenital development of the reproductive system.,0.1361,FALSE
development time,mean time to complete nymphal devlopment,OBA,OBA:0002217,embryo development rate,The rate of a embryo development.,0.4016,FALSE
development time,mean time to complete nymphal devlopment,OBA,OBA:0003600,artery development rate,The rate of a artery development.,0.2451,FALSE
development time,mean time to complete nymphal devlopment,OBA,OBA:0004100,blastocyst development morphology,The morphology of a blastocyst development.,0.2312,FALSE
development time,mean time to complete nymphal devlopment,OBA,OBA:0004352,spermatid development occurrence,The occurrence of a spermatid development.,0.2799,FALSE
development time,mean time to complete nymphal devlopment,OBA,OBA:1000796,cloaca development quality,The quality of a cloaca development.,0.2663,FALSE
development time,mean time to complete nymphal devlopment,PATO,PATO:0000165,time,A quality in which events occur in sequence.,0.1188,FALSE
development time,mean time to complete nymphal devlopment,PATO,PATO:0000498,increased duration,A duration quality of a process which is relatively high.,0.2154,FALSE
development time,mean time to complete nymphal devlopment,PATO,PATO:0000499,decreased duration,A duration quality of a process which is relatively low.,0.2261,FALSE
development time,mean time to complete nymphal devlopment,PATO,PATO:0001309,duration,A process quality inhering in a bearer by virtue of the bearer's magnitude of the temporal extent between the starting and ending point.,0.1473,FALSE
development time,mean time to complete nymphal devlopment,PATO,PATO:0040049,male with DSD,A biological sex quality inhering in an individual or a population who are otherwise male of a non-hermaphroditic species who has ambiguous or atypical congenital development of the reproductive system.,0.1703,FALSE
developmental time,mean duration of life stage,OBA,OBA:0002199,developmental process onset quality,The onset quality of a developmental process.,0.2946,FALSE
developmental time,mean duration of life stage,OBA,OBA:2041354,level of developmental pluripotency-associated protein 4 in blood serum,The amount of a developmental pluripotency-associated protein 4 when measured in blood serum.,0.1491,FALSE
developmental time,mean duration of life stage,OBA,OBA:2041986,level of interferon-related developmental regulator 1 in blood serum,The amount of a interferon-related developmental regulator 1 when measured in blood serum.,0.1209,FALSE
developmental time,mean duration of life stage,OBA,OBA:2055948,level of interferon-related developmental regulator 1 (human) in cerebrospinal fluid,The amount of a interferon-related developmental regulator 1 (human) when measured in cerebrospinal fluid.,0.12,FALSE
developmental time,mean duration of life stage,OBA,OBA:2059480,level of developmental pluripotency-associated protein 4 (human) in cerebrospinal fluid,The amount of a developmental pluripotency-associated protein 4 (human) when measured in cerebrospinal fluid.,0.1603,FALSE
developmental time,mean duration of life stage,PATO,PATO:0000165,time,A quality in which events occur in sequence.,0.1569,FALSE
developmental time,mean duration of life stage,PATO,PATO:0000498,increased duration,A duration quality of a process which is relatively high.,0.3789,FALSE
developmental time,mean duration of life stage,PATO,PATO:0000499,decreased duration,A duration quality of a process which is relatively low.,0.3653,FALSE
developmental time,mean duration of life stage,PATO,PATO:0001309,duration,A process quality inhering in a bearer by virtue of the bearer's magnitude of the temporal extent between the starting and ending point.,0.276,FALSE
developmental time,mean duration of life stage,PATO,GO:0021700,developmental maturation,"A developmental process, independent of morphogenetic (shape) change, that is required for an anatomical structure, cell or cellular component to attain its fully functional state.",0.2119,FALSE
development rate,replicate-level mean rate of life stage completion,OBA,OBA:0002217,embryo development rate,The rate of a embryo development.,0.4149,FALSE
development rate,replicate-level mean rate of life stage completion,OBA,OBA:0003600,artery development rate,The rate of a artery development.,0.312,FALSE
development rate,replicate-level mean rate of life stage completion,OBA,OBA:0003599,ovarian follicle development rate,The rate of a ovarian follicle development.,0.3289,FALSE
development rate,replicate-level mean rate of life stage completion,OBA,OBA:0004171,lung alveolus development rate,The rate of a lung alveolus development.,0.327,FALSE
development rate,replicate-level mean rate of life stage completion,OBA,OBA:0005316,mesenchymal cell proliferation involved in lung development rate,The rate of a mesenchymal cell proliferation involved in lung development.,0.2991,FALSE
development rate,replicate-level mean rate of life stage completion,PATO,PATO:0000161,rate,A quality of a single process inhering in a bearer by virtue of the bearer's occurrence per unit time.,0.2611,FALSE
development rate,replicate-level mean rate of life stage completion,PATO,PATO:0000911,decreased rate,A rate which is relatively low.,0.3262,FALSE
development rate,replicate-level mean rate of life stage completion,PATO,PATO:0000912,increased rate,A rate which is relatively high.,0.314,FALSE
development rate,replicate-level mean rate of life stage completion,PATO,PATO:0001492,growth rate,The rate or speed of the change in size of an individual entity or change in number of a population.,0.3398,FALSE
development rate,replicate-level mean rate of life stage completion,PATO,PATO:0001574,flow rate,A physical quality inhering in a bearer by virtue of the bearer's motion characteristic.,0.0421,FALSE
development time,mean duration of juvenile stages and from adult emergence to the onset of reproduction,OBA,OBA:0002217,embryo development rate,The rate of a embryo development.,0.3312,FALSE
development time,mean duration of juvenile stages and from adult emergence to the onset of reproduction,OBA,OBA:0003600,artery development rate,The rate of a artery development.,0.1923,FALSE
development time,mean duration of juvenile stages and from adult emergence to the onset of reproduction,OBA,OBA:0004100,blastocyst development morphology,The morphology of a blastocyst development.,0.164,FALSE
development time,mean duration of juvenile stages and from adult emergence to the onset of reproduction,OBA,OBA:0004352,spermatid development occurrence,The occurrence of a spermatid development.,0.2344,FALSE
development time,mean duration of juvenile stages and from adult emergence to the onset of reproduction,OBA,OBA:1000796,cloaca development quality,The quality of a cloaca development.,0.2687,FALSE
development time,mean duration of juvenile stages and from adult emergence to the onset of reproduction,PATO,PATO:0000165,time,A quality in which events occur in sequence.,0.1113,FALSE
development time,mean duration of juvenile stages and from adult emergence to the onset of reproduction,PATO,PATO:0000498,increased duration,A duration quality of a process which is relatively high.,0.2775,FALSE
development time,mean duration of juvenile stages and from adult emergence to the onset of reproduction,PATO,PATO:0000499,decreased duration,A duration quality of a process which is relatively low.,0.2663,FALSE
development time,mean duration of juvenile stages and from adult emergence to the onset of reproduction,PATO,PATO:0001309,duration,A process quality inhering in a bearer by virtue of the bearer's magnitude of the temporal extent between the starting and ending point.,0.2117,FALSE
development time,mean duration of juvenile stages and from adult emergence to the onset of reproduction,PATO,PATO:0040049,male with DSD,A biological sex quality inhering in an individual or a population who are otherwise male of a non-hermaphroditic species who has ambiguous or atypical congenital development of the reproductive system.,0.2107,FALSE
development rate,inverse of the mean duration of life stage,OBA,OBA:0002217,embryo development rate,The rate of a embryo development.,0.3301,FALSE
development rate,inverse of the mean duration of life stage,OBA,OBA:0003600,artery development rate,The rate of a artery development.,0.2269,FALSE
development rate,inverse of the mean duration of life stage,OBA,OBA:0003599,ovarian follicle development rate,The rate of a ovarian follicle development.,0.27,FALSE
development rate,inverse of the mean duration of life stage,OBA,OBA:0004171,lung alveolus development rate,The rate of a lung alveolus development.,0.2555,FALSE
development rate,inverse of the mean duration of life stage,OBA,OBA:0005316,mesenchymal cell proliferation involved in lung development rate,The rate of a mesenchymal cell proliferation involved in lung development.,0.2008,FALSE
development rate,inverse of the mean duration of life stage,PATO,PATO:0000161,rate,A quality of a single process inhering in a bearer by virtue of the bearer's occurrence per unit time.,0.2492,FALSE
development rate,inverse of the mean duration of life stage,PATO,PATO:0000911,decreased rate,A rate which is relatively low.,0.22,FALSE
development rate,inverse of the mean duration of life stage,PATO,PATO:0000912,increased rate,A rate which is relatively high.,0.1996,FALSE
development rate,inverse of the mean duration of life stage,PATO,PATO:0001492,growth rate,The rate or speed of the change in size of an individual entity or change in number of a population.,0.2736,FALSE
development rate,inverse of the mean duration of life stage,PATO,PATO:0001574,flow rate,A physical quality inhering in a bearer by virtue of the bearer's motion characteristic.,0.0947,FALSE
development time,mean duration of life stage as a function of rearing food type (secondstressor) and temperature,OBA,OBA:0002217,embryo development rate,The rate of a embryo development.,0.3261,FALSE
development time,mean duration of life stage as a function of rearing food type (secondstressor) and temperature,OBA,OBA:0003600,artery development rate,The rate of a artery development.,0.2121,FALSE
development time,mean duration of life stage as a function of rearing food type (secondstressor) and temperature,OBA,OBA:0004100,blastocyst development morphology,The morphology of a blastocyst development.,0.1523,FALSE
development time,mean duration of life stage as a function of rearing food type (secondstressor) and temperature,OBA,OBA:0004352,spermatid development occurrence,The occurrence of a spermatid development.,0.1921,FALSE
development time,mean duration of life stage as a function of rearing food type (secondstressor) and temperature,OBA,OBA:1000796,cloaca development quality,The quality of a cloaca development.,0.2834,FALSE
development time,mean duration of life stage as a function of rearing food type (secondstressor) and temperature,PATO,PATO:0000165,time,A quality in which events occur in sequence.,0.1274,FALSE
development time,mean duration of life stage as a function of rearing food type (secondstressor) and temperature,PATO,PATO:0000498,increased duration,A duration quality of a process which is relatively high.,0.3006,FALSE
development time,mean duration of life stage as a function of rearing food type (secondstressor) and temperature,PATO,PATO:0000499,decreased duration,A duration quality of a process which is relatively low.,0.2932,FALSE
development time,mean duration of life stage as a function of rearing food type (secondstressor) and temperature,PATO,PATO:0001309,duration,A process quality inhering in a bearer by virtue of the bearer's magnitude of the temporal extent between the starting and ending point.,0.2289,FALSE
development time,mean duration of life stage as a function of rearing food type (secondstressor) and temperature,PATO,PATO:0040049,male with DSD,A biological sex quality inhering in an individual or a population who are otherwise male of a non-hermaphroditic species who has ambiguous or atypical congenital development of the reproductive system.,0.2048,FALSE
development time,nymphal development time,OBA,OBA:0002217,embryo development rate,The rate of a embryo development.,0.4298,FALSE
development time,nymphal development time,OBA,OBA:0003600,artery development rate,The rate of a artery development.,0.2726,FALSE
development time,nymphal development time,OBA,OBA:0004100,blastocyst development morphology,The morphology of a blastocyst development.,0.2977,FALSE
development time,nymphal development time,OBA,OBA:0004352,spermatid development occurrence,The occurrence of a spermatid development.,0.2908,FALSE
development time,nymphal development time,OBA,OBA:1000796,cloaca development quality,The quality of a cloaca development.,0.294,FALSE
development time,nymphal development time,PATO,PATO:0000165,time,A quality in which events occur in sequence.,0.1373,FALSE
development time,nymphal development time,PATO,PATO:0000498,increased duration,A duration quality of a process which is relatively high.,0.237,FALSE
development time,nymphal development time,PATO,PATO:0000499,decreased duration,A duration quality of a process which is relatively low.,0.2431,FALSE
development time,nymphal development time,PATO,PATO:0001309,duration,A process quality inhering in a bearer by virtue of the bearer's magnitude of the temporal extent between the starting and ending point.,0.1886,FALSE
development time,nymphal development time,PATO,PATO:0040049,male with DSD,A biological sex quality inhering in an individual or a population who are otherwise male of a non-hermaphroditic species who has ambiguous or atypical congenital development of the reproductive system.,0.1783,FALSE
developmental time,number of days at each developmental stage,OBA,OBA:0002199,developmental process onset quality,The onset quality of a developmental process.,0.3435,FALSE
developmental time,number of days at each developmental stage,OBA,OBA:2041354,level of developmental pluripotency-associated protein 4 in blood serum,The amount of a developmental pluripotency-associated protein 4 when measured in blood serum.,0.2769,FALSE
developmental time,number of days at each developmental stage,OBA,OBA:2041986,level of interferon-related developmental regulator 1 in blood serum,The amount of a interferon-related developmental regulator 1 when measured in blood serum.,0.2338,FALSE
developmental time,number of days at each developmental stage,OBA,OBA:2055948,level of interferon-related developmental regulator 1 (human) in cerebrospinal fluid,The amount of a interferon-related developmental regulator 1 (human) when measured in cerebrospinal fluid.,0.2356,FALSE
developmental time,number of days at each developmental stage,OBA,OBA:2059480,level of developmental pluripotency-associated protein 4 (human) in cerebrospinal fluid,The amount of a developmental pluripotency-associated protein 4 (human) when measured in cerebrospinal fluid.,0.2861,FALSE
developmental time,number of days at each developmental stage,PATO,PATO:0000165,time,A quality in which events occur in sequence.,0.141,FALSE
developmental time,number of days at each developmental stage,PATO,PATO:0000498,increased duration,A duration quality of a process which is relatively high.,0.2412,FALSE
developmental time,number of days at each developmental stage,PATO,PATO:0000499,decreased duration,A duration quality of a process which is relatively low.,0.2333,FALSE
developmental time,number of days at each developmental stage,PATO,PATO:0001309,duration,A process quality inhering in a bearer by virtue of the bearer's magnitude of the temporal extent between the starting and ending point.,0.1791,FALSE
developmental time,number of days at each developmental stage,PATO,GO:0021700,developmental maturation,"A developmental process, independent of morphogenetic (shape) change, that is required for an anatomical structure, cell or cellular component to attain its fully functional state.",0.3479,FALSE
development time,mean nymphal development time,OBA,OBA:0002217,embryo development rate,The rate of a embryo development.,0.4006,FALSE
development time,mean nymphal development time,OBA,OBA:0003600,artery development rate,The rate of a artery development.,0.2396,FALSE
development time,mean nymphal development time,OBA,OBA:0004100,blastocyst development morphology,The morphology of a blastocyst development.,0.2508,FALSE
development time,mean nymphal development time,OBA,OBA:0004352,spermatid development occurrence,The occurrence of a spermatid development.,0.2521,FALSE
development time,mean nymphal development time,OBA,OBA:1000796,cloaca development quality,The quality of a cloaca development.,0.2791,FALSE
development time,mean nymphal development time,PATO,PATO:0000165,time,A quality in which events occur in sequence.,0.1237,FALSE
development time,mean nymphal development time,PATO,PATO:0000498,increased duration,A duration quality of a process which is relatively high.,0.2339,FALSE
development time,mean nymphal development time,PATO,PATO:0000499,decreased duration,A duration quality of a process which is relatively low.,0.2446,FALSE
development time,mean nymphal development time,PATO,PATO:0001309,duration,A process quality inhering in a bearer by virtue of the bearer's magnitude of the temporal extent between the starting and ending point.,0.1688,FALSE
development time,mean nymphal development time,PATO,PATO:0040049,male with DSD,A biological sex quality inhering in an individual or a population who are otherwise male of a non-hermaphroditic species who has ambiguous or atypical congenital development of the reproductive system.,0.1886,FALSE
development time,mean duration of incubation period,OBA,OBA:0002217,embryo development rate,The rate of a embryo development.,0.2697,FALSE
development time,mean duration of incubation period,OBA,OBA:0003600,artery development rate,The rate of a artery development.,0.1414,FALSE
development time,mean duration of incubation period,OBA,OBA:0004100,blastocyst development morphology,The morphology of a blastocyst development.,0.1789,FALSE
development time,mean duration of incubation period,OBA,OBA:0004352,spermatid development occurrence,The occurrence of a spermatid development.,0.1843,FALSE
development time,mean duration of incubation period,OBA,OBA:1000796,cloaca development quality,The quality of a cloaca development.,0.1798,FALSE
development time,mean duration of incubation period,PATO,PATO:0000165,time,A quality in which events occur in sequence.,0.0892,FALSE
development time,mean duration of incubation period,PATO,PATO:0000498,increased duration,A duration quality of a process which is relatively high.,0.3118,FALSE
development time,mean duration of incubation period,PATO,PATO:0000499,decreased duration,A duration quality of a process which is relatively low.,0.3015,FALSE
development time,mean duration of incubation period,PATO,PATO:0001309,duration,A process quality inhering in a bearer by virtue of the bearer's magnitude of the temporal extent between the starting and ending point.,0.1762,FALSE
development time,mean duration of incubation period,PATO,PATO:0040049,male with DSD,A biological sex quality inhering in an individual or a population who are otherwise male of a non-hermaphroditic species who has ambiguous or atypical congenital development of the reproductive system.,0.0717,FALSE
development time,mean duration of attachment period,OBA,OBA:0002217,embryo development rate,The rate of a embryo development.,0.2443,FALSE
development time,mean duration of attachment period,OBA,OBA:0003600,artery development rate,The rate of a artery development.,0.1889,FALSE
development time,mean duration of attachment period,OBA,OBA:0004100,blastocyst development morphology,The morphology of a blastocyst development.,0.1396,FALSE
development time,mean duration of attachment period,OBA,OBA:0004352,spermatid development occurrence,The occurrence of a spermatid development.,0.1532,FALSE
development time,mean duration of attachment period,OBA,OBA:1000796,cloaca development quality,The quality of a cloaca development.,0.1512,FALSE
development time,mean duration of attachment period,PATO,PATO:0000165,time,A quality in which events occur in sequence.,0.0922,FALSE
development time,mean duration of attachment period,PATO,PATO:0000498,increased duration,A duration quality of a process which is relatively high.,0.329,FALSE
development time,mean duration of attachment period,PATO,PATO:0000499,decreased duration,A duration quality of a process which is relatively low.,0.3096,FALSE
development time,mean duration of attachment period,PATO,PATO:0001309,duration,A process quality inhering in a bearer by virtue of the bearer's magnitude of the temporal extent between the starting and ending point.,0.2492,FALSE
development time,mean duration of attachment period,PATO,PATO:0040049,male with DSD,A biological sex quality inhering in an individual or a population who are otherwise male of a non-hermaphroditic species who has ambiguous or atypical congenital development of the reproductive system.,0.0677,FALSE
development time,mean duration of premoulting period,OBA,OBA:0002217,embryo development rate,The rate of a embryo development.,0.306,FALSE
development time,mean duration of premoulting period,OBA,OBA:0003600,artery development rate,The rate of a artery development.,0.1658,FALSE
development time,mean duration of premoulting period,OBA,OBA:0004100,blastocyst development morphology,The morphology of a blastocyst development.,0.1933,FALSE
development time,mean duration of premoulting period,OBA,OBA:0004352,spermatid development occurrence,The occurrence of a spermatid development.,0.2385,FALSE
development time,mean duration of premoulting period,OBA,OBA:1000796,cloaca development quality,The quality of a cloaca development.,0.2561,FALSE
development time,mean duration of premoulting period,PATO,PATO:0000165,time,A quality in which events occur in sequence.,0.0878,FALSE
development time,mean duration of premoulting period,PATO,PATO:0000498,increased duration,A duration quality of a process which is relatively high.,0.3072,FALSE
development time,mean duration of premoulting period,PATO,PATO:0000499,decreased duration,A duration quality of a process which is relatively low.,0.3079,FALSE
development time,mean duration of premoulting period,PATO,PATO:0001309,duration,A process quality inhering in a bearer by virtue of the bearer's magnitude of the temporal extent between the starting and ending point.,0.1965,FALSE
development time,mean duration of premoulting period,PATO,PATO:0040049,male with DSD,A biological sex quality inhering in an individual or a population who are otherwise male of a non-hermaphroditic species who has ambiguous or atypical congenital development of the reproductive system.,0.1636,FALSE
Development time,Mean time from engorgement to moulting,OBA,OBA:0002217,embryo development rate,The rate of a embryo development.,0.3671,FALSE
Development time,Mean time from engorgement to moulting,OBA,OBA:0003600,artery development rate,The rate of a artery development.,0.2479,FALSE
Development time,Mean time from engorgement to moulting,OBA,OBA:0004100,blastocyst development morphology,The morphology of a blastocyst development.,0.2495,FALSE
Development time,Mean time from engorgement to moulting,OBA,OBA:0004352,spermatid development occurrence,The occurrence of a spermatid development.,0.262,FALSE
Development time,Mean time from engorgement to moulting,OBA,OBA:1000796,cloaca development quality,The quality of a cloaca development.,0.2867,FALSE
Development time,Mean time from engorgement to moulting,PATO,PATO:0000165,time,A quality in which events occur in sequence.,0.1318,FALSE
Development time,Mean time from engorgement to moulting,PATO,PATO:0000498,increased duration,A duration quality of a process which is relatively high.,0.2361,FALSE
Development time,Mean time from engorgement to moulting,PATO,PATO:0000499,decreased duration,A duration quality of a process which is relatively low.,0.2482,FALSE
Development time,Mean time from engorgement to moulting,PATO,PATO:0001309,duration,A process quality inhering in a bearer by virtue of the bearer's magnitude of the temporal extent between the starting and ending point.,0.1996,FALSE
Development time,Mean time from engorgement to moulting,PATO,PATO:0040049,male with DSD,A biological sex quality inhering in an individual or a population who are otherwise male of a non-hermaphroditic species who has ambiguous or atypical congenital development of the reproductive system.,0.142,FALSE
longevity,mean duration of life stage,OBA,OBA:VT0005372,life span determination trait,The process quality of a determination of adult lifespan.,0.4739,FALSE
longevity,median duration of life stage,OBA,OBA:VT0005372,life span determination trait,The process quality of a determination of adult lifespan.,0.4697,FALSE
mortality,percent not surviving life stage,OBA,OBA:2050757,level of mortality factor 4-like protein 1 in blood,The amount of a mortality factor 4-like protein 1 when measured in blood.,0.25,FALSE
mortality,percent not surviving life stage,OBA,OBA:2050758,level of mortality factor 4-like protein 2 in blood,The amount of a mortality factor 4-like protein 2 when measured in blood.,0.243,FALSE
mortality,percent not surviving life stage,OBA,OBA:2042401,level of mortality factor 4-like protein 1 in blood serum,The amount of a mortality factor 4-like protein 1 when measured in blood serum.,0.2512,FALSE
mortality,percent not surviving life stage,OBA,OBA:2042402,level of mortality factor 4-like protein 2 in blood serum,The amount of a mortality factor 4-like protein 2 when measured in blood serum.,0.2411,FALSE
mortality,percent not surviving life stage,OBA,OBA:2058865,level of mortality factor 4-like protein 2 (human) in cerebrospinal fluid,The amount of a mortality factor 4-like protein 2 (human) when measured in cerebrospinal fluid.,0.2253,FALSE
longevity,median adult lifespan,OBA,OBA:VT0005372,life span determination trait,The process quality of a determination of adult lifespan.,0.5089,FALSE
mortality rate,mean per capita rate of mortality during life stage,OBA,OBA:0002011,micturition rate,The rate of a micturition.,0.2473,FALSE
mortality rate,mean per capita rate of mortality during life stage,OBA,OBA:0002200,reflex rate,The rate of a reflex.,0.2146,FALSE
mortality rate,mean per capita rate of mortality during life stage,OBA,OBA:0002672,gluconeogenesis rate,The rate of a gluconeogenesis.,0.1919,FALSE
mortality rate,mean per capita rate of mortality during life stage,OBA,OBA:0002850,spermatogenesis rate,The rate of a spermatogenesis.,0.3046,FALSE
mortality rate,mean per capita rate of mortality during life stage,OBA,OBA:0003172,anagen rate,The rate of a anagen.,0.2543,FALSE
mortality rate,mean per capita rate of mortality during life stage,PATO,PATO:0000161,rate,A quality of a single process inhering in a bearer by virtue of the bearer's occurrence per unit time.,0.2421,FALSE
mortality rate,mean per capita rate of mortality during life stage,PATO,PATO:0000911,decreased rate,A rate which is relatively low.,0.3359,FALSE
mortality rate,mean per capita rate of mortality during life stage,PATO,PATO:0000912,increased rate,A rate which is relatively high.,0.3192,FALSE
mortality rate,mean per capita rate of mortality during life stage,PATO,PATO:0001492,growth rate,The rate or speed of the change in size of an individual entity or change in number of a population.,0.2801,FALSE
mortality rate,mean per capita rate of mortality during life stage,PATO,PATO:0001574,flow rate,A physical quality inhering in a bearer by virtue of the bearer's motion characteristic.,0.0944,FALSE
mortality,mean duration of life stage,OBA,OBA:2050757,level of mortality factor 4-like protein 1 in blood,The amount of a mortality factor 4-like protein 1 when measured in blood.,0.1571,FALSE
mortality,mean duration of life stage,OBA,OBA:2050758,level of mortality factor 4-like protein 2 in blood,The amount of a mortality factor 4-like protein 2 when measured in blood.,0.1592,FALSE
mortality,mean duration of life stage,OBA,OBA:2042401,level of mortality factor 4-like protein 1 in blood serum,The amount of a mortality factor 4-like protein 1 when measured in blood serum.,0.1554,FALSE
mortality,mean duration of life stage,OBA,OBA:2042402,level of mortality factor 4-like protein 2 in blood serum,The amount of a mortality factor 4-like protein 2 when measured in blood serum.,0.1563,FALSE
mortality,mean duration of life stage,OBA,OBA:2058865,level of mortality factor 4-like protein 2 (human) in cerebrospinal fluid,The amount of a mortality factor 4-like protein 2 (human) when measured in cerebrospinal fluid.,0.1655,FALSE
mortality,cummulative mortality percentage across immature stages,OBA,OBA:2050757,level of mortality factor 4-like protein 1 in blood,The amount of a mortality factor 4-like protein 1 when measured in blood.,0.3042,FALSE
mortality,cummulative mortality percentage across immature stages,OBA,OBA:2050758,level of mortality factor 4-like protein 2 in blood,The amount of a mortality factor 4-like protein 2 when measured in blood.,0.2991,FALSE
mortality,cummulative mortality percentage across immature stages,OBA,OBA:2042401,level of mortality factor 4-like protein 1 in blood serum,The amount of a mortality factor 4-like protein 1 when measured in blood serum.,0.3006,FALSE
mortality,cummulative mortality percentage across immature stages,OBA,OBA:2042402,level of mortality factor 4-like protein 2 in blood serum,The amount of a mortality factor 4-like protein 2 when measured in blood serum.,0.2937,FALSE
mortality,cummulative mortality percentage across immature stages,OBA,OBA:2058865,level of mortality factor 4-like protein 2 (human) in cerebrospinal fluid,The amount of a mortality factor 4-like protein 2 (human) when measured in cerebrospinal fluid.,0.2906,FALSE
mortality,proportion not surviving life stage,OBA,OBA:2050757,level of mortality factor 4-like protein 1 in blood,The amount of a mortality factor 4-like protein 1 when measured in blood.,0.2552,FALSE
mortality,proportion not surviving life stage,OBA,OBA:2050758,level of mortality factor 4-like protein 2 in blood,The amount of a mortality factor 4-like protein 2 when measured in blood.,0.251,FALSE
mortality,proportion not surviving life stage,OBA,OBA:2042401,level of mortality factor 4-like protein 1 in blood serum,The amount of a mortality factor 4-like protein 1 when measured in blood serum.,0.2555,FALSE
mortality,proportion not surviving life stage,OBA,OBA:2042402,level of mortality factor 4-like protein 2 in blood serum,The amount of a mortality factor 4-like protein 2 when measured in blood serum.,0.2462,FALSE
mortality,proportion not surviving life stage,OBA,OBA:2058865,level of mortality factor 4-like protein 2 (human) in cerebrospinal fluid,The amount of a mortality factor 4-like protein 2 (human) when measured in cerebrospinal fluid.,0.2328,FALSE
mortality,time to 50% mortality,OBA,OBA:2050757,level of mortality factor 4-like protein 1 in blood,The amount of a mortality factor 4-like protein 1 when measured in blood.,0.3094,FALSE
mortality,time to 50% mortality,OBA,OBA:2050758,level of mortality factor 4-like protein 2 in blood,The amount of a mortality factor 4-like protein 2 when measured in blood.,0.312,FALSE
mortality,time to 50% mortality,OBA,OBA:2042401,level of mortality factor 4-like protein 1 in blood serum,The amount of a mortality factor 4-like protein 1 when measured in blood serum.,0.3088,FALSE
mortality,time to 50% mortality,OBA,OBA:2042402,level of mortality factor 4-like protein 2 in blood serum,The amount of a mortality factor 4-like protein 2 when measured in blood serum.,0.3107,FALSE
mortality,time to 50% mortality,OBA,OBA:2058865,level of mortality factor 4-like protein 2 (human) in cerebrospinal fluid,The amount of a mortality factor 4-like protein 2 (human) when measured in cerebrospinal fluid.,0.3042,FALSE
mortality rate,mean death rate during life stage,OBA,OBA:0002011,micturition rate,The rate of a micturition.,0.2229,FALSE
mortality rate,mean death rate during life stage,OBA,OBA:0002200,reflex rate,The rate of a reflex.,0.214,FALSE
mortality rate,mean death rate during life stage,OBA,OBA:0002672,gluconeogenesis rate,The rate of a gluconeogenesis.,0.1767,FALSE
mortality rate,mean death rate during life stage,OBA,OBA:0002850,spermatogenesis rate,The rate of a spermatogenesis.,0.2908,FALSE
mortality rate,mean death rate during life stage,OBA,OBA:0003172,anagen rate,The rate of a anagen.,0.2696,FALSE
mortality rate,mean death rate during life stage,PATO,PATO:0000161,rate,A quality of a single process inhering in a bearer by virtue of the bearer's occurrence per unit time.,0.2096,FALSE
mortality rate,mean death rate during life stage,PATO,PATO:0000911,decreased rate,A rate which is relatively low.,0.3136,FALSE
mortality rate,mean death rate during life stage,PATO,PATO:0000912,increased rate,A rate which is relatively high.,0.3097,FALSE
mortality rate,mean death rate during life stage,PATO,PATO:0001492,growth rate,The rate or speed of the change in size of an individual entity or change in number of a population.,0.2909,FALSE
mortality rate,mean death rate during life stage,PATO,PATO:0001574,flow rate,A physical quality inhering in a bearer by virtue of the bearer's motion characteristic.,0.0709,FALSE
longevity,individual-level duration of life stage,OBA,OBA:VT0005372,life span determination trait,The process quality of a determination of adult lifespan.,0.5186,FALSE
mortality rate,individual-level per capita daily rate of mortality,OBA,OBA:0002011,micturition rate,The rate of a micturition.,0.2611,FALSE
mortality rate,individual-level per capita daily rate of mortality,OBA,OBA:0002200,reflex rate,The rate of a reflex.,0.231,FALSE
mortality rate,individual-level per capita daily rate of mortality,OBA,OBA:0002672,gluconeogenesis rate,The rate of a gluconeogenesis.,0.2472,FALSE
mortality rate,individual-level per capita daily rate of mortality,OBA,OBA:0002850,spermatogenesis rate,The rate of a spermatogenesis.,0.254,FALSE
mortality rate,individual-level per capita daily rate of mortality,OBA,OBA:0003172,anagen rate,The rate of a anagen.,0.2271,FALSE
mortality rate,individual-level per capita daily rate of mortality,PATO,PATO:0000161,rate,A quality of a single process inhering in a bearer by virtue of the bearer's occurrence per unit time.,0.2829,FALSE
mortality rate,individual-level per capita daily rate of mortality,PATO,PATO:0000911,decreased rate,A rate which is relatively low.,0.3709,FALSE
mortality rate,individual-level per capita daily rate of mortality,PATO,PATO:0000912,increased rate,A rate which is relatively high.,0.3562,FALSE
mortality rate,individual-level per capita daily rate of mortality,PATO,PATO:0001492,growth rate,The rate or speed of the change in size of an individual entity or change in number of a population.,0.3154,FALSE
mortality rate,individual-level per capita daily rate of mortality,PATO,PATO:0001574,flow rate,A physical quality inhering in a bearer by virtue of the bearer's motion characteristic.,0.1258,FALSE
longevity,duration for 50% mortality,OBA,OBA:VT0005372,life span determination trait,The process quality of a determination of adult lifespan.,0.3664,FALSE
lifespan,mean duration of entire life,OBA,OBA:VT0005372,life span determination trait,The process quality of a determination of adult lifespan.,0.4568,FALSE
lifespan,mean duration of entire life,OBA,CHEBI:176497,geroprotector,"Any compound that supports healthy aging, slows the biological aging process, or extends lifespan.",0.2381,FALSE
lifespan,mean duration of entire life,OBA,HP:0031467,Dysregulated negative emotional state,"Manifestations may be conveyed through self-report or observed through behavior, allowing applicability across the lifespan and in individuals with limited verbal communication. This term refers to an observed negative emotional state rather than enduring traits of personality or temperament.",0.1615,FALSE
lifespan,mean duration of entire life,PATO,UBERON:0000104,life cycle,"An entire span of an organism's life. In metazoans, commences with the zygote stage and ends with the death of the organism.",0.429,FALSE
mortality (adult),mean duration for 100% mortality (unfed adults),OBA,OBA:2050757,level of mortality factor 4-like protein 1 in blood,The amount of a mortality factor 4-like protein 1 when measured in blood.,0.2348,FALSE
mortality (adult),mean duration for 100% mortality (unfed adults),OBA,OBA:2050758,level of mortality factor 4-like protein 2 in blood,The amount of a mortality factor 4-like protein 2 when measured in blood.,0.2349,FALSE
mortality (adult),mean duration for 100% mortality (unfed adults),OBA,OBA:2042401,level of mortality factor 4-like protein 1 in blood serum,The amount of a mortality factor 4-like protein 1 when measured in blood serum.,0.2269,FALSE
mortality (adult),mean duration for 100% mortality (unfed adults),OBA,OBA:2042402,level of mortality factor 4-like protein 2 in blood serum,The amount of a mortality factor 4-like protein 2 when measured in blood serum.,0.2258,FALSE
mortality (adult),mean duration for 100% mortality (unfed adults),OBA,OBA:1000037,adult organism mass,The mass of a adult organism.,0.3018,FALSE
mortality (adult),mean duration for 100% mortality (unfed adults),PATO,CL:0008017,adult skeletal muscle myoblast,"The vast majority of these cells develop from skeletal muscle satellite cells, although there are some reports of other origins.",0.08,FALSE
mortality (adult),mean duration for 100% mortality (unfed adults),PATO,UBERON:0000066,fully formed stage,"The stage of development at which the animal is fully formed, including immaturity and maturity. Includes both sexually immature stage, and adult stage.",0.2821,FALSE
mortality (adult),mean duration for 100% mortality (unfed adults),PATO,UBERON:0002200,vasculature of head,Vasculature that is part of a head [Automatically generated definition].,0.0071,FALSE
mortality (adult),mean duration for 100% mortality (unfed adults),PATO,UBERON:0003457,head bone,Different sources vary regarding which bones are craniofacial; e.g. hyoid bone,0.0955,FALSE
mortality (adult),mean duration for 100% mortality (unfed adults),PATO,UBERON:0003566,head connective tissue,A portion of connective tissue that is part of a head [Automatically generated definition].,0.0297,FALSE
longevity,mean duration of life stage as a function of body size,OBA,OBA:VT0005372,life span determination trait,The process quality of a determination of adult lifespan.,0.4074,FALSE
mortality,percentage not surviving life stage,OBA,OBA:2050757,level of mortality factor 4-like protein 1 in blood,The amount of a mortality factor 4-like protein 1 when measured in blood.,0.2592,FALSE
mortality,percentage not surviving life stage,OBA,OBA:2050758,level of mortality factor 4-like protein 2 in blood,The amount of a mortality factor 4-like protein 2 when measured in blood.,0.2561,FALSE
mortality,percentage not surviving life stage,OBA,OBA:2042401,level of mortality factor 4-like protein 1 in blood serum,The amount of a mortality factor 4-like protein 1 when measured in blood serum.,0.2625,FALSE
mortality,percentage not surviving life stage,OBA,OBA:2042402,level of mortality factor 4-like protein 2 in blood serum,The amount of a mortality factor 4-like protein 2 when measured in blood serum.,0.2553,FALSE
mortality,percentage not surviving life stage,OBA,OBA:2058865,level of mortality factor 4-like protein 2 (human) in cerebrospinal fluid,The amount of a mortality factor 4-like protein 2 (human) when measured in cerebrospinal fluid.,0.2388,FALSE
longevity,mean duration of life,OBA,OBA:VT0005372,life span determination trait,The process quality of a determination of adult lifespan.,0.4668,FALSE
mortality,mean percent not surviving life stage,OBA,OBA:2050757,level of mortality factor 4-like protein 1 in blood,The amount of a mortality factor 4-like protein 1 when measured in blood.,0.2423,FALSE
mortality,mean percent not surviving life stage,OBA,OBA:2050758,level of mortality factor 4-like protein 2 in blood,The amount of a mortality factor 4-like protein 2 when measured in blood.,0.2332,FALSE
mortality,mean percent not surviving life stage,OBA,OBA:2042401,level of mortality factor 4-like protein 1 in blood serum,The amount of a mortality factor 4-like protein 1 when measured in blood serum.,0.2477,FALSE
mortality,mean percent not surviving life stage,OBA,OBA:2042402,level of mortality factor 4-like protein 2 in blood serum,The amount of a mortality factor 4-like protein 2 when measured in blood serum.,0.2335,FALSE
mortality,mean percent not surviving life stage,OBA,OBA:2058865,level of mortality factor 4-like protein 2 (human) in cerebrospinal fluid,The amount of a mortality factor 4-like protein 2 (human) when measured in cerebrospinal fluid.,0.217,FALSE
longevity,percent not surviving life stage,OBA,OBA:VT0005372,life span determination trait,The process quality of a determination of adult lifespan.,0.4235,FALSE
longevity,mean rate of life stage completion,OBA,OBA:VT0005372,life span determination trait,The process quality of a determination of adult lifespan.,0.4224,FALSE
longevity,mean duration of life stage as a function of rearing food type (secondstressor) and temperature,OBA,OBA:VT0005372,life span determination trait,The process quality of a determination of adult lifespan.,0.377,FALSE
longevity,mean duration of adult lifespan as a function of temperature and the number of instars completed prior to reproductive adulthood (secondstressor),OBA,OBA:VT0005372,life span determination trait,The process quality of a determination of adult lifespan.,0.4695,FALSE
longevity (apterous),mean duration of life stage,OBA,OBA:VT0005372,life span determination trait,The process quality of a determination of adult lifespan.,0.4739,FALSE
longevity (alate),mean duration of life stage,OBA,OBA:VT0005372,life span determination trait,The process quality of a determination of adult lifespan.,0.4739,FALSE
adult longevity,lifespan over time,OBA,OBA:1000037,adult organism mass,The mass of a adult organism.,0.1964,FALSE
adult longevity,lifespan over time,OBA,OBA:2041551,level of fetal and adult testis-expressed transcript protein in blood serum,The amount of a fetal and adult testis-expressed transcript protein when measured in blood serum.,0.1443,FALSE
adult longevity,lifespan over time,OBA,OBA:2080239,level of fetal and adult testis-expressed transcript protein (human) in cerebrospinal fluid,The amount of a fetal and adult testis-expressed transcript protein (human) when measured in cerebrospinal fluid.,0.1707,FALSE
adult longevity,lifespan over time,OBA,OBA:VT0005372,life span determination trait,The process quality of a determination of adult lifespan.,0.473,FALSE
adult longevity,lifespan over time,PATO,CL:0008017,adult skeletal muscle myoblast,"The vast majority of these cells develop from skeletal muscle satellite cells, although there are some reports of other origins.",0.0821,FALSE
adult longevity,lifespan over time,PATO,UBERON:0000066,fully formed stage,"The stage of development at which the animal is fully formed, including immaturity and maturity. Includes both sexually immature stage, and adult stage.",0.2314,FALSE
adult longevity,lifespan over time,PATO,UBERON:0002200,vasculature of head,Vasculature that is part of a head [Automatically generated definition].,0.0441,FALSE
adult longevity,lifespan over time,PATO,UBERON:0003457,head bone,Different sources vary regarding which bones are craniofacial; e.g. hyoid bone,0.1072,FALSE
adult longevity,lifespan over time,PATO,UBERON:0003566,head connective tissue,A portion of connective tissue that is part of a head [Automatically generated definition].,0.0683,FALSE
mean longevity,mean lifespan in days,OBA,HP:0005537,Decreased mean platelet volume,"Mean platelet volume (MPV) is a measure of the average size of platelets, with a typical reference range of 7.5 to 11.5 femtoliters (fL).",0.1585,FALSE
mean longevity,mean lifespan in days,OBA,HP:0011877,Increased mean platelet volume,"Mean platelet volume (MPV) is a measure of the average size of platelets, with a typical reference range of 7.5 to 11.5 femtoliters (fL).",0.1581,FALSE
mean longevity,mean lifespan in days,OBA,OBA:VT0005372,life span determination trait,The process quality of a determination of adult lifespan.,0.436,FALSE
mean longevity,mean lifespan in days,OBA,OBA:0003277,platelet volume,The volume of a platelet.,0.1275,FALSE
mean longevity,mean lifespan in days,OBA,OBA:0003460,erythrocyte volume,The volume of a erythrocyte.,0.0966,FALSE
mean longevity,mean lifespan in days,PATO,PATO:0040060,absence of anatomical entity,"Absence of anatomical entity should only be used when all of the entity is absent. For example, absent teeth would mean all teeth are absent not some teeth are absent.",0.0691,FALSE
mean longevity,mean lifespan in days,PATO,PATO:0103004,total amount,"A quantitative quality that represents the sum of all 'amount' qualities of the component parts that constitute a whole entity. The total amount quality inheres in the whole entity and reflects the aggregate measure across all its components, such that changes in the amount of individual components may not necessarily correspond to equivalent changes in the total amount of the whole.

Example of usage: ""blood total protein amount"" represents the sum of the amounts of all protein types in blood, while ""blood leptin amount"" represents only the amount of leptin proteins. An increase in blood leptin amount does not necessarily mean an increase in blood total protein amount, as other protein levels may decrease simultaneously.",0.0874,FALSE
mean longevity,mean lifespan in days,PATO,PATO:0103001,total mass,"A quantitative quality that represents the sum of all 'mass' qualities of the component parts that constitute a whole entity. The total mass quality inheres in the whole entity and reflects the aggregate measure of mass across all its components, such that changes in the mass of individual components may not necessarily correspond to equivalent changes in the total mass of the whole.

Example of usage: ""total body mass"" represents the sum of the masses of all tissues and organs in the body, while ""liver mass"" represents only the mass of the liver. An increase in liver mass does not necessarily mean an increase in total body mass, as the mass of other organs or tissues may decrease simultaneously.",0.1012,FALSE
mean longevity,mean lifespan in days,PATO,GO:0030323,respiratory tube development,"The process whose specific outcome is the progression of the respiratory tube over time, from its formation to the mature structure. The respiratory tube is assumed to mean any tube in the respiratory tract.",0.1125,FALSE
mean longevity,mean lifespan in days,PATO,GO:0030133,transport vesicle,"Note that the term 'secretory vesicle' is sometimes used in this sense, but can also mean 'secretory granule ; GO:0030141'.",0.0433,FALSE
Longevity,"sum of all life stage periods in study (pre-reproductive, reproductive, and post-reproductive)",OBA,OBA:VT0005372,life span determination trait,The process quality of a determination of adult lifespan.,0.3918,FALSE
longevity,individual-level duration of adult female life stage,OBA,OBA:VT0005372,life span determination trait,The process quality of a determination of adult lifespan.,0.5157,FALSE
survival,proportion surviving life stage,OBA,OBA:2044232,level of survival motor neuron protein in blood serum,The amount of a survival motor neuron protein when measured in blood serum.,0.244,FALSE
survival,proportion surviving life stage,OBA,OBA:2059004,level of survival motor neuron protein (human) in cerebrospinal fluid,The amount of a survival motor neuron protein (human) when measured in cerebrospinal fluid.,0.2539,FALSE
survival,proportion surviving life stage,OBA,OBA:2050909,level of survival of motor neuron-related-splicing factor 30 in blood,The amount of a survival of motor neuron-related-splicing factor 30 when measured in blood.,0.2533,FALSE
survival,proportion surviving life stage,OBA,OBA:2043556,level of survival of motor neuron-related-splicing factor 30 in blood serum,The amount of a survival of motor neuron-related-splicing factor 30 when measured in blood serum.,0.2491,FALSE
survival,proportion surviving life stage,OBA,OBA:2056414,level of survival of motor neuron-related-splicing factor 30 (human) in cerebrospinal fluid,The amount of a survival of motor neuron-related-splicing factor 30 (human) when measured in cerebrospinal fluid.,0.2483,FALSE
survival,proportion surviving life stage,PATO,PATO:0000718,lethal (sensu genetics),A viability quality inhering in a population by virtue of the bearer's long term survival inability.,0.3553,FALSE
survival,proportion surviving life stage,PATO,PATO:0000719,viable,A viability quality inhering in a bearer or a population by virtue of the bearer's ability to survive or the long term survival ability of a given population.,0.3555,FALSE
survival,proportion surviving life stage,PATO,GO:0043066,negative regulation of apoptotic process,"This term should only be used when it is not possible to determine which phase or subtype of the apoptotic process is negatively regulated by a gene product. Whenever detailed information is available, the more granular children terms should be used.",0.1931,FALSE
survival,proportion surviving life stage,PATO,GO:0043524,negative regulation of neuron apoptotic process,"Any process that stops, prevents, or reduces the frequency, rate or extent of cell death by apoptotic process in neurons.",0.2177,FALSE
survival,proportion surviving life stage,PATO,CHEBI:38323,cholinergic drug,"Any drug used for its actions on cholinergic systems. Included here are agonists and antagonists, drugs that affect the life cycle of acetylcholine, and drugs that affect the survival of cholinergic neurons.",0.0936,FALSE
survival,percent surviving life stage,OBA,OBA:2044232,level of survival motor neuron protein in blood serum,The amount of a survival motor neuron protein when measured in blood serum.,0.2601,FALSE
survival,percent surviving life stage,OBA,OBA:2059004,level of survival motor neuron protein (human) in cerebrospinal fluid,The amount of a survival motor neuron protein (human) when measured in cerebrospinal fluid.,0.2626,FALSE
survival,percent surviving life stage,OBA,OBA:2050909,level of survival of motor neuron-related-splicing factor 30 in blood,The amount of a survival of motor neuron-related-splicing factor 30 when measured in blood.,0.2723,FALSE
survival,percent surviving life stage,OBA,OBA:2043556,level of survival of motor neuron-related-splicing factor 30 in blood serum,The amount of a survival of motor neuron-related-splicing factor 30 when measured in blood serum.,0.2752,FALSE
survival,percent surviving life stage,OBA,OBA:2056414,level of survival of motor neuron-related-splicing factor 30 (human) in cerebrospinal fluid,The amount of a survival of motor neuron-related-splicing factor 30 (human) when measured in cerebrospinal fluid.,0.2687,FALSE
survival,percent surviving life stage,PATO,PATO:0000718,lethal (sensu genetics),A viability quality inhering in a population by virtue of the bearer's long term survival inability.,0.3336,FALSE
survival,percent surviving life stage,PATO,PATO:0000719,viable,A viability quality inhering in a bearer or a population by virtue of the bearer's ability to survive or the long term survival ability of a given population.,0.3306,FALSE
survival,percent surviving life stage,PATO,GO:0043066,negative regulation of apoptotic process,"This term should only be used when it is not possible to determine which phase or subtype of the apoptotic process is negatively regulated by a gene product. Whenever detailed information is available, the more granular children terms should be used.",0.1959,FALSE
survival,percent surviving life stage,PATO,GO:0043524,negative regulation of neuron apoptotic process,"Any process that stops, prevents, or reduces the frequency, rate or extent of cell death by apoptotic process in neurons.",0.1928,FALSE
survival,percent surviving life stage,PATO,CHEBI:38323,cholinergic drug,"Any drug used for its actions on cholinergic systems. Included here are agonists and antagonists, drugs that affect the life cycle of acetylcholine, and drugs that affect the survival of cholinergic neurons.",0.101,FALSE
survival rate,percent surviving life stage,OBA,OBA:0002011,micturition rate,The rate of a micturition.,0.1067,FALSE
survival rate,percent surviving life stage,OBA,OBA:0002200,reflex rate,The rate of a reflex.,0.1392,FALSE
survival rate,percent surviving life stage,OBA,OBA:0002672,gluconeogenesis rate,The rate of a gluconeogenesis.,0.119,FALSE
survival rate,percent surviving life stage,OBA,OBA:0002850,spermatogenesis rate,The rate of a spermatogenesis.,0.2254,FALSE
survival rate,percent surviving life stage,OBA,OBA:0003172,anagen rate,The rate of a anagen.,0.2317,FALSE
survival rate,percent surviving life stage,PATO,PATO:0000161,rate,A quality of a single process inhering in a bearer by virtue of the bearer's occurrence per unit time.,0.1536,FALSE
survival rate,percent surviving life stage,PATO,PATO:0000911,decreased rate,A rate which is relatively low.,0.2371,FALSE
survival rate,percent surviving life stage,PATO,PATO:0000912,increased rate,A rate which is relatively high.,0.2358,FALSE
survival rate,percent surviving life stage,PATO,PATO:0001492,growth rate,The rate or speed of the change in size of an individual entity or change in number of a population.,0.1887,FALSE
survival rate,percent surviving life stage,PATO,PATO:0001574,flow rate,A physical quality inhering in a bearer by virtue of the bearer's motion characteristic.,0.0379,FALSE
survival,proportion of individuals surviving life stage (emergence rate),OBA,OBA:2044232,level of survival motor neuron protein in blood serum,The amount of a survival motor neuron protein when measured in blood serum.,0.209,FALSE
survival,proportion of individuals surviving life stage (emergence rate),OBA,OBA:2059004,level of survival motor neuron protein (human) in cerebrospinal fluid,The amount of a survival motor neuron protein (human) when measured in cerebrospinal fluid.,0.2136,FALSE
survival,proportion of individuals surviving life stage (emergence rate),OBA,OBA:2050909,level of survival of motor neuron-related-splicing factor 30 in blood,The amount of a survival of motor neuron-related-splicing factor 30 when measured in blood.,0.2231,FALSE
survival,proportion of individuals surviving life stage (emergence rate),OBA,OBA:2043556,level of survival of motor neuron-related-splicing factor 30 in blood serum,The amount of a survival of motor neuron-related-splicing factor 30 when measured in blood serum.,0.2212,FALSE
survival,proportion of individuals surviving life stage (emergence rate),OBA,OBA:2056414,level of survival of motor neuron-related-splicing factor 30 (human) in cerebrospinal fluid,The amount of a survival of motor neuron-related-splicing factor 30 (human) when measured in cerebrospinal fluid.,0.2191,FALSE
survival,proportion of individuals surviving life stage (emergence rate),PATO,PATO:0000718,lethal (sensu genetics),A viability quality inhering in a population by virtue of the bearer's long term survival inability.,0.3417,FALSE
survival,proportion of individuals surviving life stage (emergence rate),PATO,PATO:0000719,viable,A viability quality inhering in a bearer or a population by virtue of the bearer's ability to survive or the long term survival ability of a given population.,0.3359,FALSE
survival,proportion of individuals surviving life stage (emergence rate),PATO,GO:0043066,negative regulation of apoptotic process,"This term should only be used when it is not possible to determine which phase or subtype of the apoptotic process is negatively regulated by a gene product. Whenever detailed information is available, the more granular children terms should be used.",0.2054,FALSE
survival,proportion of individuals surviving life stage (emergence rate),PATO,GO:0043524,negative regulation of neuron apoptotic process,"Any process that stops, prevents, or reduces the frequency, rate or extent of cell death by apoptotic process in neurons.",0.2202,FALSE
survival,proportion of individuals surviving life stage (emergence rate),PATO,CHEBI:38323,cholinergic drug,"Any drug used for its actions on cholinergic systems. Included here are agonists and antagonists, drugs that affect the life cycle of acetylcholine, and drugs that affect the survival of cholinergic neurons.",0.0732,FALSE
survival,percentage of individuals surviving life stage (emergence rate),OBA,OBA:2044232,level of survival motor neuron protein in blood serum,The amount of a survival motor neuron protein when measured in blood serum.,0.2187,FALSE
survival,percentage of individuals surviving life stage (emergence rate),OBA,OBA:2059004,level of survival motor neuron protein (human) in cerebrospinal fluid,The amount of a survival motor neuron protein (human) when measured in cerebrospinal fluid.,0.2186,FALSE
survival,percentage of individuals surviving life stage (emergence rate),OBA,OBA:2050909,level of survival of motor neuron-related-splicing factor 30 in blood,The amount of a survival of motor neuron-related-splicing factor 30 when measured in blood.,0.2343,FALSE
survival,percentage of individuals surviving life stage (emergence rate),OBA,OBA:2043556,level of survival of motor neuron-related-splicing factor 30 in blood serum,The amount of a survival of motor neuron-related-splicing factor 30 when measured in blood serum.,0.2351,FALSE
survival,percentage of individuals surviving life stage (emergence rate),OBA,OBA:2056414,level of survival of motor neuron-related-splicing factor 30 (human) in cerebrospinal fluid,The amount of a survival of motor neuron-related-splicing factor 30 (human) when measured in cerebrospinal fluid.,0.229,FALSE
survival,percentage of individuals surviving life stage (emergence rate),PATO,PATO:0000718,lethal (sensu genetics),A viability quality inhering in a population by virtue of the bearer's long term survival inability.,0.3506,FALSE
survival,percentage of individuals surviving life stage (emergence rate),PATO,PATO:0000719,viable,A viability quality inhering in a bearer or a population by virtue of the bearer's ability to survive or the long term survival ability of a given population.,0.3465,FALSE
survival,percentage of individuals surviving life stage (emergence rate),PATO,GO:0043066,negative regulation of apoptotic process,"This term should only be used when it is not possible to determine which phase or subtype of the apoptotic process is negatively regulated by a gene product. Whenever detailed information is available, the more granular children terms should be used.",0.2002,FALSE
survival,percentage of individuals surviving life stage (emergence rate),PATO,GO:0043524,negative regulation of neuron apoptotic process,"Any process that stops, prevents, or reduces the frequency, rate or extent of cell death by apoptotic process in neurons.",0.2157,FALSE
survival,percentage of individuals surviving life stage (emergence rate),PATO,CHEBI:38323,cholinergic drug,"Any drug used for its actions on cholinergic systems. Included here are agonists and antagonists, drugs that affect the life cycle of acetylcholine, and drugs that affect the survival of cholinergic neurons.",0.0782,FALSE
survival rate,mean percentage surviving life stage,OBA,OBA:0002011,micturition rate,The rate of a micturition.,0.1147,FALSE
survival rate,mean percentage surviving life stage,OBA,OBA:0002200,reflex rate,The rate of a reflex.,0.1443,FALSE
survival rate,mean percentage surviving life stage,OBA,OBA:0002672,gluconeogenesis rate,The rate of a gluconeogenesis.,0.1276,FALSE
survival rate,mean percentage surviving life stage,OBA,OBA:0002850,spermatogenesis rate,The rate of a spermatogenesis.,0.2349,FALSE
survival rate,mean percentage surviving life stage,OBA,OBA:0003172,anagen rate,The rate of a anagen.,0.2454,FALSE
survival rate,mean percentage surviving life stage,PATO,PATO:0000161,rate,A quality of a single process inhering in a bearer by virtue of the bearer's occurrence per unit time.,0.1617,FALSE
survival rate,mean percentage surviving life stage,PATO,PATO:0000911,decreased rate,A rate which is relatively low.,0.2398,FALSE
survival rate,mean percentage surviving life stage,PATO,PATO:0000912,increased rate,A rate which is relatively high.,0.2317,FALSE
survival rate,mean percentage surviving life stage,PATO,PATO:0001492,growth rate,The rate or speed of the change in size of an individual entity or change in number of a population.,0.2285,FALSE
survival rate,mean percentage surviving life stage,PATO,PATO:0001574,flow rate,A physical quality inhering in a bearer by virtue of the bearer's motion characteristic.,0.0306,FALSE
survival rate,percentage of ticks that survived the larval stage,OBA,OBA:0002011,micturition rate,The rate of a micturition.,0.1092,FALSE
survival rate,percentage of ticks that survived the larval stage,OBA,OBA:0002200,reflex rate,The rate of a reflex.,0.1896,FALSE
survival rate,percentage of ticks that survived the larval stage,OBA,OBA:0002672,gluconeogenesis rate,The rate of a gluconeogenesis.,0.123,FALSE
survival rate,percentage of ticks that survived the larval stage,OBA,OBA:0002850,spermatogenesis rate,The rate of a spermatogenesis.,0.1738,FALSE
survival rate,percentage of ticks that survived the larval stage,OBA,OBA:0003172,anagen rate,The rate of a anagen.,0.2562,FALSE
survival rate,percentage of ticks that survived the larval stage,PATO,PATO:0000161,rate,A quality of a single process inhering in a bearer by virtue of the bearer's occurrence per unit time.,0.1355,FALSE
survival rate,percentage of ticks that survived the larval stage,PATO,PATO:0000911,decreased rate,A rate which is relatively low.,0.2446,FALSE
survival rate,percentage of ticks that survived the larval stage,PATO,PATO:0000912,increased rate,A rate which is relatively high.,0.2491,FALSE
survival rate,percentage of ticks that survived the larval stage,PATO,PATO:0001492,growth rate,The rate or speed of the change in size of an individual entity or change in number of a population.,0.2009,FALSE
survival rate,percentage of ticks that survived the larval stage,PATO,PATO:0001574,flow rate,A physical quality inhering in a bearer by virtue of the bearer's motion characteristic.,0.0306,FALSE
survival rate,percentage of ticks that survived the larval moult,OBA,OBA:0002011,micturition rate,The rate of a micturition.,0.1636,FALSE
survival rate,percentage of ticks that survived the larval moult,OBA,OBA:0002200,reflex rate,The rate of a reflex.,0.1946,FALSE
survival rate,percentage of ticks that survived the larval moult,OBA,OBA:0002672,gluconeogenesis rate,The rate of a gluconeogenesis.,0.1293,FALSE
survival rate,percentage of ticks that survived the larval moult,OBA,OBA:0002850,spermatogenesis rate,The rate of a spermatogenesis.,0.1773,FALSE
survival rate,percentage of ticks that survived the larval moult,OBA,OBA:0003172,anagen rate,The rate of a anagen.,0.2698,FALSE
survival rate,percentage of ticks that survived the larval moult,PATO,PATO:0000161,rate,A quality of a single process inhering in a bearer by virtue of the bearer's occurrence per unit time.,0.1496,FALSE
survival rate,percentage of ticks that survived the larval moult,PATO,PATO:0000911,decreased rate,A rate which is relatively low.,0.2414,FALSE
survival rate,percentage of ticks that survived the larval moult,PATO,PATO:0000912,increased rate,A rate which is relatively high.,0.2443,FALSE
survival rate,percentage of ticks that survived the larval moult,PATO,PATO:0001492,growth rate,The rate or speed of the change in size of an individual entity or change in number of a population.,0.2209,FALSE
survival rate,percentage of ticks that survived the larval moult,PATO,PATO:0001574,flow rate,A physical quality inhering in a bearer by virtue of the bearer's motion characteristic.,0.0474,FALSE
survival rate,percentage of ticks that survived the nymphal moult,OBA,OBA:0002011,micturition rate,The rate of a micturition.,0.1758,FALSE
survival rate,percentage of ticks that survived the nymphal moult,OBA,OBA:0002200,reflex rate,The rate of a reflex.,0.2037,FALSE
survival rate,percentage of ticks that survived the nymphal moult,OBA,OBA:0002672,gluconeogenesis rate,The rate of a gluconeogenesis.,0.158,FALSE
survival rate,percentage of ticks that survived the nymphal moult,OBA,OBA:0002850,spermatogenesis rate,The rate of a spermatogenesis.,0.1989,FALSE
survival rate,percentage of ticks that survived the nymphal moult,OBA,OBA:0003172,anagen rate,The rate of a anagen.,0.2787,FALSE
survival rate,percentage of ticks that survived the nymphal moult,PATO,PATO:0000161,rate,A quality of a single process inhering in a bearer by virtue of the bearer's occurrence per unit time.,0.1366,FALSE
survival rate,percentage of ticks that survived the nymphal moult,PATO,PATO:0000911,decreased rate,A rate which is relatively low.,0.237,FALSE
survival rate,percentage of ticks that survived the nymphal moult,PATO,PATO:0000912,increased rate,A rate which is relatively high.,0.2522,FALSE
survival rate,percentage of ticks that survived the nymphal moult,PATO,PATO:0001492,growth rate,The rate or speed of the change in size of an individual entity or change in number of a population.,0.2284,FALSE
survival rate,percentage of ticks that survived the nymphal moult,PATO,PATO:0001574,flow rate,A physical quality inhering in a bearer by virtue of the bearer's motion characteristic.,0.0469,FALSE
survival rate,percentage of ticks that survived adult engorgement,OBA,OBA:0002011,micturition rate,The rate of a micturition.,0.1356,FALSE
survival rate,percentage of ticks that survived adult engorgement,OBA,OBA:0002200,reflex rate,The rate of a reflex.,0.1758,FALSE
survival rate,percentage of ticks that survived adult engorgement,OBA,OBA:0002672,gluconeogenesis rate,The rate of a gluconeogenesis.,0.1449,FALSE
survival rate,percentage of ticks that survived adult engorgement,OBA,OBA:0002850,spermatogenesis rate,The rate of a spermatogenesis.,0.17,FALSE
survival rate,percentage of ticks that survived adult engorgement,OBA,OBA:0003172,anagen rate,The rate of a anagen.,0.2597,FALSE
survival rate,percentage of ticks that survived adult engorgement,PATO,PATO:0000161,rate,A quality of a single process inhering in a bearer by virtue of the bearer's occurrence per unit time.,0.1266,FALSE
survival rate,percentage of ticks that survived adult engorgement,PATO,PATO:0000911,decreased rate,A rate which is relatively low.,0.2355,FALSE
survival rate,percentage of ticks that survived adult engorgement,PATO,PATO:0000912,increased rate,A rate which is relatively high.,0.2531,FALSE
survival rate,percentage of ticks that survived adult engorgement,PATO,PATO:0001492,growth rate,The rate or speed of the change in size of an individual entity or change in number of a population.,0.1857,FALSE
survival rate,percentage of ticks that survived adult engorgement,PATO,PATO:0001574,flow rate,A physical quality inhering in a bearer by virtue of the bearer's motion characteristic.,0.0164,FALSE
survival rate,percentage of ticks that survived the nymphal stage,OBA,OBA:0002011,micturition rate,The rate of a micturition.,0.1195,FALSE
survival rate,percentage of ticks that survived the nymphal stage,OBA,OBA:0002200,reflex rate,The rate of a reflex.,0.1942,FALSE
survival rate,percentage of ticks that survived the nymphal stage,OBA,OBA:0002672,gluconeogenesis rate,The rate of a gluconeogenesis.,0.1554,FALSE
survival rate,percentage of ticks that survived the nymphal stage,OBA,OBA:0002850,spermatogenesis rate,The rate of a spermatogenesis.,0.1892,FALSE
survival rate,percentage of ticks that survived the nymphal stage,OBA,OBA:0003172,anagen rate,The rate of a anagen.,0.2589,FALSE
survival rate,percentage of ticks that survived the nymphal stage,PATO,PATO:0000161,rate,A quality of a single process inhering in a bearer by virtue of the bearer's occurrence per unit time.,0.116,FALSE
survival rate,percentage of ticks that survived the nymphal stage,PATO,PATO:0000911,decreased rate,A rate which is relatively low.,0.2304,FALSE
survival rate,percentage of ticks that survived the nymphal stage,PATO,PATO:0000912,increased rate,A rate which is relatively high.,0.2452,FALSE
survival rate,percentage of ticks that survived the nymphal stage,PATO,PATO:0001492,growth rate,The rate or speed of the change in size of an individual entity or change in number of a population.,0.2009,FALSE
survival rate,percentage of ticks that survived the nymphal stage,PATO,PATO:0001574,flow rate,A physical quality inhering in a bearer by virtue of the bearer's motion characteristic.,0.0261,FALSE
survival rate,percentage of ticks that survived the adult stage,OBA,OBA:0002011,micturition rate,The rate of a micturition.,0.1178,FALSE
survival rate,percentage of ticks that survived the adult stage,OBA,OBA:0002200,reflex rate,The rate of a reflex.,0.1785,FALSE
survival rate,percentage of ticks that survived the adult stage,OBA,OBA:0002672,gluconeogenesis rate,The rate of a gluconeogenesis.,0.1125,FALSE
survival rate,percentage of ticks that survived the adult stage,OBA,OBA:0002850,spermatogenesis rate,The rate of a spermatogenesis.,0.1982,FALSE
survival rate,percentage of ticks that survived the adult stage,OBA,OBA:0003172,anagen rate,The rate of a anagen.,0.2536,FALSE
survival rate,percentage of ticks that survived the adult stage,PATO,PATO:0000161,rate,A quality of a single process inhering in a bearer by virtue of the bearer's occurrence per unit time.,0.135,FALSE
survival rate,percentage of ticks that survived the adult stage,PATO,PATO:0000911,decreased rate,A rate which is relatively low.,0.2302,FALSE
survival rate,percentage of ticks that survived the adult stage,PATO,PATO:0000912,increased rate,A rate which is relatively high.,0.2474,FALSE
survival rate,percentage of ticks that survived the adult stage,PATO,PATO:0001492,growth rate,The rate or speed of the change in size of an individual entity or change in number of a population.,0.195,FALSE
survival rate,percentage of ticks that survived the adult stage,PATO,PATO:0001574,flow rate,A physical quality inhering in a bearer by virtue of the bearer's motion characteristic.,0.0136,FALSE
survival rate,percentage of starved larval ticks that survived to the days listed,OBA,OBA:0002011,micturition rate,The rate of a micturition.,0.0828,FALSE
survival rate,percentage of starved larval ticks that survived to the days listed,OBA,OBA:0002200,reflex rate,The rate of a reflex.,0.1384,FALSE
survival rate,percentage of starved larval ticks that survived to the days listed,OBA,OBA:0002672,gluconeogenesis rate,The rate of a gluconeogenesis.,0.1196,FALSE
survival rate,percentage of starved larval ticks that survived to the days listed,OBA,OBA:0002850,spermatogenesis rate,The rate of a spermatogenesis.,0.177,FALSE
survival rate,percentage of starved larval ticks that survived to the days listed,OBA,OBA:0003172,anagen rate,The rate of a anagen.,0.2194,FALSE
survival rate,percentage of starved larval ticks that survived to the days listed,PATO,PATO:0000161,rate,A quality of a single process inhering in a bearer by virtue of the bearer's occurrence per unit time.,0.1009,FALSE
survival rate,percentage of starved larval ticks that survived to the days listed,PATO,PATO:0000911,decreased rate,A rate which is relatively low.,0.1835,FALSE
survival rate,percentage of starved larval ticks that survived to the days listed,PATO,PATO:0000912,increased rate,A rate which is relatively high.,0.1799,FALSE
survival rate,percentage of starved larval ticks that survived to the days listed,PATO,PATO:0001492,growth rate,The rate or speed of the change in size of an individual entity or change in number of a population.,0.1563,FALSE
survival rate,percentage of starved larval ticks that survived to the days listed,PATO,PATO:0001574,flow rate,A physical quality inhering in a bearer by virtue of the bearer's motion characteristic.,0.0024,FALSE
survival rate,percentage of ticks that survived at 5 degrees celcius,OBA,OBA:0002011,micturition rate,The rate of a micturition.,0.0994,FALSE
survival rate,percentage of ticks that survived at 5 degrees celcius,OBA,OBA:0002200,reflex rate,The rate of a reflex.,0.199,FALSE
survival rate,percentage of ticks that survived at 5 degrees celcius,OBA,OBA:0002672,gluconeogenesis rate,The rate of a gluconeogenesis.,0.1465,FALSE
survival rate,percentage of ticks that survived at 5 degrees celcius,OBA,OBA:0002850,spermatogenesis rate,The rate of a spermatogenesis.,0.205,FALSE
survival rate,percentage of ticks that survived at 5 degrees celcius,OBA,OBA:0003172,anagen rate,The rate of a anagen.,0.2241,FALSE
survival rate,percentage of ticks that survived at 5 degrees celcius,PATO,PATO:0000161,rate,A quality of a single process inhering in a bearer by virtue of the bearer's occurrence per unit time.,0.1148,FALSE
survival rate,percentage of ticks that survived at 5 degrees celcius,PATO,PATO:0000911,decreased rate,A rate which is relatively low.,0.2705,FALSE
survival rate,percentage of ticks that survived at 5 degrees celcius,PATO,PATO:0000912,increased rate,A rate which is relatively high.,0.2395,FALSE
survival rate,percentage of ticks that survived at 5 degrees celcius,PATO,PATO:0001492,growth rate,The rate or speed of the change in size of an individual entity or change in number of a population.,0.182,FALSE
survival rate,percentage of ticks that survived at 5 degrees celcius,PATO,PATO:0001574,flow rate,A physical quality inhering in a bearer by virtue of the bearer's motion characteristic.,0.0367,FALSE
survival rate,percentage of ticks that survived at 17 degrees celcius,OBA,OBA:0002011,micturition rate,The rate of a micturition.,0.1104,FALSE
survival rate,percentage of ticks that survived at 17 degrees celcius,OBA,OBA:0002200,reflex rate,The rate of a reflex.,0.2085,FALSE
survival rate,percentage of ticks that survived at 17 degrees celcius,OBA,OBA:0002672,gluconeogenesis rate,The rate of a gluconeogenesis.,0.1388,FALSE
survival rate,percentage of ticks that survived at 17 degrees celcius,OBA,OBA:0002850,spermatogenesis rate,The rate of a spermatogenesis.,0.2125,FALSE
survival rate,percentage of ticks that survived at 17 degrees celcius,OBA,OBA:0003172,anagen rate,The rate of a anagen.,0.2353,FALSE
survival rate,percentage of ticks that survived at 17 degrees celcius,PATO,PATO:0000161,rate,A quality of a single process inhering in a bearer by virtue of the bearer's occurrence per unit time.,0.1146,FALSE
survival rate,percentage of ticks that survived at 17 degrees celcius,PATO,PATO:0000911,decreased rate,A rate which is relatively low.,0.266,FALSE
survival rate,percentage of ticks that survived at 17 degrees celcius,PATO,PATO:0000912,increased rate,A rate which is relatively high.,0.2453,FALSE
survival rate,percentage of ticks that survived at 17 degrees celcius,PATO,PATO:0001492,growth rate,The rate or speed of the change in size of an individual entity or change in number of a population.,0.1882,FALSE
survival rate,percentage of ticks that survived at 17 degrees celcius,PATO,PATO:0001574,flow rate,A physical quality inhering in a bearer by virtue of the bearer's motion characteristic.,0.0308,FALSE
survival rate,percentage of ticks that survived at 24 degrees celcius,OBA,OBA:0002011,micturition rate,The rate of a micturition.,0.1234,FALSE
survival rate,percentage of ticks that survived at 24 degrees celcius,OBA,OBA:0002200,reflex rate,The rate of a reflex.,0.2183,FALSE
survival rate,percentage of ticks that survived at 24 degrees celcius,OBA,OBA:0002672,gluconeogenesis rate,The rate of a gluconeogenesis.,0.1354,FALSE
survival rate,percentage of ticks that survived at 24 degrees celcius,OBA,OBA:0002850,spermatogenesis rate,The rate of a spermatogenesis.,0.2239,FALSE
survival rate,percentage of ticks that survived at 24 degrees celcius,OBA,OBA:0003172,anagen rate,The rate of a anagen.,0.242,FALSE
survival rate,percentage of ticks that survived at 24 degrees celcius,PATO,PATO:0000161,rate,A quality of a single process inhering in a bearer by virtue of the bearer's occurrence per unit time.,0.1259,FALSE
survival rate,percentage of ticks that survived at 24 degrees celcius,PATO,PATO:0000911,decreased rate,A rate which is relatively low.,0.2549,FALSE
survival rate,percentage of ticks that survived at 24 degrees celcius,PATO,PATO:0000912,increased rate,A rate which is relatively high.,0.2471,FALSE
survival rate,percentage of ticks that survived at 24 degrees celcius,PATO,PATO:0001492,growth rate,The rate or speed of the change in size of an individual entity or change in number of a population.,0.1963,FALSE
survival rate,percentage of ticks that survived at 24 degrees celcius,PATO,PATO:0001574,flow rate,A physical quality inhering in a bearer by virtue of the bearer's motion characteristic.,0.0386,FALSE
survival rate,percentage of ticks that survived at 30 degrees celcius,OBA,OBA:0002011,micturition rate,The rate of a micturition.,0.1206,FALSE
survival rate,percentage of ticks that survived at 30 degrees celcius,OBA,OBA:0002200,reflex rate,The rate of a reflex.,0.2127,FALSE
survival rate,percentage of ticks that survived at 30 degrees celcius,OBA,OBA:0002672,gluconeogenesis rate,The rate of a gluconeogenesis.,0.137,FALSE
survival rate,percentage of ticks that survived at 30 degrees celcius,OBA,OBA:0002850,spermatogenesis rate,The rate of a spermatogenesis.,0.2177,FALSE
survival rate,percentage of ticks that survived at 30 degrees celcius,OBA,OBA:0003172,anagen rate,The rate of a anagen.,0.241,FALSE
survival rate,percentage of ticks that survived at 30 degrees celcius,PATO,PATO:0000161,rate,A quality of a single process inhering in a bearer by virtue of the bearer's occurrence per unit time.,0.1273,FALSE
survival rate,percentage of ticks that survived at 30 degrees celcius,PATO,PATO:0000911,decreased rate,A rate which is relatively low.,0.2479,FALSE
survival rate,percentage of ticks that survived at 30 degrees celcius,PATO,PATO:0000912,increased rate,A rate which is relatively high.,0.2451,FALSE
survival rate,percentage of ticks that survived at 30 degrees celcius,PATO,PATO:0001492,growth rate,The rate or speed of the change in size of an individual entity or change in number of a population.,0.1916,FALSE
survival rate,percentage of ticks that survived at 30 degrees celcius,PATO,PATO:0001574,flow rate,A physical quality inhering in a bearer by virtue of the bearer's motion characteristic.,0.043,FALSE
survival rate,percentage of larval ticks that molted following engorgement,OBA,OBA:0002011,micturition rate,The rate of a micturition.,0.1613,FALSE
survival rate,percentage of larval ticks that molted following engorgement,OBA,OBA:0002200,reflex rate,The rate of a reflex.,0.1786,FALSE
survival rate,percentage of larval ticks that molted following engorgement,OBA,OBA:0002672,gluconeogenesis rate,The rate of a gluconeogenesis.,0.1711,FALSE
survival rate,percentage of larval ticks that molted following engorgement,OBA,OBA:0002850,spermatogenesis rate,The rate of a spermatogenesis.,0.1917,FALSE
survival rate,percentage of larval ticks that molted following engorgement,OBA,OBA:0003172,anagen rate,The rate of a anagen.,0.2963,FALSE
survival rate,percentage of larval ticks that molted following engorgement,PATO,PATO:0000161,rate,A quality of a single process inhering in a bearer by virtue of the bearer's occurrence per unit time.,0.1409,FALSE
survival rate,percentage of larval ticks that molted following engorgement,PATO,PATO:0000911,decreased rate,A rate which is relatively low.,0.2326,FALSE
survival rate,percentage of larval ticks that molted following engorgement,PATO,PATO:0000912,increased rate,A rate which is relatively high.,0.242,FALSE
survival rate,percentage of larval ticks that molted following engorgement,PATO,PATO:0001492,growth rate,The rate or speed of the change in size of an individual entity or change in number of a population.,0.2275,FALSE
survival rate,percentage of larval ticks that molted following engorgement,PATO,PATO:0001574,flow rate,A physical quality inhering in a bearer by virtue of the bearer's motion characteristic.,0.0749,FALSE
prefeeding period (larval),mean duration of life stage,OBA,OBA:VT0002292,gestation period duration,The duration of a female pregnancy.,0.3879,FALSE
prefeeding period (larval),mean duration of life stage,OBA,OBA:2051617,level of period circadian protein homolog 3 in blood,The amount of a period circadian protein homolog 3 when measured in blood.,0.188,FALSE
prefeeding period (larval),mean duration of life stage,OBA,PR:000050150,period circadian protein homolog,Category=family.,0.1858,FALSE
prefeeding period (larval),mean duration of life stage,OBA,PR:000012549,period circadian protein homolog 3,Category=gene.,0.1334,FALSE
prefeeding period (larval),mean duration of life stage,PATO,PATO:0001185,larval,"A maturity quality inhering in a bearer by virtue of the bearer's indirect development, undergoing metamorphosis.",0.265,FALSE
prefeeding period (larval),mean duration of life stage,PATO,PATO:0000499,decreased duration,A duration quality of a process which is relatively low.,0.3653,FALSE
prefeeding period (larval),mean duration of life stage,PATO,PATO:0001309,duration,A process quality inhering in a bearer by virtue of the bearer's magnitude of the temporal extent between the starting and ending point.,0.276,FALSE
prefeeding period (larval),mean duration of life stage,PATO,PATO:0000498,increased duration,A duration quality of a process which is relatively high.,0.3789,FALSE
prefeeding period (larval),mean duration of life stage,PATO,PATO:0001187,pupal,A maturity quality inhering in a insect by virtue of the bearer's being in the chrysalis (cocoon) or post larval stage.,0.2812,FALSE
feeding period (larval),mean duration of life stage,OBA,OBA:VT0002292,gestation period duration,The duration of a female pregnancy.,0.3879,FALSE
feeding period (larval),mean duration of life stage,OBA,OBA:1000748,feeding behavior quality,The quality of a feeding behavior.,0.1926,FALSE
feeding period (larval),mean duration of life stage,OBA,OBA:2051617,level of period circadian protein homolog 3 in blood,The amount of a period circadian protein homolog 3 when measured in blood.,0.188,FALSE
feeding period (larval),mean duration of life stage,OBA,GO:0007631,feeding behavior,See also the biological process term 'behavior ; GO:0007610'.,0.1846,FALSE
feeding period (larval),mean duration of life stage,OBA,HP:0011968,Feeding difficulties,"Difficulties with eating and drinking, resulting in decreased oral nutrition",0.1343,FALSE
feeding period (larval),mean duration of life stage,PATO,PATO:0001185,larval,"A maturity quality inhering in a bearer by virtue of the bearer's indirect development, undergoing metamorphosis.",0.265,FALSE
feeding period (larval),mean duration of life stage,PATO,PATO:0000499,decreased duration,A duration quality of a process which is relatively low.,0.3653,FALSE
feeding period (larval),mean duration of life stage,PATO,PATO:0001309,duration,A process quality inhering in a bearer by virtue of the bearer's magnitude of the temporal extent between the starting and ending point.,0.276,FALSE
feeding period (larval),mean duration of life stage,PATO,PATO:0000498,increased duration,A duration quality of a process which is relatively high.,0.3789,FALSE
feeding period (larval),mean duration of life stage,PATO,PATO:0001187,pupal,A maturity quality inhering in a insect by virtue of the bearer's being in the chrysalis (cocoon) or post larval stage.,0.2812,FALSE
prefeeding period (nymphal),mean duration of life stage,OBA,OBA:VT0002292,gestation period duration,The duration of a female pregnancy.,0.3879,FALSE
prefeeding period (nymphal),mean duration of life stage,OBA,OBA:2051617,level of period circadian protein homolog 3 in blood,The amount of a period circadian protein homolog 3 when measured in blood.,0.188,FALSE
prefeeding period (nymphal),mean duration of life stage,OBA,PR:000050150,period circadian protein homolog,Category=family.,0.1858,FALSE
prefeeding period (nymphal),mean duration of life stage,OBA,PR:000012549,period circadian protein homolog 3,Category=gene.,0.1334,FALSE
prefeeding period (nymphal),mean duration of life stage,OBA,PR:O70361,period circadian protein homolog 3 (mouse),Category=organism-gene.,0.1497,FALSE
prefeeding period (nymphal),mean duration of life stage,PATO,PATO:0000499,decreased duration,A duration quality of a process which is relatively low.,0.3653,FALSE
prefeeding period (nymphal),mean duration of life stage,PATO,PATO:0001309,duration,A process quality inhering in a bearer by virtue of the bearer's magnitude of the temporal extent between the starting and ending point.,0.276,FALSE
prefeeding period (nymphal),mean duration of life stage,PATO,PATO:0000498,increased duration,A duration quality of a process which is relatively high.,0.3789,FALSE
prefeeding period (nymphal),mean duration of life stage,PATO,PATO:0000695,synchronous,A quality of a single process inhering in a bearer by virtue of the bearer's occurring or existing at the same time or having the same period or phase.,0.2054,FALSE
prefeeding period (nymphal),mean duration of life stage,PATO,PATO:0000688,asynchronous,A quality of a single process inhering in a bearer by virtue of the bearer's not occurring or existing at the same time or having the same period or phase.,0.1977,FALSE
feeding period (nymphal),mean duration of life stage,OBA,OBA:VT0002292,gestation period duration,The duration of a female pregnancy.,0.3879,FALSE
feeding period (nymphal),mean duration of life stage,OBA,OBA:1000748,feeding behavior quality,The quality of a feeding behavior.,0.1926,FALSE
feeding period (nymphal),mean duration of life stage,OBA,OBA:2051617,level of period circadian protein homolog 3 in blood,The amount of a period circadian protein homolog 3 when measured in blood.,0.188,FALSE
feeding period (nymphal),mean duration of life stage,OBA,GO:0007631,feeding behavior,See also the biological process term 'behavior ; GO:0007610'.,0.1846,FALSE
feeding period (nymphal),mean duration of life stage,OBA,HP:0011968,Feeding difficulties,"Difficulties with eating and drinking, resulting in decreased oral nutrition",0.1343,FALSE
feeding period (nymphal),mean duration of life stage,PATO,PATO:0000499,decreased duration,A duration quality of a process which is relatively low.,0.3653,FALSE
feeding period (nymphal),mean duration of life stage,PATO,PATO:0001309,duration,A process quality inhering in a bearer by virtue of the bearer's magnitude of the temporal extent between the starting and ending point.,0.276,FALSE
feeding period (nymphal),mean duration of life stage,PATO,PATO:0000498,increased duration,A duration quality of a process which is relatively high.,0.3789,FALSE
feeding period (nymphal),mean duration of life stage,PATO,PATO:0000695,synchronous,A quality of a single process inhering in a bearer by virtue of the bearer's occurring or existing at the same time or having the same period or phase.,0.2054,FALSE
feeding period (nymphal),mean duration of life stage,PATO,PATO:0000688,asynchronous,A quality of a single process inhering in a bearer by virtue of the bearer's not occurring or existing at the same time or having the same period or phase.,0.1977,FALSE
prefeeding period (adult),mean duration of life stage,OBA,OBA:VT0002292,gestation period duration,The duration of a female pregnancy.,0.3879,FALSE
prefeeding period (adult),mean duration of life stage,OBA,OBA:2051617,level of period circadian protein homolog 3 in blood,The amount of a period circadian protein homolog 3 when measured in blood.,0.188,FALSE
prefeeding period (adult),mean duration of life stage,OBA,OBA:1000037,adult organism mass,The mass of a adult organism.,0.2695,FALSE
prefeeding period (adult),mean duration of life stage,OBA,PR:000050150,period circadian protein homolog,Category=family.,0.1858,FALSE
prefeeding period (adult),mean duration of life stage,OBA,OBA:2041551,level of fetal and adult testis-expressed transcript protein in blood serum,The amount of a fetal and adult testis-expressed transcript protein when measured in blood serum.,0.1772,FALSE
prefeeding period (adult),mean duration of life stage,PATO,PATO:0000499,decreased duration,A duration quality of a process which is relatively low.,0.3653,FALSE
prefeeding period (adult),mean duration of life stage,PATO,PATO:0001309,duration,A process quality inhering in a bearer by virtue of the bearer's magnitude of the temporal extent between the starting and ending point.,0.276,FALSE
prefeeding period (adult),mean duration of life stage,PATO,PATO:0000498,increased duration,A duration quality of a process which is relatively high.,0.3789,FALSE
prefeeding period (adult),mean duration of life stage,PATO,PATO:0000695,synchronous,A quality of a single process inhering in a bearer by virtue of the bearer's occurring or existing at the same time or having the same period or phase.,0.2054,FALSE
prefeeding period (adult),mean duration of life stage,PATO,CL:0008017,adult skeletal muscle myoblast,"The vast majority of these cells develop from skeletal muscle satellite cells, although there are some reports of other origins.",0.0568,FALSE
feeding period (adult),mean duration of life stage,OBA,OBA:VT0002292,gestation period duration,The duration of a female pregnancy.,0.3879,FALSE
feeding period (adult),mean duration of life stage,OBA,OBA:1000748,feeding behavior quality,The quality of a feeding behavior.,0.1926,FALSE
feeding period (adult),mean duration of life stage,OBA,OBA:2051617,level of period circadian protein homolog 3 in blood,The amount of a period circadian protein homolog 3 when measured in blood.,0.188,FALSE
feeding period (adult),mean duration of life stage,OBA,OBA:1000037,adult organism mass,The mass of a adult organism.,0.2695,FALSE
feeding period (adult),mean duration of life stage,OBA,GO:0007631,feeding behavior,See also the biological process term 'behavior ; GO:0007610'.,0.1846,FALSE
feeding period (adult),mean duration of life stage,PATO,PATO:0000499,decreased duration,A duration quality of a process which is relatively low.,0.3653,FALSE
feeding period (adult),mean duration of life stage,PATO,PATO:0001309,duration,A process quality inhering in a bearer by virtue of the bearer's magnitude of the temporal extent between the starting and ending point.,0.276,FALSE
feeding period (adult),mean duration of life stage,PATO,PATO:0000498,increased duration,A duration quality of a process which is relatively high.,0.3789,FALSE
feeding period (adult),mean duration of life stage,PATO,PATO:0000695,synchronous,A quality of a single process inhering in a bearer by virtue of the bearer's occurring or existing at the same time or having the same period or phase.,0.2054,FALSE
feeding period (adult),mean duration of life stage,PATO,CL:0008017,adult skeletal muscle myoblast,"The vast majority of these cells develop from skeletal muscle satellite cells, although there are some reports of other origins.",0.0568,FALSE
feeding period,mean Feeding Period in days at nymph state at constant temps,OBA,OBA:VT0002292,gestation period duration,The duration of a female pregnancy.,0.277,FALSE
feeding period,mean Feeding Period in days at nymph state at constant temps,OBA,OBA:1000748,feeding behavior quality,The quality of a feeding behavior.,0.2593,FALSE
feeding period,mean Feeding Period in days at nymph state at constant temps,OBA,OBA:2051617,level of period circadian protein homolog 3 in blood,The amount of a period circadian protein homolog 3 when measured in blood.,0.2099,FALSE
feeding period,mean Feeding Period in days at nymph state at constant temps,OBA,GO:0007631,feeding behavior,See also the biological process term 'behavior ; GO:0007610'.,0.1283,FALSE
feeding period,mean Feeding Period in days at nymph state at constant temps,OBA,HP:0011968,Feeding difficulties,"Difficulties with eating and drinking, resulting in decreased oral nutrition",0.1556,FALSE
feeding period,mean Feeding Period in days at nymph state at constant temps,PATO,PATO:0000499,decreased duration,A duration quality of a process which is relatively low.,0.2165,FALSE
feeding period,mean Feeding Period in days at nymph state at constant temps,PATO,PATO:0001309,duration,A process quality inhering in a bearer by virtue of the bearer's magnitude of the temporal extent between the starting and ending point.,0.1351,FALSE
feeding period,mean Feeding Period in days at nymph state at constant temps,PATO,PATO:0000498,increased duration,A duration quality of a process which is relatively high.,0.2088,FALSE
feeding period,mean Feeding Period in days at nymph state at constant temps,PATO,PATO:0000695,synchronous,A quality of a single process inhering in a bearer by virtue of the bearer's occurring or existing at the same time or having the same period or phase.,0.1252,FALSE
feeding period,mean Feeding Period in days at nymph state at constant temps,PATO,PATO:0000688,asynchronous,A quality of a single process inhering in a bearer by virtue of the bearer's not occurring or existing at the same time or having the same period or phase.,0.1105,FALSE
feeding period,mean time required for nymphs to feed,OBA,OBA:VT0002292,gestation period duration,The duration of a female pregnancy.,0.2571,FALSE
feeding period,mean time required for nymphs to feed,OBA,OBA:1000748,feeding behavior quality,The quality of a feeding behavior.,0.3706,FALSE
feeding period,mean time required for nymphs to feed,OBA,OBA:2051617,level of period circadian protein homolog 3 in blood,The amount of a period circadian protein homolog 3 when measured in blood.,0.2099,FALSE
feeding period,mean time required for nymphs to feed,OBA,GO:0007631,feeding behavior,See also the biological process term 'behavior ; GO:0007610'.,0.1176,FALSE
feeding period,mean time required for nymphs to feed,OBA,HP:0011968,Feeding difficulties,"Difficulties with eating and drinking, resulting in decreased oral nutrition",0.2478,FALSE
feeding period,mean time required for nymphs to feed,PATO,PATO:0000499,decreased duration,A duration quality of a process which is relatively low.,0.2409,FALSE
feeding period,mean time required for nymphs to feed,PATO,PATO:0001309,duration,A process quality inhering in a bearer by virtue of the bearer's magnitude of the temporal extent between the starting and ending point.,0.1381,FALSE
feeding period,mean time required for nymphs to feed,PATO,PATO:0000498,increased duration,A duration quality of a process which is relatively high.,0.2127,FALSE
feeding period,mean time required for nymphs to feed,PATO,PATO:0000695,synchronous,A quality of a single process inhering in a bearer by virtue of the bearer's occurring or existing at the same time or having the same period or phase.,0.1009,FALSE
feeding period,mean time required for nymphs to feed,PATO,PATO:0000688,asynchronous,A quality of a single process inhering in a bearer by virtue of the bearer's not occurring or existing at the same time or having the same period or phase.,0.1198,FALSE
premolt period (nymphal),mean duration of nymphal premolting phase,OBA,OBA:VT0002292,gestation period duration,The duration of a female pregnancy.,0.366,FALSE
premolt period (nymphal),mean duration of nymphal premolting phase,OBA,OBA:2051617,level of period circadian protein homolog 3 in blood,The amount of a period circadian protein homolog 3 when measured in blood.,0.2202,FALSE
premolt period (nymphal),mean duration of nymphal premolting phase,OBA,PR:000050150,period circadian protein homolog,Category=family.,0.0851,FALSE
premolt period (nymphal),mean duration of nymphal premolting phase,OBA,PR:000012549,period circadian protein homolog 3,Category=gene.,0.0869,FALSE
premolt period (nymphal),mean duration of nymphal premolting phase,OBA,PR:O70361,period circadian protein homolog 3 (mouse),Category=organism-gene.,0.1238,FALSE
premolt period (nymphal),mean duration of nymphal premolting phase,PATO,PATO:0000499,decreased duration,A duration quality of a process which is relatively low.,0.2994,FALSE
premolt period (nymphal),mean duration of nymphal premolting phase,PATO,PATO:0001309,duration,A process quality inhering in a bearer by virtue of the bearer's magnitude of the temporal extent between the starting and ending point.,0.1844,FALSE
premolt period (nymphal),mean duration of nymphal premolting phase,PATO,PATO:0000498,increased duration,A duration quality of a process which is relatively high.,0.2952,FALSE
premolt period (nymphal),mean duration of nymphal premolting phase,PATO,PATO:0000695,synchronous,A quality of a single process inhering in a bearer by virtue of the bearer's occurring or existing at the same time or having the same period or phase.,0.1597,FALSE
premolt period (nymphal),mean duration of nymphal premolting phase,PATO,PATO:0000688,asynchronous,A quality of a single process inhering in a bearer by virtue of the bearer's not occurring or existing at the same time or having the same period or phase.,0.1602,FALSE
premolt period (larval),mean duration of larval premolting phase,OBA,OBA:VT0002292,gestation period duration,The duration of a female pregnancy.,0.3732,FALSE
premolt period (larval),mean duration of larval premolting phase,OBA,OBA:2051617,level of period circadian protein homolog 3 in blood,The amount of a period circadian protein homolog 3 when measured in blood.,0.2092,FALSE
premolt period (larval),mean duration of larval premolting phase,OBA,PR:000050150,period circadian protein homolog,Category=family.,0.0715,FALSE
premolt period (larval),mean duration of larval premolting phase,OBA,PR:000012549,period circadian protein homolog 3,Category=gene.,0.0831,FALSE
premolt period (larval),mean duration of larval premolting phase,PATO,PATO:0001185,larval,"A maturity quality inhering in a bearer by virtue of the bearer's indirect development, undergoing metamorphosis.",0.3182,FALSE
premolt period (larval),mean duration of larval premolting phase,PATO,PATO:0000499,decreased duration,A duration quality of a process which is relatively low.,0.3364,FALSE
premolt period (larval),mean duration of larval premolting phase,PATO,PATO:0001309,duration,A process quality inhering in a bearer by virtue of the bearer's magnitude of the temporal extent between the starting and ending point.,0.215,FALSE
premolt period (larval),mean duration of larval premolting phase,PATO,PATO:0000498,increased duration,A duration quality of a process which is relatively high.,0.3323,FALSE
premolt period (larval),mean duration of larval premolting phase,PATO,PATO:0001187,pupal,A maturity quality inhering in a insect by virtue of the bearer's being in the chrysalis (cocoon) or post larval stage.,0.4314,FALSE
molting time,mean duration of nymphal molting phase,OBA,OBA:2040171,sleep duration trait,The duration of a sleep.,0.3163,FALSE
molting time,mean duration of nymphal molting phase,OBA,OBA:2040011,trait in response to mycophenolic acid,A trait that affects the response to a stimulus with mycophenolic acid.,0.1223,FALSE
molting time,mean duration of nymphal molting phase,PATO,PATO:0000165,time,A quality in which events occur in sequence.,0.0911,FALSE
molting time,mean duration of nymphal molting phase,PATO,PATO:0000498,increased duration,A duration quality of a process which is relatively high.,0.2741,FALSE
molting time,mean duration of nymphal molting phase,PATO,PATO:0000499,decreased duration,A duration quality of a process which is relatively low.,0.2846,FALSE
molting time,mean duration of nymphal molting phase,PATO,PATO:0001309,duration,A process quality inhering in a bearer by virtue of the bearer's magnitude of the temporal extent between the starting and ending point.,0.1585,FALSE
molting time,mean duration of nymphal molting phase,PATO,PATO:0001005,latency,"This class is a candidate for obsoletion. The definition is not clear, and the placement under ""delayed"" is not consistent with the definition.",0.1367,FALSE
premolt period (nymphal),mean time to complete nymphal moulting,OBA,OBA:VT0002292,gestation period duration,The duration of a female pregnancy.,0.2589,FALSE
premolt period (nymphal),mean time to complete nymphal moulting,OBA,OBA:2051617,level of period circadian protein homolog 3 in blood,The amount of a period circadian protein homolog 3 when measured in blood.,0.1826,FALSE
premolt period (nymphal),mean time to complete nymphal moulting,OBA,PR:000050150,period circadian protein homolog,Category=family.,0.1075,FALSE
premolt period (nymphal),mean time to complete nymphal moulting,OBA,PR:000012549,period circadian protein homolog 3,Category=gene.,0.0947,FALSE
premolt period (nymphal),mean time to complete nymphal moulting,OBA,PR:O70361,period circadian protein homolog 3 (mouse),Category=organism-gene.,0.1656,FALSE
premolt period (nymphal),mean time to complete nymphal moulting,PATO,PATO:0000499,decreased duration,A duration quality of a process which is relatively low.,0.2399,FALSE
premolt period (nymphal),mean time to complete nymphal moulting,PATO,PATO:0001309,duration,A process quality inhering in a bearer by virtue of the bearer's magnitude of the temporal extent between the starting and ending point.,0.152,FALSE
premolt period (nymphal),mean time to complete nymphal moulting,PATO,PATO:0000498,increased duration,A duration quality of a process which is relatively high.,0.2198,FALSE
premolt period (nymphal),mean time to complete nymphal moulting,PATO,PATO:0000695,synchronous,A quality of a single process inhering in a bearer by virtue of the bearer's occurring or existing at the same time or having the same period or phase.,0.1357,FALSE
premolt period (nymphal),mean time to complete nymphal moulting,PATO,PATO:0000688,asynchronous,A quality of a single process inhering in a bearer by virtue of the bearer's not occurring or existing at the same time or having the same period or phase.,0.1441,FALSE
premolt period (larval),mean time to complete larval moulting,OBA,OBA:VT0002292,gestation period duration,The duration of a female pregnancy.,0.2688,FALSE
premolt period (larval),mean time to complete larval moulting,OBA,OBA:2051617,level of period circadian protein homolog 3 in blood,The amount of a period circadian protein homolog 3 when measured in blood.,0.1949,FALSE
premolt period (larval),mean time to complete larval moulting,OBA,PR:000050150,period circadian protein homolog,Category=family.,0.0985,FALSE
premolt period (larval),mean time to complete larval moulting,OBA,PR:000012549,period circadian protein homolog 3,Category=gene.,0.0964,FALSE
premolt period (larval),mean time to complete larval moulting,PATO,PATO:0001185,larval,"A maturity quality inhering in a bearer by virtue of the bearer's indirect development, undergoing metamorphosis.",0.3271,FALSE
premolt period (larval),mean time to complete larval moulting,PATO,PATO:0000499,decreased duration,A duration quality of a process which is relatively low.,0.2812,FALSE
premolt period (larval),mean time to complete larval moulting,PATO,PATO:0001309,duration,A process quality inhering in a bearer by virtue of the bearer's magnitude of the temporal extent between the starting and ending point.,0.1892,FALSE
premolt period (larval),mean time to complete larval moulting,PATO,PATO:0000498,increased duration,A duration quality of a process which is relatively high.,0.2571,FALSE
premolt period (larval),mean time to complete larval moulting,PATO,PATO:0001187,pupal,A maturity quality inhering in a insect by virtue of the bearer's being in the chrysalis (cocoon) or post larval stage.,0.4299,FALSE
premolt period (larval),mean duration of life stage,OBA,OBA:VT0002292,gestation period duration,The duration of a female pregnancy.,0.3879,FALSE
premolt period (larval),mean duration of life stage,OBA,OBA:2051617,level of period circadian protein homolog 3 in blood,The amount of a period circadian protein homolog 3 when measured in blood.,0.188,FALSE
premolt period (larval),mean duration of life stage,OBA,PR:000050150,period circadian protein homolog,Category=family.,0.1858,FALSE
premolt period (larval),mean duration of life stage,OBA,PR:000012549,period circadian protein homolog 3,Category=gene.,0.1334,FALSE
premolt period (larval),mean duration of life stage,PATO,PATO:0001185,larval,"A maturity quality inhering in a bearer by virtue of the bearer's indirect development, undergoing metamorphosis.",0.265,FALSE
premolt period (larval),mean duration of life stage,PATO,PATO:0000499,decreased duration,A duration quality of a process which is relatively low.,0.3653,FALSE
premolt period (larval),mean duration of life stage,PATO,PATO:0001309,duration,A process quality inhering in a bearer by virtue of the bearer's magnitude of the temporal extent between the starting and ending point.,0.276,FALSE
premolt period (larval),mean duration of life stage,PATO,PATO:0000498,increased duration,A duration quality of a process which is relatively high.,0.3789,FALSE
premolt period (larval),mean duration of life stage,PATO,PATO:0001187,pupal,A maturity quality inhering in a insect by virtue of the bearer's being in the chrysalis (cocoon) or post larval stage.,0.2812,FALSE
premolt period,mean duration of life stage,OBA,OBA:VT0002292,gestation period duration,The duration of a female pregnancy.,0.3879,FALSE
premolt period,mean duration of life stage,OBA,OBA:2051617,level of period circadian protein homolog 3 in blood,The amount of a period circadian protein homolog 3 when measured in blood.,0.188,FALSE
premolt period,mean duration of life stage,OBA,PR:000050150,period circadian protein homolog,Category=family.,0.1858,FALSE
premolt period,mean duration of life stage,OBA,PR:000012549,period circadian protein homolog 3,Category=gene.,0.1334,FALSE
premolt period,mean duration of life stage,OBA,PR:O70361,period circadian protein homolog 3 (mouse),Category=organism-gene.,0.1497,FALSE
premolt period,mean duration of life stage,PATO,PATO:0000499,decreased duration,A duration quality of a process which is relatively low.,0.3653,FALSE
premolt period,mean duration of life stage,PATO,PATO:0001309,duration,A process quality inhering in a bearer by virtue of the bearer's magnitude of the temporal extent between the starting and ending point.,0.276,FALSE
premolt period,mean duration of life stage,PATO,PATO:0000498,increased duration,A duration quality of a process which is relatively high.,0.3789,FALSE
premolt period,mean duration of life stage,PATO,PATO:0000695,synchronous,A quality of a single process inhering in a bearer by virtue of the bearer's occurring or existing at the same time or having the same period or phase.,0.2054,FALSE
premolt period,mean duration of life stage,PATO,PATO:0000688,asynchronous,A quality of a single process inhering in a bearer by virtue of the bearer's not occurring or existing at the same time or having the same period or phase.,0.1977,FALSE
premolt period (nymphal),mean duration of life stage,OBA,OBA:VT0002292,gestation period duration,The duration of a female pregnancy.,0.3879,FALSE
premolt period (nymphal),mean duration of life stage,OBA,OBA:2051617,level of period circadian protein homolog 3 in blood,The amount of a period circadian protein homolog 3 when measured in blood.,0.188,FALSE
premolt period (nymphal),mean duration of life stage,OBA,PR:000050150,period circadian protein homolog,Category=family.,0.1858,FALSE
premolt period (nymphal),mean duration of life stage,OBA,PR:000012549,period circadian protein homolog 3,Category=gene.,0.1334,FALSE
premolt period (nymphal),mean duration of life stage,OBA,PR:O70361,period circadian protein homolog 3 (mouse),Category=organism-gene.,0.1497,FALSE
premolt period (nymphal),mean duration of life stage,PATO,PATO:0000499,decreased duration,A duration quality of a process which is relatively low.,0.3653,FALSE
premolt period (nymphal),mean duration of life stage,PATO,PATO:0001309,duration,A process quality inhering in a bearer by virtue of the bearer's magnitude of the temporal extent between the starting and ending point.,0.276,FALSE
premolt period (nymphal),mean duration of life stage,PATO,PATO:0000498,increased duration,A duration quality of a process which is relatively high.,0.3789,FALSE
premolt period (nymphal),mean duration of life stage,PATO,PATO:0000695,synchronous,A quality of a single process inhering in a bearer by virtue of the bearer's occurring or existing at the same time or having the same period or phase.,0.2054,FALSE
premolt period (nymphal),mean duration of life stage,PATO,PATO:0000688,asynchronous,A quality of a single process inhering in a bearer by virtue of the bearer's not occurring or existing at the same time or having the same period or phase.,0.1977,FALSE
molting period (nymphal),mean duration of life stage,OBA,OBA:VT0002292,gestation period duration,The duration of a female pregnancy.,0.3879,FALSE
molting period (nymphal),mean duration of life stage,OBA,OBA:2051617,level of period circadian protein homolog 3 in blood,The amount of a period circadian protein homolog 3 when measured in blood.,0.188,FALSE
molting period (nymphal),mean duration of life stage,OBA,PR:000050150,period circadian protein homolog,Category=family.,0.1858,FALSE
molting period (nymphal),mean duration of life stage,PATO,PATO:0000499,decreased duration,A duration quality of a process which is relatively low.,0.3653,FALSE
molting period (nymphal),mean duration of life stage,PATO,PATO:0001309,duration,A process quality inhering in a bearer by virtue of the bearer's magnitude of the temporal extent between the starting and ending point.,0.276,FALSE
molting period (nymphal),mean duration of life stage,PATO,PATO:0000498,increased duration,A duration quality of a process which is relatively high.,0.3789,FALSE
molting period (nymphal),mean duration of life stage,PATO,PATO:0000695,synchronous,A quality of a single process inhering in a bearer by virtue of the bearer's occurring or existing at the same time or having the same period or phase.,0.2054,FALSE
molting period (nymphal),mean duration of life stage,PATO,PATO:0000688,asynchronous,A quality of a single process inhering in a bearer by virtue of the bearer's not occurring or existing at the same time or having the same period or phase.,0.1977,FALSE
premolting period,mean Premolting Period in days at larval state at const temps,OBA,OBA:VT0002292,gestation period duration,The duration of a female pregnancy.,0.2677,FALSE
premolting period,mean Premolting Period in days at larval state at const temps,OBA,OBA:2051617,level of period circadian protein homolog 3 in blood,The amount of a period circadian protein homolog 3 when measured in blood.,0.1936,FALSE
premolting period,mean Premolting Period in days at larval state at const temps,OBA,PR:000050150,period circadian protein homolog,Category=family.,0.0924,FALSE
premolting period,mean Premolting Period in days at larval state at const temps,OBA,PR:000012549,period circadian protein homolog 3,Category=gene.,0.1334,FALSE
premolting period,mean Premolting Period in days at larval state at const temps,OBA,PR:O70361,period circadian protein homolog 3 (mouse),Category=organism-gene.,0.167,FALSE
premolting period,mean Premolting Period in days at larval state at const temps,PATO,PATO:0000499,decreased duration,A duration quality of a process which is relatively low.,0.243,FALSE
premolting period,mean Premolting Period in days at larval state at const temps,PATO,PATO:0001309,duration,A process quality inhering in a bearer by virtue of the bearer's magnitude of the temporal extent between the starting and ending point.,0.1689,FALSE
premolting period,mean Premolting Period in days at larval state at const temps,PATO,PATO:0000498,increased duration,A duration quality of a process which is relatively high.,0.2301,FALSE
premolting period,mean Premolting Period in days at larval state at const temps,PATO,PATO:0000695,synchronous,A quality of a single process inhering in a bearer by virtue of the bearer's occurring or existing at the same time or having the same period or phase.,0.1574,FALSE
premolting period,mean Premolting Period in days at larval state at const temps,PATO,PATO:0000688,asynchronous,A quality of a single process inhering in a bearer by virtue of the bearer's not occurring or existing at the same time or having the same period or phase.,0.1371,FALSE
premolting period,mean Premolting Period in days at nymph state at constant temps,OBA,OBA:VT0002292,gestation period duration,The duration of a female pregnancy.,0.2588,FALSE
premolting period,mean Premolting Period in days at nymph state at constant temps,OBA,OBA:2051617,level of period circadian protein homolog 3 in blood,The amount of a period circadian protein homolog 3 when measured in blood.,0.2208,FALSE
premolting period,mean Premolting Period in days at nymph state at constant temps,OBA,PR:000050150,period circadian protein homolog,Category=family.,0.0798,FALSE
premolting period,mean Premolting Period in days at nymph state at constant temps,OBA,PR:000012549,period circadian protein homolog 3,Category=gene.,0.1227,FALSE
premolting period,mean Premolting Period in days at nymph state at constant temps,OBA,PR:O70361,period circadian protein homolog 3 (mouse),Category=organism-gene.,0.1541,FALSE
premolting period,mean Premolting Period in days at nymph state at constant temps,PATO,PATO:0000499,decreased duration,A duration quality of a process which is relatively low.,0.2238,FALSE
premolting period,mean Premolting Period in days at nymph state at constant temps,PATO,PATO:0001309,duration,A process quality inhering in a bearer by virtue of the bearer's magnitude of the temporal extent between the starting and ending point.,0.1455,FALSE
premolting period,mean Premolting Period in days at nymph state at constant temps,PATO,PATO:0000498,increased duration,A duration quality of a process which is relatively high.,0.2166,FALSE
premolting period,mean Premolting Period in days at nymph state at constant temps,PATO,PATO:0000695,synchronous,A quality of a single process inhering in a bearer by virtue of the bearer's occurring or existing at the same time or having the same period or phase.,0.1408,FALSE
premolting period,mean Premolting Period in days at nymph state at constant temps,PATO,PATO:0000688,asynchronous,A quality of a single process inhering in a bearer by virtue of the bearer's not occurring or existing at the same time or having the same period or phase.,0.1289,FALSE
moulting period,mean time required for nymphs to moult,OBA,OBA:VT0002292,gestation period duration,The duration of a female pregnancy.,0.2416,FALSE
moulting period,mean time required for nymphs to moult,OBA,OBA:2051617,level of period circadian protein homolog 3 in blood,The amount of a period circadian protein homolog 3 when measured in blood.,0.1913,FALSE
moulting period,mean time required for nymphs to moult,OBA,PR:000050150,period circadian protein homolog,Category=family.,0.1038,FALSE
moulting period,mean time required for nymphs to moult,OBA,PR:000012549,period circadian protein homolog 3,Category=gene.,0.1125,FALSE
moulting period,mean time required for nymphs to moult,OBA,PR:O70361,period circadian protein homolog 3 (mouse),Category=organism-gene.,0.1713,FALSE
moulting period,mean time required for nymphs to moult,PATO,PATO:0000499,decreased duration,A duration quality of a process which is relatively low.,0.2471,FALSE
moulting period,mean time required for nymphs to moult,PATO,PATO:0001309,duration,A process quality inhering in a bearer by virtue of the bearer's magnitude of the temporal extent between the starting and ending point.,0.1603,FALSE
moulting period,mean time required for nymphs to moult,PATO,PATO:0000498,increased duration,A duration quality of a process which is relatively high.,0.2234,FALSE
moulting period,mean time required for nymphs to moult,PATO,PATO:0000695,synchronous,A quality of a single process inhering in a bearer by virtue of the bearer's occurring or existing at the same time or having the same period or phase.,0.1466,FALSE
moulting period,mean time required for nymphs to moult,PATO,PATO:0000688,asynchronous,A quality of a single process inhering in a bearer by virtue of the bearer's not occurring or existing at the same time or having the same period or phase.,0.1563,FALSE
