"ID","n_points","AIC_quad","BIC_quad","AIC_cubic","BIC_cubic","AIC_logistic","BIC_logistic","converged_logistic","N0_logistic","Nmax_logistic","rmax_logistic","AIC_gompertz","BIC_gompertz","converged_gompertz","N0_gompertz","Nmax_gompertz","rmax_gompertz","tlag_gompertz","best_AIC","best_BIC","Species","Temp","Medium","PopBio_units"
1,29,13.742746687357,19.2119300073029,-38.2694094967153,-31.4329303467829,-22.353280876431,-16.8840975564852,TRUE,-4.98711487572681,-1.42366845015453,0.0195579589307332,-18.858618205605,-12.0221390556726,TRUE,-5.22588164278019,-1.41530771549292,0.0207201423627251,0,"Cubic","Cubic","Chryseobacterium.balustinum",5,"TSB","OD_595"
2,29,35.7678969015731,41.237080221519,7.5104993620315,14.3469785119639,-107.575651678758,-102.106468358812,TRUE,-3.53878914435718,-0.571234529547982,0.044464994050531,-112.769957033796,-105.933477883864,TRUE,-3.71168961313742,-0.571393663460071,0.0434547708846231,0,"Gompertz","Gompertz","Enterobacter.sp.",5,"TSB","OD_595"
3,29,63.1415757726317,68.6107590925776,30.3142882843947,37.1507674343271,-40.1563682883029,-34.687184968357,TRUE,-5.53498032041307,-0.739474644423766,0.0501490788032668,-64.593749373612,-57.7572702236796,TRUE,-5.20311455935259,-0.741210649133747,0.0633733494898155,18.7450265228323,"Gompertz","Gompertz","Pantoea.agglomerans.1",5,"TSB","OD_595"
4,31,51.1184064779066,56.8543552958472,5.32240527944599,12.4923413018717,7.74702924679153,13.4829780647321,TRUE,-5.47868535671208,-0.808614141908893,0.0386414599168131,11.0753575728564,18.2452935952821,TRUE,-5.10069347068544,-0.808608972590198,0.0457891185516584,22.4190511180059,"Cubic","Cubic","Pantoea.agglomerans.2",5,"TSB","OD_595"
5,27,58.9718575837871,64.1552050478044,60.9397972294618,67.4189815594835,61.8328943435388,67.0162418075561,TRUE,-5.4198719915692,-12.8288495664522,1e-06,67.2204699782348,73.6996543082565,TRUE,-5.81136298053372,-5.84895183965002,1e-06,10.6033443871529,"Quadratic","Quadratic","Bacillus.pumilus",5,"TSB","OD_595"
6,29,-12.222116597221,-6.7529332772751,-53.0574708103083,-46.2209916603759,-33.9098478778452,-28.4406645578993,TRUE,-3.91887346211793,-1.00931483878554,0.0139901597949429,-21.5351731536221,-14.6986940036898,TRUE,-4.13601515878645,-1.0313849522339,0.0143406138195392,0,"Cubic","Cubic","Clavibacter.michiganensis",5,"TSB","OD_595"
7,29,34.9949476251138,40.4641309450597,-26.0613952934489,-19.2249161435165,-46.5747692074562,-41.1055858875104,TRUE,-5.21400350294934,-1.41431226978858,0.0311117848519236,-39.8059309749798,-32.9694518250474,TRUE,-5.41764245017375,-1.40922164882134,0.0329017442424779,0,"Logistic","Logistic","Pseudomonas.fluorescens.1",5,"TSB","OD_595"
8,29,-0.0939223179555864,5.37526100199031,-36.1015536854438,-29.2650745355114,-26.4416746255126,-20.9724913055667,TRUE,-5.6576934780835,-1.86518807369881,0.0185933263969895,-23.971955999346,-17.1354768494137,TRUE,-5.87255017100543,-1.8548252645335,0.0197971764839192,0,"Cubic","Cubic","Pseudomonas.fluorescens.2",5,"TSB","OD_595"
9,29,-37.5077797850621,-32.0385964651162,-65.001834043333,-58.1653548934006,-66.0816344862701,-60.6124511663242,TRUE,-4.00827329692401,-2.13222310693419,0.0122173805852547,-51.0177345379074,-44.181255387975,TRUE,-4.03189115021805,-2.14366130156275,0.00893317999247083,0,"Logistic","Logistic","Acinetobacter.clacoaceticus.1",5,"TSB","OD_595"
10,29,-8.70296733733379,-3.23378401738789,-44.5031053043508,-37.6666261544184,-54.7433761504783,-49.2741928305324,TRUE,-4.62981609662207,-2.28638499798602,0.0170292053679328,-41.9444556609305,-35.1079765109981,TRUE,-4.74323231642061,-2.30075217936971,0.0151301238758709,0,"Logistic","Logistic","Acinetobacter.clacoaceticus.2",5,"TSB","OD_595"
11,29,25.9634524405162,31.4326357604621,-40.3375216398353,-33.5010424899029,-72.3089082340776,-66.8397249141317,TRUE,-5.14581521117664,-1.56606394575008,0.0266414211079803,-56.9024725862741,-50.0659934363418,TRUE,-5.34663734882357,-1.56079017886687,0.0276828385683226,0,"Logistic","Logistic","Stenotrophomonas.maltophilia.1",5,"TSB","OD_595"
12,29,-1.43435445164765,4.03482886829824,-48.8398896495086,-42.0034104995762,-36.2386295114463,-30.7694461915004,TRUE,-4.68600062629454,-1.38498777355918,0.0178201687087113,-24.7785572855334,-17.942078135601,TRUE,-4.92000744038168,-1.39701437184004,0.0189006356209414,0,"Cubic","Cubic","Stenotrophomonas.maltophilia.2",5,"TSB","OD_595"
13,29,4.18748025469242,9.65666357463832,-47.9018973374953,-41.0654181875629,-91.2787170599537,-85.8095337400078,TRUE,-3.3649128098314,-0.960959157853564,0.0214906776219003,-92.1972441935515,-85.3607650436191,TRUE,-3.42802020837461,-0.963225656007746,0.0181602379697449,0,"Gompertz","Logistic","Klebsiella.pneumonia",5,"TSB","OD_595"
14,29,12.6523532835581,18.121536603504,14.5268198056948,21.3632989556272,31.6403150597073,37.1094983796532,TRUE,-4.25999676296223,-4.92326033402535,0.00891718515620445,NA,NA,FALSE,NA,NA,NA,NA,"Quadratic","Quadratic","Dickeya.zeae",5,"TSB","OD_595"
15,28,4.05437267231155,9.38319071301236,4.28308754929224,10.9441101001683,NA,NA,FALSE,NA,NA,NA,-11.0897157661882,-4.42869321531222,TRUE,-5.62811094961979,-3.16957043388122,0.0108312617935497,402.052043018295,"Gompertz","Gompertz","Pectobacterium.carotovorum.subsp..Carotovorum.Pcc2",5,"TSB","OD_595"
16,29,46.2477450456381,51.716928365584,4.34502927317242,11.1815084231048,-20.839591663597,-15.3704083436511,TRUE,-5.56701013683169,-0.867232860722396,0.0308322005774365,-48.4875562534644,-41.651077103532,TRUE,-5.01855360100686,-0.876709637852422,0.0405147159378116,40.2713001801835,"Gompertz","Gompertz","Pantoea.agglomerans..RDA.R.",5,"TSB","OD_595"
17,28,49.6498909624984,54.9787090031992,51.4562270401281,58.1172495910041,54.2621559810964,59.5909740217972,TRUE,-5.92176244792542,-5.56653490974891,0.793084576315711,NA,NA,FALSE,NA,NA,NA,NA,"Quadratic","Quadratic","Dickeya.zeae..RDA.R.",5,"TSB","OD_595"
18,29,-43.7654384541082,-38.2962551341623,-49.9907393244249,-43.1542601744926,-52.0238792683579,-46.554695948412,TRUE,-4.1615031368452,-3.0683179917579,0.00956803197720203,-40.092449356383,-33.2559702064507,TRUE,-4.16099949361164,-3.08521035955483,0.00486105951633442,0,"Logistic","Logistic","Acinetobacter.clacoaceticus..RDA.R.",5,"TSB","OD_595"
19,29,1.18816235389334,6.65734567383923,-15.96259645159,-9.12611730165764,-6.32634069044761,-0.857157370501715,TRUE,-5.65862021493497,-1.92110468182872,0.0155418487931089,0.852697750975416,7.68917690090779,TRUE,-5.88930351756278,-1.9116714474158,0.0166435316375781,0,"Cubic","Cubic","Stenotrophomonas.maltophilia..RDA.R.",5,"TSB","OD_595"
20,29,16.4674881514257,21.9366714713716,18.4342615443074,25.2707406942397,34.1170029724719,39.5861862924178,TRUE,-4.44075609748433,-4.94290537277513,0.0100519296513922,NA,NA,FALSE,NA,NA,NA,NA,"Quadratic","Quadratic","Klebsiella.pneumonia..RDA.R.",5,"TSB","OD_595"
21,10,37.157623611001,38.3679639829772,36.2797986832155,37.7927241481858,NA,NA,FALSE,NA,NA,NA,42.5507692685617,44.0636947335319,TRUE,-7.06511806198446,-5.90089123648865,1e-06,151.524814176971,"Cubic","Cubic","Bacillus.pumilus..RDA.R.",5,"TSB","OD_595"
22,29,-36.2878896740007,-30.8187063540548,-64.8262246336876,-57.9897454837552,-43.8128487441582,-38.3436654242123,TRUE,-3.87136936777975,-1.19278178208197,0.0104557892468974,-25.8865909069217,-19.0501117569894,TRUE,-4.04323769025739,-1.23151442586277,0.0102078821312947,0,"Cubic","Cubic","Clavibacter.michiganensis..RDA.R.",5,"TSB","OD_595"
23,22,35.6926585256736,40.0568283391068,18.862605457095,24.3178177238866,-0.0762093336024598,4.2879604798308,TRUE,-4.23228306276422,-1.18535962911626,0.0663530674814498,7.61603142704103,13.0712436938326,TRUE,-4.58114646862413,-1.20582879057577,0.0822793678841342,0,"Logistic","Logistic","Chryseobacterium.balustinum",15,"TSB","OD_595"
24,30,69.0073064710971,74.6120959977457,60.2814191281469,67.2874060364577,85.2708731889715,90.8756627156202,TRUE,-3.36197666850887,-0.713792392531556,19688433960986.4,NA,NA,FALSE,NA,NA,NA,NA,"Cubic","Cubic","Enterobacter.sp.",15,"TSB","OD_595"
25,26,61.8739214271147,66.9063075792006,43.5031947595343,49.7936774496417,23.2975247227686,28.3299108748545,TRUE,-5.41450340311524,-0.856337637960218,0.292081811849722,25.1904845055213,31.4809671956287,TRUE,-5.18147345490878,-0.852950452563324,0.29586645926104,1.12181688994658,"Logistic","Logistic","Pantoea.agglomerans.1",15,"TSB","OD_595"
26,26,69.6726439184656,74.7050300705515,55.1955118926752,61.4859945827826,39.9190949232903,44.9514810753763,TRUE,-5.77648280394511,-1.17569170602286,0.324480947197403,41.4080015096214,47.6984841997288,TRUE,-4.54046886323929,-1.17753217957182,0.722363127169406,6.79540392950234,"Logistic","Logistic","Pantoea.agglomerans.2",15,"TSB","OD_595"
27,22,25.1707220210075,29.5348918344407,1.19714241741032,6.6523546842019,11.6277030734684,15.9918728869017,TRUE,-4.93185732977451,-2.06756913240639,0.0530322558062946,15.3157531548937,20.7709654216853,TRUE,-5.04178021647252,-2.06993859051934,0.0502596039687747,0,"Cubic","Cubic","Bacillus.pumilus",15,"TSB","OD_595"
28,24,44.3087902575234,49.0210055789152,27.3238962877449,33.2141654394846,24.571862574809,29.2840778962007,TRUE,-3.83700195750806,-0.665083168941455,0.0690822379792044,29.4748589804884,35.3651281322281,TRUE,-3.97802352909795,-0.666819560222053,0.0695067177373392,0,"Logistic","Logistic","Clavibacter.michiganensis",15,"TSB","OD_595"
29,23,51.1025173426731,55.6444942063897,28.445821742021,34.1232928216667,4.36520048746149,8.90717735117809,TRUE,-5.13868437023681,-1.58139567060644,0.092790709216068,8.58941231352974,14.2668833931755,TRUE,-5.24807915635123,-1.58025511974487,0.0928951220851112,0,"Logistic","Logistic","Pseudomonas.fluorescens.1",15,"TSB","OD_595"
30,23,42.0359300340235,46.5779068977401,27.2387969131556,32.9162679928013,-18.9204759189938,-14.3784990552772,TRUE,-4.55668253305286,-1.37705958087897,0.107775180191348,-10.8885709540949,-5.21109987444912,TRUE,-4.67688477108418,-1.37587945105169,0.104771117166587,0,"Logistic","Logistic","Pseudomonas.fluorescens.2",15,"TSB","OD_595"
31,22,42.744335178754,47.1085049921872,36.00849623696,41.4637085037515,-7.98861420850075,-3.62444439506748,TRUE,-4.80597731986836,-1.62410694407361,0.310106199630575,-6.49020360927846,-1.03499134248688,TRUE,-5.01585165579453,-1.62116090319267,0.293583841559913,0,"Logistic","Logistic","Acinetobacter.clacoaceticus.1",15,"TSB","OD_595"
32,25,62.25453404428,67.1300373437528,53.6620360508195,59.7564151751605,24.7022983419991,29.5778016414719,TRUE,-8.33619739092701,-2.01483032566945,1.42836613629009,24.2834033611474,30.3777824854884,TRUE,-8.14883282155409,-1.99551848600663,1.35363152049357,0,"Gompertz","Logistic","Acinetobacter.clacoaceticus.2",15,"TSB","OD_595"
33,23,45.6105219193024,50.152498783019,35.6381346197095,41.3156056993552,14.6548314807377,19.1968083444543,TRUE,-5.48282586054282,-1.70079451230989,0.235570796359143,15.2598511850425,20.9373222646883,TRUE,-5.50414037001075,-1.69098875906388,0.214333319317532,0,"Logistic","Logistic","Stenotrophomonas.maltophilia.1",15,"TSB","OD_595"
34,23,54.96079921999,59.5027760837066,43.2468759916345,48.9243470712803,31.278939779159,35.8209166428756,TRUE,-6.31702477146544,-1.62082844932408,0.426338812378802,32.9672890338265,38.6447601134723,TRUE,-6.26268595401924,-1.60925449278931,0.35875296190602,0,"Logistic","Logistic","Stenotrophomonas.maltophilia.2",15,"TSB","OD_595"
35,35,88.7723831799414,94.993775425899,82.5892564206712,90.3659967281183,35.9787561277445,42.2001483737022,TRUE,-3.40300731656183,-0.224561566823472,0.384208810157372,40.7836467177612,48.5603870252083,TRUE,-3.54774792804072,-0.226661230365485,0.376355368380586,0,"Logistic","Logistic","Klebsiella.pneumonia",15,"TSB","OD_595"
36,25,51.3444433579652,56.219946657438,34.3217483390801,40.4161274634211,12.5987541587785,17.4742574582513,TRUE,-4.29808547401102,-0.70130007527967,0.153788773553135,14.8153045516055,20.9096836759465,TRUE,-4.34312637264858,-0.701235344160638,0.150419314462648,0,"Logistic","Logistic","Dickeya.zeae",15,"TSB","OD_595"
37,24,74.7808573871886,79.4930727085804,54.7073417233988,60.5976108751385,10.8738772263679,15.5860925477597,TRUE,-6.2219410547764,-0.655307911785071,0.115331932636164,-13.3308834776216,-7.44061432588183,TRUE,-5.59932901627834,-0.67629555886196,0.347982011698318,20.4220482424796,"Gompertz","Gompertz","Pectobacterium.carotovorum.subsp..Carotovorum.Pcc2",15,"TSB","OD_595"
38,23,73.2673373017309,77.8093141654475,57.8338536567955,63.5113247364412,22.7589987093666,27.3009755730832,TRUE,-6.37455930425856,-0.92784161756617,0.222415409428564,23.1669283943777,28.8443994740235,TRUE,-6.06679113439797,-0.932775088730554,0.293229036275704,3.69043941152937,"Logistic","Logistic","Pantoea.agglomerans..RDA.R.",15,"TSB","OD_595"
39,24,71.0054515629956,75.7176668843874,56.2621229513579,62.1523921030977,21.4655936543122,26.177808975704,TRUE,-5.5111209451908,-0.685847772571346,0.255211362715951,23.4591470775871,29.3494162293269,TRUE,-5.86739193906581,-0.683060714933563,0.303733136362077,0,"Logistic","Logistic","Dickeya.zeae..RDA.R.",15,"TSB","OD_595"
40,22,40.9993843294341,45.3635541428674,28.0620184146396,33.5172306814312,14.4901120084387,18.8542818218719,TRUE,-4.93390489788398,-2.14995132667822,0.280060662160567,20.1915061871201,25.6467184539117,TRUE,-4.85507377839268,-2.10705021874247,0.10627593321001,0,"Logistic","Logistic","Acinetobacter.clacoaceticus..RDA.R.",15,"TSB","OD_595"
41,23,46.259085042985,50.8010619067016,20.233751800554,25.9112228801997,-23.3194389198061,-18.7774620560895,TRUE,-5.36945717141345,-1.5637161379107,0.0631310874165659,-21.7241692602453,-16.0466981805995,TRUE,-5.5774164638561,-1.56227215541995,0.0667974095056914,0,"Logistic","Logistic","Stenotrophomonas.maltophilia..RDA.R.",15,"TSB","OD_595"
42,32,68.8897212912855,74.7526649024844,61.5708641198069,68.8995436338055,7.76049466193161,13.6234382731305,TRUE,-3.23955871205293,-0.307444455327995,0.316683908571735,10.6435755294434,17.972255043442,TRUE,-3.3045156915231,-0.308433822489493,0.289250127051102,0,"Logistic","Logistic","Klebsiella.pneumonia..RDA.R.",15,"TSB","OD_595"
43,22,35.5843273940047,39.948497207438,15.518201992247,20.9734142590386,6.37871916419931,10.7428889776326,TRUE,-5.79981911755136,-1.66482928540058,0.0453753892196254,4.16956492221069,9.62477718900227,TRUE,-6.05031027169136,-1.65257791041854,0.0496340114753268,0,"Gompertz","Gompertz","Bacillus.pumilus..RDA.R.",15,"TSB","OD_595"
44,24,31.948049021866,36.6602643432578,-6.27479868675993,-0.384529535020198,25.0936985433957,29.8059138647875,TRUE,-3.88454946012428,-1.04609095326102,0.0597843587310812,28.1752839201821,34.0655530719218,TRUE,-4.00523941689782,-1.04829573094904,0.0569610158662512,0,"Cubic","Cubic","Clavibacter.michiganensis..RDA.R.",15,"TSB","OD_595"
45,12,22.4132248315058,24.3528514306578,17.1555460547559,19.5800793036959,9.4833098989268,11.4229364980788,TRUE,-4.66990357448005,-1.32938849172451,0.130445177599957,12.3759101295954,14.8004433785354,TRUE,-4.74362361686346,-1.32420786808407,0.12391299252387,0,"Logistic","Logistic","Chryseobacterium.balustinum",25,"TSB","OD_595"
46,17,13.3417045444091,16.674557920634,-5.04510466805318,-0.879037947772101,-8.06819996981665,-4.73534659359178,TRUE,-3.4345271432599,-0.144283183848704,0.0568996533542766,-3.69711021691973,0.468956503361353,TRUE,-3.58270189992141,-0.143485822850176,0.0581424921471402,0,"Logistic","Logistic","Enterobacter.sp.",25,"TSB","OD_595"
47,15,17.0595337456721,19.891734550081,10.2567550112547,13.7970060167658,12.678403588089,15.5106043924978,TRUE,-4.28704250654587,-0.684332591244429,0.0950073182686509,15.5550837634338,19.0953347689449,TRUE,-4.43033825663128,-0.6902101378627,0.0980263357857086,0,"Cubic","Cubic","Pantoea.agglomerans.1",25,"TSB","OD_595"
48,15,26.9540358757728,29.7862366801817,23.7959720071017,27.3362230126128,21.5758372006182,24.408038005027,TRUE,-4.94869746934112,-0.941181951431912,0.142088088207972,23.6461880968784,27.1864391023895,TRUE,-5.1542410959155,-0.939727939641314,0.15498522456512,0,"Logistic","Logistic","Pantoea.agglomerans.2",25,"TSB","OD_595"
49,14,29.6443227064742,32.2005520249353,19.9984625424581,23.1937491905344,1.87389422660061,4.43012354506164,TRUE,-5.28973939641402,-1.46685260695767,0.167101046500719,4.15496150596814,7.35024815404443,TRUE,-5.43589079690683,-1.4660641563837,0.170797921483253,0,"Logistic","Logistic","Bacillus.pumilus",25,"TSB","OD_595"
50,15,30.8794999795737,33.7117007839826,23.769722650314,27.3099736558251,-2.61842384505315,0.213776959355691,TRUE,-4.14349177607892,-0.510047535055652,0.316085256898119,0.957687527657123,4.49793853316817,TRUE,-4.22282748707654,-0.507714560892472,0.306811121555019,0,"Logistic","Logistic","Clavibacter.michiganensis",25,"TSB","OD_595"
51,13,22.8739684946904,25.1337659245366,14.2908728987333,17.115619686041,1.28126674279018,3.54106417263633,TRUE,-4.66121755002199,-1.72704090004552,0.267608600424456,3.73990033458177,6.56464712188945,TRUE,-4.72563907038893,-1.72746795762551,0.24395190385753,0,"Logistic","Logistic","Pseudomonas.fluorescens.1",25,"TSB","OD_595"
52,13,31.8861548015247,34.1459522313709,24.6907993924019,27.5155461797096,3.22751901454482,5.48731644439096,TRUE,-4.73051448896442,-1.27973505619487,0.280583195544137,10.9434227044979,13.7681694918056,TRUE,-4.98079707762357,-1.29147537404291,0.30031043158384,0,"Logistic","Logistic","Pseudomonas.fluorescens.2",25,"TSB","OD_595"
53,14,25.1462854334443,27.7025147519053,16.7808739984139,19.9761606464902,11.5007121402927,14.0569414587537,TRUE,-4.02271324555401,-1.97522655801832,0.335989496778116,14.2236989518997,17.418985599976,TRUE,-4.08526230715944,-1.98098112638664,0.263294120000662,0,"Logistic","Logistic","Acinetobacter.clacoaceticus.1",25,"TSB","OD_595"
54,15,37.787354895938,40.6195557003468,32.7351433803637,36.2753943858747,22.5509674155076,25.3831682199164,TRUE,-4.84768870453053,-1.89657326032118,0.472162380736498,25.7752369684265,29.3154879739376,TRUE,-4.97623102156773,-1.89392524204826,0.440623198583995,0,"Logistic","Logistic","Acinetobacter.clacoaceticus.2",25,"TSB","OD_595"
55,15,21.4486593847421,24.2808601891509,14.3875559520035,17.9278069575145,-4.81161881488202,-1.97941801047318,TRUE,-3.98906797487374,-1.61769381829684,0.255540102720626,-1.67825180391189,1.86199920159916,TRUE,-4.05424370935424,-1.62514127525031,0.220269438692536,0,"Logistic","Logistic","Stenotrophomonas.maltophilia.1",25,"TSB","OD_595"
56,16,23.0218953659448,26.1122502549039,8.83594677040276,12.6988903816017,-19.5776883022126,-16.4873334132535,TRUE,-3.94067707990937,-0.715080939083223,0.193238216901057,-12.3146595176194,-8.45171590642049,TRUE,-4.05652470176366,-0.718986517175795,0.194267400320301,0,"Logistic","Logistic","Stenotrophomonas.maltophilia.2",25,"TSB","OD_595"
57,17,49.8910722440165,53.2239256202413,46.0600210777044,50.2260877979854,-18.0632037809083,-14.7303504046835,TRUE,-3.45722831283652,-0.0572781321397043,0.640323114726851,-35.2138478421079,-31.0477811218268,TRUE,-3.18252571522881,-0.0718345106996804,0.680302935150976,0.984974567710695,"Gompertz","Gompertz","Klebsiella.pneumonia",25,"TSB","OD_595"
58,16,44.3251263609217,47.4154812498808,36.8560489751295,40.7189925863284,3.63479830922332,6.72515319818244,TRUE,-4.52695290136511,-0.429357427015802,0.434632744343462,-1.35066805997477,2.51227555122414,TRUE,-3.98135168395492,-0.448331499120846,0.491671903706146,2.15070924857476,"Gompertz","Gompertz","Dickeya.zeae",25,"TSB","OD_595"
59,17,35.6658738503862,38.998727226611,37.3970577856435,41.5631245059246,31.2887656742245,34.6216190504494,TRUE,-6.53543868348252,-0.438808652385173,0.105983410032249,-27.8732152913644,-23.7071485710833,TRUE,-5.92956613335492,-0.540032938235513,0.319752602678333,22.2294711482886,"Gompertz","Gompertz","Pectobacterium.carotovorum.subsp..Carotovorum.Pcc2",25,"TSB","OD_595"
60,17,48.8999061416383,52.2327595178631,36.4383061821545,40.6043729024356,10.5396592308036,13.8725126070284,TRUE,-4.76918072498199,-0.650657992605912,0.372647960662547,0.514828133624931,4.68089485390601,TRUE,-4.35580136410209,-0.670192204720251,0.484514713323381,2.66655580503658,"Gompertz","Gompertz","Pantoea.agglomerans..RDA.R.",25,"TSB","OD_595"
61,16,43.3152290562757,46.4055839452348,34.8979119836233,38.7608555948222,-9.89266689666789,-6.80231200770877,TRUE,-4.09353340701661,-0.29638524693085,0.38153519210529,-27.756676444399,-23.8937328332001,TRUE,-3.88540992185212,-0.307100504559254,0.419201782377513,1.42356724389006,"Gompertz","Gompertz","Dickeya.zeae..RDA.R.",25,"TSB","OD_595"
62,15,26.1125158260437,28.9447166304525,19.6540941892739,23.1943451947849,-0.35721409974553,2.47498670466331,TRUE,-4.46178166621476,-2.23381913483641,0.322397797530297,3.4965263119619,7.03677731747295,TRUE,-4.54259003629383,-2.24633162070052,0.269771710740415,0,"Logistic","Logistic","Acinetobacter.clacoaceticus..RDA.R.",25,"TSB","OD_595"
63,13,24.8777731207923,27.1375705506384,15.1978589693278,18.0226057566355,-12.3731988912813,-10.1134014614351,TRUE,-4.87732258870879,-1.55212991277985,0.219063529894071,-5.30041864440296,-2.47567185709527,TRUE,-4.92686977730017,-1.54943915546608,0.206733165049928,0,"Logistic","Logistic","Stenotrophomonas.maltophilia..RDA.R.",25,"TSB","OD_595"
64,17,48.1989363631739,51.5317897393988,43.7266111110817,47.8926778313628,-27.1981628643859,-23.8653094881611,TRUE,-3.44677130930951,-0.1545204142228,0.595056493852874,-58.9481385961829,-54.7820718759019,TRUE,-3.29424763863661,-0.168657891867091,0.610273819029371,0.692784913697056,"Gompertz","Gompertz","Klebsiella.pneumonia..RDA.R.",25,"TSB","OD_595"
65,15,40.0483421889596,42.8805429933685,35.1286186768716,38.6688696823827,17.8299294849611,20.6621302893699,TRUE,-6.18548956818749,-1.59144626345126,0.365939786734469,18.2866523357113,21.8269033412224,TRUE,-6.36575154226508,-1.57698609189744,0.38346569725672,0,"Logistic","Logistic","Bacillus.pumilus..RDA.R.",25,"TSB","OD_595"
66,17,37.1787694448691,40.511622821094,28.2543391717974,32.4204058920785,6.73484265278843,10.0676960290133,TRUE,-4.43331814123833,-0.913341878529114,0.314460614570477,8.47382774064696,12.639894460928,TRUE,-4.57853315103195,-0.918014976854677,0.316722501386897,0,"Logistic","Logistic","Clavibacter.michiganensis..RDA.R.",25,"TSB","OD_595"
67,15,44.0265574754064,46.8587582798152,41.2332006919807,44.7734516974918,17.5422361585991,20.374436963008,TRUE,-5.42073691758912,-1.43812544248476,0.502457194143396,20.1512065778568,23.6914575833679,TRUE,-5.78916621720842,-1.46874741016371,0.586230513140914,0,"Logistic","Logistic","Chryseobacterium.balustinum",35,"TSB","OD_595"
68,17,52.8987587386569,56.2316121148818,49.1641868009597,53.3302535212408,-31.9248388913068,-28.5919855150819,TRUE,-3.73246339860306,-0.0737338381586878,0.724280622683286,-37.3832491934805,-33.2171824731995,TRUE,-3.69035578274192,-0.0680655404545971,0.750009721725795,0.392463333987934,"Gompertz","Gompertz","Enterobacter.sp.",35,"TSB","OD_595"
69,16,51.6653873013184,54.7557421902776,42.9112933612173,46.7742369724162,1.5899895947113,4.68034448367043,TRUE,-5.28132276344041,-0.618117413941906,0.523371340318993,5.4632774843629,9.32622109556181,TRUE,-5.49863676733478,-0.608900722830563,0.564086868750295,0,"Logistic","Logistic","Pantoea.agglomerans.1",35,"TSB","OD_595"
70,15,54.8211927524531,57.653393556862,47.2435867979296,50.7838378034406,17.1614625732873,19.9936633776961,TRUE,-5.70566322672053,-0.819443401086613,0.617273667702573,21.6713435442297,25.2115945497407,TRUE,-5.99760155650806,-0.806875706703646,0.691843757831326,0,"Logistic","Logistic","Pantoea.agglomerans.2",35,"TSB","OD_595"
71,15,70.7244053508501,73.556606155259,68.6915451072209,72.2317961127319,38.6615959526646,41.4937967570735,TRUE,-11.4318562469632,-1.95167133329099,1.52346163933245,31.4470224632111,34.9872734687221,TRUE,-12.2196917399707,-1.73295521608092,1.85670922700449,0,"Gompertz","Gompertz","Bacillus.pumilus",35,"TSB","OD_595"
72,17,45.7338730850697,49.0667264612945,37.9702577656841,42.1363244859651,NA,NA,FALSE,NA,NA,NA,NA,NA,FALSE,NA,NA,NA,NA,"Cubic","Cubic","Clavibacter.michiganensis",35,"TSB","OD_595"
73,17,40.3273923771002,43.6602457533251,33.7035407562152,37.8696074764962,-6.42072316422826,-3.0878697880034,TRUE,-4.84619117954108,-1.77540889041011,0.383412329513872,2.24178885138398,6.40785557166506,TRUE,-5.06481246979954,-1.80654614922915,0.397338530721921,0,"Logistic","Logistic","Pseudomonas.fluorescens.1",35,"TSB","OD_595"
74,15,27.7756976153137,30.6078984197225,20.340891525588,23.8811425310991,-9.11106088989208,-6.27886008548324,TRUE,-4.01862351833799,-1.50556760977788,0.348414350845785,-6.08840469548803,-2.54815368997698,TRUE,-3.97712797225127,-1.50668744639742,0.277257365490127,0,"Logistic","Logistic","Pseudomonas.fluorescens.2",35,"TSB","OD_595"
75,16,36.7575084714066,39.8478633603658,31.7225468764987,35.5854904876976,-9.24324150701383,-6.15288661805471,TRUE,-3.98343069281197,-1.04352707941737,0.360344679660795,-3.82928587639216,0.0336577348067504,TRUE,-4.09404535989784,-1.04743541196122,0.336382840755787,0,"Logistic","Logistic","Acinetobacter.clacoaceticus.1",35,"TSB","OD_595"
76,16,37.3518191596794,40.4421740486386,30.9964084782571,34.859352089456,27.7546848411648,30.845039730124,TRUE,-4.23632263212872,-1.52536533794948,0.419699500561753,30.2978896820406,34.1608332932395,TRUE,-4.27685276927398,-1.52957592479492,0.364865513104134,0,"Logistic","Logistic","Acinetobacter.clacoaceticus.2",35,"TSB","OD_595"
77,15,24.6384661196581,27.4706669240669,15.3763040172749,18.9165550227859,-21.1227178464151,-18.2905170420063,TRUE,-3.90187234107058,-1.59473683056703,0.277578585859233,-12.2683274610414,-8.72807645553031,TRUE,-3.96651597385801,-1.60033407728853,0.23184889005031,0,"Logistic","Logistic","Stenotrophomonas.maltophilia.1",35,"TSB","OD_595"
78,16,25.3243125145358,28.4146674034949,14.0729899975574,17.9359336087563,-15.3152587722609,-12.2249038833018,TRUE,-3.91160624538421,-1.8223797560638,0.274205276398165,-11.5177564188712,-7.65481280767232,TRUE,-3.92084460106009,-1.82769664661081,0.210408527952565,0,"Logistic","Logistic","Stenotrophomonas.maltophilia.2",35,"TSB","OD_595"
79,18,59.7160633008413,63.277550332426,57.7285941735422,62.1804529630231,-22.6495658669742,-19.0880788353896,TRUE,-3.85849046150499,-0.0764151948968671,1.5611035100557,-36.4086967140702,-31.9568379245894,TRUE,-3.75200339151652,-0.0821956831775454,1.74422422339838,0.262016647214177,"Gompertz","Gompertz","Klebsiella.pneumonia",35,"TSB","OD_595"
80,18,63.49829721094,67.0597842425246,58.3883074729964,62.8401662624772,17.1949293668371,20.7564163984218,TRUE,-4.46364697531344,-0.431096385522356,0.924153915070026,16.517628253909,20.9694870433898,TRUE,-4.03838181620446,-0.450923927984704,1.1354973194076,0.986471634228971,"Gompertz","Logistic","Dickeya.zeae",35,"TSB","OD_595"
81,16,33.7980060940531,36.8883609830122,26.9143463414164,30.7772899526153,27.533569415517,30.6239243044761,TRUE,-4.03076002184596,-1.5215234416482,0.375566339753616,29.8115202797963,33.6744638909952,TRUE,-4.0495218112199,-1.52652536494175,0.3123485870758,0,"Cubic","Logistic","Pectobacterium.carotovorum.subsp..Carotovorum.Pcc2",35,"TSB","OD_595"
82,17,62.1390342594146,65.4718876356395,56.1057179713642,60.2717846916453,22.4708304936749,25.8036838698998,TRUE,-5.05988929532109,-0.777686855423505,0.689342725596949,19.5126018888865,23.6786686091675,TRUE,-4.11264641613316,-0.816545512241555,1.29576153814116,3.29852623424971,"Gompertz","Gompertz","Pantoea.agglomerans..RDA.R.",35,"TSB","OD_595"
83,18,58.4883269932657,62.0498140248504,52.7000578981531,57.1519166876339,35.583068224808,39.1445552563926,TRUE,-3.94134873800434,-0.665082646746766,0.797974655901666,33.5770402879036,38.0288990773844,TRUE,-3.28999031724003,-0.687691641130108,1.25707629110721,1.94475590547847,"Gompertz","Gompertz","Dickeya.zeae..RDA.R.",35,"TSB","OD_595"
84,15,29.0446284637885,31.8768292681974,23.5037525351992,27.0440035407103,-10.292029168391,-7.45982836398218,TRUE,-4.55526813733578,-2.19103275772889,0.425985868910846,-8.0888894278123,-4.54863842230125,TRUE,-4.55487715961362,-2.19511548152847,0.340871304905159,0,"Logistic","Logistic","Acinetobacter.clacoaceticus..RDA.R.",35,"TSB","OD_595"
85,15,35.2361497419897,38.0683505463985,28.2875447544768,31.8277957599878,3.16877499244904,6.00097579685788,TRUE,-5.03693992385219,-2.10570429463159,0.381704912622314,7.42880553266623,10.9690565381773,TRUE,-5.16998133914183,-2.11929909771658,0.368517532571783,0,"Logistic","Logistic","Stenotrophomonas.maltophilia..RDA.R.",35,"TSB","OD_595"
86,18,55.8874960310214,59.448983062606,53.3715876480933,57.8234464375742,-8.05786263157871,-4.49637559999406,TRUE,-3.57817673255493,-0.101905760938403,1.1638741935274,-41.7655643204333,-37.3137055309525,TRUE,-3.27682996016967,-0.127536542530705,1.51885476756219,0.698132766573586,"Gompertz","Gompertz","Klebsiella.pneumonia..RDA.R.",35,"TSB","OD_595"
87,17,45.9381237843636,49.2709771605885,40.7111315677849,44.877198288066,11.8381425724528,15.1709959486777,TRUE,-5.04921178927027,-1.23883772678653,0.448545608016056,13.6642323235817,17.8302990438628,TRUE,-5.273734820182,-1.25318946711365,0.481094003772859,0,"Logistic","Logistic","Bacillus.pumilus..RDA.R.",35,"TSB","OD_595"
88,17,44.6306972902132,47.963550666438,37.2293597334108,41.3954264536919,-18.9297081272856,-15.5968547510608,TRUE,-4.03229550596966,-0.585820638339307,0.436954258271597,-15.9055424045185,-11.7394756842374,TRUE,-4.14193014382616,-0.588655238669589,0.428941418666491,0,"Logistic","Logistic","Clavibacter.michiganensis..RDA.R.",35,"TSB","OD_595"
89,11,32.6932955638088,34.2848766550023,32.6714509107351,34.660927274727,31.7925502506228,33.3841313418163,TRUE,5.63577185064101,9.97487591569201,0.00733857120638953,24.6717690491814,26.6612454131733,TRUE,6.05986524347911,9.71738773943939,0.0185098819763561,197.045831997295,"Gompertz","Gompertz","Tetraselmis tetrahele",5,"ESAW","N"
90,11,31.625459944447,33.2170410356405,32.4000803541851,34.389556718177,30.747522571572,32.3391036627655,TRUE,5.60810722629413,9.96723462691836,0.0075373883478004,25.6360110359727,27.6254873999646,TRUE,6.18900894791316,9.6741807603061,0.0291841322382191,237.218906431531,"Gompertz","Gompertz","Tetraselmis tetrahele",5,"ESAW","N"
91,11,18.3699139243606,19.9614950155541,17.9989211146746,19.9883974786664,17.5103322376924,19.1019133288859,TRUE,6.71509371232004,10.1508389988453,0.00531231942429054,11.6368152273226,13.6262915913145,TRUE,7.06898241005871,9.82700741887539,0.00954540357846299,186.691592232321,"Gompertz","Gompertz","Tetraselmis tetrahele",5,"ESAW","N"
92,11,32.9863558029392,34.5779368941327,34.8808078766386,36.8702842406305,32.7778217687408,34.3694028599343,TRUE,6.02351190445672,10.0774437592947,0.0076019840433596,34.2211309279905,36.2106072919824,TRUE,6.23487854297552,10.0314531293242,0.00893323802484008,75.8968577262477,"Logistic","Logistic","Tetraselmis tetrahele",5,"ESAW","N"
93,9,4.7825262203505,5.57142452969538,6.63761356414747,7.62373645082857,4.40482302962098,5.19372133896585,TRUE,6.39783870204094,9.82631809473493,0.00729864564999273,8.03519653473123,9.02131942141233,TRUE,6.1463117994267,9.85968594802443,0.0074832578802535,0,"Logistic","Logistic","Tetraselmis tetrahele",5,"ESAW","N"
94,11,22.3894135456278,23.9809946368213,23.608861211272,25.5983375752639,20.6962810343963,22.2878621255898,TRUE,6.33986201914339,9.89061931449427,0.0105822912728764,17.9043296014964,19.8938059654882,TRUE,6.57982237695171,9.79335273387549,0.0161351665989709,88.4863509749654,"Gompertz","Gompertz","Tetraselmis tetrahele",8,"ESAW","N"
95,10,6.49411815685578,7.70445852883196,-4.82584502143204,-3.31291955646181,-7.54946452397589,-6.3391241519997,TRUE,6.63226325783161,9.9763066963226,0.0112010944087654,-5.23604010979224,-3.72311464482201,TRUE,6.59998179978951,9.98818843914074,0.0103954518268143,0,"Logistic","Logistic","Tetraselmis tetrahele",8,"ESAW","N"
96,11,19.8683633323522,21.4599444235457,19.8937920554905,21.8832684194824,16.9860828147345,18.577663905928,TRUE,6.51964311845832,9.86005748758477,0.00971444950987931,12.4605751213266,14.4500514853185,TRUE,6.81703504691692,9.77124065473003,0.0147311280284908,102.953187017181,"Gompertz","Gompertz","Tetraselmis tetrahele",8,"ESAW","N"
97,11,26.0831534509637,27.6747345421572,28.029640082754,30.0191164467458,25.0098089191522,26.6013900103457,TRUE,5.98734665631637,9.89930119806107,0.0102577875521354,20.0756276342236,22.0651039982154,TRUE,6.33634330588903,9.79233374601982,0.0183997808046533,121.360363632218,"Gompertz","Gompertz","Tetraselmis tetrahele",8,"ESAW","N"
98,11,30.9778533249132,32.5694344161067,31.9130941332113,33.9025704972031,28.847531099961,30.4391121911545,TRUE,5.83410466837855,9.89288240055528,0.0130956261727191,23.1828839102889,25.1723602742808,TRUE,6.14913014418448,9.76426302521805,0.0289618262325809,110.583066086647,"Gompertz","Gompertz","Tetraselmis tetrahele",8,"ESAW","N"
99,12,22.6604653895027,24.6000919886547,11.8757084442006,14.3002416931406,4.02924837331733,5.96887497246933,TRUE,6.56775254060997,9.82214349629311,0.0185589978592919,-9.21087804069769,-6.78634479175768,TRUE,7.08178662035068,9.79539756310255,0.0253887492813623,67.6319582305597,"Gompertz","Gompertz","Tetraselmis tetrahele",16,"ESAW","N"
100,12,26.7613027928051,28.7009293919571,23.5996234990459,26.0241567479859,19.9444701136153,21.8840967127673,TRUE,6.34537133755711,9.73924279608912,0.0154352564664591,3.52144136835178,5.94597461729178,TRUE,6.90766766222557,9.69208035939248,0.267511770756999,172.73896131381,"Gompertz","Gompertz","Tetraselmis tetrahele",16,"ESAW","N"
101,13,21.605754310226,23.8655517400721,14.5910449006813,17.415791687989,9.49053442039636,11.7503318502425,TRUE,6.57998379238979,9.76766687942476,0.0169249888671728,-5.88296893371476,-3.05822214640708,TRUE,7.14893447522792,9.73915608717625,0.0265703302535121,90.4445637201413,"Gompertz","Gompertz","Tetraselmis tetrahele",16,"ESAW","N"
102,13,28.8352735005609,31.0950709304071,22.9980064925843,25.822753279892,18.1827596529405,20.4425570827867,TRUE,5.96586848625026,9.84865296080331,0.017176112573932,-7.13205010863451,-4.30730332132683,TRUE,6.84266689978012,9.80665984387645,0.229405841417641,186.856251886152,"Gompertz","Gompertz","Tetraselmis tetrahele",16,"ESAW","N"
103,13,21.921996885723,24.1817943155691,9.91491909763318,12.7396658849409,1.02635170747944,3.28614913732559,TRUE,6.48279065328625,9.79419144849402,0.0182704428100468,-16.9519807360219,-14.1272339487142,TRUE,7.04285193955375,9.77221299181778,0.0240514959254521,70.23914508065,"Gompertz","Gompertz","Tetraselmis tetrahele",16,"ESAW","N"
104,13,19.8820563166263,22.1418537464724,19.6190620141612,22.4438088014689,15.3883171670157,17.6481145968619,TRUE,6.47263345902618,9.15482841295059,0.0461179553265339,17.3798244696483,20.204571256956,TRUE,6.52697707488121,9.15567760403001,0.0377284323688515,0,"Logistic","Logistic","Tetraselmis tetrahele",25,"ESAW","N"
105,13,17.0663592181583,19.3261566480045,17.4072522274137,20.2319990147214,15.4427820050654,17.7025794349115,TRUE,6.65900148586983,9.03209182792214,0.0396924950568337,20.6315142569433,23.456261044251,TRUE,7.55963168261778,9.26656431911273,0.00441286117296109,0,"Logistic","Logistic","Tetraselmis tetrahele",25,"ESAW","N"
106,13,16.9330170338367,19.1928144636828,17.236724672221,20.0614714595287,8.72085349780237,10.9806509276485,TRUE,6.51572508297276,9.12059221556463,0.0435014724197661,10.6952392312561,13.5199860185638,TRUE,6.57431221733789,9.12183068549076,0.0346452443959358,0,"Logistic","Logistic","Tetraselmis tetrahele",25,"ESAW","N"
107,15,21.427406883291,24.2596076876998,20.4917212409339,24.0319722464449,14.2980804748705,17.1302812792794,TRUE,5.75642859597924,9.23633107240295,0.0431267787814387,16.0543863879521,19.5946373934632,TRUE,5.75700016028591,9.24264105714016,0.0387952479282686,0,"Logistic","Logistic","Tetraselmis tetrahele",25,"ESAW","N"
108,12,16.8416790616354,18.7813056607874,14.9160102016834,17.3405434506234,3.3704631984369,5.3100897975889,TRUE,6.83283195036862,9.27411317575343,0.0327135888807575,5.32693226812393,7.75146551706393,TRUE,6.80513356357998,9.27567541543425,0.026379109232242,0,"Logistic","Logistic","Tetraselmis tetrahele",25,"ESAW","N"
109,11,32.9593013186579,34.5508824098514,34.0199702961623,36.0094466601542,32.9874451518824,34.5790262430758,TRUE,5.89734093322314,8.2077892674715,0.00624674905455643,31.6256642590385,33.6151406230304,TRUE,5.86820569951191,7.93759161192828,0.0190085833060523,127.549667946199,"Gompertz","Gompertz","Tetraselmis tetrahele",32,"ESAW","N"
110,11,38.2912456563605,39.882826747554,38.428779496407,40.4182558603989,38.2415098540784,39.8330909452719,TRUE,6.01347621430492,9.14590965806694,0.00362180792837366,32.4172285889453,34.4067049529371,TRUE,6.02118773672242,8.1147281575351,0.0375784659926038,254.485351813506,"Gompertz","Gompertz","Tetraselmis tetrahele",32,"ESAW","N"
111,11,34.2673128300277,35.8588939212212,34.6653066692616,36.6547830332535,34.0594735005148,35.6510545917083,TRUE,5.67435022082517,8.58541700817379,0.00694970479790467,28.7276152876016,30.7170916515935,TRUE,5.90398950620768,8.31196498063273,0.222214733892962,240.822619423971,"Gompertz","Gompertz","Tetraselmis tetrahele",32,"ESAW","N"
112,12,36.5592221957047,38.4988487948567,36.510982462624,38.935515711564,36.1565533281333,38.0961799272853,TRUE,5.59831820420608,8.71905684892294,0.00535111408543985,26.9988152313763,29.4233484803163,TRUE,5.87579199555288,8.290864449482,0.0594208943391677,273.534251908389,"Gompertz","Gompertz","Tetraselmis tetrahele",32,"ESAW","N"
113,12,29.7651715233139,31.7047981224659,27.126891593215,29.551424842155,29.5699652795545,31.5095918787065,TRUE,6.41340350459924,8.75345498951969,0.00346408796258187,22.7111370829628,25.1356703319028,TRUE,6.58111334308565,8.24017075867608,0.0173479723607096,276.522237474412,"Gompertz","Gompertz","Tetraselmis tetrahele",32,"ESAW","N"
114,9,9.48693340094287,10.2758317102877,-6.93430898231447,-5.94818609563337,6.96980116391669,7.75869947326157,TRUE,-2.02693067176148,7.54602473948375,0.0167506544423627,-2.59880662133231,-1.61268373465121,TRUE,-0.123050102220349,8.15896082070967,0.0198392633530609,148.327704354101,"Cubic","Cubic","Staphylococcus spp.",2,"Raw Chicken Breast","CFU"
115,8,19.5807863404861,19.8985525072055,15.5007051710289,15.8979128794281,16.7447882829379,17.0625544496573,TRUE,-1.63752423473459,5.82418053391305,0.01723240115095,6.73010590784436,7.12731361624354,TRUE,0.13863367165462,5.72636967689425,0.0256574586294807,158.678858401693,"Gompertz","Gompertz","Staphylococcus spp.",4,"Raw Chicken Breast","CFU"
116,14,35.4352646464143,37.9914939648754,18.7976192081391,21.9929058562154,28.4669669328472,31.0231962513083,TRUE,-1.06646774533926,7.45389926401457,0.0359363500073866,7.94646796724067,11.141754615317,TRUE,-0.00475816055453672,7.45612451061408,0.0545822289707633,64.5114111234556,"Gompertz","Gompertz","Staphylococcus spp.",7,"Raw Chicken Breast","CFU"
117,11,28.2826066741486,29.8741877653421,14.9127173403179,16.9021937043098,22.7618024559834,24.3533835471769,TRUE,-1.80055528957253,7.58874839979804,0.0624278919879154,0.591206852176104,2.58068321616796,TRUE,0.00018434760057907,7.66858747653795,0.0932265144627641,49.1808219656457,"Gompertz","Gompertz","Staphylococcus spp.",10,"Raw Chicken Breast","CFU"
118,9,16.6338179213633,17.4227162307082,15.8894418732153,16.8755647598964,14.8300715165125,15.6189698258573,TRUE,-1.39782444615285,7.00520201035109,0.0887629931044304,9.25755714542782,10.2436800321089,TRUE,1.28062267189102,6.94041450943038,0.117644896787236,37.4437987130734,"Gompertz","Gompertz","Staphylococcus spp.",15,"Raw Chicken Breast","CFU"
119,9,13.5511089805328,14.3400072898777,3.40355700488108,4.38967989156218,10.6844593412564,11.4733576506012,TRUE,-0.278903130579055,7.36165656324329,0.149243231807844,-0.284055125399121,0.702067761281977,TRUE,1.2312744172827,7.25452745546323,0.199205261768314,15.1576352759843,"Gompertz","Gompertz","Staphylococcus spp.",20,"Raw Chicken Breast","CFU"
120,10,8.03712164180592,9.24746201378211,-0.51623879192881,0.99668667304142,5.92624723366797,7.13658760564416,TRUE,-1.19187060681354,7.37695035490501,0.0143414648181118,-0.936336026941477,0.576589438028753,TRUE,-0.42497246397429,7.95560230557438,0.0166152087465921,87.5366852092435,"Gompertz","Gompertz","Staphylococcus spp.",2,"Salted Chicken Breast","CFU"
121,6,-0.273612259590667,-1.10657438267845,-0.310583876919196,-1.35178653077892,2.22160010152443,1.38863797843665,TRUE,-2.06982594444172,6.07422709262691,0.0221824195421489,5.80942632853724,4.76822367467752,TRUE,-0.35737043005731,6.33006623193628,0.0245631939351728,88.4527383546605,"Cubic","Cubic","Staphylococcus spp.",4,"Salted Chicken Breast","CFU"
122,14,34.0967193699566,36.6529486884176,12.0151170911114,15.2104037391877,29.7012599397329,32.2574892581939,TRUE,-1.06355060841058,7.67566619455842,0.0306130395794588,3.65071095779126,6.84599760586755,TRUE,-0.0409165973442825,7.56265868959455,0.0464090915734601,72.9580966882279,"Gompertz","Gompertz","Staphylococcus spp.",7,"Salted Chicken Breast","CFU"
123,13,9.73428893644569,11.9940863662918,-0.511006911289037,2.31373987601865,-2.40398174080861,-0.14418431096246,TRUE,-0.606791319368675,7.48863575118331,0.0576361298290558,9.59304152992508,12.4177883172328,TRUE,-0.428223105671225,8.0630800448882,0.0631262867745287,8.32458219623035,"Logistic","Logistic","Staphylococcus spp.",10,"Salted Chicken Breast","CFU"
124,12,18.478741835955,20.418368435107,-7.35565671012333,-4.93112346118333,11.069515710164,13.009142309316,TRUE,-0.310779234547542,8.17658510345652,0.0793180192337546,3.26338591765782,5.68791916659782,TRUE,1.01942698614025,8.64222628387156,0.0954468885993238,24.3935430214155,"Cubic","Cubic","Staphylococcus spp.",15,"Salted Chicken Breast","CFU"
125,9,10.6141316603555,11.4030299697003,8.260033193829,9.2461560805101,10.4874662518782,11.2763645612231,TRUE,-0.586812012489222,9.56780345341947,0.139289488973887,6.54403749162492,7.53016037830601,TRUE,0.486079965490746,9.31118994169881,0.169281925585946,12.3877066868107,"Gompertz","Gompertz","Staphylococcus spp.",20,"Salted Chicken Breast","CFU"
126,10,21.353838374255,22.5641787462312,19.5977070481134,21.1106325130836,19.9188748748767,21.1292152468529,TRUE,-1.33463351135115,3.22520471373551,0.0130065662745093,-2.79912869070319,-1.28620322573296,TRUE,0.0891704416761839,3.05994280021142,0.0287654098695915,191.986460301266,"Gompertz","Gompertz","Staphylococcus spp.",2,"Cooked Chicken Breast","CFU"
127,7,7.4683449817844,7.25198557800566,9.24639852961035,8.97594927488691,2.29777369703131,2.08141429325256,TRUE,-3.71351607407509,5.63243374280891,0.0275502801940425,2.37603022476541,2.10558097004198,TRUE,0.54082767001259,5.62854346299306,0.0363105047982411,180.525557508703,"Logistic","Logistic","Staphylococcus spp.",4,"Cooked Chicken Breast","CFU"
128,14,30.3509763425779,32.9072056610389,4.25204226325689,7.44732891133318,NA,NA,FALSE,NA,NA,NA,-8.67157988194643,-5.47629323387014,TRUE,0.016671649703847,6.42326670653978,0.0356367738353421,131.177298984611,"Gompertz","Gompertz","Staphylococcus spp.",7,"Cooked Chicken Breast","CFU"
129,12,9.38277199213729,11.3223985912893,11.1525001770537,13.5770334259937,10.2089292143654,12.1485558135174,TRUE,-1.48812035213624,5.97170561431966,0.0553501087742874,8.16373761675279,10.5882708656928,TRUE,-0.899218303158345,6.36060706971227,0.0602727911097815,15.1074714951114,"Gompertz","Gompertz","Staphylococcus spp.",10,"Cooked Chicken Breast","CFU"
130,11,-0.551678268762913,1.03990282243057,0.378430828111709,2.36790719210356,1.14582795718231,2.73740904837579,TRUE,-1.72083060090368,7.37145920879938,0.0980460046461728,0.351263559523852,2.34073992351571,TRUE,-1.64214113491335,8.22182151098577,0.108218564021426,4.07475844948846,"Quadratic","Quadratic","Staphylococcus spp.",15,"Cooked Chicken Breast","CFU"
131,9,2.28726633830566,3.07616464765054,0.470177898432336,1.45630078511343,-0.243540295623472,0.545358013721406,TRUE,-0.927330644921683,8.38407783396626,0.152916107506943,0.109936218829642,1.09605910551074,TRUE,-0.9692426204684,10.2766546437428,0.163611763217243,1.76026529923697,"Logistic","Logistic","Staphylococcus spp.",20,"Cooked Chicken Breast","CFU"
132,11,23.1361920178301,24.7277731090236,24.6880293990817,26.6775057630735,19.1602388614065,20.7518199526,TRUE,-1.81508262531855,6.13088846712762,0.0245626183366049,5.9240982842385,7.91357464823036,TRUE,-0.0180766811454379,6.07962260771342,0.0370998997111136,114.014838402375,"Gompertz","Gompertz","Pseudomonas spp.",2,"Raw Chicken Breast","CFU"
133,7,14.5501773054528,14.3338179016741,16.341527859798,16.0710786050746,12.9245067985154,12.7081473947366,TRUE,-2.04960770241437,7.05175374208237,0.0299954061308896,6.16190556756373,5.8914563128403,TRUE,0.252060328975916,7.07009132565305,0.042885769545181,109.890108236585,"Gompertz","Gompertz","Pseudomonas spp.",4,"Raw Chicken Breast","CFU"
134,11,30.2167762868043,31.8083573779978,1.66274981824818,3.65222618224004,26.9660149258224,28.5575960170158,TRUE,-0.966819374416381,6.73751457970337,0.0280125290791723,5.69193378667015,7.681410150662,TRUE,-0.0092389415973835,6.49497775677654,0.0488129640847995,88.3174717303933,"Cubic","Cubic","Pseudomonas spp.",7,"Raw Chicken Breast","CFU"
135,13,25.1595382382087,27.4193356680548,18.0055744314229,20.8303212187306,17.6001563835381,19.8599538133842,TRUE,-1.41384179337807,7.50712109384095,0.0658828874132411,1.06922606909083,3.89397285639852,TRUE,-0.173164966387232,7.62801080730304,0.0882805412168948,33.1398993324071,"Gompertz","Gompertz","Pseudomonas spp.",10,"Raw Chicken Breast","CFU"
136,12,14.4831795609088,16.4228061600608,10.2034637706429,12.6279970195829,8.90170931717061,10.8413359163226,TRUE,-0.536291505659879,8.65021513686374,0.0959359384436116,10.9835261672651,13.4080594162051,TRUE,-0.396395391179202,9.43891963337533,0.108418622545663,5.8900166153602,"Logistic","Logistic","Pseudomonas spp.",15,"Raw Chicken Breast","CFU"
137,9,8.90185515201058,9.69075346135546,2.29241719770927,3.27854008439037,3.99965610773622,4.78855441708109,TRUE,-0.474208555073414,8.51189778632006,0.160764765968884,-3.83086543340279,-2.84474254672169,TRUE,0.364972651883982,9.18109380579006,0.188240373585928,8.75068054703048,"Gompertz","Gompertz","Pseudomonas spp.",20,"Raw Chicken Breast","CFU"
138,11,29.061681512255,30.6532626034485,28.7141386162434,30.7036149802353,25.2089446404845,26.800525731678,TRUE,-0.995063702514571,5.88211687456794,0.0190019632002977,-9.64439470401984,-7.65491834002799,TRUE,0.165989233794167,5.74819611269354,0.0372414713127052,138.838893890875,"Gompertz","Gompertz","Pseudomonas spp.",2,"Salted Chicken Breast","CFU"
139,7,15.8214341089396,15.6050747051609,16.3075806519529,16.0371313972294,14.3675367663756,14.1511773625968,TRUE,-2.29579089770109,5.01223158436303,0.02600454112248,5.63564933407511,5.36520007935168,TRUE,0.0580212899593138,4.96723743490554,0.0416756124251077,133.348850672511,"Gompertz","Gompertz","Pseudomonas spp.",4,"Salted Chicken Breast","CFU"
140,12,30.8088751898916,32.7485017890436,-6.43206429686234,-4.00753104792233,27.9966837697732,29.9363103689252,TRUE,-1.07633096713449,5.97467367525396,0.0248508532665783,-2.10087272225544,0.323660526684558,TRUE,0.18724019877068,5.61354453726156,0.0440094832183104,101.844466322157,"Cubic","Cubic","Pseudomonas spp.",7,"Salted Chicken Breast","CFU"
141,13,26.3279636953873,28.5877611252334,19.2648114520021,22.0895582393098,19.3975194327161,21.6573168625622,TRUE,-1.39320579017513,6.16510918708654,0.0600366425664893,-2.09843251552097,0.726314271786718,TRUE,0.0196800749524424,6.14053747190339,0.0859950631773982,39.5154617276093,"Gompertz","Gompertz","Pseudomonas spp.",10,"Salted Chicken Breast","CFU"
142,12,-2.01892025383588,-0.0792936546838785,-5.61872713158244,-3.19419388264244,-5.61352382396733,-3.67389722481533,TRUE,-0.301684281756747,7.03805136336984,0.0774603948249876,-7.34697660134925,-4.92244335240925,TRUE,-0.610582204499865,7.69809275544339,0.0856052256158105,0,"Gompertz","Gompertz","Pseudomonas spp.",15,"Salted Chicken Breast","CFU"
143,8,-1.80246767129506,-1.48470150457572,-13.897120714132,-13.4999130057328,-16.0208787950896,-15.7031126283703,TRUE,-1.62250712458967,6.85950824262225,0.163108907910791,-6.06210112802679,-5.66489341962761,TRUE,-0.649074182430664,7.85169097501061,0.172506780469167,7.22084896761999,"Logistic","Logistic","Pseudomonas spp.",20,"Salted Chicken Breast","CFU"
144,10,26.5833087755823,27.7936491475585,15.4125060331926,16.9254314981628,21.8761897773646,23.0865301493407,TRUE,-1.69046834727758,7.86915566333193,0.0193424211618226,9.62934477561989,11.1422702405901,TRUE,0.210802151874724,8.04672882773199,0.0267691834933578,150.060877692715,"Gompertz","Gompertz","Pseudomonas spp.",2,"Cooked Chicken Breast","CFU"
145,6,5.86379713877867,5.03083501569089,2.61342174386879,1.57221909000906,5.25683846619077,4.42387634310299,TRUE,-4.61138002296806,6.86626870466,0.0347520234353287,5.47424580602808,4.43304315216836,TRUE,2.98979737823119,6.82313486486974,0.0687231390954567,258.677935077655,"Cubic","Cubic","Pseudomonas spp.",4,"Cooked Chicken Breast","CFU"
146,13,35.9666524859656,38.2264499158117,17.7732139793892,20.5979607666969,NA,NA,FALSE,NA,NA,NA,-12.501430778326,-9.67668399101833,TRUE,-0.0405017244856958,6.76042072994151,0.059531166782365,125.262638602223,"Gompertz","Gompertz","Pseudomonas spp.",7,"Cooked Chicken Breast","CFU"
147,11,13.381763918867,14.9733450100605,14.3513530691629,16.3408294331547,14.4830994992222,16.0746805904157,TRUE,-2.62891760957723,7.89393149074437,0.0886224825772086,15.1003361448687,17.0898125088605,TRUE,-3.76402231669437,8.42615073716193,0.112128681927368,0,"Quadratic","Quadratic","Pseudomonas spp.",10,"Cooked Chicken Breast","CFU"
148,12,12.6711638585679,14.6107904577199,14.353293423794,16.777826672734,15.6609996054784,17.6006262046304,TRUE,-0.805443372926399,8.45502546269681,0.124507735907245,7.06108053703359,9.48561378597359,TRUE,-0.777036392732441,8.90262168347004,0.148710916348234,5.07189457418364,"Gompertz","Gompertz","Pseudomonas spp.",15,"Cooked Chicken Breast","CFU"
149,9,20.0030483092291,20.791946618574,15.2540436645943,16.2401665512754,17.7073536014965,18.4962519108414,TRUE,-1.71458943367058,8.15677613803726,0.204468695080314,10.1506330431885,11.1367559298696,TRUE,0.193648975357848,8.21179458058741,0.280768721465844,14.1384436926164,"Gompertz","Gompertz","Pseudomonas spp.",20,"Cooked Chicken Breast","CFU"
150,10,18.11455843886,19.3248988108362,1.797237553979,3.31016301894923,11.6626125406674,12.8729529126435,TRUE,-1.80662479657012,6.64098038905444,0.0197225838191307,-11.9082904890063,-10.395365024036,TRUE,0.156107961155373,6.68702365408152,0.0265130133854961,140.004271247315,"Gompertz","Gompertz","Aerobic Psychotropic.",2,"Raw Chicken Breast","CFU"
151,6,6.56449175471422,5.73152963162644,4.46746789109193,3.42626523723221,4.76544391133022,3.93248178824244,TRUE,-2.58910849104862,7.05793016152887,0.0290140834662819,3.69414130458461,2.65293865072489,TRUE,1.63918063513867,7.07488140511377,0.0375360947262954,169.148719393669,"Gompertz","Gompertz","Aerobic Psychotropic.",4,"Raw Chicken Breast","CFU"
152,13,37.8701328270149,40.1299302568611,15.5383799487855,18.3631267360932,33.6300652283394,35.8898626581856,TRUE,-0.86177622361745,7.33207090649428,0.0320324820632841,19.3817688879583,22.206515675266,TRUE,0.0839009135535353,7.23274395185384,0.0532042784218185,76.5658808134033,"Cubic","Cubic","Aerobic Psychotropic.",7,"Raw Chicken Breast","CFU"
153,12,26.0076379526931,27.9472645518452,21.5432383944632,23.9677716434032,21.4504358262851,23.3900624254371,TRUE,-2.25763987565023,5.97868286404764,0.064068467970229,6.43396978259701,8.85850303153701,TRUE,0.0284303361750044,5.90394491185623,0.095088538037362,50.9571611105537,"Gompertz","Gompertz","Aerobic Psychotropic.",10,"Raw Chicken Breast","CFU"
154,10,23.6294307141551,24.8397710861313,6.41739859797466,7.93032406294489,18.8767525623966,20.0870929343728,TRUE,-1.36062367658479,7.71014514970827,0.105964003626751,11.8778183763488,13.390743841319,TRUE,0.31588335247328,7.9603894253341,0.14037551210397,24.1578519551956,"Cubic","Cubic","Aerobic Psychotropic.",15,"Raw Chicken Breast","CFU"
155,8,11.3688456646046,11.686611831324,4.39134554721773,4.78855325561691,7.77045187017801,8.08821803689735,TRUE,-2.30608322448979,6.84465941175935,0.208161835419158,7.73732969165178,8.13453740005096,TRUE,0.428648367950287,7.24291220638698,0.242194966161063,15.5235946700048,"Cubic","Cubic","Aerobic Psychotropic.",20,"Raw Chicken Breast","CFU"
156,10,18.3627761920595,19.5731165640357,13.5661187854461,15.0790442504163,13.3015646325717,14.5119050045479,TRUE,-1.4469184571796,5.97320083372856,0.018740705469812,-12.0499493235488,-10.5370238585786,TRUE,0.035960696093733,5.95193761961871,0.0255687643511651,120.042084841064,"Gompertz","Gompertz","Aerobic Psychotropic.",2,"Salted Chicken Breast","CFU"
157,6,1.89481021524502,1.06184809215724,1.7585918651596,0.717389211299871,-4.4956705821975,-5.32863270528529,TRUE,-2.88452997257994,6.26856889591557,0.0266093183297444,-0.107087896666908,-1.14829055052663,TRUE,1.00551711208838,6.31932057579579,0.0318532024564254,164.874623742248,"Logistic","Logistic","Aerobic Psychotropic.",4,"Salted Chicken Breast","CFU"
158,15,24.5943438844281,27.4265446888369,5.81450803204152,9.35475903755258,23.1462034028851,25.9784042072939,TRUE,-0.333686842503036,7.78795712665055,0.0241873508714287,2.38590756132683,5.92615856683788,TRUE,0.233461243248667,7.4671816816674,0.035341050333801,69.7536054359745,"Gompertz","Gompertz","Aerobic Psychotropic.",7,"Salted Chicken Breast","CFU"
159,12,18.753926733899,20.693553333051,8.23072200396878,10.6552552529088,10.9084873347065,12.8481139338585,TRUE,-1.19053299146771,6.35002153447181,0.0540713785927458,7.48030998037289,9.90484322931289,TRUE,0.00475586348239593,6.52173352386471,0.06593577893693,33.232801252019,"Gompertz","Gompertz","Aerobic Psychotropic.",10,"Salted Chicken Breast","CFU"
160,9,9.81882742847906,10.6077257378239,5.80451474931271,6.79063763599381,5.47468207086844,6.26358038021332,TRUE,-1.36110100526485,5.92205160980891,0.0865449707359775,-0.938491432708979,0.0476314539721194,TRUE,0.133694744317939,6.0066713295298,0.104838141535234,23.1954353265699,"Gompertz","Gompertz","Aerobic Psychotropic.",15,"Salted Chicken Breast","CFU"
161,6,4.13246722107593,3.29950509798815,5.00976218115178,3.96855952729205,3.56450560371675,2.73154348062897,TRUE,-3.57513365402408,5.82960588260727,0.2069671802903,6.40211607150803,5.3609134176483,TRUE,-0.668328955096611,6.35989788849346,0.218498202706493,14.7992752437179,"Logistic","Logistic","Aerobic Psychotropic.",20,"Salted Chicken Breast","CFU"
162,9,28.4447646687698,29.2336629781146,14.8525175675699,15.838640454251,27.5063222505253,28.2952205598701,TRUE,-2.26903866682738,8.2037765547556,0.0187487639058601,2.07739912147844,3.06352200815953,TRUE,-0.00600972930554131,7.72751033306908,0.0325907751499044,198.093687921691,"Gompertz","Gompertz","Aerobic Psychotropic.",2,"Cooked Chicken Breast","CFU"
163,7,22.155815992618,21.9394565888393,6.0291543405375,5.75870508581407,19.3088666008981,19.0925071971193,TRUE,-2.37507507710222,8.23542323814337,0.0224625595374935,3.21646014111783,2.94601088639439,TRUE,0.232080834247097,8.21360116492859,0.0359582622300711,183.197106405775,"Gompertz","Gompertz","Aerobic Psychotropic.",4,"Cooked Chicken Breast","CFU"
164,14,43.0803116011427,45.6365409196038,15.312177026403,18.5074636744793,41.2729598529434,43.8291891714044,TRUE,-0.990039169677921,7.8074587980759,0.0286040252536403,13.1022759761048,16.2975626241811,TRUE,0.0238613394822866,7.49407112624878,0.0553838515195706,102.600050185892,"Gompertz","Gompertz","Aerobic Psychotropic.",7,"Cooked Chicken Breast","CFU"
165,12,25.3194709071633,27.2590975063153,21.482914710926,23.907447959866,19.7611669872249,21.7007935863769,TRUE,-1.50845629159436,6.94690211096963,0.0596544194275539,2.66653079861512,5.09106404755512,TRUE,0.0151887262256719,6.98643543475036,0.0821640891967257,41.1328670421814,"Gompertz","Gompertz","Aerobic Psychotropic.",10,"Cooked Chicken Breast","CFU"
166,9,12.0744695220971,12.863367831442,4.23864898584774,5.22477187252884,4.78071043117848,5.56960874052336,TRUE,-1.85578194045801,7.43775904653024,0.100919173125619,10.2684793788219,11.254602265503,TRUE,-0.0657295102572097,8.01456531039896,0.111419414508715,21.05064561996,"Cubic","Cubic","Aerobic Psychotropic.",15,"Cooked Chicken Breast","CFU"
167,9,12.7943949570626,13.5832932664074,1.88583327327215,2.87195615995325,11.3372109371383,12.1261092464831,TRUE,-1.31503219228169,7.14281866679066,0.145279285427965,4.48365541584163,5.46977830252273,TRUE,0.306718784013505,7.16307581380627,0.184375580665705,15.8331123394131,"Cubic","Cubic","Aerobic Psychotropic.",20,"Cooked Chicken Breast","CFU"
168,10,22.8166498834762,24.0269902554524,1.42943796472606,2.94236342969629,19.5702978772062,20.7806382491823,TRUE,-1.55792341892646,6.40239496761224,0.0168368925549563,-2.21701770149071,-0.704092236520479,TRUE,0.16438459306565,6.22619609091304,0.025759184352055,162.473721462896,"Gompertz","Gompertz","Aerobic Mesophilic.",2,"Raw Chicken Breast","CFU"
169,14,40.9305602199823,43.4867895384434,18.241180116429,21.4364667645053,36.9634145760415,39.5196438945025,TRUE,-0.808281684567502,7.82478960729691,0.0330561299718595,13.7074320921191,16.9027187401954,TRUE,0.245306318990394,7.56297060216063,0.062584349107861,87.3901107456013,"Gompertz","Gompertz","Aerobic Mesophilic.",7,"Raw Chicken Breast","CFU"
170,7,19.4707211326462,19.2543617288674,6.46078606094393,6.1903368062205,15.7074130994356,15.4910536956569,TRUE,-1.99792773355947,6.2607701633001,0.0222890826475561,1.50347077008171,1.23302151535828,TRUE,0.267628634362063,6.19132450714727,0.0353149402900583,155.126091865262,"Gompertz","Gompertz","Aerobic Mesophilic.",4,"Raw Chicken Breast","CFU"
171,10,24.5316201165821,25.7419604885582,14.971634923549,16.4845603885192,19.7970314911879,21.0073718631641,TRUE,-2.5153868575985,6.75492730513384,0.0739597020447845,5.60963972248124,7.12256518745147,TRUE,-0.0404881679259831,6.72183855386076,0.11208394352441,49.9474483446445,"Gompertz","Gompertz","Aerobic Mesophilic.",10,"Raw Chicken Breast","CFU"
172,9,13.4829102489166,14.2718085582615,11.2343658238388,12.2204887105199,7.34159458016416,8.13049288950903,TRUE,-2.6201131122807,7.20229720593769,0.141030966754761,8.53291877334941,9.51904166003051,TRUE,0.447082548616985,7.42251675470821,0.166231636277241,25.2866956460714,"Logistic","Logistic","Aerobic Mesophilic.",15,"Raw Chicken Breast","CFU"
173,8,7.96133882926392,8.27910499598327,2.43165976200473,2.82886747040391,2.32396006085433,2.64172622757368,TRUE,-2.13033937171785,6.47224474450748,0.213422451774204,7.23452514026408,7.63173284866326,TRUE,-0.0757173015622363,7.15073984379603,0.227038874811222,10.7839145575418,"Logistic","Logistic","Aerobic Mesophilic.",20,"Raw Chicken Breast","CFU"
174,10,22.4214758620741,23.6318162340503,-1.66736224264652,-0.154436777676288,20.0571634064215,21.2675037783977,TRUE,-1.32639572647401,6.65765364039991,0.0157246271428336,6.11848888610118,7.63141435107141,TRUE,0.327229295070452,6.57314883086798,0.0229077318749553,165.753892943291,"Cubic","Cubic","Aerobic Mesophilic.",2,"Salted Chicken Breast","CFU"
175,7,18.9267054838432,18.7103460800644,7.53674476309383,7.26629550837039,14.5181644458095,14.3018050420307,TRUE,-1.71026798512699,7.05323522606767,0.0230251005412947,3.6107268666886,3.34027761196517,TRUE,0.625972719980476,7.07180678419971,0.0343936783651594,151.551580174739,"Gompertz","Gompertz","Aerobic Mesophilic.",4,"Salted Chicken Breast","CFU"
176,14,28.9210923579045,31.4773216763656,4.9011737963235,8.0964604443998,32.3951630871038,34.9513924055648,TRUE,-0.762551204584783,12.310163901716,0.0272985172682129,-5.13844705059109,-1.9431604025148,TRUE,0.157247497660589,8.34665047255877,0.0448370370564677,89.4355978556424,"Gompertz","Gompertz","Aerobic Mesophilic.",7,"Salted Chicken Breast","CFU"
177,12,17.6122716468119,19.5518982459639,13.9374288903726,16.3619621393126,12.4525582202075,14.3921848193595,TRUE,-2.39180312301441,5.94550239063573,0.0738940786791084,2.69673971606587,5.12127296500587,TRUE,-0.0400221420388601,5.94720495741274,0.0981408401774963,42.0877662547371,"Gompertz","Gompertz","Aerobic Mesophilic.",10,"Salted Chicken Breast","CFU"
178,8,11.6697857761055,11.9875519428249,10.0550820071165,10.4522897155157,9.17878408876288,9.49655025548222,TRUE,-2.31647818000144,6.29398597647674,0.106908630955867,2.93812399814639,3.33533170654557,TRUE,0.0907720983428089,6.39743680386949,0.129915774542338,27.2799094288503,"Gompertz","Gompertz","Aerobic Mesophilic.",15,"Salted Chicken Breast","CFU"
179,8,18.7847024072265,19.1024685739458,6.20679778279834,6.60400549119752,NA,NA,FALSE,NA,NA,NA,3.6274409426063,4.02464865100547,TRUE,0.278122632893737,6.5226154458358,0.270666260093916,17.7486416303151,"Gompertz","Gompertz","Aerobic Mesophilic.",20,"Salted Chicken Breast","CFU"
180,9,24.8673213910241,25.656219700369,5.39713757546768,6.38326046214878,22.2494413824185,23.0383396917634,TRUE,-1.53812811566243,6.95256577469046,0.0177645609427333,9.48242077107191,10.468543657753,TRUE,0.401155375298503,6.80132024119629,0.0274513031704781,169.761018363999,"Cubic","Cubic","Aerobic Mesophilic.",2,"Cooked Chicken Breast","CFU"
181,6,18.6512017104087,17.818239587321,9.12721627029019,8.08601361643047,13.9601051722253,13.1271430491375,TRUE,-4.8741745193809,8.95668541407896,0.0351620080641428,18.9011839605594,17.8599813066997,TRUE,0.113081344931684,9.39516862669652,0.0428861754875383,163.327461569481,"Cubic","Cubic","Aerobic Mesophilic.",4,"Cooked Chicken Breast","CFU"
182,12,40.7314516712835,42.6710782704355,19.4078150390222,21.8323482879622,40.4309689292418,42.3705955283938,TRUE,-1.48292353135784,9.48413352757876,0.0366312324156828,13.2446845777469,15.6692178266869,TRUE,0.0753003535592401,9.08056180084936,0.0746519614741585,111.016607554411,"Gompertz","Gompertz","Aerobic Mesophilic.",7,"Cooked Chicken Breast","CFU"
183,11,31.4458224451994,33.0374035363929,20.5515061580213,22.5409825220131,25.7544900274973,27.3460711186908,TRUE,-1.82916556867762,7.89576273975452,0.0727904916497515,16.5957850051358,18.5852613691277,TRUE,-0.125828799073614,7.93844202416947,0.109814432175018,42.545240307142,"Gompertz","Gompertz","Aerobic Mesophilic.",10,"Cooked Chicken Breast","CFU"
184,9,21.4439668857116,22.2328651950564,10.4569296871892,11.4430525738703,16.2124184455189,17.0013167548638,TRUE,-1.6028733660999,8.37350702003546,0.121190396211393,1.17444901197271,2.16057189865381,TRUE,0.428493365940557,8.56309622865305,0.158786620952016,23.6708779080467,"Gompertz","Gompertz","Aerobic Mesophilic.",15,"Cooked Chicken Breast","CFU"
185,10,23.1670094620472,24.3773498340234,-9.64755032368423,-8.134624858714,22.3674802531791,23.5778206251552,TRUE,-1.41238854906779,8.16758518293628,0.194645412885436,1.31252206873151,2.82544753370174,TRUE,0.391099678732052,8.16048113666529,0.275378119623715,14.600064471125,"Cubic","Cubic","Aerobic Mesophilic.",20,"Cooked Chicken Breast","CFU"
186,7,17.9650776226116,17.7487182188329,15.1256686362218,14.8552193814983,16.625276523956,16.4089171201773,TRUE,4.14281579931881,9.94112208163692,1.19239025295505,5.49070881481921,5.22025956009578,TRUE,4.71752225958985,9.4844888953149,2.27310329584523,1.4716027653698,"Gompertz","Gompertz","Spoilage",8,"Vacuum Beef Striploins","N"
187,7,3.21464982088079,2.99829041710205,-3.01799076001211,-3.28844001473555,NA,NA,FALSE,NA,NA,NA,-2.87890359934954,-3.14935285407297,TRUE,3.5060941675373,6.76151361151926,0.757295021710194,1.75847934621117,"Cubic","Cubic","Escherichia coli",8,"Vacuum Beef Striploins","N"
188,7,-5.61063161585442,-5.82699101963317,-23.7726032451803,-24.0430524999037,NA,NA,FALSE,NA,NA,NA,NA,NA,FALSE,NA,NA,NA,NA,"Cubic","Cubic","Salmonella Typhimurium",8,"Vacuum Beef Striploins","N"
189,6,-5.63455866277212,-6.4675207858599,-5.24434672103078,-6.28554937489051,-0.450892924696555,-1.28385504778434,TRUE,4.9918258789328,9.48645384564527,1.456203638584,2.85018240318454,1.80897974932481,TRUE,4.69337311959272,9.57857336938893,1.60599520033885,0,"Quadratic","Quadratic","Spoilage",10,"Vacuum Beef Striploins","N"
190,6,10.4216536588381,9.58869153575034,9.62401154149767,8.58280888763794,8.57365404731955,7.74069192423177,TRUE,3.67956330683212,8.01978876828412,1.32046500495841,-1.22126854803136,-2.26247120189108,TRUE,3.93825805117894,7.87263411837836,1.84997559600824,0.733445300107599,"Gompertz","Gompertz","Escherichia coli",10,"Vacuum Beef Striploins","N"
191,6,-6.93324805485089,-7.76621017793867,-11.4850570683001,-12.5262597221598,NA,NA,FALSE,NA,NA,NA,-15.8208210896749,-16.8620237435346,TRUE,3.83239064970627,7.09521600882834,0.646695318790722,1.58358279983888,"Gompertz","Gompertz","Salmonella Typhimurium",10,"Vacuum Beef Striploins","N"
192,9,20.2562571928637,21.0451555022086,13.7719885094435,14.7581113961246,18.617145092602,19.4060434019469,TRUE,4.789243270872,10.0019833772857,0.528552685720614,3.65069200446207,4.63681489114317,TRUE,5.42416700024693,9.42701861955071,1.02330434580308,2.8844883404277,"Gompertz","Gompertz","Spoilage",10,"C02 Beef Striploins","N"
193,9,-6.09053688547045,-5.30163857612557,-5.27474749376235,-4.28862460708125,9.29271418235167,10.0816124916965,TRUE,4.04503127480074,28.6984455307273,0.272936053252756,-5.07982138732731,-4.09369850064622,TRUE,4.44435781431123,11.7428754524428,0.400610059034366,4.0194954411313,"Quadratic","Quadratic","Escherichia coli",10,"C02 Beef Striploins","N"
194,7,5.03539758295773,4.81903817917898,-1.67458583082326,-1.94503508554669,5.72527454121487,5.50891513743612,TRUE,4.18062792470269,12.263601757244,1.13903465158776,-0.448423594246441,-0.718872848969875,TRUE,4.29591153055522,11.3924194847261,1.38175512142995,0.601390786701762,"Cubic","Cubic","Spoilage",12,"Vacuum Beef Striploins","N"
195,7,0.415573191528429,0.199213787749682,-0.0272683745206468,-0.297717629244081,NA,NA,FALSE,NA,NA,NA,0.154535543064966,-0.115913711658468,TRUE,3.66651249025986,13.0597242217783,1.17740626051134,0.406472819674921,"Cubic","Cubic","Escherichia coli",12,"Vacuum Beef Striploins","N"
196,7,-5.27671442342554,-5.49307382720429,-8.45178926656389,-8.72223852128732,NA,NA,FALSE,NA,NA,NA,-9.29557536296899,-9.56602461769242,TRUE,3.53913673636853,8.571550316222,0.832253705957189,0.274027482356008,"Gompertz","Gompertz","Salmonella Typhimurium",12,"Vacuum Beef Striploins","N"
197,8,20.3632766838292,20.6810428505486,11.583265460237,11.9804731686362,18.0592183243278,18.3769844910471,TRUE,3.85114962704974,9.76187980420929,0.850371809571119,-3.75797478374558,-3.3607670753464,TRUE,4.57341791258566,9.46602542698668,1.57159149330241,2.13096086200345,"Gompertz","Gompertz","Spoilage",12,"C02 Beef Striploins","N"
198,8,-10.9170262127698,-10.5992600460504,-11.3488054006984,-10.9515976922992,NA,NA,FALSE,NA,NA,NA,-12.8993021009731,-12.5020943925739,TRUE,3.73184280976507,9.73063034946544,0.621280587367295,5.29067907610962,"Gompertz","Gompertz","Escherichia coli",12,"C02 Beef Striploins","N"
199,8,3.10877253177293,3.42653869849227,-5.9132143198278,-5.51600661142862,4.31519557325953,4.63296173997888,TRUE,3.6559609631285,22.0113276608907,0.239201968168635,-14.9854332891748,-14.5882255807756,TRUE,3.96640032904042,5.68243990392907,0.816178885107639,3.93940651190971,"Gompertz","Gompertz","Salmonella Typhimurium",12,"C02 Beef Striploins","N"
200,5,-1.19181497741564,-2.75406332767924,-10.2380094044988,-12.1908198423283,NA,NA,FALSE,NA,NA,NA,-10.0662678232299,-12.0190782610594,TRUE,4.80040123999217,11.6198630593147,1.41661490022531,0.458092331133444,"Cubic","Cubic","Spoilage",15,"Vacuum Beef Striploins","N"
201,5,6.76635811592326,5.20410976565966,0.440793194328053,-1.51201724350144,1.09934351582513,-0.462904834438469,TRUE,3.45450255492402,9.22779202795308,2.22739560583927,-27.4352051684642,-29.3880156062937,TRUE,3.48844584782837,9.30182807896449,2.81158629659827,0.316559939838961,"Gompertz","Gompertz","Escherichia coli",15,"Vacuum Beef Striploins","N"
202,5,12.9269030646469,11.3646547143833,-6.08757735643315,-8.04038779426265,10.7627612633605,9.20051291309692,TRUE,3.77942056207277,8.93465622577069,1.88340138103121,3.24169776634828,1.28888732851878,TRUE,4.12128922648673,8.81376430948154,2.81502738379773,0.680539342831684,"Cubic","Cubic","Salmonella Typhimurium",15,"Vacuum Beef Striploins","N"
203,7,6.31543710662218,6.09907770284343,2.4991402622305,2.22869100750706,NA,NA,FALSE,NA,NA,NA,1.79446125713969,1.52401200241626,TRUE,4.69022810218704,9.82271386669045,1.10814998217707,1.6972730270034,"Gompertz","Gompertz","Spoilage",15,"C02 Beef Striploins","N"
204,7,0.617150494561504,0.400791090782757,-1.18703004394622,-1.45747929866966,NA,NA,FALSE,NA,NA,NA,-1.79414626563499,-2.06459552035842,TRUE,3.18250211257128,10.3270142412757,1.00595746970344,0.291823804063802,"Gompertz","Gompertz","Escherichia coli",15,"C02 Beef Striploins","N"
205,7,7.63120187219372,7.41484246841497,3.82681797786156,3.55636872313813,7.85432779391652,7.63796839013777,TRUE,3.57836479159251,10.915005654423,0.733858536227201,0.917874320499694,0.647425065776259,TRUE,3.82353262221344,8.03794152837445,1.07297336329101,1.10191734496597,"Gompertz","Gompertz","Salmonella Typhimurium",15,"C02 Beef Striploins","N"
206,6,12.1313876226621,11.2984254995743,9.8118833020694,8.77068064820967,11.712953127526,10.8799910044382,TRUE,4.81078500997901,10.4624498591462,2.88813748363351,8.83976448184259,7.79856182798286,TRUE,5.06384615867241,9.78939923504457,4.09956198629386,0.350348163439226,"Gompertz","Gompertz","Spoilage",20,"Vacuum Beef Striploins","N"
207,6,8.05868615449081,7.22572403140303,1.48891509906776,0.447712445208031,3.13274537539344,2.29978325230566,TRUE,4.40631246811425,9.73721084415365,4.68126505015175,-5.85871567253512,-6.89991832639484,TRUE,4.5472997388573,9.78156349193192,5.73444948584457,0.147489568071355,"Gompertz","Gompertz","Escherichia coli",20,"Vacuum Beef Striploins","N"
208,6,11.6576162801657,10.8246541570779,-2.315208817584,-3.35641147144373,9.07890090984408,8.2459387867563,TRUE,3.93888056480576,9.69813593419,3.82654003137892,-3.18445718842575,-4.22565984228548,TRUE,4.30127144293463,9.64010995424841,5.19036963664517,0.322137118738368,"Gompertz","Gompertz","Salmonella Typhimurium",20,"Vacuum Beef Striploins","N"
209,6,-3.04341232643509,-3.87637444952287,-1.23877195270836,-2.27997460656809,7.83120160034498,6.9982394772572,TRUE,4.99838219465431,27.903196449584,1.80961800781048,-1.55084872330015,-2.59205137715987,TRUE,5.13253564851051,14.8738763768508,2.74741917562891,0.556488962232801,"Quadratic","Quadratic","Spoilage",20,"C02 Beef Striploins","N"
210,6,-1.09847775683812,-1.9314398799259,-2.11466343091163,-3.15586608477135,-2.7645146526566,-3.59747677574438,TRUE,4.59783998401989,9.25945267130629,4.12945497906359,0.884668966204774,-0.156533687654951,TRUE,4.33430152373947,9.3943848673452,4.4856619292336,0,"Logistic","Logistic","Escherichia coli",20,"C02 Beef Striploins","N"
211,6,11.2721238618473,10.4391617387595,10.0558185103265,9.01461585646678,10.0385620196387,9.20559989655097,TRUE,4.23134314415181,9.16811953207444,3.09065869419678,12.0452645724309,11.0040619185712,TRUE,4.20434271752207,9.52295509813873,3.3093275029968,0.0943101499305628,"Logistic","Cubic","Salmonella Typhimurium",20,"C02 Beef Striploins","N"
212,6,5.56951471362121,4.73655259053343,4.01327397036869,2.97207131650897,3.187853659863,2.35489153677522,TRUE,4.64783495318299,9.33066648458323,5.30996101390075,-4.96840751320238,-6.00961016706211,TRUE,4.72290756585015,9.33825966931943,6.20184635845865,0.0987127608127705,"Gompertz","Gompertz","Spoilage",30,"Vacuum Beef Striploins","N"
213,6,13.1141303504301,12.2811682273423,11.377516160818,10.3363135069582,10.1490322708398,9.316070147752,TRUE,4.05695704437269,9.33640907127814,7.8875616908674,0.575337180211633,-0.465865473648092,TRUE,4.40616280588031,9.25223735533978,11.8045560621102,0.148081727957949,"Gompertz","Gompertz","Escherichia coli",30,"Vacuum Beef Striploins","N"
214,6,6.92153999168609,6.08857786859831,0.172962582899288,-0.868240070960438,1.57712784027592,0.744165717188137,TRUE,3.52462159774834,8.81885516601617,6.79504229073356,-6.36780706223137,-7.4090097160911,TRUE,3.61057691586157,8.88772083942458,8.11143849040019,0.0839091000518804,"Gompertz","Gompertz","Salmonella Typhimurium",30,"Vacuum Beef Striploins","N"
215,7,-11.0935739137045,-11.3099333174832,-16.2144880030087,-16.4849372577321,NA,NA,FALSE,NA,NA,NA,-15.7755134565229,-16.0459627112463,TRUE,4.07080460047213,12.1386119694036,3.5001046467271,0.0806886983970242,"Cubic","Cubic","Spoilage",30,"C02 Beef Striploins","N"
216,7,1.94963786109432,1.73327845731558,3.26854720184987,2.99809794712643,-5.73572043988827,-5.95207984366702,TRUE,3.4647397206383,8.98909971764823,7.67148991403447,-12.3936503449659,-12.6640995996894,TRUE,3.38980499315935,9.03876110886575,9.34889836529558,0.0473619264312099,"Gompertz","Gompertz","Escherichia coli",30,"C02 Beef Striploins","N"
217,7,1.04766381352422,0.831304409745472,1.2991152924539,1.02866603773046,1.70594732247097,1.48958791869223,TRUE,3.96603265242297,8.66978217785443,6.44411906040134,6.50131547902916,6.23086622430573,TRUE,3.68182355741259,8.72292637070358,7.30490356558976,0,"Quadratic","Quadratic","Salmonella Typhimurium",30,"C02 Beef Striploins","N"
218,6,6.8814727531495,6.04851063006172,-1.08560635558259,-2.12680900944232,6.99182127628783,6.15885915320005,TRUE,-0.260361439948924,8.47497028411193,0.000525160315455928,-0.0178677771891103,-1.05907043104884,TRUE,-0.164407872215842,7.42591555935016,0.000683902743761331,1397.48082291742,"Cubic","Cubic","Serratia marcescens",6,"Pasteurised Skim Milk","N"
219,7,20.9208055589297,20.7044461551509,12.1409728957822,11.8705236410587,23.6618349169899,23.4454755132112,TRUE,-0.937503814204846,25.2064799754921,0.000509977031881193,4.64147371969402,4.37102446497059,TRUE,0.0546945751751971,5.89945225182913,0.00135509370744229,5526.7872014561,"Gompertz","Gompertz","Serratia marcescens",6,"UHT Skim Milk","N"
223,5,21.1906383213398,19.6283899710762,3.58290602532692,1.63009558749742,18.666148348347,17.1038999980834,TRUE,-0.860502485701998,8.01663646388334,0.00528974531518544,-0.639555884808839,-2.59236632263834,TRUE,-0.0379447257746508,7.92175387187947,0.00927834220720052,427.390878086713,"Gompertz","Gompertz","Serratia marcescens",15,"UHT Skim Milk","N"
224,8,7.3222347014741,7.64000086819345,2.49464095773693,2.89184866613611,NA,NA,FALSE,NA,NA,NA,2.63775603022176,3.03496373862094,TRUE,-0.212668783386741,8.72464582502317,0.000707446452674899,1374.87709957091,"Cubic","Cubic","Serratia marcescens",6,"Pasteurised Full-fat Milk","N"
225,7,17.3022139845929,17.0858545808141,14.5702764731257,14.2998272184023,NA,NA,FALSE,NA,NA,NA,8.45785606063521,8.18740680591178,TRUE,0.367353433728006,8.09595829121705,0.00164201327442262,4115.81707822722,"Gompertz","Gompertz","Serratia marcescens",6,"UHT Full-fat Milk","N"
226,5,17.5382936249357,15.9760452746721,12.4493161821206,10.4965057442911,14.9487714349344,13.3865230846708,TRUE,-0.650951825741156,7.29350239849171,0.00257237798596155,4.44790305443944,2.49509261660994,TRUE,-0.052447824135954,6.94621919627381,0.00542206149911876,696.053925022985,"Gompertz","Gompertz","Serratia marcescens",10,"Pasteurised Full-fat Milk","N"
228,5,17.0236092797601,15.4613609294965,-27.0213305048954,-28.9741409427249,14.3380028906027,12.7757545403391,TRUE,-0.384210341236593,7.8164571839687,0.00542414004935983,0.388739750784868,-1.56407068704463,TRUE,0.0103686900072906,7.78716852491554,0.00941675086162645,377.273801623267,"Cubic","Cubic","Serratia marcescens",15,"Pasteurised Full-fat Milk","N"
229,6,19.1174688044737,18.2845066813859,14.7503647261486,13.7091620722889,15.6871431273995,14.8541810043117,TRUE,-0.528996843933215,7.84001596188592,0.00592953953522467,1.8057972397058,0.764594585846075,TRUE,0.00619901550456361,7.68047220497218,0.0108842981049622,408.784497407904,"Gompertz","Gompertz","Serratia marcescens",15,"UHT Full-fat Milk","N"
230,6,-0.0736700603861493,-0.906632183473929,-3.28533835888927,-4.326541012749,0.625702719047662,-0.207259404040118,TRUE,-0.0935201704050815,27.6803028897167,0.000787433207179418,-3.75996148912682,-4.80116414298655,TRUE,-0.646719359785399,9.31929745667709,0.000910325973010793,12.6585297816538,"Gompertz","Gompertz","Serratia marcescens",6,"Pasteurised Double Cream","N"
231,8,8.73747231203925,9.05523847875859,-7.30847710476257,-6.91126939636339,-0.108991387755648,0.208774778963695,TRUE,-0.186229975795546,6.77445078908757,0.000757259737520605,0.803620039759048,1.20082774815823,TRUE,-0.260572954687394,7.24472137238479,0.000888899515342415,635.475102796625,"Cubic","Cubic","Serratia marcescens",6,"UHT Double Cream","N"
234,6,20.4349334640481,19.6019713409603,5.09221176589236,4.05100911203264,16.7632495659491,15.9302874428613,TRUE,-0.551417636496333,7.74925756143834,0.00551220012529061,10.9186845010275,9.87748184716778,TRUE,0.0970030129213975,7.76008754175004,0.0083646734446446,370.524737210742,"Cubic","Cubic","Serratia marcescens",15,"Pasteurised Double Cream","N"
235,6,16.5603521034467,15.7273899803589,13.9238439012258,12.8826412473661,11.7960110429403,10.9630489198525,TRUE,-0.307696856927703,8.06280615688398,0.00672392341156208,7.4020815510726,6.36087889721288,TRUE,0.0327960116317189,8.06047905962389,0.0107766728948799,280.433604213059,"Gompertz","Gompertz","Serratia marcescens",15,"UHT Double Cream","N"
236,19,4.82016789700414,8.5979238136699,5.23510527648994,9.95730017232214,-2.1469720546945,1.63078386197126,TRUE,0.590639603720824,6.06058799839537,0.0154771726821343,-8.09932943584354,-3.37713454001134,TRUE,0.720765494454432,6.17530439699708,0.0176359314662974,30.6052971884313,"Gompertz","Gompertz","Arthrobacter sp. 77",0,"TGE agar","CFU"
237,13,19.7641196032686,22.0239170331148,15.5829444731513,18.407691260459,8.79792410166144,11.0577215315076,TRUE,0.585186559804042,6.17360571081031,0.0338698978149648,5.28770866096166,8.11245544826934,TRUE,0.830881285983629,6.19335634515274,0.0417658364248183,24.4938819666816,"Gompertz","Gompertz","Arthrobacter sp. 77",7,"TGE agar","CFU"
238,7,12.6489670276381,12.4326076238594,14.6208036416386,14.3503543869152,9.55026448666865,9.3339050828899,TRUE,0.420240330864802,5.66301697089065,0.108636324259681,-4.35522082410716,-4.62567007883059,TRUE,1.00897080278086,5.54909304967136,0.202580258806854,17.7117365045542,"Gompertz","Gompertz","Arthrobacter sp. 77",20,"TGE agar","CFU"
239,10,22.2408524531915,23.4511928251676,18.7573794251558,20.270304890126,12.8493560539946,14.0596964259708,TRUE,0.362081936760664,5.54934056159032,0.0819077251157862,-9.10856156246423,-7.595636097494,TRUE,0.969076902853513,5.49579746912203,0.129329264440689,22.0990108556376,"Gompertz","Gompertz","Arthrobacter sp. 77",30,"TGE agar","CFU"
240,17,-130.020152558343,-126.687299182118,-131.182672327927,-127.016605607646,-125.007117034157,-121.674263657932,TRUE,0.993918325738382,24.8278461529377,1.13711348475768e-05,-131.272298792164,-127.106232071883,TRUE,0.994443591551889,1.00144640222737,0.000133957308659566,340.94284605256,"Gompertz","Gompertz","Arthrobacter sp. 77",37,"TGE agar","CFU"
241,13,2.76167814384471,5.02147557369085,-1.01800560840049,1.8067411789072,-2.73672660791328,-0.476929178067129,TRUE,-0.599607927517813,5.04350742351143,0.0170148719672679,-31.5441725466101,-28.7194257593024,TRUE,0.992486059376105,4.9864394722551,0.0207245761018094,126.163029119378,"Gompertz","Gompertz","Arthrobacter sp. 88",0,"TGE agar","CFU"
242,9,4.26643262499751,5.05533093434239,-25.6402010599539,-24.6540781732728,-14.6410418252952,-13.8521435159503,TRUE,0.999179477565952,5.18529327475809,0.0345873791706331,-21.5862485309747,-20.6001256442936,TRUE,0.690215058743227,5.22040932292709,0.0380069244203141,0,"Cubic","Cubic","Arthrobacter sp. 88",7,"TGE agar","CFU"
243,14,42.2838870878542,44.8401164063152,19.5211844295662,22.7164710776425,5.77342440035084,8.32965371881187,TRUE,0.366314973884842,6.85534769829732,0.121402115444794,2.57604890464917,5.77133555272547,TRUE,1.01209255587186,6.84240957856991,0.189289426120242,14.0879266053352,"Gompertz","Gompertz","Arthrobacter sp. 88",20,"TGE agar","CFU"
244,11,32.8977142894236,34.4892953806171,26.8666747560846,28.8561511200765,17.4731383751846,19.0647194663781,TRUE,-3.09224757755801,6.70384065446258,0.117603443219795,1.30261810534227,3.29209446933412,TRUE,1.0009427362279,6.68147168327546,0.187371473278208,45.4304455813342,"Gompertz","Gompertz","Arthrobacter sp. 88",30,"TGE agar","CFU"
245,16,-118.81494368093,-115.724588791971,-117.566843482464,-113.703899871265,-117.449953345814,-114.359598456855,TRUE,1.00759133447951,1.01565784739763,0.00557716993982196,-119.117853288144,-115.254909676945,TRUE,1.00787885368001,1.01549246453263,0.000237300115045673,173.866478831767,"Gompertz","Quadratic","Arthrobacter sp. 88",37,"TGE agar","CFU"
246,18,26.2410382555861,29.8025252871708,8.34936424530917,12.80122303479,27.7923739805543,31.353861012139,TRUE,0.0406484277913419,8.96904956923323,0.0107661198562242,-2.78153822865213,1.67032056082869,TRUE,0.957372053634782,6.32331985338082,0.0189027083563454,186.89517350777,"Gompertz","Gompertz","Arthrobacter sp. 62",0,"TGE agar","CFU"
247,12,19.7334500280879,21.6730766272399,21.7203746978546,24.1449079467946,18.3801283605269,20.3197549596789,TRUE,0.696628383740376,6.5338775867927,0.027807256027706,13.7546582640815,16.1791915130215,TRUE,0.897384452661339,6.468195584106,0.0439431761287755,43.0759246063756,"Gompertz","Gompertz","Arthrobacter sp. 62",7,"TGE agar","CFU"
248,9,14.3270141984682,15.1159125078131,15.2562659668303,16.2423888535114,9.21879242841953,10.0076907377644,TRUE,0.401362631977779,6.59976752264923,0.11108759822016,-4.33541998602323,-3.34929709934213,TRUE,1.05285531988027,6.60036203097685,0.152621146757649,13.5693297629727,"Gompertz","Gompertz","Arthrobacter sp. 62",20,"TGE agar","CFU"
249,10,-70.798529834763,-69.5881894627868,-69.3385633311342,-67.825637866164,-68.2250150695573,-67.0146746975811,TRUE,1.02518684654001,1.02128167122947,0.00915818125177793,NA,NA,FALSE,NA,NA,NA,NA,"Quadratic","Quadratic","Arthrobacter sp. 62",30,"TGE agar","CFU"
250,16,-122.256074929369,-119.165720040409,-120.865018187593,-117.002074576394,-117.291022698753,-114.200667809794,TRUE,1.00605707583291,13.3118301644696,3.36728391865104e-05,-120.974747904675,-117.111804293476,TRUE,1.01214159616656,1.04766032953066,7.28840740891439e-05,352.388952459614,"Quadratic","Quadratic","Arthrobacter sp. 62",37,"TGE agar","CFU"
251,17,9.08572606171651,12.4185794379414,5.69555716268507,9.86162388296615,NA,NA,FALSE,NA,NA,NA,-12.24281323236,-8.0767465120789,TRUE,0.98457016594303,6.48246201298012,0.016620390115748,285.753965680393,"Gompertz","Gompertz","Arthrobacter aurescens",0,"TGE agar","CFU"
252,11,12.1530866599452,13.7446677511387,8.19545187916644,10.1849282431583,0.104293413630483,1.69587450482397,TRUE,0.858094923058106,6.41382965688202,0.042482126613156,-9.07588143298627,-7.08640506899442,TRUE,0.990265589521278,6.3982440404304,0.0655070992964841,33.0284248695847,"Gompertz","Gompertz","Arthrobacter aurescens",7,"TGE agar","CFU"
253,8,18.1252804010273,18.4430465677467,12.6454397412867,13.0426474496859,6.62274024080952,6.94050640752886,TRUE,0.496676536991373,5.5965963661154,0.0860447480500938,-9.72511635628228,-9.3279086478831,TRUE,0.995281113328361,5.55556101055681,0.127050574930352,16.4621880729744,"Gompertz","Gompertz","Arthrobacter aurescens",20,"TGE agar","CFU"
254,5,5.09733050091783,3.53508215065424,-6.35826126791065,-8.31107170574015,0.3773591609089,-1.1848891893547,TRUE,0.628726505150603,6.33088897856838,0.141891149831819,-9.68798166136537,-11.6407920991949,TRUE,0.31937485649405,6.44530978632229,0.159009962727283,0,"Gompertz","Gompertz","Arthrobacter aurescens",30,"TGE agar","CFU"
255,8,9.38017851899454,9.69794468571389,-6.47445355243326,-6.07724584403408,8.201568568321,8.51933473504035,TRUE,0.596601093169787,4.49740830776769,0.0197173787155542,-42.2126828495162,-41.815475141117,TRUE,1.00950419399595,3.83867599732983,0.0451678326201974,80.3134423465524,"Gompertz","Gompertz","Arthrobacter aurescens",37,"TGE agar","CFU"
256,14,19.6465221034415,22.2027514219025,16.5658131433418,19.7610997914181,NA,NA,FALSE,NA,NA,NA,-32.0493662003264,-28.8540795522501,TRUE,1.00485635767144,4.25753213904163,0.0589982377930104,326.005371511366,"Gompertz","Gompertz","Arthrobacter citreus",0,"TGE agar","CFU"
257,10,27.8549283946002,29.0652687665764,25.4275291991828,26.9404546641531,25.9378199046251,27.1481602766012,TRUE,0.120461428406076,5.49521052093594,0.0241581565420117,-15.3404911781842,-13.827565713214,TRUE,0.973197872403728,5.21823047001542,0.0606301045901765,90.8972948677603,"Gompertz","Gompertz","Arthrobacter citreus",7,"TGE agar","CFU"
258,8,10.1510704699729,10.4688366366923,5.46241206152578,5.85961976992496,2.56288092435554,2.88064709107488,TRUE,0.800514370924135,6.18551667616158,0.069547627084969,-3.19952017883789,-2.80231247043871,TRUE,0.913501065077519,6.19906541926711,0.0898885267390761,10.5385907906856,"Gompertz","Gompertz","Arthrobacter citreus",20,"TGE agar","CFU"
259,9,19.0365601624038,19.8254584717487,18.6463513492584,19.6324742359395,14.2506372035832,15.0395355129281,TRUE,0.454554194402502,5.26266252660378,0.0814365052426452,2.67702990009469,3.66315278677579,TRUE,0.984558037786835,5.21414129202237,0.150001852468699,20.9313658437723,"Gompertz","Gompertz","Arthrobacter citreus",30,"TGE agar","CFU"
260,9,31.9644884007099,32.7533867100548,33.9296524684069,34.915775355088,30.9241959142892,31.713094223634,TRUE,0.118075867146444,6.16931581525155,0.064227634896282,29.3121425814087,30.2982654680898,TRUE,1.01599076472594,6.14327193647576,0.175599920059756,40.6716930604113,"Gompertz","Gompertz","Arthrobacter citreus",37,"TGE agar","CFU"
261,19,-156.329578794541,-152.551822877875,-154.452622665459,-149.730427769627,-155.318747933358,-151.540992016693,TRUE,1.0079538492292,2.33783907263438,1e-06,NA,NA,FALSE,NA,NA,NA,NA,"Quadratic","Quadratic","Arthrobacter globiformis",0,"TGE agar","CFU"
262,17,-4.71315373662693,-1.38030036040207,-9.82443367867551,-5.65836695839443,-13.0765584983353,-9.74370512211048,TRUE,0.872527330503536,4.63034001812021,0.016946117449378,-17.5861407784961,-13.420074058215,TRUE,0.725664150063362,4.66342784553393,0.0172729882723578,0,"Gompertz","Gompertz","Arthrobacter globiformis",7,"TGE agar","CFU"
263,8,16.2790522777052,16.5968184444245,3.83437762978514,4.23158533818432,-1.98431759832598,-1.66655143160664,TRUE,0.736643641674424,4.82053045095873,0.0747660541271976,-3.09236510672272,-2.69515739832354,TRUE,0.706792682623563,4.83230279189878,0.0784906948245435,2.35766218780585,"Gompertz","Gompertz","Arthrobacter globiformis",20,"TGE agar","CFU"
264,8,18.4579957799479,18.7757619466673,14.547419601498,14.9446273098971,13.801242665766,14.1190088324854,TRUE,1.23347549721949,5.13577968629885,0.0733615783947162,16.1769330045611,16.5741407129603,TRUE,1.01309435516494,5.15965750891144,0.0763494671749423,0,"Logistic","Logistic","Arthrobacter globiformis",30,"TGE agar","CFU"
265,7,23.4137014883782,23.1973420845995,16.1630688366551,15.8926195819316,2.70031503103841,2.48395562725966,TRUE,0.736570872602837,5.31361041660933,0.187943815519209,3.16194139868586,2.89149214396243,TRUE,0.53682161042251,5.33422918002883,0.198771089196194,0,"Logistic","Logistic","Arthrobacter globiformis",37,"TGE agar","CFU"
266,18,-141.953030129755,-138.39154309817,-140.508543442499,-136.056684653018,-140.221944143715,-136.660457112131,TRUE,1.00639763495184,18.2028780731352,1.29851068838307e-05,-140.891886289843,-136.440027500362,TRUE,1.28417895336444,1.00821787842035,0.000948629215058194,1048.18062467035,"Quadratic","Quadratic","Arthrobacter simplex",0,"TGE agar","CFU"
267,14,30.2765195601638,32.8327488786248,12.7913519357481,15.9866385838244,28.84136569288,31.397595011341,TRUE,0.047477293070929,6.45664186046269,0.0129188583583937,-4.06810912578361,-0.872822477707315,TRUE,1.09607337430785,5.75031957660404,0.0275936542990117,182.698144553717,"Gompertz","Gompertz","Arthrobacter simplex",7,"TGE agar","CFU"
268,7,14.3839797482252,14.1676203444464,15.3183857688122,15.0479365140888,9.50311284508331,9.28675344130456,TRUE,0.480913698727877,5.88209000500606,0.0541994192706289,-3.69268155235013,-3.96313080707356,TRUE,0.992169375285374,5.86103365147733,0.0736948998286623,24.7779803347211,"Gompertz","Gompertz","Arthrobacter simplex",20,"TGE agar","CFU"
269,8,21.2601741639988,21.5779403307181,6.12581214551421,6.52301985391339,3.14259536653367,3.46036153325301,TRUE,0.818400712899647,5.68672148478084,0.0778515602326803,1.34263474608742,1.7398424544866,TRUE,0.536999629109949,5.72707580315368,0.0858668465346468,0,"Gompertz","Gompertz","Arthrobacter simplex",30,"TGE agar","CFU"
270,8,20.2949720515487,20.612738218268,3.77473010013546,4.17193780853463,-10.5875392305837,-10.2697730638643,TRUE,0.772612514907088,6.01645174035982,0.10401504919347,-18.1447055201662,-17.747497811767,TRUE,0.463352137862492,6.02359559400214,0.118008223328748,0,"Gompertz","Gompertz","Arthrobacter simplex",37,"TGE agar","CFU"
271,11,14.8085178548363,16.4000989460298,12.8606573674482,14.85013373144,14.0957553619736,15.6873364531671,TRUE,3.89526628641098,6.61726985281768,0.0148115754648925,6.49361651104189,8.48309287503374,TRUE,4.18963116828197,6.43000786668022,0.0228938539737514,59.5362726641594,"Gompertz","Gompertz","Lactobacillus plantarum",8,"MRS broth","N"
272,16,46.6882271781476,49.7785820671067,30.1407532910146,34.0036969022135,29.547542521941,32.6378974109001,TRUE,3.83673752327259,21.4537395251287,0.0637379300376103,38.9132447562378,42.7761883674367,TRUE,4.4051703930966,23.385943694824,0.0740259156710705,26.7148352619743,"Logistic","Logistic","Lactobacillus plantarum",12,"MRS broth","N"
273,18,47.5649496520306,51.1264366836152,32.4792745760414,36.9311333655222,18.8265376006753,22.3880246322599,TRUE,3.7266695410631,21.1781435088576,0.203125573730743,38.9157391031044,43.3675978925853,TRUE,4.05848230664748,22.7447709754398,0.247393868574704,8.18685481516644,"Logistic","Logistic","Lactobacillus plantarum",16,"MRS broth","N"
274,16,37.0901056093613,40.1804604983204,29.3705237935646,33.2334674047635,27.536880034781,30.6272349237401,TRUE,4.01256149968675,21.5652001774638,0.316249009216637,32.8534341484625,36.7163777596614,TRUE,3.37988871141623,23.3351310931587,0.373272802874426,1.39398760829875,"Logistic","Logistic","Lactobacillus plantarum",20,"MRS broth","N"
275,13,29.9126004074685,32.1723978373147,21.0699274888237,23.8946742761314,17.129163753116,19.3889611829621,TRUE,3.48176030509481,22.3159937889303,0.723729102660213,24.5634353899474,27.3881821772551,TRUE,3.27774187106708,24.5890207947985,0.842998187645157,1.25935832101232,"Logistic","Logistic","Lactobacillus plantarum",30,"MRS broth","N"
276,9,-3.10574373644714,-2.31684542710227,-3.09529120872606,-2.10916832204496,-3.67356312634367,-2.8846648169988,TRUE,3.39693247434305,12.3715505217786,0.0229321131298799,1.60985049625584,2.59597338293694,TRUE,2.92637203289272,13.4384166455075,0.025959286758342,0,"Logistic","Logistic","Weissella viridescens",4,"MRS broth","N"
277,20,3.08631874532007,7.06924783953604,1.12079149852182,6.09945286629178,30.0071694668767,33.9900985610926,TRUE,3.89715540914777,19.27596001118,0.071288547007301,9.3819907573064,14.3606521250764,TRUE,2.77459367728387,20.2955967862112,0.089014196592947,0,"Cubic","Cubic","Weissella viridescens",8,"MRS broth","N"
278,14,30.0570091330016,32.6132384514626,31.1168567535206,34.3121434015969,32.1668005812877,34.7230298997487,TRUE,4.1987107330109,20.2264626205545,0.194478474579809,32.6507336215217,35.846020269598,TRUE,3.02583896841825,21.259016741153,0.237903882858518,0,"Quadratic","Quadratic","Weissella viridescens",12,"MRS broth","N"
279,17,25.0704478508907,28.4033012271156,25.5128975096306,29.6789642299117,35.2237422753916,38.5565956516165,TRUE,3.94096554484532,20.2087418614757,0.315800272537626,22.7278813278247,26.8939480481058,TRUE,3.01943267635066,21.262012086353,0.3721964076967,0,"Gompertz","Gompertz","Weissella viridescens",16,"MRS broth","N"
280,15,27.4318898980871,30.264090702496,28.9799947397836,32.5202457452947,9.28948075288951,12.1216815572984,TRUE,3.46521352764517,21.0768807384034,0.55733039715807,23.7072259665534,27.2474769720644,TRUE,3.86879363732187,21.7398954184578,0.691786869249893,2.8384888644706,"Logistic","Logistic","Weissella viridescens",20,"MRS broth","N"
281,14,28.8937067380626,31.4499360565236,21.3658392858444,24.5611259339206,12.8928176400932,15.4490469585542,TRUE,4.16752621006376,20.9974461931956,0.938722139187366,19.7242662221186,22.9195528701949,TRUE,3.49011891077128,21.830006271628,1.19466453240341,0.799131001360772,"Logistic","Logistic","Weissella viridescens",30,"MRS broth","N"
282,9,23.456991088527,24.2458893978719,17.3234555041151,18.3095783907962,21.2952464216855,22.0841447310303,TRUE,3.26114325369261,11.0685767520538,0.0271460127686517,11.9205308557816,12.9066537424627,TRUE,4.20544729432867,10.8432614705192,0.042414814602048,76.8437193181509,"Gompertz","Gompertz","Lactobacillus sakei",4,"MRS broth","N"
283,19,29.4316066188762,33.209362535542,29.5570427968385,34.2792376926707,3.97641387242827,7.75416978909403,TRUE,3.65541717258293,18.8248012491395,0.0793320129337724,17.0845270448642,21.8067219406964,TRUE,3.37994301341496,19.3529700605749,0.0980403297920554,8.44140261984583,"Logistic","Logistic","Lactobacillus sakei",8,"MRS broth","N"
284,13,31.3145832851451,33.5743807149912,32.9296899207499,35.7544367080576,23.2167477806348,25.476545210481,TRUE,3.85935665588444,19.6246122852878,0.189253054577495,28.7385200771144,31.5632668644221,TRUE,2.93429236203318,20.5466006214666,0.226447811109337,0.543514073624451,"Logistic","Logistic","Lactobacillus sakei",12,"MRS broth","N"
285,14,25.4553004308869,28.0115297493479,21.5716432799899,24.7669299280662,27.4406760686867,29.9969053871478,TRUE,4.75138726674585,20.7362962923919,0.322774081376099,3.64764327348917,6.84292992156546,TRUE,3.64330855296762,21.2564773462858,0.419597213378051,0.86239520697985,"Gompertz","Gompertz","Lactobacillus sakei",16,"MRS broth","N"
286,13,32.4261011356885,34.6858985655347,34.4124764245249,37.2372232118325,34.3036180536948,36.5634154835409,TRUE,5.01811171563043,20.639832168516,0.491514002754592,26.5815508811533,29.406297668461,TRUE,3.95469819445738,21.5100549908159,0.596328411970223,0.0580901585315648,"Gompertz","Gompertz","Lactobacillus sakei",20,"MRS broth","N"
287,11,14.719250958731,16.3108320499245,13.2223060678236,15.2117824318155,14.0087105842288,15.6002916754222,TRUE,4.13413865802755,21.0718907817152,1.1023908094922,13.2326283362915,15.2221047002833,TRUE,3.06917077240955,21.5199708660888,1.31921281768965,0,"Cubic","Cubic","Lactobacillus sakei",30,"MRS broth","N"
288,7,-1.1905490665974,-1.40690847037615,0.236707319888186,-0.0337419348352483,-0.895592861143729,-1.11195226492248,TRUE,0.0789914174480502,1.44181813899602,0.00655279650948238,0.433111460286211,0.162662205562777,TRUE,0.0607691773986999,1.3553259098512,0.00442469281787892,11.5728771513384,"Quadratic","Quadratic","Oscillatoria agardhii Strain 97",15,"Z8","DryWeight"
289,7,-4.26461502193809,-4.48097442571684,-4.08417716031945,-4.35462641504288,-4.09636330186862,-4.31272270564737,TRUE,0.0429965467133106,1.61596204531783,0.00657395304528401,-6.41940843866634,-6.68985769338978,TRUE,0.108211308966602,1.4652185558807,0.00556237207116812,48.8348528260228,"Gompertz","Gompertz","Oscillatoria agardhii Strain 97",20,"Z8","DryWeight"
290,6,-4.14883605549947,-4.98179817858725,-15.9400777865617,-16.9812804404214,-4.38652851540396,-5.21949063849174,TRUE,0.0593006768456103,2.00334176639565,0.00708287596430016,-6.31310719482965,-7.35430984868937,TRUE,0.074695986588614,1.81383724267617,0.00625601588633727,27.6063087123975,"Cubic","Cubic","Oscillatoria agardhii Strain 97",25,"Z8","DryWeight"
291,6,-14.5330758205242,-15.366037943612,-13.5434493701133,-14.584652023973,-0.0816321090021255,-0.914594232089906,TRUE,0.110453902672254,0.978709213455558,0.0174209960813161,1.65740762110215,0.616204967242423,TRUE,0.116366367402675,0.972882418918175,0.00935950359825025,28.5702250049743,"Quadratic","Quadratic","Oscillatoria agardhii Strain 97",30,"Z8","DryWeight"
292,7,-3.98310175466892,-4.19946115844767,-2.2258956415038,-2.49634489622723,-4.170398357654,-4.38675776143274,TRUE,0.536229384451099,1.35437446364867,0.00534455855670446,-7.71682946681714,-7.98727872154057,TRUE,0.579628948433798,1.17561433246961,0.00759102947887881,92.3660071788337,"Gompertz","Gompertz","Oscillatoria agardhii StrainCYA 128",15,"Z8","DryWeight"
293,7,0.976643342101827,0.76028393832308,2.10432772084107,1.83387846611763,1.13569820722277,0.919338803444025,TRUE,0.50304003970427,1.57455883807984,0.0051155057105973,1.46768217756623,1.1972329228428,TRUE,0.560650221665171,1.39104182499737,0.00404185132225464,67.4162595848374,"Quadratic","Quadratic","Oscillatoria agardhii StrainCYA 128",20,"Z8","DryWeight"
294,7,-11.2330910179249,-11.4494504217036,-10.4273780751485,-10.6978273298719,-11.1669384230406,-11.3832978268193,TRUE,0.547279507557629,1.96682268669286,0.0052121933589435,-11.6719260184628,-11.9423752731862,TRUE,0.522307440239504,1.78925162509412,0.00379320718934766,11.5543182011494,"Gompertz","Gompertz","Oscillatoria agardhii StrainCYA 128",25,"Z8","DryWeight"
295,7,-7.17810856281849,-7.39446796659723,-6.70278391232933,-6.97323316705276,-8.73918416250704,-8.95554356628579,TRUE,0.567942664022726,1.68440047198463,0.00850618670495037,-9.06737092094763,-9.33782017567107,TRUE,0.5871812880545,1.61481157309606,0.00557789100705461,25.1956665883096,"Gompertz","Gompertz","Oscillatoria agardhii StrainCYA 128",30,"Z8","DryWeight"
296,8,23.5361396991439,23.8539058658633,24.5153919829879,24.912599691387,21.9699720812261,22.2877382479454,TRUE,0.075427937321322,13.1383128646172,0.288223512133637,18.3831978252687,18.7804055336678,TRUE,-0.414976197857071,13.5230771360899,0.388297347221248,3.61155806514392,"Gompertz","Gompertz","Pseudomonas sp.",15,"APT Broth","CFU"
297,8,33.2401526428544,33.5579188095737,33.1692644197084,33.5664721281076,29.4290103233197,29.7467764900391,TRUE,-0.92862454874706,13.0504421872421,0.247098721933558,26.0666993305615,26.4639070389607,TRUE,-0.0833324081493012,13.1496201002209,0.371777413133809,10.7611840569156,"Gompertz","Gompertz","Pseudomonas sp.",12,"APT Broth","CFU"
298,5,20.7180267528578,19.1557784025942,22.6286231729437,20.6758127351142,16.1023279096608,14.5400795593972,TRUE,-0.345326833976883,14.9905203733668,0.160269949404296,-19.738080191724,-21.6908906295535,TRUE,0.0243364584340436,15.0500837474863,0.262096900064566,21.3619278627897,"Gompertz","Gompertz","Pseudomonas sp.",8,"APT Broth","CFU"
299,6,25.1558367827359,24.3228746596481,15.3669546039068,14.325751950047,19.5204984085085,18.6875362854207,TRUE,-0.933747519808367,14.1760911983742,0.112896434630938,14.8588514573964,13.8176488035367,TRUE,-0.0879157980791103,14.5327724185547,0.172538642833648,25.0486138016619,"Gompertz","Gompertz","Pseudomonas sp.",6,"APT Broth","CFU"
300,5,19.3761229857926,17.813874635529,1.25021588667553,-0.702594551153965,11.7312424171939,10.1689940669303,TRUE,-0.438177158499979,14.566659410306,0.0775453061969237,5.97280420517808,4.01999376734858,TRUE,-0.147761923280348,14.7823772804761,0.120938101675499,23.9298485129221,"Cubic","Cubic","Pseudomonas sp.",4,"APT Broth","CFU"
301,7,4.1341653653845,3.91780596160575,6.07435217072466,5.80390291600123,12.917217634361,12.7008582305823,TRUE,0.527024557350747,13.1788760417114,0.0441017569623553,16.7891869186752,16.5187376639518,TRUE,-0.216541929674588,13.9834726554909,0.0524255641558424,0,"Quadratic","Quadratic","Pseudomonas sp.",2,"APT Broth","CFU"
302,151,268.267467437,280.33658678426,257.527389552861,272.613788736936,246.198740457416,258.267859804676,TRUE,0.243513018673606,7.66580461149986,0.0515029799712195,244.085517616948,259.171916801022,TRUE,-0.130995050965078,7.95344402803973,0.058843235530186,0,"Gompertz","Logistic","Lactobaciulus plantarum",10,"MRS","N"
303,88,129.359589496508,139.268936754421,131.276820818012,143.663504890404,91.9168807894748,101.826228047388,TRUE,-0.0607796437510572,9.08644477428854,0.15365592039114,90.7625630827286,103.14924715512,TRUE,0.927933625755379,9.28591745315535,0.188500537070589,10.4062497002782,"Gompertz","Logistic","Lactobaciulus plantarum",15,"MRS","N"
304,108,109.120824627276,119.849349535772,98.6804780577169,112.091134193338,72.59367349422,83.3221984027169,TRUE,-0.287326856943686,9.1945792892934,0.310757246016715,39.7590104142514,53.1696665498725,TRUE,0.429135876396583,9.51562133223327,0.372879275478461,4.22413054954016,"Gompertz","Gompertz","Lactobaciulus plantarum",20,"MRS","N"
305,89,152.015698328795,161.970243807724,132.19687856338,144.640060412041,62.1765645568786,72.1311100358072,TRUE,0.000645210929211544,9.38010133289307,0.481151378559582,60.0832152833648,72.5263971320256,TRUE,0.816157230392873,9.58009181177415,0.592567851829861,3.0664985172154,"Gompertz","Logistic","Lactobaciulus plantarum",25,"MRS","N"
